payment_id,amount,failure_code,failure_category,retry_count,ai_diagnosis,selected_action,expected_recovery,actual_result,recovered_amount,stopping_reason,timestamp_step
PAY_005384,1377,AUTHENTICATION_FAILED,CUSTOMER,0,NO_ACTION,STOP,0.0,STOPPED,0.0,NO_RECOVERY_ATTEMPTED,0
PAY_000553,140,NETWORK_ERROR,TEMPORARY,0,NO_ACTION,STOP,0.0,STOPPED,0.0,NO_RECOVERY_ATTEMPTED,0
PAY_003145,368,BANK_TIMEOUT,TEMPORARY,0,NO_ACTION,STOP,0.0,STOPPED,0.0,NO_RECOVERY_ATTEMPTED,0
PAY_006918,752,GATEWAY_TIMEOUT,TEMPORARY,0,NO_ACTION,STOP,0.0,STOPPED,0.0,NO_RECOVERY_ATTEMPTED,0
PAY_002057,876,UPI_TECHNICAL_ERROR,TEMPORARY,0,NO_ACTION,STOP,0.0,STOPPED,0.0,NO_RECOVERY_ATTEMPTED,0
PAY_001926,1256,LIMIT_EXCEEDED,CUSTOMER,0,NO_ACTION,STOP,0.0,STOPPED,0.0,NO_RECOVERY_ATTEMPTED,0
PAY_000635,1682,CARD_EXPIRED,CUSTOMER,0,NO_ACTION,STOP,0.0,STOPPED,0.0,NO_RECOVERY_ATTEMPTED,0
PAY_006083,505,GATEWAY_TIMEOUT,TEMPORARY,0,NO_ACTION,STOP,0.0,STOPPED,0.0,NO_RECOVERY_ATTEMPTED,0
PAY_009271,2136,CARD_EXPIRED,CUSTOMER,0,NO_ACTION,STOP,0.0,STOPPED,0.0,NO_RECOVERY_ATTEMPTED,0
PAY_009679,1950,LIMIT_EXCEEDED,CUSTOMER,0,NO_ACTION,STOP,0.0,STOPPED,0.0,NO_RECOVERY_ATTEMPTED,0
PAY_000106,747,BANK_TIMEOUT,TEMPORARY,0,NO_ACTION,STOP,0.0,STOPPED,0.0,NO_RECOVERY_ATTEMPTED,0
PAY_003042,274,BANK_TIMEOUT,TEMPORARY,0,NO_ACTION,STOP,0.0,STOPPED,0.0,NO_RECOVERY_ATTEMPTED,0
PAY_001710,2169,CARD_EXPIRED,CUSTOMER,0,NO_ACTION,STOP,0.0,STOPPED,0.0,NO_RECOVERY_ATTEMPTED,0
PAY_000090,1097,CARD_EXPIRED,CUSTOMER,0,NO_ACTION,STOP,0.0,STOPPED,0.0,NO_RECOVERY_ATTEMPTED,0
PAY_007015,218,CUSTOMER_DECLINED,HARD,0,NO_ACTION,STOP,0.0,STOPPED,0.0,NO_RECOVERY_ATTEMPTED,0
PAY_003175,279,INSUFFICIENT_FUNDS,CUSTOMER,0,NO_ACTION,STOP,0.0,STOPPED,0.0,NO_RECOVERY_ATTEMPTED,0
PAY_000918,178,CARD_EXPIRED,CUSTOMER,0,NO_ACTION,STOP,0.0,STOPPED,0.0,NO_RECOVERY_ATTEMPTED,0
PAY_007834,1677,BANK_TIMEOUT,TEMPORARY,0,NO_ACTION,STOP,0.0,STOPPED,0.0,NO_RECOVERY_ATTEMPTED,0
PAY_006733,1837,GATEWAY_TIMEOUT,TEMPORARY,0,NO_ACTION,STOP,0.0,STOPPED,0.0,NO_RECOVERY_ATTEMPTED,0
PAY_001950,1530,INSUFFICIENT_FUNDS,CUSTOMER,0,NO_ACTION,STOP,0.0,STOPPED,0.0,NO_RECOVERY_ATTEMPTED,0
PAY_006369,703,NETWORK_ERROR,TEMPORARY,0,NO_ACTION,STOP,0.0,STOPPED,0.0,NO_RECOVERY_ATTEMPTED,0
PAY_000002,809,UPI_TECHNICAL_ERROR,TEMPORARY,0,NO_ACTION,STOP,0.0,STOPPED,0.0,NO_RECOVERY_ATTEMPTED,0
PAY_008033,253,BANK_TIMEOUT,TEMPORARY,0,NO_ACTION,STOP,0.0,STOPPED,0.0,NO_RECOVERY_ATTEMPTED,0
PAY_006048,2521,INSUFFICIENT_FUNDS,CUSTOMER,0,NO_ACTION,STOP,0.0,STOPPED,0.0,NO_RECOVERY_ATTEMPTED,0
PAY_002721,605,NETWORK_ERROR,TEMPORARY,0,NO_ACTION,STOP,0.0,STOPPED,0.0,NO_RECOVERY_ATTEMPTED,0
PAY_009813,281,UPI_TECHNICAL_ERROR,TEMPORARY,0,NO_ACTION,STOP,0.0,STOPPED,0.0,NO_RECOVERY_ATTEMPTED,0
PAY_003118,99,NETWORK_ERROR,TEMPORARY,0,NO_ACTION,STOP,0.0,STOPPED,0.0,NO_RECOVERY_ATTEMPTED,0
PAY_009466,336,CUSTOMER_DECLINED,HARD,0,NO_ACTION,STOP,0.0,STOPPED,0.0,NO_RECOVERY_ATTEMPTED,0
PAY_003763,870,CARD_EXPIRED,CUSTOMER,0,NO_ACTION,STOP,0.0,STOPPED,0.0,NO_RECOVERY_ATTEMPTED,0
PAY_000214,938,BANK_TIMEOUT,TEMPORARY,0,NO_ACTION,STOP,0.0,STOPPED,0.0,NO_RECOVERY_ATTEMPTED,0
PAY_000779,8592,LIMIT_EXCEEDED,CUSTOMER,0,NO_ACTION,STOP,0.0,STOPPED,0.0,NO_RECOVERY_ATTEMPTED,0
PAY_003497,195,BANK_TIMEOUT,TEMPORARY,0,NO_ACTION,STOP,0.0,STOPPED,0.0,NO_RECOVERY_ATTEMPTED,0
PAY_008818,1864,BANK_TIMEOUT,TEMPORARY,0,NO_ACTION,STOP,0.0,STOPPED,0.0,NO_RECOVERY_ATTEMPTED,0
PAY_002044,99,INVALID_ACCOUNT,HARD,0,NO_ACTION,STOP,0.0,STOPPED,0.0,NO_RECOVERY_ATTEMPTED,0
PAY_005421,863,AUTHENTICATION_FAILED,CUSTOMER,0,NO_ACTION,STOP,0.0,STOPPED,0.0,NO_RECOVERY_ATTEMPTED,0
PAY_006155,1161,NETWORK_ERROR,TEMPORARY,0,NO_ACTION,STOP,0.0,STOPPED,0.0,NO_RECOVERY_ATTEMPTED,0
PAY_008358,873,BANK_TIMEOUT,TEMPORARY,0,NO_ACTION,STOP,0.0,STOPPED,0.0,NO_RECOVERY_ATTEMPTED,0
PAY_008708,99,BANK_TIMEOUT,TEMPORARY,0,NO_ACTION,STOP,0.0,STOPPED,0.0,NO_RECOVERY_ATTEMPTED,0
PAY_008466,1368,NETWORK_ERROR,TEMPORARY,0,NO_ACTION,STOP,0.0,STOPPED,0.0,NO_RECOVERY_ATTEMPTED,0
PAY_004168,4593,GATEWAY_TIMEOUT,TEMPORARY,0,NO_ACTION,STOP,0.0,STOPPED,0.0,NO_RECOVERY_ATTEMPTED,0
PAY_003789,1611,INSUFFICIENT_FUNDS,CUSTOMER,0,NO_ACTION,STOP,0.0,STOPPED,0.0,NO_RECOVERY_ATTEMPTED,0
PAY_000584,337,UPI_TECHNICAL_ERROR,TEMPORARY,0,NO_ACTION,STOP,0.0,STOPPED,0.0,NO_RECOVERY_ATTEMPTED,0
PAY_009912,4511,UPI_TECHNICAL_ERROR,TEMPORARY,0,NO_ACTION,STOP,0.0,STOPPED,0.0,NO_RECOVERY_ATTEMPTED,0
PAY_009987,2635,NETWORK_ERROR,TEMPORARY,0,NO_ACTION,STOP,0.0,STOPPED,0.0,NO_RECOVERY_ATTEMPTED,0
PAY_000117,359,BANK_TIMEOUT,TEMPORARY,0,NO_ACTION,STOP,0.0,STOPPED,0.0,NO_RECOVERY_ATTEMPTED,0
PAY_006645,621,INSUFFICIENT_FUNDS,CUSTOMER,0,NO_ACTION,STOP,0.0,STOPPED,0.0,NO_RECOVERY_ATTEMPTED,0
PAY_009034,2688,UPI_TECHNICAL_ERROR,TEMPORARY,0,NO_ACTION,STOP,0.0,STOPPED,0.0,NO_RECOVERY_ATTEMPTED,0
PAY_009952,99,BANK_TIMEOUT,TEMPORARY,0,NO_ACTION,STOP,0.0,STOPPED,0.0,NO_RECOVERY_ATTEMPTED,0
PAY_008960,1357,CARD_EXPIRED,CUSTOMER,0,NO_ACTION,STOP,0.0,STOPPED,0.0,NO_RECOVERY_ATTEMPTED,0
PAY_001764,4245,LIMIT_EXCEEDED,CUSTOMER,0,NO_ACTION,STOP,0.0,STOPPED,0.0,NO_RECOVERY_ATTEMPTED,0
PAY_001876,342,BANK_TIMEOUT,TEMPORARY,0,NO_ACTION,STOP,0.0,STOPPED,0.0,NO_RECOVERY_ATTEMPTED,0
PAY_003225,2596,CUSTOMER_DECLINED,HARD,0,NO_ACTION,STOP,0.0,STOPPED,0.0,NO_RECOVERY_ATTEMPTED,0
PAY_000527,5839,AUTHENTICATION_FAILED,CUSTOMER,0,NO_ACTION,STOP,0.0,STOPPED,0.0,NO_RECOVERY_ATTEMPTED,0
PAY_007726,99,AUTHENTICATION_FAILED,CUSTOMER,0,NO_ACTION,STOP,0.0,STOPPED,0.0,NO_RECOVERY_ATTEMPTED,0
PAY_002947,911,UPI_TECHNICAL_ERROR,TEMPORARY,0,NO_ACTION,STOP,0.0,STOPPED,0.0,NO_RECOVERY_ATTEMPTED,0
PAY_004474,3127,UPI_TECHNICAL_ERROR,TEMPORARY,0,NO_ACTION,STOP,0.0,STOPPED,0.0,NO_RECOVERY_ATTEMPTED,0
PAY_005656,239,GATEWAY_TIMEOUT,TEMPORARY,0,NO_ACTION,STOP,0.0,STOPPED,0.0,NO_RECOVERY_ATTEMPTED,0
PAY_006060,131,BANK_TIMEOUT,TEMPORARY,0,NO_ACTION,STOP,0.0,STOPPED,0.0,NO_RECOVERY_ATTEMPTED,0
PAY_000960,402,GATEWAY_TIMEOUT,TEMPORARY,0,NO_ACTION,STOP,0.0,STOPPED,0.0,NO_RECOVERY_ATTEMPTED,0
PAY_006343,502,BANK_TIMEOUT,TEMPORARY,0,NO_ACTION,STOP,0.0,STOPPED,0.0,NO_RECOVERY_ATTEMPTED,0
PAY_003634,110,BANK_TIMEOUT,TEMPORARY,0,NO_ACTION,STOP,0.0,STOPPED,0.0,NO_RECOVERY_ATTEMPTED,0
PAY_001051,543,CARD_EXPIRED,CUSTOMER,0,NO_ACTION,STOP,0.0,STOPPED,0.0,NO_RECOVERY_ATTEMPTED,0
PAY_003381,258,UPI_TECHNICAL_ERROR,TEMPORARY,0,NO_ACTION,STOP,0.0,STOPPED,0.0,NO_RECOVERY_ATTEMPTED,0
PAY_003677,411,AUTHENTICATION_FAILED,CUSTOMER,0,NO_ACTION,STOP,0.0,STOPPED,0.0,NO_RECOVERY_ATTEMPTED,0
PAY_005777,466,NETWORK_ERROR,TEMPORARY,0,NO_ACTION,STOP,0.0,STOPPED,0.0,NO_RECOVERY_ATTEMPTED,0
PAY_009046,99,PAYMENT_EXPIRED,HARD,0,NO_ACTION,STOP,0.0,STOPPED,0.0,NO_RECOVERY_ATTEMPTED,0
PAY_006574,242,LIMIT_EXCEEDED,CUSTOMER,0,NO_ACTION,STOP,0.0,STOPPED,0.0,NO_RECOVERY_ATTEMPTED,0
PAY_005180,689,INSUFFICIENT_FUNDS,CUSTOMER,0,NO_ACTION,STOP,0.0,STOPPED,0.0,NO_RECOVERY_ATTEMPTED,0
PAY_001608,99,AUTHENTICATION_FAILED,CUSTOMER,0,NO_ACTION,STOP,0.0,STOPPED,0.0,NO_RECOVERY_ATTEMPTED,0
PAY_003611,1689,BANK_TIMEOUT,TEMPORARY,0,NO_ACTION,STOP,0.0,STOPPED,0.0,NO_RECOVERY_ATTEMPTED,0
PAY_009759,327,BANK_TIMEOUT,TEMPORARY,0,NO_ACTION,STOP,0.0,STOPPED,0.0,NO_RECOVERY_ATTEMPTED,0
PAY_006636,641,INVALID_ACCOUNT,HARD,0,NO_ACTION,STOP,0.0,STOPPED,0.0,NO_RECOVERY_ATTEMPTED,0
PAY_009998,1753,CARD_EXPIRED,CUSTOMER,0,NO_ACTION,STOP,0.0,STOPPED,0.0,NO_RECOVERY_ATTEMPTED,0
PAY_000792,732,GATEWAY_TIMEOUT,TEMPORARY,0,NO_ACTION,STOP,0.0,STOPPED,0.0,NO_RECOVERY_ATTEMPTED,0
PAY_003057,259,LIMIT_EXCEEDED,CUSTOMER,0,NO_ACTION,STOP,0.0,STOPPED,0.0,NO_RECOVERY_ATTEMPTED,0
PAY_001981,1018,BANK_TIMEOUT,TEMPORARY,0,NO_ACTION,STOP,0.0,STOPPED,0.0,NO_RECOVERY_ATTEMPTED,0
PAY_003599,259,CARD_EXPIRED,CUSTOMER,0,NO_ACTION,STOP,0.0,STOPPED,0.0,NO_RECOVERY_ATTEMPTED,0
PAY_000934,328,BANK_TIMEOUT,TEMPORARY,0,NO_ACTION,STOP,0.0,STOPPED,0.0,NO_RECOVERY_ATTEMPTED,0
PAY_007425,101,AUTHENTICATION_FAILED,CUSTOMER,0,NO_ACTION,STOP,0.0,STOPPED,0.0,NO_RECOVERY_ATTEMPTED,0
PAY_005627,490,LIMIT_EXCEEDED,CUSTOMER,0,NO_ACTION,STOP,0.0,STOPPED,0.0,NO_RECOVERY_ATTEMPTED,0
PAY_001683,702,GATEWAY_TIMEOUT,TEMPORARY,0,NO_ACTION,STOP,0.0,STOPPED,0.0,NO_RECOVERY_ATTEMPTED,0
PAY_004180,746,BANK_TIMEOUT,TEMPORARY,0,NO_ACTION,STOP,0.0,STOPPED,0.0,NO_RECOVERY_ATTEMPTED,0
PAY_006447,830,UPI_TECHNICAL_ERROR,TEMPORARY,0,NO_ACTION,STOP,0.0,STOPPED,0.0,NO_RECOVERY_ATTEMPTED,0
PAY_004117,1753,LIMIT_EXCEEDED,CUSTOMER,0,NO_ACTION,STOP,0.0,STOPPED,0.0,NO_RECOVERY_ATTEMPTED,0
PAY_000989,331,CARD_EXPIRED,CUSTOMER,0,NO_ACTION,STOP,0.0,STOPPED,0.0,NO_RECOVERY_ATTEMPTED,0
PAY_002897,502,BANK_TIMEOUT,TEMPORARY,0,NO_ACTION,STOP,0.0,STOPPED,0.0,NO_RECOVERY_ATTEMPTED,0
PAY_003779,319,INVALID_ACCOUNT,HARD,0,NO_ACTION,STOP,0.0,STOPPED,0.0,NO_RECOVERY_ATTEMPTED,0
PAY_005659,2379,BLOCKED_METHOD,HARD,0,NO_ACTION,STOP,0.0,STOPPED,0.0,NO_RECOVERY_ATTEMPTED,0
PAY_003094,1244,GATEWAY_TIMEOUT,TEMPORARY,0,NO_ACTION,STOP,0.0,STOPPED,0.0,NO_RECOVERY_ATTEMPTED,0
PAY_003156,560,GATEWAY_TIMEOUT,TEMPORARY,0,NO_ACTION,STOP,0.0,STOPPED,0.0,NO_RECOVERY_ATTEMPTED,0
PAY_001824,1978,PAYMENT_EXPIRED,HARD,0,NO_ACTION,STOP,0.0,STOPPED,0.0,NO_RECOVERY_ATTEMPTED,0
PAY_009623,514,BANK_TIMEOUT,TEMPORARY,0,NO_ACTION,STOP,0.0,STOPPED,0.0,NO_RECOVERY_ATTEMPTED,0
PAY_001099,1859,BANK_TIMEOUT,TEMPORARY,0,NO_ACTION,STOP,0.0,STOPPED,0.0,NO_RECOVERY_ATTEMPTED,0
PAY_002845,1612,PAYMENT_EXPIRED,HARD,0,NO_ACTION,STOP,0.0,STOPPED,0.0,NO_RECOVERY_ATTEMPTED,0
PAY_003343,186,UPI_TECHNICAL_ERROR,TEMPORARY,0,NO_ACTION,STOP,0.0,STOPPED,0.0,NO_RECOVERY_ATTEMPTED,0
PAY_000039,112,LIMIT_EXCEEDED,CUSTOMER,0,NO_ACTION,STOP,0.0,STOPPED,0.0,NO_RECOVERY_ATTEMPTED,0
PAY_006541,671,UPI_TECHNICAL_ERROR,TEMPORARY,0,NO_ACTION,STOP,0.0,STOPPED,0.0,NO_RECOVERY_ATTEMPTED,0
PAY_009474,1656,UPI_TECHNICAL_ERROR,TEMPORARY,0,NO_ACTION,STOP,0.0,STOPPED,0.0,NO_RECOVERY_ATTEMPTED,0
PAY_003357,3996,NETWORK_ERROR,TEMPORARY,0,NO_ACTION,STOP,0.0,STOPPED,0.0,NO_RECOVERY_ATTEMPTED,0
PAY_007814,1136,NETWORK_ERROR,TEMPORARY,0,NO_ACTION,STOP,0.0,STOPPED,0.0,NO_RECOVERY_ATTEMPTED,0
PAY_008221,2369,CARD_EXPIRED,CUSTOMER,0,NO_ACTION,STOP,0.0,STOPPED,0.0,NO_RECOVERY_ATTEMPTED,0
PAY_009228,2058,BANK_TIMEOUT,TEMPORARY,0,NO_ACTION,STOP,0.0,STOPPED,0.0,NO_RECOVERY_ATTEMPTED,0
PAY_002429,886,GATEWAY_TIMEOUT,TEMPORARY,0,NO_ACTION,STOP,0.0,STOPPED,0.0,NO_RECOVERY_ATTEMPTED,0
PAY_005044,185,PAYMENT_EXPIRED,HARD,0,NO_ACTION,STOP,0.0,STOPPED,0.0,NO_RECOVERY_ATTEMPTED,0
PAY_005347,1169,BANK_TIMEOUT,TEMPORARY,0,NO_ACTION,STOP,0.0,STOPPED,0.0,NO_RECOVERY_ATTEMPTED,0
PAY_004812,402,CARD_EXPIRED,CUSTOMER,0,NO_ACTION,STOP,0.0,STOPPED,0.0,NO_RECOVERY_ATTEMPTED,0
PAY_008477,701,GATEWAY_TIMEOUT,TEMPORARY,0,NO_ACTION,STOP,0.0,STOPPED,0.0,NO_RECOVERY_ATTEMPTED,0
PAY_000687,319,INSUFFICIENT_FUNDS,CUSTOMER,0,NO_ACTION,STOP,0.0,STOPPED,0.0,NO_RECOVERY_ATTEMPTED,0
PAY_004800,186,BANK_TIMEOUT,TEMPORARY,0,NO_ACTION,STOP,0.0,STOPPED,0.0,NO_RECOVERY_ATTEMPTED,0
PAY_007438,1704,BANK_TIMEOUT,TEMPORARY,0,NO_ACTION,STOP,0.0,STOPPED,0.0,NO_RECOVERY_ATTEMPTED,0
PAY_002354,601,UPI_TECHNICAL_ERROR,TEMPORARY,0,NO_ACTION,STOP,0.0,STOPPED,0.0,NO_RECOVERY_ATTEMPTED,0
PAY_006354,2833,NETWORK_ERROR,TEMPORARY,0,NO_ACTION,STOP,0.0,STOPPED,0.0,NO_RECOVERY_ATTEMPTED,0
PAY_004570,976,BANK_TIMEOUT,TEMPORARY,0,NO_ACTION,STOP,0.0,STOPPED,0.0,NO_RECOVERY_ATTEMPTED,0
PAY_008214,3582,BANK_TIMEOUT,TEMPORARY,0,NO_ACTION,STOP,0.0,STOPPED,0.0,NO_RECOVERY_ATTEMPTED,0
PAY_002753,1219,CUSTOMER_DECLINED,HARD,0,NO_ACTION,STOP,0.0,STOPPED,0.0,NO_RECOVERY_ATTEMPTED,0
PAY_008074,111,CARD_EXPIRED,CUSTOMER,0,NO_ACTION,STOP,0.0,STOPPED,0.0,NO_RECOVERY_ATTEMPTED,0
PAY_001041,245,GATEWAY_TIMEOUT,TEMPORARY,0,NO_ACTION,STOP,0.0,STOPPED,0.0,NO_RECOVERY_ATTEMPTED,0
PAY_007492,259,AUTHENTICATION_FAILED,CUSTOMER,0,NO_ACTION,STOP,0.0,STOPPED,0.0,NO_RECOVERY_ATTEMPTED,0
PAY_001266,709,GATEWAY_TIMEOUT,TEMPORARY,0,NO_ACTION,STOP,0.0,STOPPED,0.0,NO_RECOVERY_ATTEMPTED,0
PAY_009266,353,BANK_TIMEOUT,TEMPORARY,0,NO_ACTION,STOP,0.0,STOPPED,0.0,NO_RECOVERY_ATTEMPTED,0
PAY_007060,99,INSUFFICIENT_FUNDS,CUSTOMER,0,NO_ACTION,STOP,0.0,STOPPED,0.0,NO_RECOVERY_ATTEMPTED,0
PAY_000278,378,NETWORK_ERROR,TEMPORARY,0,NO_ACTION,STOP,0.0,STOPPED,0.0,NO_RECOVERY_ATTEMPTED,0
PAY_005085,229,GATEWAY_TIMEOUT,TEMPORARY,0,NO_ACTION,STOP,0.0,STOPPED,0.0,NO_RECOVERY_ATTEMPTED,0
PAY_002383,762,BANK_TIMEOUT,TEMPORARY,0,NO_ACTION,STOP,0.0,STOPPED,0.0,NO_RECOVERY_ATTEMPTED,0
PAY_000572,458,NETWORK_ERROR,TEMPORARY,0,NO_ACTION,STOP,0.0,STOPPED,0.0,NO_RECOVERY_ATTEMPTED,0
PAY_001436,161,GATEWAY_TIMEOUT,TEMPORARY,0,NO_ACTION,STOP,0.0,STOPPED,0.0,NO_RECOVERY_ATTEMPTED,0
PAY_005353,3792,UPI_TECHNICAL_ERROR,TEMPORARY,0,NO_ACTION,STOP,0.0,STOPPED,0.0,NO_RECOVERY_ATTEMPTED,0
PAY_005446,330,BANK_TIMEOUT,TEMPORARY,0,NO_ACTION,STOP,0.0,STOPPED,0.0,NO_RECOVERY_ATTEMPTED,0
PAY_001008,541,LIMIT_EXCEEDED,CUSTOMER,0,NO_ACTION,STOP,0.0,STOPPED,0.0,NO_RECOVERY_ATTEMPTED,0
PAY_004544,99,NETWORK_ERROR,TEMPORARY,0,NO_ACTION,STOP,0.0,STOPPED,0.0,NO_RECOVERY_ATTEMPTED,0
PAY_008817,865,GATEWAY_TIMEOUT,TEMPORARY,0,NO_ACTION,STOP,0.0,STOPPED,0.0,NO_RECOVERY_ATTEMPTED,0
PAY_002065,1427,NETWORK_ERROR,TEMPORARY,0,NO_ACTION,STOP,0.0,STOPPED,0.0,NO_RECOVERY_ATTEMPTED,0
PAY_001137,1432,BANK_TIMEOUT,TEMPORARY,0,NO_ACTION,STOP,0.0,STOPPED,0.0,NO_RECOVERY_ATTEMPTED,0
PAY_005344,355,INVALID_ACCOUNT,HARD,0,NO_ACTION,STOP,0.0,STOPPED,0.0,NO_RECOVERY_ATTEMPTED,0
PAY_000295,3395,BANK_TIMEOUT,TEMPORARY,0,NO_ACTION,STOP,0.0,STOPPED,0.0,NO_RECOVERY_ATTEMPTED,0
PAY_002404,553,NETWORK_ERROR,TEMPORARY,0,NO_ACTION,STOP,0.0,STOPPED,0.0,NO_RECOVERY_ATTEMPTED,0
PAY_003999,6154,GATEWAY_TIMEOUT,TEMPORARY,0,NO_ACTION,STOP,0.0,STOPPED,0.0,NO_RECOVERY_ATTEMPTED,0
PAY_003742,99,LIMIT_EXCEEDED,CUSTOMER,0,NO_ACTION,STOP,0.0,STOPPED,0.0,NO_RECOVERY_ATTEMPTED,0
PAY_009223,933,GATEWAY_TIMEOUT,TEMPORARY,0,NO_ACTION,STOP,0.0,STOPPED,0.0,NO_RECOVERY_ATTEMPTED,0
PAY_002720,753,BANK_TIMEOUT,TEMPORARY,0,NO_ACTION,STOP,0.0,STOPPED,0.0,NO_RECOVERY_ATTEMPTED,0
PAY_009200,99,BANK_TIMEOUT,TEMPORARY,0,NO_ACTION,STOP,0.0,STOPPED,0.0,NO_RECOVERY_ATTEMPTED,0
PAY_005151,2699,NETWORK_ERROR,TEMPORARY,0,NO_ACTION,STOP,0.0,STOPPED,0.0,NO_RECOVERY_ATTEMPTED,0
PAY_002809,878,BLOCKED_METHOD,HARD,0,NO_ACTION,STOP,0.0,STOPPED,0.0,NO_RECOVERY_ATTEMPTED,0
PAY_000557,488,BANK_TIMEOUT,TEMPORARY,0,NO_ACTION,STOP,0.0,STOPPED,0.0,NO_RECOVERY_ATTEMPTED,0
PAY_008926,924,LIMIT_EXCEEDED,CUSTOMER,0,NO_ACTION,STOP,0.0,STOPPED,0.0,NO_RECOVERY_ATTEMPTED,0
PAY_004796,259,AUTHENTICATION_FAILED,CUSTOMER,0,NO_ACTION,STOP,0.0,STOPPED,0.0,NO_RECOVERY_ATTEMPTED,0
PAY_002470,1770,GATEWAY_TIMEOUT,TEMPORARY,0,NO_ACTION,STOP,0.0,STOPPED,0.0,NO_RECOVERY_ATTEMPTED,0
PAY_003739,982,BANK_TIMEOUT,TEMPORARY,0,NO_ACTION,STOP,0.0,STOPPED,0.0,NO_RECOVERY_ATTEMPTED,0
PAY_004287,965,GATEWAY_TIMEOUT,TEMPORARY,0,NO_ACTION,STOP,0.0,STOPPED,0.0,NO_RECOVERY_ATTEMPTED,0
PAY_002605,233,INSUFFICIENT_FUNDS,CUSTOMER,0,NO_ACTION,STOP,0.0,STOPPED,0.0,NO_RECOVERY_ATTEMPTED,0
PAY_000363,811,LIMIT_EXCEEDED,CUSTOMER,0,NO_ACTION,STOP,0.0,STOPPED,0.0,NO_RECOVERY_ATTEMPTED,0
PAY_006925,108,CARD_EXPIRED,CUSTOMER,0,NO_ACTION,STOP,0.0,STOPPED,0.0,NO_RECOVERY_ATTEMPTED,0
PAY_001705,1591,LIMIT_EXCEEDED,CUSTOMER,0,NO_ACTION,STOP,0.0,STOPPED,0.0,NO_RECOVERY_ATTEMPTED,0
PAY_002140,1344,GATEWAY_TIMEOUT,TEMPORARY,0,NO_ACTION,STOP,0.0,STOPPED,0.0,NO_RECOVERY_ATTEMPTED,0
PAY_003240,691,GATEWAY_TIMEOUT,TEMPORARY,0,NO_ACTION,STOP,0.0,STOPPED,0.0,NO_RECOVERY_ATTEMPTED,0
PAY_002384,1057,INSUFFICIENT_FUNDS,CUSTOMER,0,NO_ACTION,STOP,0.0,STOPPED,0.0,NO_RECOVERY_ATTEMPTED,0
PAY_007315,1357,INSUFFICIENT_FUNDS,CUSTOMER,0,NO_ACTION,STOP,0.0,STOPPED,0.0,NO_RECOVERY_ATTEMPTED,0
PAY_004312,373,NETWORK_ERROR,TEMPORARY,0,NO_ACTION,STOP,0.0,STOPPED,0.0,NO_RECOVERY_ATTEMPTED,0
PAY_001313,343,NETWORK_ERROR,TEMPORARY,0,NO_ACTION,STOP,0.0,STOPPED,0.0,NO_RECOVERY_ATTEMPTED,0
PAY_003931,1712,CARD_EXPIRED,CUSTOMER,0,NO_ACTION,STOP,0.0,STOPPED,0.0,NO_RECOVERY_ATTEMPTED,0
PAY_006184,594,UPI_TECHNICAL_ERROR,TEMPORARY,0,NO_ACTION,STOP,0.0,STOPPED,0.0,NO_RECOVERY_ATTEMPTED,0
PAY_001592,185,AUTHENTICATION_FAILED,CUSTOMER,0,NO_ACTION,STOP,0.0,STOPPED,0.0,NO_RECOVERY_ATTEMPTED,0
PAY_009388,11782,AUTHENTICATION_FAILED,CUSTOMER,0,NO_ACTION,STOP,0.0,STOPPED,0.0,NO_RECOVERY_ATTEMPTED,0
PAY_002163,126,UPI_TECHNICAL_ERROR,TEMPORARY,0,NO_ACTION,STOP,0.0,STOPPED,0.0,NO_RECOVERY_ATTEMPTED,0
PAY_002397,266,AUTHENTICATION_FAILED,CUSTOMER,0,NO_ACTION,STOP,0.0,STOPPED,0.0,NO_RECOVERY_ATTEMPTED,0
PAY_000318,1864,PAYMENT_EXPIRED,HARD,0,NO_ACTION,STOP,0.0,STOPPED,0.0,NO_RECOVERY_ATTEMPTED,0
PAY_005234,1703,LIMIT_EXCEEDED,CUSTOMER,0,NO_ACTION,STOP,0.0,STOPPED,0.0,NO_RECOVERY_ATTEMPTED,0
PAY_005069,1245,GATEWAY_TIMEOUT,TEMPORARY,0,NO_ACTION,STOP,0.0,STOPPED,0.0,NO_RECOVERY_ATTEMPTED,0
PAY_004037,186,UPI_TECHNICAL_ERROR,TEMPORARY,0,NO_ACTION,STOP,0.0,STOPPED,0.0,NO_RECOVERY_ATTEMPTED,0
PAY_003021,5466,GATEWAY_TIMEOUT,TEMPORARY,0,NO_ACTION,STOP,0.0,STOPPED,0.0,NO_RECOVERY_ATTEMPTED,0
PAY_008229,989,NETWORK_ERROR,TEMPORARY,0,NO_ACTION,STOP,0.0,STOPPED,0.0,NO_RECOVERY_ATTEMPTED,0
PAY_005296,2255,AUTHENTICATION_FAILED,CUSTOMER,0,NO_ACTION,STOP,0.0,STOPPED,0.0,NO_RECOVERY_ATTEMPTED,0
PAY_003973,457,BANK_TIMEOUT,TEMPORARY,0,NO_ACTION,STOP,0.0,STOPPED,0.0,NO_RECOVERY_ATTEMPTED,0
PAY_005371,647,BANK_TIMEOUT,TEMPORARY,0,NO_ACTION,STOP,0.0,STOPPED,0.0,NO_RECOVERY_ATTEMPTED,0
PAY_004134,1321,CARD_EXPIRED,CUSTOMER,0,NO_ACTION,STOP,0.0,STOPPED,0.0,NO_RECOVERY_ATTEMPTED,0
PAY_000975,1100,BANK_TIMEOUT,TEMPORARY,0,NO_ACTION,STOP,0.0,STOPPED,0.0,NO_RECOVERY_ATTEMPTED,0
PAY_007292,1854,NETWORK_ERROR,TEMPORARY,0,NO_ACTION,STOP,0.0,STOPPED,0.0,NO_RECOVERY_ATTEMPTED,0
PAY_000955,200,AUTHENTICATION_FAILED,CUSTOMER,0,NO_ACTION,STOP,0.0,STOPPED,0.0,NO_RECOVERY_ATTEMPTED,0
PAY_009307,401,BANK_TIMEOUT,TEMPORARY,0,NO_ACTION,STOP,0.0,STOPPED,0.0,NO_RECOVERY_ATTEMPTED,0
PAY_005017,2824,LIMIT_EXCEEDED,CUSTOMER,0,NO_ACTION,STOP,0.0,STOPPED,0.0,NO_RECOVERY_ATTEMPTED,0
PAY_009731,575,UPI_TECHNICAL_ERROR,TEMPORARY,0,NO_ACTION,STOP,0.0,STOPPED,0.0,NO_RECOVERY_ATTEMPTED,0
PAY_007491,122,GATEWAY_TIMEOUT,TEMPORARY,0,NO_ACTION,STOP,0.0,STOPPED,0.0,NO_RECOVERY_ATTEMPTED,0
PAY_001641,170,LIMIT_EXCEEDED,CUSTOMER,0,NO_ACTION,STOP,0.0,STOPPED,0.0,NO_RECOVERY_ATTEMPTED,0
PAY_001291,424,CARD_EXPIRED,CUSTOMER,0,NO_ACTION,STOP,0.0,STOPPED,0.0,NO_RECOVERY_ATTEMPTED,0
PAY_001381,1892,INSUFFICIENT_FUNDS,CUSTOMER,0,NO_ACTION,STOP,0.0,STOPPED,0.0,NO_RECOVERY_ATTEMPTED,0
PAY_001934,1100,INSUFFICIENT_FUNDS,CUSTOMER,0,NO_ACTION,STOP,0.0,STOPPED,0.0,NO_RECOVERY_ATTEMPTED,0
PAY_004676,120,BANK_TIMEOUT,TEMPORARY,0,NO_ACTION,STOP,0.0,STOPPED,0.0,NO_RECOVERY_ATTEMPTED,0
PAY_000893,339,BANK_TIMEOUT,TEMPORARY,0,NO_ACTION,STOP,0.0,STOPPED,0.0,NO_RECOVERY_ATTEMPTED,0
PAY_007288,99,GATEWAY_TIMEOUT,TEMPORARY,0,NO_ACTION,STOP,0.0,STOPPED,0.0,NO_RECOVERY_ATTEMPTED,0
PAY_004877,2287,AUTHENTICATION_FAILED,CUSTOMER,0,NO_ACTION,STOP,0.0,STOPPED,0.0,NO_RECOVERY_ATTEMPTED,0
PAY_007907,2398,CARD_EXPIRED,CUSTOMER,0,NO_ACTION,STOP,0.0,STOPPED,0.0,NO_RECOVERY_ATTEMPTED,0
PAY_008195,4672,CARD_EXPIRED,CUSTOMER,0,NO_ACTION,STOP,0.0,STOPPED,0.0,NO_RECOVERY_ATTEMPTED,0
PAY_009380,5241,GATEWAY_TIMEOUT,TEMPORARY,0,NO_ACTION,STOP,0.0,STOPPED,0.0,NO_RECOVERY_ATTEMPTED,0
PAY_002467,1210,CARD_EXPIRED,CUSTOMER,0,NO_ACTION,STOP,0.0,STOPPED,0.0,NO_RECOVERY_ATTEMPTED,0
PAY_007658,620,NETWORK_ERROR,TEMPORARY,0,NO_ACTION,STOP,0.0,STOPPED,0.0,NO_RECOVERY_ATTEMPTED,0
PAY_001914,3708,BANK_TIMEOUT,TEMPORARY,0,NO_ACTION,STOP,0.0,STOPPED,0.0,NO_RECOVERY_ATTEMPTED,0
PAY_002737,1827,GATEWAY_TIMEOUT,TEMPORARY,0,NO_ACTION,STOP,0.0,STOPPED,0.0,NO_RECOVERY_ATTEMPTED,0
PAY_000727,2217,GATEWAY_TIMEOUT,TEMPORARY,0,NO_ACTION,STOP,0.0,STOPPED,0.0,NO_RECOVERY_ATTEMPTED,0
PAY_007215,431,BLOCKED_METHOD,HARD,0,NO_ACTION,STOP,0.0,STOPPED,0.0,NO_RECOVERY_ATTEMPTED,0
PAY_008246,1491,BANK_TIMEOUT,TEMPORARY,0,NO_ACTION,STOP,0.0,STOPPED,0.0,NO_RECOVERY_ATTEMPTED,0
PAY_001797,713,CARD_EXPIRED,CUSTOMER,0,NO_ACTION,STOP,0.0,STOPPED,0.0,NO_RECOVERY_ATTEMPTED,0
PAY_003846,368,CARD_EXPIRED,CUSTOMER,0,NO_ACTION,STOP,0.0,STOPPED,0.0,NO_RECOVERY_ATTEMPTED,0
PAY_006403,481,BANK_TIMEOUT,TEMPORARY,0,NO_ACTION,STOP,0.0,STOPPED,0.0,NO_RECOVERY_ATTEMPTED,0
PAY_000937,99,BANK_TIMEOUT,TEMPORARY,0,NO_ACTION,STOP,0.0,STOPPED,0.0,NO_RECOVERY_ATTEMPTED,0
PAY_002266,758,GATEWAY_TIMEOUT,TEMPORARY,0,NO_ACTION,STOP,0.0,STOPPED,0.0,NO_RECOVERY_ATTEMPTED,0
PAY_000825,250,CARD_EXPIRED,CUSTOMER,0,NO_ACTION,STOP,0.0,STOPPED,0.0,NO_RECOVERY_ATTEMPTED,0
PAY_007275,1592,LIMIT_EXCEEDED,CUSTOMER,0,NO_ACTION,STOP,0.0,STOPPED,0.0,NO_RECOVERY_ATTEMPTED,0
PAY_001390,4819,INSUFFICIENT_FUNDS,CUSTOMER,0,NO_ACTION,STOP,0.0,STOPPED,0.0,NO_RECOVERY_ATTEMPTED,0
PAY_003565,2436,BLOCKED_METHOD,HARD,0,NO_ACTION,STOP,0.0,STOPPED,0.0,NO_RECOVERY_ATTEMPTED,0
PAY_005430,1048,INSUFFICIENT_FUNDS,CUSTOMER,0,NO_ACTION,STOP,0.0,STOPPED,0.0,NO_RECOVERY_ATTEMPTED,0
PAY_007828,405,CARD_EXPIRED,CUSTOMER,0,NO_ACTION,STOP,0.0,STOPPED,0.0,NO_RECOVERY_ATTEMPTED,0
PAY_005691,182,INSUFFICIENT_FUNDS,CUSTOMER,0,NO_ACTION,STOP,0.0,STOPPED,0.0,NO_RECOVERY_ATTEMPTED,0
PAY_007879,959,INSUFFICIENT_FUNDS,CUSTOMER,0,NO_ACTION,STOP,0.0,STOPPED,0.0,NO_RECOVERY_ATTEMPTED,0
PAY_001869,746,NETWORK_ERROR,TEMPORARY,0,NO_ACTION,STOP,0.0,STOPPED,0.0,NO_RECOVERY_ATTEMPTED,0
PAY_008203,99,GATEWAY_TIMEOUT,TEMPORARY,0,NO_ACTION,STOP,0.0,STOPPED,0.0,NO_RECOVERY_ATTEMPTED,0
PAY_007487,1169,UPI_TECHNICAL_ERROR,TEMPORARY,0,NO_ACTION,STOP,0.0,STOPPED,0.0,NO_RECOVERY_ATTEMPTED,0
PAY_000807,1681,BANK_TIMEOUT,TEMPORARY,0,NO_ACTION,STOP,0.0,STOPPED,0.0,NO_RECOVERY_ATTEMPTED,0
PAY_004806,1350,CARD_EXPIRED,CUSTOMER,0,NO_ACTION,STOP,0.0,STOPPED,0.0,NO_RECOVERY_ATTEMPTED,0
PAY_009153,1237,INSUFFICIENT_FUNDS,CUSTOMER,0,NO_ACTION,STOP,0.0,STOPPED,0.0,NO_RECOVERY_ATTEMPTED,0
PAY_007512,2033,CUSTOMER_DECLINED,HARD,0,NO_ACTION,STOP,0.0,STOPPED,0.0,NO_RECOVERY_ATTEMPTED,0
PAY_008057,99,PAYMENT_EXPIRED,HARD,0,NO_ACTION,STOP,0.0,STOPPED,0.0,NO_RECOVERY_ATTEMPTED,0
PAY_004495,383,BANK_TIMEOUT,TEMPORARY,0,NO_ACTION,STOP,0.0,STOPPED,0.0,NO_RECOVERY_ATTEMPTED,0
PAY_002633,363,CUSTOMER_DECLINED,HARD,0,NO_ACTION,STOP,0.0,STOPPED,0.0,NO_RECOVERY_ATTEMPTED,0
PAY_008901,444,INSUFFICIENT_FUNDS,CUSTOMER,0,NO_ACTION,STOP,0.0,STOPPED,0.0,NO_RECOVERY_ATTEMPTED,0
PAY_008624,394,BANK_TIMEOUT,TEMPORARY,0,NO_ACTION,STOP,0.0,STOPPED,0.0,NO_RECOVERY_ATTEMPTED,0
PAY_007833,577,AUTHENTICATION_FAILED,CUSTOMER,0,NO_ACTION,STOP,0.0,STOPPED,0.0,NO_RECOVERY_ATTEMPTED,0
PAY_004389,3776,CARD_EXPIRED,CUSTOMER,0,NO_ACTION,STOP,0.0,STOPPED,0.0,NO_RECOVERY_ATTEMPTED,0
PAY_000146,331,LIMIT_EXCEEDED,CUSTOMER,0,NO_ACTION,STOP,0.0,STOPPED,0.0,NO_RECOVERY_ATTEMPTED,0
PAY_006468,453,LIMIT_EXCEEDED,CUSTOMER,0,NO_ACTION,STOP,0.0,STOPPED,0.0,NO_RECOVERY_ATTEMPTED,0
PAY_002034,257,BANK_TIMEOUT,TEMPORARY,0,NO_ACTION,STOP,0.0,STOPPED,0.0,NO_RECOVERY_ATTEMPTED,0
PAY_009128,494,NETWORK_ERROR,TEMPORARY,0,NO_ACTION,STOP,0.0,STOPPED,0.0,NO_RECOVERY_ATTEMPTED,0
PAY_001166,192,BANK_TIMEOUT,TEMPORARY,0,NO_ACTION,STOP,0.0,STOPPED,0.0,NO_RECOVERY_ATTEMPTED,0
PAY_002051,295,BANK_TIMEOUT,TEMPORARY,0,NO_ACTION,STOP,0.0,STOPPED,0.0,NO_RECOVERY_ATTEMPTED,0
PAY_003761,1537,UPI_TECHNICAL_ERROR,TEMPORARY,0,NO_ACTION,STOP,0.0,STOPPED,0.0,NO_RECOVERY_ATTEMPTED,0
PAY_004436,1044,UPI_TECHNICAL_ERROR,TEMPORARY,0,NO_ACTION,STOP,0.0,STOPPED,0.0,NO_RECOVERY_ATTEMPTED,0
PAY_003431,336,AUTHENTICATION_FAILED,CUSTOMER,0,NO_ACTION,STOP,0.0,STOPPED,0.0,NO_RECOVERY_ATTEMPTED,0
PAY_008191,520,INVALID_ACCOUNT,HARD,0,NO_ACTION,STOP,0.0,STOPPED,0.0,NO_RECOVERY_ATTEMPTED,0
PAY_008754,601,CARD_EXPIRED,CUSTOMER,0,NO_ACTION,STOP,0.0,STOPPED,0.0,NO_RECOVERY_ATTEMPTED,0
PAY_007070,99,UPI_TECHNICAL_ERROR,TEMPORARY,0,NO_ACTION,STOP,0.0,STOPPED,0.0,NO_RECOVERY_ATTEMPTED,0
PAY_004362,264,AUTHENTICATION_FAILED,CUSTOMER,0,NO_ACTION,STOP,0.0,STOPPED,0.0,NO_RECOVERY_ATTEMPTED,0
PAY_001772,4092,GATEWAY_TIMEOUT,TEMPORARY,0,NO_ACTION,STOP,0.0,STOPPED,0.0,NO_RECOVERY_ATTEMPTED,0
PAY_003512,596,AUTHENTICATION_FAILED,CUSTOMER,0,NO_ACTION,STOP,0.0,STOPPED,0.0,NO_RECOVERY_ATTEMPTED,0
PAY_000272,761,UPI_TECHNICAL_ERROR,TEMPORARY,0,NO_ACTION,STOP,0.0,STOPPED,0.0,NO_RECOVERY_ATTEMPTED,0
PAY_008437,6058,LIMIT_EXCEEDED,CUSTOMER,0,NO_ACTION,STOP,0.0,STOPPED,0.0,NO_RECOVERY_ATTEMPTED,0
PAY_002033,1250,BLOCKED_METHOD,HARD,0,NO_ACTION,STOP,0.0,STOPPED,0.0,NO_RECOVERY_ATTEMPTED,0
PAY_009665,535,BANK_TIMEOUT,TEMPORARY,0,NO_ACTION,STOP,0.0,STOPPED,0.0,NO_RECOVERY_ATTEMPTED,0
PAY_003811,930,INSUFFICIENT_FUNDS,CUSTOMER,0,NO_ACTION,STOP,0.0,STOPPED,0.0,NO_RECOVERY_ATTEMPTED,0
PAY_004347,2771,LIMIT_EXCEEDED,CUSTOMER,0,NO_ACTION,STOP,0.0,STOPPED,0.0,NO_RECOVERY_ATTEMPTED,0
PAY_000546,7409,BANK_TIMEOUT,TEMPORARY,0,NO_ACTION,STOP,0.0,STOPPED,0.0,NO_RECOVERY_ATTEMPTED,0
PAY_003242,167,NETWORK_ERROR,TEMPORARY,0,NO_ACTION,STOP,0.0,STOPPED,0.0,NO_RECOVERY_ATTEMPTED,0
PAY_008503,1027,CUSTOMER_DECLINED,HARD,0,NO_ACTION,STOP,0.0,STOPPED,0.0,NO_RECOVERY_ATTEMPTED,0
PAY_009919,1674,BANK_TIMEOUT,TEMPORARY,0,NO_ACTION,STOP,0.0,STOPPED,0.0,NO_RECOVERY_ATTEMPTED,0
PAY_007565,613,GATEWAY_TIMEOUT,TEMPORARY,0,NO_ACTION,STOP,0.0,STOPPED,0.0,NO_RECOVERY_ATTEMPTED,0
PAY_000921,99,BANK_TIMEOUT,TEMPORARY,0,NO_ACTION,STOP,0.0,STOPPED,0.0,NO_RECOVERY_ATTEMPTED,0
PAY_009119,4143,NETWORK_ERROR,TEMPORARY,0,NO_ACTION,STOP,0.0,STOPPED,0.0,NO_RECOVERY_ATTEMPTED,0
PAY_006641,7470,INSUFFICIENT_FUNDS,CUSTOMER,0,NO_ACTION,STOP,0.0,STOPPED,0.0,NO_RECOVERY_ATTEMPTED,0
PAY_007695,222,INSUFFICIENT_FUNDS,CUSTOMER,0,NO_ACTION,STOP,0.0,STOPPED,0.0,NO_RECOVERY_ATTEMPTED,0
PAY_008231,13719,INSUFFICIENT_FUNDS,CUSTOMER,0,NO_ACTION,STOP,0.0,STOPPED,0.0,NO_RECOVERY_ATTEMPTED,0
PAY_007127,1084,UPI_TECHNICAL_ERROR,TEMPORARY,0,NO_ACTION,STOP,0.0,STOPPED,0.0,NO_RECOVERY_ATTEMPTED,0
PAY_004279,903,GATEWAY_TIMEOUT,TEMPORARY,0,NO_ACTION,STOP,0.0,STOPPED,0.0,NO_RECOVERY_ATTEMPTED,0
PAY_002984,208,UPI_TECHNICAL_ERROR,TEMPORARY,0,NO_ACTION,STOP,0.0,STOPPED,0.0,NO_RECOVERY_ATTEMPTED,0
PAY_000131,3775,BANK_TIMEOUT,TEMPORARY,0,NO_ACTION,STOP,0.0,STOPPED,0.0,NO_RECOVERY_ATTEMPTED,0
PAY_007981,126,GATEWAY_TIMEOUT,TEMPORARY,0,NO_ACTION,STOP,0.0,STOPPED,0.0,NO_RECOVERY_ATTEMPTED,0
PAY_002668,482,INSUFFICIENT_FUNDS,CUSTOMER,0,NO_ACTION,STOP,0.0,STOPPED,0.0,NO_RECOVERY_ATTEMPTED,0
PAY_007139,1754,PAYMENT_EXPIRED,HARD,0,NO_ACTION,STOP,0.0,STOPPED,0.0,NO_RECOVERY_ATTEMPTED,0
PAY_003224,430,BANK_TIMEOUT,TEMPORARY,0,NO_ACTION,STOP,0.0,STOPPED,0.0,NO_RECOVERY_ATTEMPTED,0
PAY_007694,784,BANK_TIMEOUT,TEMPORARY,0,NO_ACTION,STOP,0.0,STOPPED,0.0,NO_RECOVERY_ATTEMPTED,0
PAY_005393,448,UPI_TECHNICAL_ERROR,TEMPORARY,0,NO_ACTION,STOP,0.0,STOPPED,0.0,NO_RECOVERY_ATTEMPTED,0
PAY_000615,1151,GATEWAY_TIMEOUT,TEMPORARY,0,NO_ACTION,STOP,0.0,STOPPED,0.0,NO_RECOVERY_ATTEMPTED,0
PAY_009903,346,LIMIT_EXCEEDED,CUSTOMER,0,NO_ACTION,STOP,0.0,STOPPED,0.0,NO_RECOVERY_ATTEMPTED,0
PAY_001467,317,NETWORK_ERROR,TEMPORARY,0,NO_ACTION,STOP,0.0,STOPPED,0.0,NO_RECOVERY_ATTEMPTED,0
PAY_004498,3795,PAYMENT_EXPIRED,HARD,0,NO_ACTION,STOP,0.0,STOPPED,0.0,NO_RECOVERY_ATTEMPTED,0
PAY_003043,396,AUTHENTICATION_FAILED,CUSTOMER,0,NO_ACTION,STOP,0.0,STOPPED,0.0,NO_RECOVERY_ATTEMPTED,0
PAY_002420,501,CUSTOMER_DECLINED,HARD,0,NO_ACTION,STOP,0.0,STOPPED,0.0,NO_RECOVERY_ATTEMPTED,0
PAY_005086,875,INSUFFICIENT_FUNDS,CUSTOMER,0,NO_ACTION,STOP,0.0,STOPPED,0.0,NO_RECOVERY_ATTEMPTED,0
PAY_003295,783,AUTHENTICATION_FAILED,CUSTOMER,0,NO_ACTION,STOP,0.0,STOPPED,0.0,NO_RECOVERY_ATTEMPTED,0
PAY_006738,13035,GATEWAY_TIMEOUT,TEMPORARY,0,NO_ACTION,STOP,0.0,STOPPED,0.0,NO_RECOVERY_ATTEMPTED,0
PAY_001501,1500,GATEWAY_TIMEOUT,TEMPORARY,0,NO_ACTION,STOP,0.0,STOPPED,0.0,NO_RECOVERY_ATTEMPTED,0
PAY_001522,860,GATEWAY_TIMEOUT,TEMPORARY,0,NO_ACTION,STOP,0.0,STOPPED,0.0,NO_RECOVERY_ATTEMPTED,0
PAY_009118,1112,UPI_TECHNICAL_ERROR,TEMPORARY,0,NO_ACTION,STOP,0.0,STOPPED,0.0,NO_RECOVERY_ATTEMPTED,0
PAY_004233,804,BANK_TIMEOUT,TEMPORARY,0,NO_ACTION,STOP,0.0,STOPPED,0.0,NO_RECOVERY_ATTEMPTED,0
PAY_007687,1014,BANK_TIMEOUT,TEMPORARY,0,NO_ACTION,STOP,0.0,STOPPED,0.0,NO_RECOVERY_ATTEMPTED,0
PAY_004431,222,NETWORK_ERROR,TEMPORARY,0,NO_ACTION,STOP,0.0,STOPPED,0.0,NO_RECOVERY_ATTEMPTED,0
PAY_000391,2051,GATEWAY_TIMEOUT,TEMPORARY,0,NO_ACTION,STOP,0.0,STOPPED,0.0,NO_RECOVERY_ATTEMPTED,0
PAY_009859,244,NETWORK_ERROR,TEMPORARY,0,NO_ACTION,STOP,0.0,STOPPED,0.0,NO_RECOVERY_ATTEMPTED,0
PAY_007125,1351,BANK_TIMEOUT,TEMPORARY,0,NO_ACTION,STOP,0.0,STOPPED,0.0,NO_RECOVERY_ATTEMPTED,0
PAY_005914,2065,UPI_TECHNICAL_ERROR,TEMPORARY,0,NO_ACTION,STOP,0.0,STOPPED,0.0,NO_RECOVERY_ATTEMPTED,0
PAY_008593,255,BANK_TIMEOUT,TEMPORARY,0,NO_ACTION,STOP,0.0,STOPPED,0.0,NO_RECOVERY_ATTEMPTED,0
PAY_004807,999,LIMIT_EXCEEDED,CUSTOMER,0,NO_ACTION,STOP,0.0,STOPPED,0.0,NO_RECOVERY_ATTEMPTED,0
PAY_008955,2464,UPI_TECHNICAL_ERROR,TEMPORARY,0,NO_ACTION,STOP,0.0,STOPPED,0.0,NO_RECOVERY_ATTEMPTED,0
PAY_008239,207,UPI_TECHNICAL_ERROR,TEMPORARY,0,NO_ACTION,STOP,0.0,STOPPED,0.0,NO_RECOVERY_ATTEMPTED,0
PAY_008045,1110,BANK_TIMEOUT,TEMPORARY,0,NO_ACTION,STOP,0.0,STOPPED,0.0,NO_RECOVERY_ATTEMPTED,0
PAY_009783,1183,AUTHENTICATION_FAILED,CUSTOMER,0,NO_ACTION,STOP,0.0,STOPPED,0.0,NO_RECOVERY_ATTEMPTED,0
PAY_003994,2621,AUTHENTICATION_FAILED,CUSTOMER,0,NO_ACTION,STOP,0.0,STOPPED,0.0,NO_RECOVERY_ATTEMPTED,0
PAY_009552,892,NETWORK_ERROR,TEMPORARY,0,NO_ACTION,STOP,0.0,STOPPED,0.0,NO_RECOVERY_ATTEMPTED,0
PAY_006610,253,AUTHENTICATION_FAILED,CUSTOMER,0,NO_ACTION,STOP,0.0,STOPPED,0.0,NO_RECOVERY_ATTEMPTED,0
PAY_005320,397,AUTHENTICATION_FAILED,CUSTOMER,0,NO_ACTION,STOP,0.0,STOPPED,0.0,NO_RECOVERY_ATTEMPTED,0
PAY_007120,383,INSUFFICIENT_FUNDS,CUSTOMER,0,NO_ACTION,STOP,0.0,STOPPED,0.0,NO_RECOVERY_ATTEMPTED,0
PAY_002422,1116,LIMIT_EXCEEDED,CUSTOMER,0,NO_ACTION,STOP,0.0,STOPPED,0.0,NO_RECOVERY_ATTEMPTED,0
PAY_005605,139,PAYMENT_EXPIRED,HARD,0,NO_ACTION,STOP,0.0,STOPPED,0.0,NO_RECOVERY_ATTEMPTED,0
PAY_001751,799,GATEWAY_TIMEOUT,TEMPORARY,0,NO_ACTION,STOP,0.0,STOPPED,0.0,NO_RECOVERY_ATTEMPTED,0
PAY_009016,4674,BANK_TIMEOUT,TEMPORARY,0,NO_ACTION,STOP,0.0,STOPPED,0.0,NO_RECOVERY_ATTEMPTED,0
PAY_009719,307,NETWORK_ERROR,TEMPORARY,0,NO_ACTION,STOP,0.0,STOPPED,0.0,NO_RECOVERY_ATTEMPTED,0
PAY_000339,2318,NETWORK_ERROR,TEMPORARY,0,NO_ACTION,STOP,0.0,STOPPED,0.0,NO_RECOVERY_ATTEMPTED,0
PAY_008408,1137,CARD_EXPIRED,CUSTOMER,0,NO_ACTION,STOP,0.0,STOPPED,0.0,NO_RECOVERY_ATTEMPTED,0
PAY_001342,328,AUTHENTICATION_FAILED,CUSTOMER,0,NO_ACTION,STOP,0.0,STOPPED,0.0,NO_RECOVERY_ATTEMPTED,0
PAY_009545,1769,INSUFFICIENT_FUNDS,CUSTOMER,0,NO_ACTION,STOP,0.0,STOPPED,0.0,NO_RECOVERY_ATTEMPTED,0
PAY_007983,1901,BANK_TIMEOUT,TEMPORARY,0,NO_ACTION,STOP,0.0,STOPPED,0.0,NO_RECOVERY_ATTEMPTED,0
PAY_003641,1863,LIMIT_EXCEEDED,CUSTOMER,0,NO_ACTION,STOP,0.0,STOPPED,0.0,NO_RECOVERY_ATTEMPTED,0
PAY_000330,849,NETWORK_ERROR,TEMPORARY,0,NO_ACTION,STOP,0.0,STOPPED,0.0,NO_RECOVERY_ATTEMPTED,0
PAY_008829,491,AUTHENTICATION_FAILED,CUSTOMER,0,NO_ACTION,STOP,0.0,STOPPED,0.0,NO_RECOVERY_ATTEMPTED,0
PAY_003005,373,BANK_TIMEOUT,TEMPORARY,0,NO_ACTION,STOP,0.0,STOPPED,0.0,NO_RECOVERY_ATTEMPTED,0
PAY_006961,507,INSUFFICIENT_FUNDS,CUSTOMER,0,NO_ACTION,STOP,0.0,STOPPED,0.0,NO_RECOVERY_ATTEMPTED,0
PAY_004091,728,BANK_TIMEOUT,TEMPORARY,0,NO_ACTION,STOP,0.0,STOPPED,0.0,NO_RECOVERY_ATTEMPTED,0
PAY_002323,318,BANK_TIMEOUT,TEMPORARY,0,NO_ACTION,STOP,0.0,STOPPED,0.0,NO_RECOVERY_ATTEMPTED,0
PAY_006668,1533,GATEWAY_TIMEOUT,TEMPORARY,0,NO_ACTION,STOP,0.0,STOPPED,0.0,NO_RECOVERY_ATTEMPTED,0
PAY_007010,843,BANK_TIMEOUT,TEMPORARY,0,NO_ACTION,STOP,0.0,STOPPED,0.0,NO_RECOVERY_ATTEMPTED,0
PAY_004198,125,BANK_TIMEOUT,TEMPORARY,0,NO_ACTION,STOP,0.0,STOPPED,0.0,NO_RECOVERY_ATTEMPTED,0
PAY_003550,1059,BANK_TIMEOUT,TEMPORARY,0,NO_ACTION,STOP,0.0,STOPPED,0.0,NO_RECOVERY_ATTEMPTED,0
PAY_008364,113,INSUFFICIENT_FUNDS,CUSTOMER,0,NO_ACTION,STOP,0.0,STOPPED,0.0,NO_RECOVERY_ATTEMPTED,0
PAY_004204,1785,INSUFFICIENT_FUNDS,CUSTOMER,0,NO_ACTION,STOP,0.0,STOPPED,0.0,NO_RECOVERY_ATTEMPTED,0
PAY_009311,312,INVALID_ACCOUNT,HARD,0,NO_ACTION,STOP,0.0,STOPPED,0.0,NO_RECOVERY_ATTEMPTED,0
PAY_008937,1269,LIMIT_EXCEEDED,CUSTOMER,0,NO_ACTION,STOP,0.0,STOPPED,0.0,NO_RECOVERY_ATTEMPTED,0
PAY_006186,6993,INVALID_ACCOUNT,HARD,0,NO_ACTION,STOP,0.0,STOPPED,0.0,NO_RECOVERY_ATTEMPTED,0
PAY_001640,1843,UPI_TECHNICAL_ERROR,TEMPORARY,0,NO_ACTION,STOP,0.0,STOPPED,0.0,NO_RECOVERY_ATTEMPTED,0
PAY_000061,544,UPI_TECHNICAL_ERROR,TEMPORARY,0,NO_ACTION,STOP,0.0,STOPPED,0.0,NO_RECOVERY_ATTEMPTED,0
PAY_001241,1487,UPI_TECHNICAL_ERROR,TEMPORARY,0,NO_ACTION,STOP,0.0,STOPPED,0.0,NO_RECOVERY_ATTEMPTED,0
PAY_005761,538,NETWORK_ERROR,TEMPORARY,0,NO_ACTION,STOP,0.0,STOPPED,0.0,NO_RECOVERY_ATTEMPTED,0
PAY_005137,710,BANK_TIMEOUT,TEMPORARY,0,NO_ACTION,STOP,0.0,STOPPED,0.0,NO_RECOVERY_ATTEMPTED,0
PAY_002344,461,NETWORK_ERROR,TEMPORARY,0,NO_ACTION,STOP,0.0,STOPPED,0.0,NO_RECOVERY_ATTEMPTED,0
PAY_002121,1010,GATEWAY_TIMEOUT,TEMPORARY,0,NO_ACTION,STOP,0.0,STOPPED,0.0,NO_RECOVERY_ATTEMPTED,0
PAY_001525,512,INSUFFICIENT_FUNDS,CUSTOMER,0,NO_ACTION,STOP,0.0,STOPPED,0.0,NO_RECOVERY_ATTEMPTED,0
PAY_007618,7603,INVALID_ACCOUNT,HARD,0,NO_ACTION,STOP,0.0,STOPPED,0.0,NO_RECOVERY_ATTEMPTED,0
PAY_000154,2048,INSUFFICIENT_FUNDS,CUSTOMER,0,NO_ACTION,STOP,0.0,STOPPED,0.0,NO_RECOVERY_ATTEMPTED,0
PAY_000482,263,AUTHENTICATION_FAILED,CUSTOMER,0,NO_ACTION,STOP,0.0,STOPPED,0.0,NO_RECOVERY_ATTEMPTED,0
PAY_006123,403,NETWORK_ERROR,TEMPORARY,0,NO_ACTION,STOP,0.0,STOPPED,0.0,NO_RECOVERY_ATTEMPTED,0
PAY_007675,494,INSUFFICIENT_FUNDS,CUSTOMER,0,NO_ACTION,STOP,0.0,STOPPED,0.0,NO_RECOVERY_ATTEMPTED,0
PAY_007102,153,GATEWAY_TIMEOUT,TEMPORARY,0,NO_ACTION,STOP,0.0,STOPPED,0.0,NO_RECOVERY_ATTEMPTED,0
PAY_001763,945,GATEWAY_TIMEOUT,TEMPORARY,0,NO_ACTION,STOP,0.0,STOPPED,0.0,NO_RECOVERY_ATTEMPTED,0
PAY_007716,426,INSUFFICIENT_FUNDS,CUSTOMER,0,NO_ACTION,STOP,0.0,STOPPED,0.0,NO_RECOVERY_ATTEMPTED,0
PAY_009082,825,PAYMENT_EXPIRED,HARD,0,NO_ACTION,STOP,0.0,STOPPED,0.0,NO_RECOVERY_ATTEMPTED,0
PAY_007480,272,INSUFFICIENT_FUNDS,CUSTOMER,0,NO_ACTION,STOP,0.0,STOPPED,0.0,NO_RECOVERY_ATTEMPTED,0
PAY_006213,350,BANK_TIMEOUT,TEMPORARY,0,NO_ACTION,STOP,0.0,STOPPED,0.0,NO_RECOVERY_ATTEMPTED,0
PAY_004854,207,CARD_EXPIRED,CUSTOMER,0,NO_ACTION,STOP,0.0,STOPPED,0.0,NO_RECOVERY_ATTEMPTED,0
PAY_002712,2709,INSUFFICIENT_FUNDS,CUSTOMER,0,NO_ACTION,STOP,0.0,STOPPED,0.0,NO_RECOVERY_ATTEMPTED,0
PAY_006767,761,UPI_TECHNICAL_ERROR,TEMPORARY,0,NO_ACTION,STOP,0.0,STOPPED,0.0,NO_RECOVERY_ATTEMPTED,0
PAY_004151,1809,AUTHENTICATION_FAILED,CUSTOMER,0,NO_ACTION,STOP,0.0,STOPPED,0.0,NO_RECOVERY_ATTEMPTED,0
PAY_001334,1211,BANK_TIMEOUT,TEMPORARY,0,NO_ACTION,STOP,0.0,STOPPED,0.0,NO_RECOVERY_ATTEMPTED,0
PAY_008379,99,PAYMENT_EXPIRED,HARD,0,NO_ACTION,STOP,0.0,STOPPED,0.0,NO_RECOVERY_ATTEMPTED,0
PAY_009390,1349,BANK_TIMEOUT,TEMPORARY,0,NO_ACTION,STOP,0.0,STOPPED,0.0,NO_RECOVERY_ATTEMPTED,0
PAY_009708,469,NETWORK_ERROR,TEMPORARY,0,NO_ACTION,STOP,0.0,STOPPED,0.0,NO_RECOVERY_ATTEMPTED,0
PAY_009122,122,NETWORK_ERROR,TEMPORARY,0,NO_ACTION,STOP,0.0,STOPPED,0.0,NO_RECOVERY_ATTEMPTED,0
PAY_003851,1219,INSUFFICIENT_FUNDS,CUSTOMER,0,NO_ACTION,STOP,0.0,STOPPED,0.0,NO_RECOVERY_ATTEMPTED,0
PAY_008341,2654,BANK_TIMEOUT,TEMPORARY,0,NO_ACTION,STOP,0.0,STOPPED,0.0,NO_RECOVERY_ATTEMPTED,0
PAY_004125,673,PAYMENT_EXPIRED,HARD,0,NO_ACTION,STOP,0.0,STOPPED,0.0,NO_RECOVERY_ATTEMPTED,0
PAY_008964,185,UPI_TECHNICAL_ERROR,TEMPORARY,0,NO_ACTION,STOP,0.0,STOPPED,0.0,NO_RECOVERY_ATTEMPTED,0
PAY_004789,1799,NETWORK_ERROR,TEMPORARY,0,NO_ACTION,STOP,0.0,STOPPED,0.0,NO_RECOVERY_ATTEMPTED,0
PAY_002867,289,BANK_TIMEOUT,TEMPORARY,0,NO_ACTION,STOP,0.0,STOPPED,0.0,NO_RECOVERY_ATTEMPTED,0
PAY_001387,99,BLOCKED_METHOD,HARD,0,NO_ACTION,STOP,0.0,STOPPED,0.0,NO_RECOVERY_ATTEMPTED,0
PAY_005942,1873,BANK_TIMEOUT,TEMPORARY,0,NO_ACTION,STOP,0.0,STOPPED,0.0,NO_RECOVERY_ATTEMPTED,0
PAY_003068,1434,INSUFFICIENT_FUNDS,CUSTOMER,0,NO_ACTION,STOP,0.0,STOPPED,0.0,NO_RECOVERY_ATTEMPTED,0
PAY_009059,422,INVALID_ACCOUNT,HARD,0,NO_ACTION,STOP,0.0,STOPPED,0.0,NO_RECOVERY_ATTEMPTED,0
PAY_003630,1036,CARD_EXPIRED,CUSTOMER,0,NO_ACTION,STOP,0.0,STOPPED,0.0,NO_RECOVERY_ATTEMPTED,0
PAY_009456,16689,CARD_EXPIRED,CUSTOMER,0,NO_ACTION,STOP,0.0,STOPPED,0.0,NO_RECOVERY_ATTEMPTED,0
PAY_008950,2220,INSUFFICIENT_FUNDS,CUSTOMER,0,NO_ACTION,STOP,0.0,STOPPED,0.0,NO_RECOVERY_ATTEMPTED,0
PAY_003029,1193,GATEWAY_TIMEOUT,TEMPORARY,0,NO_ACTION,STOP,0.0,STOPPED,0.0,NO_RECOVERY_ATTEMPTED,0
PAY_002970,769,UPI_TECHNICAL_ERROR,TEMPORARY,0,NO_ACTION,STOP,0.0,STOPPED,0.0,NO_RECOVERY_ATTEMPTED,0
PAY_008647,170,LIMIT_EXCEEDED,CUSTOMER,0,NO_ACTION,STOP,0.0,STOPPED,0.0,NO_RECOVERY_ATTEMPTED,0
PAY_006137,148,GATEWAY_TIMEOUT,TEMPORARY,0,NO_ACTION,STOP,0.0,STOPPED,0.0,NO_RECOVERY_ATTEMPTED,0
PAY_008802,463,NETWORK_ERROR,TEMPORARY,0,NO_ACTION,STOP,0.0,STOPPED,0.0,NO_RECOVERY_ATTEMPTED,0
PAY_004264,99,AUTHENTICATION_FAILED,CUSTOMER,0,NO_ACTION,STOP,0.0,STOPPED,0.0,NO_RECOVERY_ATTEMPTED,0
PAY_000646,943,INVALID_ACCOUNT,HARD,0,NO_ACTION,STOP,0.0,STOPPED,0.0,NO_RECOVERY_ATTEMPTED,0
PAY_009654,358,LIMIT_EXCEEDED,CUSTOMER,0,NO_ACTION,STOP,0.0,STOPPED,0.0,NO_RECOVERY_ATTEMPTED,0
PAY_002075,774,CUSTOMER_DECLINED,HARD,0,NO_ACTION,STOP,0.0,STOPPED,0.0,NO_RECOVERY_ATTEMPTED,0
PAY_000342,1007,INSUFFICIENT_FUNDS,CUSTOMER,0,NO_ACTION,STOP,0.0,STOPPED,0.0,NO_RECOVERY_ATTEMPTED,0
PAY_008042,178,BANK_TIMEOUT,TEMPORARY,0,NO_ACTION,STOP,0.0,STOPPED,0.0,NO_RECOVERY_ATTEMPTED,0
PAY_001623,1442,GATEWAY_TIMEOUT,TEMPORARY,0,NO_ACTION,STOP,0.0,STOPPED,0.0,NO_RECOVERY_ATTEMPTED,0
PAY_007142,2852,INSUFFICIENT_FUNDS,CUSTOMER,0,NO_ACTION,STOP,0.0,STOPPED,0.0,NO_RECOVERY_ATTEMPTED,0
PAY_005797,5130,BANK_TIMEOUT,TEMPORARY,0,NO_ACTION,STOP,0.0,STOPPED,0.0,NO_RECOVERY_ATTEMPTED,0
PAY_007185,1291,BANK_TIMEOUT,TEMPORARY,0,NO_ACTION,STOP,0.0,STOPPED,0.0,NO_RECOVERY_ATTEMPTED,0
PAY_008233,4669,NETWORK_ERROR,TEMPORARY,0,NO_ACTION,STOP,0.0,STOPPED,0.0,NO_RECOVERY_ATTEMPTED,0
PAY_005476,1492,UPI_TECHNICAL_ERROR,TEMPORARY,0,NO_ACTION,STOP,0.0,STOPPED,0.0,NO_RECOVERY_ATTEMPTED,0
PAY_009253,120,UPI_TECHNICAL_ERROR,TEMPORARY,0,NO_ACTION,STOP,0.0,STOPPED,0.0,NO_RECOVERY_ATTEMPTED,0
PAY_000075,414,INSUFFICIENT_FUNDS,CUSTOMER,0,NO_ACTION,STOP,0.0,STOPPED,0.0,NO_RECOVERY_ATTEMPTED,0
PAY_008634,147,NETWORK_ERROR,TEMPORARY,0,NO_ACTION,STOP,0.0,STOPPED,0.0,NO_RECOVERY_ATTEMPTED,0
PAY_009230,266,GATEWAY_TIMEOUT,TEMPORARY,0,NO_ACTION,STOP,0.0,STOPPED,0.0,NO_RECOVERY_ATTEMPTED,0
PAY_002052,730,NETWORK_ERROR,TEMPORARY,0,NO_ACTION,STOP,0.0,STOPPED,0.0,NO_RECOVERY_ATTEMPTED,0
PAY_002542,761,UPI_TECHNICAL_ERROR,TEMPORARY,0,NO_ACTION,STOP,0.0,STOPPED,0.0,NO_RECOVERY_ATTEMPTED,0
PAY_001302,99,BANK_TIMEOUT,TEMPORARY,0,NO_ACTION,STOP,0.0,STOPPED,0.0,NO_RECOVERY_ATTEMPTED,0
PAY_005878,413,GATEWAY_TIMEOUT,TEMPORARY,0,NO_ACTION,STOP,0.0,STOPPED,0.0,NO_RECOVERY_ATTEMPTED,0
PAY_007369,647,GATEWAY_TIMEOUT,TEMPORARY,0,NO_ACTION,STOP,0.0,STOPPED,0.0,NO_RECOVERY_ATTEMPTED,0
PAY_001305,2684,GATEWAY_TIMEOUT,TEMPORARY,0,NO_ACTION,STOP,0.0,STOPPED,0.0,NO_RECOVERY_ATTEMPTED,0
PAY_008429,535,INSUFFICIENT_FUNDS,CUSTOMER,0,NO_ACTION,STOP,0.0,STOPPED,0.0,NO_RECOVERY_ATTEMPTED,0
PAY_009095,498,GATEWAY_TIMEOUT,TEMPORARY,0,NO_ACTION,STOP,0.0,STOPPED,0.0,NO_RECOVERY_ATTEMPTED,0
PAY_002600,1530,GATEWAY_TIMEOUT,TEMPORARY,0,NO_ACTION,STOP,0.0,STOPPED,0.0,NO_RECOVERY_ATTEMPTED,0
PAY_002574,331,INSUFFICIENT_FUNDS,CUSTOMER,0,NO_ACTION,STOP,0.0,STOPPED,0.0,NO_RECOVERY_ATTEMPTED,0
PAY_003187,1307,NETWORK_ERROR,TEMPORARY,0,NO_ACTION,STOP,0.0,STOPPED,0.0,NO_RECOVERY_ATTEMPTED,0
PAY_002769,2356,GATEWAY_TIMEOUT,TEMPORARY,0,NO_ACTION,STOP,0.0,STOPPED,0.0,NO_RECOVERY_ATTEMPTED,0
PAY_004832,362,BANK_TIMEOUT,TEMPORARY,0,NO_ACTION,STOP,0.0,STOPPED,0.0,NO_RECOVERY_ATTEMPTED,0
PAY_004224,918,CUSTOMER_DECLINED,HARD,0,NO_ACTION,STOP,0.0,STOPPED,0.0,NO_RECOVERY_ATTEMPTED,0
PAY_009650,829,GATEWAY_TIMEOUT,TEMPORARY,0,NO_ACTION,STOP,0.0,STOPPED,0.0,NO_RECOVERY_ATTEMPTED,0
PAY_002107,754,INSUFFICIENT_FUNDS,CUSTOMER,0,NO_ACTION,STOP,0.0,STOPPED,0.0,NO_RECOVERY_ATTEMPTED,0
PAY_002680,137,BANK_TIMEOUT,TEMPORARY,0,NO_ACTION,STOP,0.0,STOPPED,0.0,NO_RECOVERY_ATTEMPTED,0
PAY_001388,132,LIMIT_EXCEEDED,CUSTOMER,0,NO_ACTION,STOP,0.0,STOPPED,0.0,NO_RECOVERY_ATTEMPTED,0
PAY_008932,336,BANK_TIMEOUT,TEMPORARY,0,NO_ACTION,STOP,0.0,STOPPED,0.0,NO_RECOVERY_ATTEMPTED,0
PAY_009660,2235,UPI_TECHNICAL_ERROR,TEMPORARY,0,NO_ACTION,STOP,0.0,STOPPED,0.0,NO_RECOVERY_ATTEMPTED,0
PAY_007084,1061,GATEWAY_TIMEOUT,TEMPORARY,0,NO_ACTION,STOP,0.0,STOPPED,0.0,NO_RECOVERY_ATTEMPTED,0
PAY_001280,2077,BANK_TIMEOUT,TEMPORARY,0,NO_ACTION,STOP,0.0,STOPPED,0.0,NO_RECOVERY_ATTEMPTED,0
PAY_000805,1117,INSUFFICIENT_FUNDS,CUSTOMER,0,NO_ACTION,STOP,0.0,STOPPED,0.0,NO_RECOVERY_ATTEMPTED,0
PAY_001556,474,BANK_TIMEOUT,TEMPORARY,0,NO_ACTION,STOP,0.0,STOPPED,0.0,NO_RECOVERY_ATTEMPTED,0
PAY_009487,325,UPI_TECHNICAL_ERROR,TEMPORARY,0,NO_ACTION,STOP,0.0,STOPPED,0.0,NO_RECOVERY_ATTEMPTED,0
PAY_004567,4479,LIMIT_EXCEEDED,CUSTOMER,0,NO_ACTION,STOP,0.0,STOPPED,0.0,NO_RECOVERY_ATTEMPTED,0
PAY_009670,619,PAYMENT_EXPIRED,HARD,0,NO_ACTION,STOP,0.0,STOPPED,0.0,NO_RECOVERY_ATTEMPTED,0
PAY_004842,3624,INSUFFICIENT_FUNDS,CUSTOMER,0,NO_ACTION,STOP,0.0,STOPPED,0.0,NO_RECOVERY_ATTEMPTED,0
PAY_003595,529,GATEWAY_TIMEOUT,TEMPORARY,0,NO_ACTION,STOP,0.0,STOPPED,0.0,NO_RECOVERY_ATTEMPTED,0
PAY_006036,1168,BANK_TIMEOUT,TEMPORARY,0,NO_ACTION,STOP,0.0,STOPPED,0.0,NO_RECOVERY_ATTEMPTED,0
PAY_006853,202,INVALID_ACCOUNT,HARD,0,NO_ACTION,STOP,0.0,STOPPED,0.0,NO_RECOVERY_ATTEMPTED,0
PAY_008706,747,BANK_TIMEOUT,TEMPORARY,0,NO_ACTION,STOP,0.0,STOPPED,0.0,NO_RECOVERY_ATTEMPTED,0
PAY_004178,315,GATEWAY_TIMEOUT,TEMPORARY,0,NO_ACTION,STOP,0.0,STOPPED,0.0,NO_RECOVERY_ATTEMPTED,0
PAY_001309,875,INSUFFICIENT_FUNDS,CUSTOMER,0,NO_ACTION,STOP,0.0,STOPPED,0.0,NO_RECOVERY_ATTEMPTED,0
PAY_003453,684,BANK_TIMEOUT,TEMPORARY,0,NO_ACTION,STOP,0.0,STOPPED,0.0,NO_RECOVERY_ATTEMPTED,0
PAY_003696,519,INSUFFICIENT_FUNDS,CUSTOMER,0,NO_ACTION,STOP,0.0,STOPPED,0.0,NO_RECOVERY_ATTEMPTED,0
PAY_004243,2008,BANK_TIMEOUT,TEMPORARY,0,NO_ACTION,STOP,0.0,STOPPED,0.0,NO_RECOVERY_ATTEMPTED,0
PAY_002199,99,UPI_TECHNICAL_ERROR,TEMPORARY,0,NO_ACTION,STOP,0.0,STOPPED,0.0,NO_RECOVERY_ATTEMPTED,0
PAY_004426,1224,BANK_TIMEOUT,TEMPORARY,0,NO_ACTION,STOP,0.0,STOPPED,0.0,NO_RECOVERY_ATTEMPTED,0
PAY_006151,1090,NETWORK_ERROR,TEMPORARY,0,NO_ACTION,STOP,0.0,STOPPED,0.0,NO_RECOVERY_ATTEMPTED,0
PAY_000944,761,BANK_TIMEOUT,TEMPORARY,0,NO_ACTION,STOP,0.0,STOPPED,0.0,NO_RECOVERY_ATTEMPTED,0
PAY_000823,342,GATEWAY_TIMEOUT,TEMPORARY,0,NO_ACTION,STOP,0.0,STOPPED,0.0,NO_RECOVERY_ATTEMPTED,0
PAY_005006,1237,GATEWAY_TIMEOUT,TEMPORARY,0,NO_ACTION,STOP,0.0,STOPPED,0.0,NO_RECOVERY_ATTEMPTED,0
PAY_006613,398,NETWORK_ERROR,TEMPORARY,0,NO_ACTION,STOP,0.0,STOPPED,0.0,NO_RECOVERY_ATTEMPTED,0
PAY_008357,348,GATEWAY_TIMEOUT,TEMPORARY,0,NO_ACTION,STOP,0.0,STOPPED,0.0,NO_RECOVERY_ATTEMPTED,0
PAY_005620,1221,AUTHENTICATION_FAILED,CUSTOMER,0,NO_ACTION,STOP,0.0,STOPPED,0.0,NO_RECOVERY_ATTEMPTED,0
PAY_004548,337,GATEWAY_TIMEOUT,TEMPORARY,0,NO_ACTION,STOP,0.0,STOPPED,0.0,NO_RECOVERY_ATTEMPTED,0
PAY_002539,1458,NETWORK_ERROR,TEMPORARY,0,NO_ACTION,STOP,0.0,STOPPED,0.0,NO_RECOVERY_ATTEMPTED,0
PAY_005208,627,NETWORK_ERROR,TEMPORARY,0,NO_ACTION,STOP,0.0,STOPPED,0.0,NO_RECOVERY_ATTEMPTED,0
PAY_009515,726,CARD_EXPIRED,CUSTOMER,0,NO_ACTION,STOP,0.0,STOPPED,0.0,NO_RECOVERY_ATTEMPTED,0
PAY_009010,399,INSUFFICIENT_FUNDS,CUSTOMER,0,NO_ACTION,STOP,0.0,STOPPED,0.0,NO_RECOVERY_ATTEMPTED,0
PAY_003055,2306,GATEWAY_TIMEOUT,TEMPORARY,0,NO_ACTION,STOP,0.0,STOPPED,0.0,NO_RECOVERY_ATTEMPTED,0
PAY_003676,597,INSUFFICIENT_FUNDS,CUSTOMER,0,NO_ACTION,STOP,0.0,STOPPED,0.0,NO_RECOVERY_ATTEMPTED,0
PAY_007777,404,LIMIT_EXCEEDED,CUSTOMER,0,NO_ACTION,STOP,0.0,STOPPED,0.0,NO_RECOVERY_ATTEMPTED,0
PAY_007219,5391,LIMIT_EXCEEDED,CUSTOMER,0,NO_ACTION,STOP,0.0,STOPPED,0.0,NO_RECOVERY_ATTEMPTED,0
PAY_006723,266,UPI_TECHNICAL_ERROR,TEMPORARY,0,NO_ACTION,STOP,0.0,STOPPED,0.0,NO_RECOVERY_ATTEMPTED,0
PAY_003301,304,AUTHENTICATION_FAILED,CUSTOMER,0,NO_ACTION,STOP,0.0,STOPPED,0.0,NO_RECOVERY_ATTEMPTED,0
PAY_003311,273,UPI_TECHNICAL_ERROR,TEMPORARY,0,NO_ACTION,STOP,0.0,STOPPED,0.0,NO_RECOVERY_ATTEMPTED,0
PAY_007222,161,BANK_TIMEOUT,TEMPORARY,0,NO_ACTION,STOP,0.0,STOPPED,0.0,NO_RECOVERY_ATTEMPTED,0
PAY_008520,122,INSUFFICIENT_FUNDS,CUSTOMER,0,NO_ACTION,STOP,0.0,STOPPED,0.0,NO_RECOVERY_ATTEMPTED,0
PAY_005955,827,BLOCKED_METHOD,HARD,0,NO_ACTION,STOP,0.0,STOPPED,0.0,NO_RECOVERY_ATTEMPTED,0
PAY_000833,2025,INVALID_ACCOUNT,HARD,0,NO_ACTION,STOP,0.0,STOPPED,0.0,NO_RECOVERY_ATTEMPTED,0
PAY_003463,1312,BANK_TIMEOUT,TEMPORARY,0,NO_ACTION,STOP,0.0,STOPPED,0.0,NO_RECOVERY_ATTEMPTED,0
PAY_007644,164,INSUFFICIENT_FUNDS,CUSTOMER,0,NO_ACTION,STOP,0.0,STOPPED,0.0,NO_RECOVERY_ATTEMPTED,0
PAY_000055,99,GATEWAY_TIMEOUT,TEMPORARY,0,NO_ACTION,STOP,0.0,STOPPED,0.0,NO_RECOVERY_ATTEMPTED,0
PAY_003452,570,BANK_TIMEOUT,TEMPORARY,0,NO_ACTION,STOP,0.0,STOPPED,0.0,NO_RECOVERY_ATTEMPTED,0
PAY_006306,771,INSUFFICIENT_FUNDS,CUSTOMER,0,NO_ACTION,STOP,0.0,STOPPED,0.0,NO_RECOVERY_ATTEMPTED,0
PAY_001482,779,BANK_TIMEOUT,TEMPORARY,0,NO_ACTION,STOP,0.0,STOPPED,0.0,NO_RECOVERY_ATTEMPTED,0
PAY_004874,163,AUTHENTICATION_FAILED,CUSTOMER,0,NO_ACTION,STOP,0.0,STOPPED,0.0,NO_RECOVERY_ATTEMPTED,0
PAY_008039,540,GATEWAY_TIMEOUT,TEMPORARY,0,NO_ACTION,STOP,0.0,STOPPED,0.0,NO_RECOVERY_ATTEMPTED,0
PAY_003336,148,NETWORK_ERROR,TEMPORARY,0,NO_ACTION,STOP,0.0,STOPPED,0.0,NO_RECOVERY_ATTEMPTED,0
PAY_006017,9038,LIMIT_EXCEEDED,CUSTOMER,0,NO_ACTION,STOP,0.0,STOPPED,0.0,NO_RECOVERY_ATTEMPTED,0
PAY_004927,438,UPI_TECHNICAL_ERROR,TEMPORARY,0,NO_ACTION,STOP,0.0,STOPPED,0.0,NO_RECOVERY_ATTEMPTED,0
PAY_005798,99,INSUFFICIENT_FUNDS,CUSTOMER,0,NO_ACTION,STOP,0.0,STOPPED,0.0,NO_RECOVERY_ATTEMPTED,0
PAY_009832,282,GATEWAY_TIMEOUT,TEMPORARY,0,NO_ACTION,STOP,0.0,STOPPED,0.0,NO_RECOVERY_ATTEMPTED,0
PAY_005084,388,BANK_TIMEOUT,TEMPORARY,0,NO_ACTION,STOP,0.0,STOPPED,0.0,NO_RECOVERY_ATTEMPTED,0
PAY_006646,1310,GATEWAY_TIMEOUT,TEMPORARY,0,NO_ACTION,STOP,0.0,STOPPED,0.0,NO_RECOVERY_ATTEMPTED,0
PAY_005491,268,NETWORK_ERROR,TEMPORARY,0,NO_ACTION,STOP,0.0,STOPPED,0.0,NO_RECOVERY_ATTEMPTED,0
PAY_000769,249,GATEWAY_TIMEOUT,TEMPORARY,0,NO_ACTION,STOP,0.0,STOPPED,0.0,NO_RECOVERY_ATTEMPTED,0
PAY_002066,597,NETWORK_ERROR,TEMPORARY,0,NO_ACTION,STOP,0.0,STOPPED,0.0,NO_RECOVERY_ATTEMPTED,0
PAY_009501,543,LIMIT_EXCEEDED,CUSTOMER,0,NO_ACTION,STOP,0.0,STOPPED,0.0,NO_RECOVERY_ATTEMPTED,0
PAY_007312,1303,CUSTOMER_DECLINED,HARD,0,NO_ACTION,STOP,0.0,STOPPED,0.0,NO_RECOVERY_ATTEMPTED,0
PAY_008478,2988,BANK_TIMEOUT,TEMPORARY,0,NO_ACTION,STOP,0.0,STOPPED,0.0,NO_RECOVERY_ATTEMPTED,0
PAY_004525,1450,BANK_TIMEOUT,TEMPORARY,0,NO_ACTION,STOP,0.0,STOPPED,0.0,NO_RECOVERY_ATTEMPTED,0
PAY_002718,744,UPI_TECHNICAL_ERROR,TEMPORARY,0,NO_ACTION,STOP,0.0,STOPPED,0.0,NO_RECOVERY_ATTEMPTED,0
PAY_002080,159,BLOCKED_METHOD,HARD,0,NO_ACTION,STOP,0.0,STOPPED,0.0,NO_RECOVERY_ATTEMPTED,0
PAY_008915,536,BANK_TIMEOUT,TEMPORARY,0,NO_ACTION,STOP,0.0,STOPPED,0.0,NO_RECOVERY_ATTEMPTED,0
PAY_000952,1742,GATEWAY_TIMEOUT,TEMPORARY,0,NO_ACTION,STOP,0.0,STOPPED,0.0,NO_RECOVERY_ATTEMPTED,0
PAY_008059,4612,GATEWAY_TIMEOUT,TEMPORARY,0,NO_ACTION,STOP,0.0,STOPPED,0.0,NO_RECOVERY_ATTEMPTED,0
PAY_002483,3625,UPI_TECHNICAL_ERROR,TEMPORARY,0,NO_ACTION,STOP,0.0,STOPPED,0.0,NO_RECOVERY_ATTEMPTED,0
PAY_001760,10272,AUTHENTICATION_FAILED,CUSTOMER,0,NO_ACTION,STOP,0.0,STOPPED,0.0,NO_RECOVERY_ATTEMPTED,0
PAY_004423,745,INSUFFICIENT_FUNDS,CUSTOMER,0,NO_ACTION,STOP,0.0,STOPPED,0.0,NO_RECOVERY_ATTEMPTED,0
PAY_006705,1467,AUTHENTICATION_FAILED,CUSTOMER,0,NO_ACTION,STOP,0.0,STOPPED,0.0,NO_RECOVERY_ATTEMPTED,0
PAY_005183,1232,INSUFFICIENT_FUNDS,CUSTOMER,0,NO_ACTION,STOP,0.0,STOPPED,0.0,NO_RECOVERY_ATTEMPTED,0
PAY_008534,823,BANK_TIMEOUT,TEMPORARY,0,NO_ACTION,STOP,0.0,STOPPED,0.0,NO_RECOVERY_ATTEMPTED,0
PAY_003702,4745,UPI_TECHNICAL_ERROR,TEMPORARY,0,NO_ACTION,STOP,0.0,STOPPED,0.0,NO_RECOVERY_ATTEMPTED,0
PAY_004244,1907,INVALID_ACCOUNT,HARD,0,NO_ACTION,STOP,0.0,STOPPED,0.0,NO_RECOVERY_ATTEMPTED,0
PAY_000689,2191,GATEWAY_TIMEOUT,TEMPORARY,0,NO_ACTION,STOP,0.0,STOPPED,0.0,NO_RECOVERY_ATTEMPTED,0
PAY_003433,1240,BANK_TIMEOUT,TEMPORARY,0,NO_ACTION,STOP,0.0,STOPPED,0.0,NO_RECOVERY_ATTEMPTED,0
PAY_004945,880,INSUFFICIENT_FUNDS,CUSTOMER,0,NO_ACTION,STOP,0.0,STOPPED,0.0,NO_RECOVERY_ATTEMPTED,0
PAY_000967,220,NETWORK_ERROR,TEMPORARY,0,NO_ACTION,STOP,0.0,STOPPED,0.0,NO_RECOVERY_ATTEMPTED,0
PAY_009485,102,BANK_TIMEOUT,TEMPORARY,0,NO_ACTION,STOP,0.0,STOPPED,0.0,NO_RECOVERY_ATTEMPTED,0
PAY_002714,591,BLOCKED_METHOD,HARD,0,NO_ACTION,STOP,0.0,STOPPED,0.0,NO_RECOVERY_ATTEMPTED,0
PAY_004758,626,UPI_TECHNICAL_ERROR,TEMPORARY,0,NO_ACTION,STOP,0.0,STOPPED,0.0,NO_RECOVERY_ATTEMPTED,0
PAY_009546,132,BANK_TIMEOUT,TEMPORARY,0,NO_ACTION,STOP,0.0,STOPPED,0.0,NO_RECOVERY_ATTEMPTED,0
PAY_006321,431,AUTHENTICATION_FAILED,CUSTOMER,0,NO_ACTION,STOP,0.0,STOPPED,0.0,NO_RECOVERY_ATTEMPTED,0
PAY_005976,4801,BLOCKED_METHOD,HARD,0,NO_ACTION,STOP,0.0,STOPPED,0.0,NO_RECOVERY_ATTEMPTED,0
PAY_003573,4540,BANK_TIMEOUT,TEMPORARY,0,NO_ACTION,STOP,0.0,STOPPED,0.0,NO_RECOVERY_ATTEMPTED,0
PAY_005300,798,INSUFFICIENT_FUNDS,CUSTOMER,0,NO_ACTION,STOP,0.0,STOPPED,0.0,NO_RECOVERY_ATTEMPTED,0
PAY_001991,1913,UPI_TECHNICAL_ERROR,TEMPORARY,0,NO_ACTION,STOP,0.0,STOPPED,0.0,NO_RECOVERY_ATTEMPTED,0
PAY_001206,1185,CARD_EXPIRED,CUSTOMER,0,NO_ACTION,STOP,0.0,STOPPED,0.0,NO_RECOVERY_ATTEMPTED,0
PAY_004972,3938,UPI_TECHNICAL_ERROR,TEMPORARY,0,NO_ACTION,STOP,0.0,STOPPED,0.0,NO_RECOVERY_ATTEMPTED,0
PAY_006784,664,BANK_TIMEOUT,TEMPORARY,0,NO_ACTION,STOP,0.0,STOPPED,0.0,NO_RECOVERY_ATTEMPTED,0
PAY_003601,2914,LIMIT_EXCEEDED,CUSTOMER,0,NO_ACTION,STOP,0.0,STOPPED,0.0,NO_RECOVERY_ATTEMPTED,0
PAY_006491,272,INVALID_ACCOUNT,HARD,0,NO_ACTION,STOP,0.0,STOPPED,0.0,NO_RECOVERY_ATTEMPTED,0
PAY_008610,99,LIMIT_EXCEEDED,CUSTOMER,0,NO_ACTION,STOP,0.0,STOPPED,0.0,NO_RECOVERY_ATTEMPTED,0
PAY_009979,3124,INSUFFICIENT_FUNDS,CUSTOMER,0,NO_ACTION,STOP,0.0,STOPPED,0.0,NO_RECOVERY_ATTEMPTED,0
PAY_008071,269,INSUFFICIENT_FUNDS,CUSTOMER,0,NO_ACTION,STOP,0.0,STOPPED,0.0,NO_RECOVERY_ATTEMPTED,0
PAY_008578,511,BANK_TIMEOUT,TEMPORARY,0,NO_ACTION,STOP,0.0,STOPPED,0.0,NO_RECOVERY_ATTEMPTED,0
PAY_007974,509,BANK_TIMEOUT,TEMPORARY,0,NO_ACTION,STOP,0.0,STOPPED,0.0,NO_RECOVERY_ATTEMPTED,0
PAY_001626,635,INSUFFICIENT_FUNDS,CUSTOMER,0,NO_ACTION,STOP,0.0,STOPPED,0.0,NO_RECOVERY_ATTEMPTED,0
PAY_000537,136,GATEWAY_TIMEOUT,TEMPORARY,0,NO_ACTION,STOP,0.0,STOPPED,0.0,NO_RECOVERY_ATTEMPTED,0
PAY_008767,311,NETWORK_ERROR,TEMPORARY,0,NO_ACTION,STOP,0.0,STOPPED,0.0,NO_RECOVERY_ATTEMPTED,0
PAY_007971,1017,CARD_EXPIRED,CUSTOMER,0,NO_ACTION,STOP,0.0,STOPPED,0.0,NO_RECOVERY_ATTEMPTED,0
PAY_004213,416,BLOCKED_METHOD,HARD,0,NO_ACTION,STOP,0.0,STOPPED,0.0,NO_RECOVERY_ATTEMPTED,0
PAY_006457,3879,BANK_TIMEOUT,TEMPORARY,0,NO_ACTION,STOP,0.0,STOPPED,0.0,NO_RECOVERY_ATTEMPTED,0
PAY_003508,99,INSUFFICIENT_FUNDS,CUSTOMER,0,NO_ACTION,STOP,0.0,STOPPED,0.0,NO_RECOVERY_ATTEMPTED,0
PAY_008394,569,INSUFFICIENT_FUNDS,CUSTOMER,0,NO_ACTION,STOP,0.0,STOPPED,0.0,NO_RECOVERY_ATTEMPTED,0
PAY_007113,362,GATEWAY_TIMEOUT,TEMPORARY,0,NO_ACTION,STOP,0.0,STOPPED,0.0,NO_RECOVERY_ATTEMPTED,0
PAY_002709,660,AUTHENTICATION_FAILED,CUSTOMER,0,NO_ACTION,STOP,0.0,STOPPED,0.0,NO_RECOVERY_ATTEMPTED,0
PAY_005032,888,CARD_EXPIRED,CUSTOMER,0,NO_ACTION,STOP,0.0,STOPPED,0.0,NO_RECOVERY_ATTEMPTED,0
PAY_006515,1093,NETWORK_ERROR,TEMPORARY,0,NO_ACTION,STOP,0.0,STOPPED,0.0,NO_RECOVERY_ATTEMPTED,0
PAY_004663,643,BLOCKED_METHOD,HARD,0,NO_ACTION,STOP,0.0,STOPPED,0.0,NO_RECOVERY_ATTEMPTED,0
PAY_004022,743,UPI_TECHNICAL_ERROR,TEMPORARY,0,NO_ACTION,STOP,0.0,STOPPED,0.0,NO_RECOVERY_ATTEMPTED,0
PAY_001855,437,GATEWAY_TIMEOUT,TEMPORARY,0,NO_ACTION,STOP,0.0,STOPPED,0.0,NO_RECOVERY_ATTEMPTED,0
PAY_009426,99,CARD_EXPIRED,CUSTOMER,0,NO_ACTION,STOP,0.0,STOPPED,0.0,NO_RECOVERY_ATTEMPTED,0
PAY_002873,429,GATEWAY_TIMEOUT,TEMPORARY,0,NO_ACTION,STOP,0.0,STOPPED,0.0,NO_RECOVERY_ATTEMPTED,0
PAY_003031,667,BANK_TIMEOUT,TEMPORARY,0,NO_ACTION,STOP,0.0,STOPPED,0.0,NO_RECOVERY_ATTEMPTED,0
PAY_001646,3231,INSUFFICIENT_FUNDS,CUSTOMER,0,NO_ACTION,STOP,0.0,STOPPED,0.0,NO_RECOVERY_ATTEMPTED,0
PAY_003418,2737,GATEWAY_TIMEOUT,TEMPORARY,0,NO_ACTION,STOP,0.0,STOPPED,0.0,NO_RECOVERY_ATTEMPTED,0
PAY_003477,146,UPI_TECHNICAL_ERROR,TEMPORARY,0,NO_ACTION,STOP,0.0,STOPPED,0.0,NO_RECOVERY_ATTEMPTED,0
PAY_009553,255,AUTHENTICATION_FAILED,CUSTOMER,0,NO_ACTION,STOP,0.0,STOPPED,0.0,NO_RECOVERY_ATTEMPTED,0
PAY_001793,11182,BANK_TIMEOUT,TEMPORARY,0,NO_ACTION,STOP,0.0,STOPPED,0.0,NO_RECOVERY_ATTEMPTED,0
PAY_003798,99,GATEWAY_TIMEOUT,TEMPORARY,0,NO_ACTION,STOP,0.0,STOPPED,0.0,NO_RECOVERY_ATTEMPTED,0
PAY_003369,309,CARD_EXPIRED,CUSTOMER,0,NO_ACTION,STOP,0.0,STOPPED,0.0,NO_RECOVERY_ATTEMPTED,0
PAY_007197,419,UPI_TECHNICAL_ERROR,TEMPORARY,0,NO_ACTION,STOP,0.0,STOPPED,0.0,NO_RECOVERY_ATTEMPTED,0
PAY_009642,794,BLOCKED_METHOD,HARD,0,NO_ACTION,STOP,0.0,STOPPED,0.0,NO_RECOVERY_ATTEMPTED,0
PAY_005110,236,INSUFFICIENT_FUNDS,CUSTOMER,0,NO_ACTION,STOP,0.0,STOPPED,0.0,NO_RECOVERY_ATTEMPTED,0
PAY_006025,139,CARD_EXPIRED,CUSTOMER,0,NO_ACTION,STOP,0.0,STOPPED,0.0,NO_RECOVERY_ATTEMPTED,0
PAY_008796,188,PAYMENT_EXPIRED,HARD,0,NO_ACTION,STOP,0.0,STOPPED,0.0,NO_RECOVERY_ATTEMPTED,0
PAY_009295,743,CARD_EXPIRED,CUSTOMER,0,NO_ACTION,STOP,0.0,STOPPED,0.0,NO_RECOVERY_ATTEMPTED,0
PAY_000127,2379,INSUFFICIENT_FUNDS,CUSTOMER,0,NO_ACTION,STOP,0.0,STOPPED,0.0,NO_RECOVERY_ATTEMPTED,0
PAY_005960,759,GATEWAY_TIMEOUT,TEMPORARY,0,NO_ACTION,STOP,0.0,STOPPED,0.0,NO_RECOVERY_ATTEMPTED,0
PAY_003877,390,NETWORK_ERROR,TEMPORARY,0,NO_ACTION,STOP,0.0,STOPPED,0.0,NO_RECOVERY_ATTEMPTED,0
PAY_004452,775,UPI_TECHNICAL_ERROR,TEMPORARY,0,NO_ACTION,STOP,0.0,STOPPED,0.0,NO_RECOVERY_ATTEMPTED,0
PAY_007148,4610,INSUFFICIENT_FUNDS,CUSTOMER,0,NO_ACTION,STOP,0.0,STOPPED,0.0,NO_RECOVERY_ATTEMPTED,0
PAY_003532,2256,NETWORK_ERROR,TEMPORARY,0,NO_ACTION,STOP,0.0,STOPPED,0.0,NO_RECOVERY_ATTEMPTED,0
PAY_000828,908,INVALID_ACCOUNT,HARD,0,NO_ACTION,STOP,0.0,STOPPED,0.0,NO_RECOVERY_ATTEMPTED,0
PAY_007791,2013,GATEWAY_TIMEOUT,TEMPORARY,0,NO_ACTION,STOP,0.0,STOPPED,0.0,NO_RECOVERY_ATTEMPTED,0
PAY_000985,1020,CARD_EXPIRED,CUSTOMER,0,NO_ACTION,STOP,0.0,STOPPED,0.0,NO_RECOVERY_ATTEMPTED,0
PAY_007784,394,BANK_TIMEOUT,TEMPORARY,0,NO_ACTION,STOP,0.0,STOPPED,0.0,NO_RECOVERY_ATTEMPTED,0
PAY_002444,521,CUSTOMER_DECLINED,HARD,0,NO_ACTION,STOP,0.0,STOPPED,0.0,NO_RECOVERY_ATTEMPTED,0
PAY_008555,2469,UPI_TECHNICAL_ERROR,TEMPORARY,0,NO_ACTION,STOP,0.0,STOPPED,0.0,NO_RECOVERY_ATTEMPTED,0
PAY_000346,3415,AUTHENTICATION_FAILED,CUSTOMER,0,NO_ACTION,STOP,0.0,STOPPED,0.0,NO_RECOVERY_ATTEMPTED,0
PAY_000815,433,LIMIT_EXCEEDED,CUSTOMER,0,NO_ACTION,STOP,0.0,STOPPED,0.0,NO_RECOVERY_ATTEMPTED,0
PAY_006167,1529,AUTHENTICATION_FAILED,CUSTOMER,0,NO_ACTION,STOP,0.0,STOPPED,0.0,NO_RECOVERY_ATTEMPTED,0
PAY_005780,2284,GATEWAY_TIMEOUT,TEMPORARY,0,NO_ACTION,STOP,0.0,STOPPED,0.0,NO_RECOVERY_ATTEMPTED,0
PAY_002117,660,GATEWAY_TIMEOUT,TEMPORARY,0,NO_ACTION,STOP,0.0,STOPPED,0.0,NO_RECOVERY_ATTEMPTED,0
PAY_000794,142,NETWORK_ERROR,TEMPORARY,0,NO_ACTION,STOP,0.0,STOPPED,0.0,NO_RECOVERY_ATTEMPTED,0
PAY_006899,1380,INSUFFICIENT_FUNDS,CUSTOMER,0,NO_ACTION,STOP,0.0,STOPPED,0.0,NO_RECOVERY_ATTEMPTED,0
PAY_002675,209,BANK_TIMEOUT,TEMPORARY,0,NO_ACTION,STOP,0.0,STOPPED,0.0,NO_RECOVERY_ATTEMPTED,0
PAY_000095,2197,LIMIT_EXCEEDED,CUSTOMER,0,NO_ACTION,STOP,0.0,STOPPED,0.0,NO_RECOVERY_ATTEMPTED,0
PAY_004226,1130,BANK_TIMEOUT,TEMPORARY,0,NO_ACTION,STOP,0.0,STOPPED,0.0,NO_RECOVERY_ATTEMPTED,0
PAY_003757,1582,AUTHENTICATION_FAILED,CUSTOMER,0,NO_ACTION,STOP,0.0,STOPPED,0.0,NO_RECOVERY_ATTEMPTED,0
PAY_002892,716,BANK_TIMEOUT,TEMPORARY,0,NO_ACTION,STOP,0.0,STOPPED,0.0,NO_RECOVERY_ATTEMPTED,0
PAY_002372,259,NETWORK_ERROR,TEMPORARY,0,NO_ACTION,STOP,0.0,STOPPED,0.0,NO_RECOVERY_ATTEMPTED,0
PAY_009389,243,INVALID_ACCOUNT,HARD,0,NO_ACTION,STOP,0.0,STOPPED,0.0,NO_RECOVERY_ATTEMPTED,0
PAY_003229,1217,UPI_TECHNICAL_ERROR,TEMPORARY,0,NO_ACTION,STOP,0.0,STOPPED,0.0,NO_RECOVERY_ATTEMPTED,0
PAY_007864,612,NETWORK_ERROR,TEMPORARY,0,NO_ACTION,STOP,0.0,STOPPED,0.0,NO_RECOVERY_ATTEMPTED,0
PAY_006360,908,BANK_TIMEOUT,TEMPORARY,0,NO_ACTION,STOP,0.0,STOPPED,0.0,NO_RECOVERY_ATTEMPTED,0
PAY_009197,201,INSUFFICIENT_FUNDS,CUSTOMER,0,NO_ACTION,STOP,0.0,STOPPED,0.0,NO_RECOVERY_ATTEMPTED,0
PAY_007327,2830,LIMIT_EXCEEDED,CUSTOMER,0,NO_ACTION,STOP,0.0,STOPPED,0.0,NO_RECOVERY_ATTEMPTED,0
PAY_006029,246,NETWORK_ERROR,TEMPORARY,0,NO_ACTION,STOP,0.0,STOPPED,0.0,NO_RECOVERY_ATTEMPTED,0
PAY_001866,291,AUTHENTICATION_FAILED,CUSTOMER,0,NO_ACTION,STOP,0.0,STOPPED,0.0,NO_RECOVERY_ATTEMPTED,0
PAY_004613,99,BANK_TIMEOUT,TEMPORARY,0,NO_ACTION,STOP,0.0,STOPPED,0.0,NO_RECOVERY_ATTEMPTED,0
PAY_002646,428,UPI_TECHNICAL_ERROR,TEMPORARY,0,NO_ACTION,STOP,0.0,STOPPED,0.0,NO_RECOVERY_ATTEMPTED,0
PAY_002244,615,NETWORK_ERROR,TEMPORARY,0,NO_ACTION,STOP,0.0,STOPPED,0.0,NO_RECOVERY_ATTEMPTED,0
PAY_005374,422,CARD_EXPIRED,CUSTOMER,0,NO_ACTION,STOP,0.0,STOPPED,0.0,NO_RECOVERY_ATTEMPTED,0
PAY_002337,943,BANK_TIMEOUT,TEMPORARY,0,NO_ACTION,STOP,0.0,STOPPED,0.0,NO_RECOVERY_ATTEMPTED,0
PAY_000951,860,NETWORK_ERROR,TEMPORARY,0,NO_ACTION,STOP,0.0,STOPPED,0.0,NO_RECOVERY_ATTEMPTED,0
PAY_001121,2292,GATEWAY_TIMEOUT,TEMPORARY,0,NO_ACTION,STOP,0.0,STOPPED,0.0,NO_RECOVERY_ATTEMPTED,0
PAY_002205,99,INSUFFICIENT_FUNDS,CUSTOMER,0,NO_ACTION,STOP,0.0,STOPPED,0.0,NO_RECOVERY_ATTEMPTED,0
PAY_000420,1124,UPI_TECHNICAL_ERROR,TEMPORARY,0,NO_ACTION,STOP,0.0,STOPPED,0.0,NO_RECOVERY_ATTEMPTED,0
PAY_000923,1193,BLOCKED_METHOD,HARD,0,NO_ACTION,STOP,0.0,STOPPED,0.0,NO_RECOVERY_ATTEMPTED,0
PAY_008670,267,LIMIT_EXCEEDED,CUSTOMER,0,NO_ACTION,STOP,0.0,STOPPED,0.0,NO_RECOVERY_ATTEMPTED,0
PAY_005409,8575,INSUFFICIENT_FUNDS,CUSTOMER,0,NO_ACTION,STOP,0.0,STOPPED,0.0,NO_RECOVERY_ATTEMPTED,0
PAY_005789,1484,INSUFFICIENT_FUNDS,CUSTOMER,0,NO_ACTION,STOP,0.0,STOPPED,0.0,NO_RECOVERY_ATTEMPTED,0
PAY_005743,1346,BANK_TIMEOUT,TEMPORARY,0,NO_ACTION,STOP,0.0,STOPPED,0.0,NO_RECOVERY_ATTEMPTED,0
PAY_007668,550,BLOCKED_METHOD,HARD,0,NO_ACTION,STOP,0.0,STOPPED,0.0,NO_RECOVERY_ATTEMPTED,0
PAY_005568,889,LIMIT_EXCEEDED,CUSTOMER,0,NO_ACTION,STOP,0.0,STOPPED,0.0,NO_RECOVERY_ATTEMPTED,0
PAY_008136,819,UPI_TECHNICAL_ERROR,TEMPORARY,0,NO_ACTION,STOP,0.0,STOPPED,0.0,NO_RECOVERY_ATTEMPTED,0
PAY_001203,361,NETWORK_ERROR,TEMPORARY,0,NO_ACTION,STOP,0.0,STOPPED,0.0,NO_RECOVERY_ATTEMPTED,0
PAY_005766,1222,BANK_TIMEOUT,TEMPORARY,0,NO_ACTION,STOP,0.0,STOPPED,0.0,NO_RECOVERY_ATTEMPTED,0
PAY_008390,677,INSUFFICIENT_FUNDS,CUSTOMER,0,NO_ACTION,STOP,0.0,STOPPED,0.0,NO_RECOVERY_ATTEMPTED,0
PAY_001971,365,AUTHENTICATION_FAILED,CUSTOMER,0,NO_ACTION,STOP,0.0,STOPPED,0.0,NO_RECOVERY_ATTEMPTED,0
PAY_004019,1241,BANK_TIMEOUT,TEMPORARY,0,NO_ACTION,STOP,0.0,STOPPED,0.0,NO_RECOVERY_ATTEMPTED,0
PAY_003688,327,NETWORK_ERROR,TEMPORARY,0,NO_ACTION,STOP,0.0,STOPPED,0.0,NO_RECOVERY_ATTEMPTED,0
PAY_001998,854,LIMIT_EXCEEDED,CUSTOMER,0,NO_ACTION,STOP,0.0,STOPPED,0.0,NO_RECOVERY_ATTEMPTED,0
PAY_004034,542,NETWORK_ERROR,TEMPORARY,0,NO_ACTION,STOP,0.0,STOPPED,0.0,NO_RECOVERY_ATTEMPTED,0
PAY_001249,382,INSUFFICIENT_FUNDS,CUSTOMER,0,NO_ACTION,STOP,0.0,STOPPED,0.0,NO_RECOVERY_ATTEMPTED,0
PAY_002193,193,BANK_TIMEOUT,TEMPORARY,0,NO_ACTION,STOP,0.0,STOPPED,0.0,NO_RECOVERY_ATTEMPTED,0
PAY_002713,1917,CUSTOMER_DECLINED,HARD,0,NO_ACTION,STOP,0.0,STOPPED,0.0,NO_RECOVERY_ATTEMPTED,0
PAY_002191,617,BANK_TIMEOUT,TEMPORARY,0,NO_ACTION,STOP,0.0,STOPPED,0.0,NO_RECOVERY_ATTEMPTED,0
PAY_004671,904,INSUFFICIENT_FUNDS,CUSTOMER,0,NO_ACTION,STOP,0.0,STOPPED,0.0,NO_RECOVERY_ATTEMPTED,0
PAY_005143,1067,INSUFFICIENT_FUNDS,CUSTOMER,0,NO_ACTION,STOP,0.0,STOPPED,0.0,NO_RECOVERY_ATTEMPTED,0
PAY_005985,527,BLOCKED_METHOD,HARD,0,NO_ACTION,STOP,0.0,STOPPED,0.0,NO_RECOVERY_ATTEMPTED,0
PAY_006566,1171,NETWORK_ERROR,TEMPORARY,0,NO_ACTION,STOP,0.0,STOPPED,0.0,NO_RECOVERY_ATTEMPTED,0
PAY_007805,628,GATEWAY_TIMEOUT,TEMPORARY,0,NO_ACTION,STOP,0.0,STOPPED,0.0,NO_RECOVERY_ATTEMPTED,0
PAY_006944,762,BLOCKED_METHOD,HARD,0,NO_ACTION,STOP,0.0,STOPPED,0.0,NO_RECOVERY_ATTEMPTED,0
PAY_002137,1673,UPI_TECHNICAL_ERROR,TEMPORARY,0,NO_ACTION,STOP,0.0,STOPPED,0.0,NO_RECOVERY_ATTEMPTED,0
PAY_001066,9043,UPI_TECHNICAL_ERROR,TEMPORARY,0,NO_ACTION,STOP,0.0,STOPPED,0.0,NO_RECOVERY_ATTEMPTED,0
PAY_000601,116,AUTHENTICATION_FAILED,CUSTOMER,0,NO_ACTION,STOP,0.0,STOPPED,0.0,NO_RECOVERY_ATTEMPTED,0
PAY_004228,206,GATEWAY_TIMEOUT,TEMPORARY,0,NO_ACTION,STOP,0.0,STOPPED,0.0,NO_RECOVERY_ATTEMPTED,0
PAY_007578,473,CARD_EXPIRED,CUSTOMER,0,NO_ACTION,STOP,0.0,STOPPED,0.0,NO_RECOVERY_ATTEMPTED,0
PAY_000078,99,NETWORK_ERROR,TEMPORARY,0,NO_ACTION,STOP,0.0,STOPPED,0.0,NO_RECOVERY_ATTEMPTED,0
PAY_007547,131,UPI_TECHNICAL_ERROR,TEMPORARY,0,NO_ACTION,STOP,0.0,STOPPED,0.0,NO_RECOVERY_ATTEMPTED,0
PAY_002899,713,INSUFFICIENT_FUNDS,CUSTOMER,0,NO_ACTION,STOP,0.0,STOPPED,0.0,NO_RECOVERY_ATTEMPTED,0
PAY_004821,6240,BANK_TIMEOUT,TEMPORARY,0,NO_ACTION,STOP,0.0,STOPPED,0.0,NO_RECOVERY_ATTEMPTED,0
PAY_009303,2695,INVALID_ACCOUNT,HARD,0,NO_ACTION,STOP,0.0,STOPPED,0.0,NO_RECOVERY_ATTEMPTED,0
PAY_006414,440,GATEWAY_TIMEOUT,TEMPORARY,0,NO_ACTION,STOP,0.0,STOPPED,0.0,NO_RECOVERY_ATTEMPTED,0
PAY_009065,1578,BANK_TIMEOUT,TEMPORARY,0,NO_ACTION,STOP,0.0,STOPPED,0.0,NO_RECOVERY_ATTEMPTED,0
PAY_008008,188,CUSTOMER_DECLINED,HARD,0,NO_ACTION,STOP,0.0,STOPPED,0.0,NO_RECOVERY_ATTEMPTED,0
PAY_005469,326,INSUFFICIENT_FUNDS,CUSTOMER,0,NO_ACTION,STOP,0.0,STOPPED,0.0,NO_RECOVERY_ATTEMPTED,0
PAY_005952,99,NETWORK_ERROR,TEMPORARY,0,NO_ACTION,STOP,0.0,STOPPED,0.0,NO_RECOVERY_ATTEMPTED,0
PAY_003392,398,BANK_TIMEOUT,TEMPORARY,0,NO_ACTION,STOP,0.0,STOPPED,0.0,NO_RECOVERY_ATTEMPTED,0
PAY_005416,1334,UPI_TECHNICAL_ERROR,TEMPORARY,0,NO_ACTION,STOP,0.0,STOPPED,0.0,NO_RECOVERY_ATTEMPTED,0
PAY_002561,1618,NETWORK_ERROR,TEMPORARY,0,NO_ACTION,STOP,0.0,STOPPED,0.0,NO_RECOVERY_ATTEMPTED,0
PAY_008163,757,BANK_TIMEOUT,TEMPORARY,0,NO_ACTION,STOP,0.0,STOPPED,0.0,NO_RECOVERY_ATTEMPTED,0
PAY_002636,8906,INSUFFICIENT_FUNDS,CUSTOMER,0,NO_ACTION,STOP,0.0,STOPPED,0.0,NO_RECOVERY_ATTEMPTED,0
PAY_005257,1188,AUTHENTICATION_FAILED,CUSTOMER,0,NO_ACTION,STOP,0.0,STOPPED,0.0,NO_RECOVERY_ATTEMPTED,0
PAY_003531,613,CARD_EXPIRED,CUSTOMER,0,NO_ACTION,STOP,0.0,STOPPED,0.0,NO_RECOVERY_ATTEMPTED,0
PAY_008568,2088,LIMIT_EXCEEDED,CUSTOMER,0,NO_ACTION,STOP,0.0,STOPPED,0.0,NO_RECOVERY_ATTEMPTED,0
PAY_001909,1485,NETWORK_ERROR,TEMPORARY,0,NO_ACTION,STOP,0.0,STOPPED,0.0,NO_RECOVERY_ATTEMPTED,0
PAY_000236,1184,GATEWAY_TIMEOUT,TEMPORARY,0,NO_ACTION,STOP,0.0,STOPPED,0.0,NO_RECOVERY_ATTEMPTED,0
PAY_001605,185,INSUFFICIENT_FUNDS,CUSTOMER,0,NO_ACTION,STOP,0.0,STOPPED,0.0,NO_RECOVERY_ATTEMPTED,0
PAY_007985,1914,GATEWAY_TIMEOUT,TEMPORARY,0,NO_ACTION,STOP,0.0,STOPPED,0.0,NO_RECOVERY_ATTEMPTED,0
PAY_003491,200,INVALID_ACCOUNT,HARD,0,NO_ACTION,STOP,0.0,STOPPED,0.0,NO_RECOVERY_ATTEMPTED,0
PAY_001995,10277,INSUFFICIENT_FUNDS,CUSTOMER,0,NO_ACTION,STOP,0.0,STOPPED,0.0,NO_RECOVERY_ATTEMPTED,0
PAY_002825,179,BANK_TIMEOUT,TEMPORARY,0,NO_ACTION,STOP,0.0,STOPPED,0.0,NO_RECOVERY_ATTEMPTED,0
PAY_009286,383,NETWORK_ERROR,TEMPORARY,0,NO_ACTION,STOP,0.0,STOPPED,0.0,NO_RECOVERY_ATTEMPTED,0
PAY_001343,165,GATEWAY_TIMEOUT,TEMPORARY,0,NO_ACTION,STOP,0.0,STOPPED,0.0,NO_RECOVERY_ATTEMPTED,0
PAY_008513,99,BANK_TIMEOUT,TEMPORARY,0,NO_ACTION,STOP,0.0,STOPPED,0.0,NO_RECOVERY_ATTEMPTED,0
PAY_001620,1556,BLOCKED_METHOD,HARD,0,NO_ACTION,STOP,0.0,STOPPED,0.0,NO_RECOVERY_ATTEMPTED,0
PAY_005288,829,GATEWAY_TIMEOUT,TEMPORARY,0,NO_ACTION,STOP,0.0,STOPPED,0.0,NO_RECOVERY_ATTEMPTED,0
PAY_002061,188,CARD_EXPIRED,CUSTOMER,0,NO_ACTION,STOP,0.0,STOPPED,0.0,NO_RECOVERY_ATTEMPTED,0
PAY_009956,1851,GATEWAY_TIMEOUT,TEMPORARY,0,NO_ACTION,STOP,0.0,STOPPED,0.0,NO_RECOVERY_ATTEMPTED,0
PAY_002220,1185,GATEWAY_TIMEOUT,TEMPORARY,0,NO_ACTION,STOP,0.0,STOPPED,0.0,NO_RECOVERY_ATTEMPTED,0
PAY_006039,290,BANK_TIMEOUT,TEMPORARY,0,NO_ACTION,STOP,0.0,STOPPED,0.0,NO_RECOVERY_ATTEMPTED,0
PAY_000261,128,GATEWAY_TIMEOUT,TEMPORARY,0,NO_ACTION,STOP,0.0,STOPPED,0.0,NO_RECOVERY_ATTEMPTED,0
PAY_009366,170,INSUFFICIENT_FUNDS,CUSTOMER,0,NO_ACTION,STOP,0.0,STOPPED,0.0,NO_RECOVERY_ATTEMPTED,0
PAY_009094,104,NETWORK_ERROR,TEMPORARY,0,NO_ACTION,STOP,0.0,STOPPED,0.0,NO_RECOVERY_ATTEMPTED,0
PAY_003745,434,NETWORK_ERROR,TEMPORARY,0,NO_ACTION,STOP,0.0,STOPPED,0.0,NO_RECOVERY_ATTEMPTED,0
PAY_002027,314,AUTHENTICATION_FAILED,CUSTOMER,0,NO_ACTION,STOP,0.0,STOPPED,0.0,NO_RECOVERY_ATTEMPTED,0
PAY_006989,99,BLOCKED_METHOD,HARD,0,NO_ACTION,STOP,0.0,STOPPED,0.0,NO_RECOVERY_ATTEMPTED,0
PAY_004235,373,INSUFFICIENT_FUNDS,CUSTOMER,0,NO_ACTION,STOP,0.0,STOPPED,0.0,NO_RECOVERY_ATTEMPTED,0
PAY_001918,970,AUTHENTICATION_FAILED,CUSTOMER,0,NO_ACTION,STOP,0.0,STOPPED,0.0,NO_RECOVERY_ATTEMPTED,0
PAY_001829,988,INVALID_ACCOUNT,HARD,0,NO_ACTION,STOP,0.0,STOPPED,0.0,NO_RECOVERY_ATTEMPTED,0
PAY_006234,99,BANK_TIMEOUT,TEMPORARY,0,NO_ACTION,STOP,0.0,STOPPED,0.0,NO_RECOVERY_ATTEMPTED,0
PAY_009333,1701,INSUFFICIENT_FUNDS,CUSTOMER,0,NO_ACTION,STOP,0.0,STOPPED,0.0,NO_RECOVERY_ATTEMPTED,0
PAY_006284,365,GATEWAY_TIMEOUT,TEMPORARY,0,NO_ACTION,STOP,0.0,STOPPED,0.0,NO_RECOVERY_ATTEMPTED,0
PAY_004209,1073,LIMIT_EXCEEDED,CUSTOMER,0,NO_ACTION,STOP,0.0,STOPPED,0.0,NO_RECOVERY_ATTEMPTED,0
PAY_000225,3712,NETWORK_ERROR,TEMPORARY,0,NO_ACTION,STOP,0.0,STOPPED,0.0,NO_RECOVERY_ATTEMPTED,0
PAY_008916,767,UPI_TECHNICAL_ERROR,TEMPORARY,0,NO_ACTION,STOP,0.0,STOPPED,0.0,NO_RECOVERY_ATTEMPTED,0
PAY_006470,371,INSUFFICIENT_FUNDS,CUSTOMER,0,NO_ACTION,STOP,0.0,STOPPED,0.0,NO_RECOVERY_ATTEMPTED,0
PAY_009414,1489,BLOCKED_METHOD,HARD,0,NO_ACTION,STOP,0.0,STOPPED,0.0,NO_RECOVERY_ATTEMPTED,0
PAY_000847,2787,CARD_EXPIRED,CUSTOMER,0,NO_ACTION,STOP,0.0,STOPPED,0.0,NO_RECOVERY_ATTEMPTED,0
PAY_004290,1562,LIMIT_EXCEEDED,CUSTOMER,0,NO_ACTION,STOP,0.0,STOPPED,0.0,NO_RECOVERY_ATTEMPTED,0
PAY_005561,486,CARD_EXPIRED,CUSTOMER,0,NO_ACTION,STOP,0.0,STOPPED,0.0,NO_RECOVERY_ATTEMPTED,0
PAY_002552,237,NETWORK_ERROR,TEMPORARY,0,NO_ACTION,STOP,0.0,STOPPED,0.0,NO_RECOVERY_ATTEMPTED,0
PAY_000118,1901,INSUFFICIENT_FUNDS,CUSTOMER,0,NO_ACTION,STOP,0.0,STOPPED,0.0,NO_RECOVERY_ATTEMPTED,0
PAY_008838,427,BANK_TIMEOUT,TEMPORARY,0,NO_ACTION,STOP,0.0,STOPPED,0.0,NO_RECOVERY_ATTEMPTED,0
PAY_005967,782,NETWORK_ERROR,TEMPORARY,0,NO_ACTION,STOP,0.0,STOPPED,0.0,NO_RECOVERY_ATTEMPTED,0
PAY_008196,274,INSUFFICIENT_FUNDS,CUSTOMER,0,NO_ACTION,STOP,0.0,STOPPED,0.0,NO_RECOVERY_ATTEMPTED,0
PAY_008660,538,NETWORK_ERROR,TEMPORARY,0,NO_ACTION,STOP,0.0,STOPPED,0.0,NO_RECOVERY_ATTEMPTED,0
PAY_007490,1130,LIMIT_EXCEEDED,CUSTOMER,0,NO_ACTION,STOP,0.0,STOPPED,0.0,NO_RECOVERY_ATTEMPTED,0
PAY_000006,406,INSUFFICIENT_FUNDS,CUSTOMER,0,NO_ACTION,STOP,0.0,STOPPED,0.0,NO_RECOVERY_ATTEMPTED,0
PAY_005343,985,PAYMENT_EXPIRED,HARD,0,NO_ACTION,STOP,0.0,STOPPED,0.0,NO_RECOVERY_ATTEMPTED,0
PAY_009112,248,GATEWAY_TIMEOUT,TEMPORARY,0,NO_ACTION,STOP,0.0,STOPPED,0.0,NO_RECOVERY_ATTEMPTED,0
PAY_004325,2046,INSUFFICIENT_FUNDS,CUSTOMER,0,NO_ACTION,STOP,0.0,STOPPED,0.0,NO_RECOVERY_ATTEMPTED,0
PAY_001064,16187,UPI_TECHNICAL_ERROR,TEMPORARY,0,NO_ACTION,STOP,0.0,STOPPED,0.0,NO_RECOVERY_ATTEMPTED,0
PAY_002591,2093,PAYMENT_EXPIRED,HARD,0,NO_ACTION,STOP,0.0,STOPPED,0.0,NO_RECOVERY_ATTEMPTED,0
PAY_008435,383,NETWORK_ERROR,TEMPORARY,0,NO_ACTION,STOP,0.0,STOPPED,0.0,NO_RECOVERY_ATTEMPTED,0
PAY_003736,215,NETWORK_ERROR,TEMPORARY,0,NO_ACTION,STOP,0.0,STOPPED,0.0,NO_RECOVERY_ATTEMPTED,0
PAY_003518,1128,CUSTOMER_DECLINED,HARD,0,NO_ACTION,STOP,0.0,STOPPED,0.0,NO_RECOVERY_ATTEMPTED,0
PAY_006987,99,AUTHENTICATION_FAILED,CUSTOMER,0,NO_ACTION,STOP,0.0,STOPPED,0.0,NO_RECOVERY_ATTEMPTED,0
PAY_006768,1633,UPI_TECHNICAL_ERROR,TEMPORARY,0,NO_ACTION,STOP,0.0,STOPPED,0.0,NO_RECOVERY_ATTEMPTED,0
PAY_005623,1350,BANK_TIMEOUT,TEMPORARY,0,NO_ACTION,STOP,0.0,STOPPED,0.0,NO_RECOVERY_ATTEMPTED,0
PAY_001606,672,BANK_TIMEOUT,TEMPORARY,0,NO_ACTION,STOP,0.0,STOPPED,0.0,NO_RECOVERY_ATTEMPTED,0
PAY_001734,235,CARD_EXPIRED,CUSTOMER,0,NO_ACTION,STOP,0.0,STOPPED,0.0,NO_RECOVERY_ATTEMPTED,0
PAY_009342,1838,INSUFFICIENT_FUNDS,CUSTOMER,0,NO_ACTION,STOP,0.0,STOPPED,0.0,NO_RECOVERY_ATTEMPTED,0
PAY_003813,118,UPI_TECHNICAL_ERROR,TEMPORARY,0,NO_ACTION,STOP,0.0,STOPPED,0.0,NO_RECOVERY_ATTEMPTED,0
PAY_009625,4048,UPI_TECHNICAL_ERROR,TEMPORARY,0,NO_ACTION,STOP,0.0,STOPPED,0.0,NO_RECOVERY_ATTEMPTED,0
PAY_001762,1507,INSUFFICIENT_FUNDS,CUSTOMER,0,NO_ACTION,STOP,0.0,STOPPED,0.0,NO_RECOVERY_ATTEMPTED,0
PAY_005402,1161,CARD_EXPIRED,CUSTOMER,0,NO_ACTION,STOP,0.0,STOPPED,0.0,NO_RECOVERY_ATTEMPTED,0
PAY_002740,982,CARD_EXPIRED,CUSTOMER,0,NO_ACTION,STOP,0.0,STOPPED,0.0,NO_RECOVERY_ATTEMPTED,0
PAY_002473,312,BANK_TIMEOUT,TEMPORARY,0,NO_ACTION,STOP,0.0,STOPPED,0.0,NO_RECOVERY_ATTEMPTED,0
PAY_006739,528,NETWORK_ERROR,TEMPORARY,0,NO_ACTION,STOP,0.0,STOPPED,0.0,NO_RECOVERY_ATTEMPTED,0
PAY_006892,1926,UPI_TECHNICAL_ERROR,TEMPORARY,0,NO_ACTION,STOP,0.0,STOPPED,0.0,NO_RECOVERY_ATTEMPTED,0
PAY_007944,2142,NETWORK_ERROR,TEMPORARY,0,NO_ACTION,STOP,0.0,STOPPED,0.0,NO_RECOVERY_ATTEMPTED,0
PAY_004207,3600,INSUFFICIENT_FUNDS,CUSTOMER,0,NO_ACTION,STOP,0.0,STOPPED,0.0,NO_RECOVERY_ATTEMPTED,0
PAY_006372,502,BLOCKED_METHOD,HARD,0,NO_ACTION,STOP,0.0,STOPPED,0.0,NO_RECOVERY_ATTEMPTED,0
PAY_000233,465,GATEWAY_TIMEOUT,TEMPORARY,0,NO_ACTION,STOP,0.0,STOPPED,0.0,NO_RECOVERY_ATTEMPTED,0
PAY_008259,1862,INSUFFICIENT_FUNDS,CUSTOMER,0,NO_ACTION,STOP,0.0,STOPPED,0.0,NO_RECOVERY_ATTEMPTED,0
PAY_007562,548,BANK_TIMEOUT,TEMPORARY,0,NO_ACTION,STOP,0.0,STOPPED,0.0,NO_RECOVERY_ATTEMPTED,0
PAY_006169,4825,NETWORK_ERROR,TEMPORARY,0,NO_ACTION,STOP,0.0,STOPPED,0.0,NO_RECOVERY_ATTEMPTED,0
PAY_003597,402,BANK_TIMEOUT,TEMPORARY,0,NO_ACTION,STOP,0.0,STOPPED,0.0,NO_RECOVERY_ATTEMPTED,0
PAY_006289,2309,GATEWAY_TIMEOUT,TEMPORARY,0,NO_ACTION,STOP,0.0,STOPPED,0.0,NO_RECOVERY_ATTEMPTED,0
PAY_004633,146,BANK_TIMEOUT,TEMPORARY,0,NO_ACTION,STOP,0.0,STOPPED,0.0,NO_RECOVERY_ATTEMPTED,0
PAY_000126,747,LIMIT_EXCEEDED,CUSTOMER,0,NO_ACTION,STOP,0.0,STOPPED,0.0,NO_RECOVERY_ATTEMPTED,0
PAY_007642,490,UPI_TECHNICAL_ERROR,TEMPORARY,0,NO_ACTION,STOP,0.0,STOPPED,0.0,NO_RECOVERY_ATTEMPTED,0
PAY_006230,252,BANK_TIMEOUT,TEMPORARY,0,NO_ACTION,STOP,0.0,STOPPED,0.0,NO_RECOVERY_ATTEMPTED,0
PAY_001297,373,BANK_TIMEOUT,TEMPORARY,0,NO_ACTION,STOP,0.0,STOPPED,0.0,NO_RECOVERY_ATTEMPTED,0
PAY_001977,172,LIMIT_EXCEEDED,CUSTOMER,0,NO_ACTION,STOP,0.0,STOPPED,0.0,NO_RECOVERY_ATTEMPTED,0
PAY_009481,99,NETWORK_ERROR,TEMPORARY,0,NO_ACTION,STOP,0.0,STOPPED,0.0,NO_RECOVERY_ATTEMPTED,0
PAY_009582,1272,BANK_TIMEOUT,TEMPORARY,0,NO_ACTION,STOP,0.0,STOPPED,0.0,NO_RECOVERY_ATTEMPTED,0
PAY_005751,106,BANK_TIMEOUT,TEMPORARY,0,NO_ACTION,STOP,0.0,STOPPED,0.0,NO_RECOVERY_ATTEMPTED,0
PAY_008153,1991,NETWORK_ERROR,TEMPORARY,0,NO_ACTION,STOP,0.0,STOPPED,0.0,NO_RECOVERY_ATTEMPTED,0
PAY_003087,605,UPI_TECHNICAL_ERROR,TEMPORARY,0,NO_ACTION,STOP,0.0,STOPPED,0.0,NO_RECOVERY_ATTEMPTED,0
PAY_009277,130,UPI_TECHNICAL_ERROR,TEMPORARY,0,NO_ACTION,STOP,0.0,STOPPED,0.0,NO_RECOVERY_ATTEMPTED,0
PAY_006883,260,INSUFFICIENT_FUNDS,CUSTOMER,0,NO_ACTION,STOP,0.0,STOPPED,0.0,NO_RECOVERY_ATTEMPTED,0
PAY_009306,1021,GATEWAY_TIMEOUT,TEMPORARY,0,NO_ACTION,STOP,0.0,STOPPED,0.0,NO_RECOVERY_ATTEMPTED,0
PAY_007674,1145,NETWORK_ERROR,TEMPORARY,0,NO_ACTION,STOP,0.0,STOPPED,0.0,NO_RECOVERY_ATTEMPTED,0
PAY_003346,142,NETWORK_ERROR,TEMPORARY,0,NO_ACTION,STOP,0.0,STOPPED,0.0,NO_RECOVERY_ATTEMPTED,0
PAY_008173,126,AUTHENTICATION_FAILED,CUSTOMER,0,NO_ACTION,STOP,0.0,STOPPED,0.0,NO_RECOVERY_ATTEMPTED,0
PAY_009422,1367,BANK_TIMEOUT,TEMPORARY,0,NO_ACTION,STOP,0.0,STOPPED,0.0,NO_RECOVERY_ATTEMPTED,0
PAY_005871,121,BLOCKED_METHOD,HARD,0,NO_ACTION,STOP,0.0,STOPPED,0.0,NO_RECOVERY_ATTEMPTED,0
PAY_006507,711,INVALID_ACCOUNT,HARD,0,NO_ACTION,STOP,0.0,STOPPED,0.0,NO_RECOVERY_ATTEMPTED,0
PAY_002798,2181,BANK_TIMEOUT,TEMPORARY,0,NO_ACTION,STOP,0.0,STOPPED,0.0,NO_RECOVERY_ATTEMPTED,0
PAY_000919,99,AUTHENTICATION_FAILED,CUSTOMER,0,NO_ACTION,STOP,0.0,STOPPED,0.0,NO_RECOVERY_ATTEMPTED,0
PAY_001647,2490,CARD_EXPIRED,CUSTOMER,0,NO_ACTION,STOP,0.0,STOPPED,0.0,NO_RECOVERY_ATTEMPTED,0
PAY_005123,4226,BANK_TIMEOUT,TEMPORARY,0,NO_ACTION,STOP,0.0,STOPPED,0.0,NO_RECOVERY_ATTEMPTED,0
PAY_005127,2309,PAYMENT_EXPIRED,HARD,0,NO_ACTION,STOP,0.0,STOPPED,0.0,NO_RECOVERY_ATTEMPTED,0
PAY_004622,868,INVALID_ACCOUNT,HARD,0,NO_ACTION,STOP,0.0,STOPPED,0.0,NO_RECOVERY_ATTEMPTED,0
PAY_006810,1744,BANK_TIMEOUT,TEMPORARY,0,NO_ACTION,STOP,0.0,STOPPED,0.0,NO_RECOVERY_ATTEMPTED,0
PAY_000365,6504,GATEWAY_TIMEOUT,TEMPORARY,0,NO_ACTION,STOP,0.0,STOPPED,0.0,NO_RECOVERY_ATTEMPTED,0
PAY_002126,1279,NETWORK_ERROR,TEMPORARY,0,NO_ACTION,STOP,0.0,STOPPED,0.0,NO_RECOVERY_ATTEMPTED,0
PAY_008151,1093,GATEWAY_TIMEOUT,TEMPORARY,0,NO_ACTION,STOP,0.0,STOPPED,0.0,NO_RECOVERY_ATTEMPTED,0
PAY_008718,513,NETWORK_ERROR,TEMPORARY,0,NO_ACTION,STOP,0.0,STOPPED,0.0,NO_RECOVERY_ATTEMPTED,0
PAY_000056,541,CARD_EXPIRED,CUSTOMER,0,NO_ACTION,STOP,0.0,STOPPED,0.0,NO_RECOVERY_ATTEMPTED,0
PAY_000639,904,UPI_TECHNICAL_ERROR,TEMPORARY,0,NO_ACTION,STOP,0.0,STOPPED,0.0,NO_RECOVERY_ATTEMPTED,0
PAY_000303,470,GATEWAY_TIMEOUT,TEMPORARY,0,NO_ACTION,STOP,0.0,STOPPED,0.0,NO_RECOVERY_ATTEMPTED,0
PAY_005812,1440,BANK_TIMEOUT,TEMPORARY,0,NO_ACTION,STOP,0.0,STOPPED,0.0,NO_RECOVERY_ATTEMPTED,0
PAY_001277,282,BANK_TIMEOUT,TEMPORARY,0,NO_ACTION,STOP,0.0,STOPPED,0.0,NO_RECOVERY_ATTEMPTED,0
PAY_004433,149,CARD_EXPIRED,CUSTOMER,0,NO_ACTION,STOP,0.0,STOPPED,0.0,NO_RECOVERY_ATTEMPTED,0
PAY_003645,2104,CARD_EXPIRED,CUSTOMER,0,NO_ACTION,STOP,0.0,STOPPED,0.0,NO_RECOVERY_ATTEMPTED,0
PAY_004144,1714,UPI_TECHNICAL_ERROR,TEMPORARY,0,NO_ACTION,STOP,0.0,STOPPED,0.0,NO_RECOVERY_ATTEMPTED,0
PAY_002879,1522,LIMIT_EXCEEDED,CUSTOMER,0,NO_ACTION,STOP,0.0,STOPPED,0.0,NO_RECOVERY_ATTEMPTED,0
PAY_006494,6150,NETWORK_ERROR,TEMPORARY,0,NO_ACTION,STOP,0.0,STOPPED,0.0,NO_RECOVERY_ATTEMPTED,0
PAY_005241,698,GATEWAY_TIMEOUT,TEMPORARY,0,NO_ACTION,STOP,0.0,STOPPED,0.0,NO_RECOVERY_ATTEMPTED,0
PAY_009409,369,UPI_TECHNICAL_ERROR,TEMPORARY,0,NO_ACTION,STOP,0.0,STOPPED,0.0,NO_RECOVERY_ATTEMPTED,0
PAY_006938,3029,CARD_EXPIRED,CUSTOMER,0,NO_ACTION,STOP,0.0,STOPPED,0.0,NO_RECOVERY_ATTEMPTED,0
PAY_007241,329,AUTHENTICATION_FAILED,CUSTOMER,0,NO_ACTION,STOP,0.0,STOPPED,0.0,NO_RECOVERY_ATTEMPTED,0
PAY_002594,6009,GATEWAY_TIMEOUT,TEMPORARY,0,NO_ACTION,STOP,0.0,STOPPED,0.0,NO_RECOVERY_ATTEMPTED,0
PAY_002394,99,CUSTOMER_DECLINED,HARD,0,NO_ACTION,STOP,0.0,STOPPED,0.0,NO_RECOVERY_ATTEMPTED,0
PAY_000524,132,UPI_TECHNICAL_ERROR,TEMPORARY,0,NO_ACTION,STOP,0.0,STOPPED,0.0,NO_RECOVERY_ATTEMPTED,0
PAY_006377,99,INSUFFICIENT_FUNDS,CUSTOMER,0,NO_ACTION,STOP,0.0,STOPPED,0.0,NO_RECOVERY_ATTEMPTED,0
PAY_006982,386,NETWORK_ERROR,TEMPORARY,0,NO_ACTION,STOP,0.0,STOPPED,0.0,NO_RECOVERY_ATTEMPTED,0
PAY_006678,1042,UPI_TECHNICAL_ERROR,TEMPORARY,0,NO_ACTION,STOP,0.0,STOPPED,0.0,NO_RECOVERY_ATTEMPTED,0
PAY_003901,412,AUTHENTICATION_FAILED,CUSTOMER,0,NO_ACTION,STOP,0.0,STOPPED,0.0,NO_RECOVERY_ATTEMPTED,0
PAY_009635,1370,INSUFFICIENT_FUNDS,CUSTOMER,0,NO_ACTION,STOP,0.0,STOPPED,0.0,NO_RECOVERY_ATTEMPTED,0
PAY_005586,15103,AUTHENTICATION_FAILED,CUSTOMER,0,NO_ACTION,STOP,0.0,STOPPED,0.0,NO_RECOVERY_ATTEMPTED,0
PAY_009361,5185,CUSTOMER_DECLINED,HARD,0,NO_ACTION,STOP,0.0,STOPPED,0.0,NO_RECOVERY_ATTEMPTED,0
PAY_007957,182,CARD_EXPIRED,CUSTOMER,0,NO_ACTION,STOP,0.0,STOPPED,0.0,NO_RECOVERY_ATTEMPTED,0
PAY_007571,2593,AUTHENTICATION_FAILED,CUSTOMER,0,NO_ACTION,STOP,0.0,STOPPED,0.0,NO_RECOVERY_ATTEMPTED,0
PAY_006778,99,NETWORK_ERROR,TEMPORARY,0,NO_ACTION,STOP,0.0,STOPPED,0.0,NO_RECOVERY_ATTEMPTED,0
PAY_000672,3971,AUTHENTICATION_FAILED,CUSTOMER,0,NO_ACTION,STOP,0.0,STOPPED,0.0,NO_RECOVERY_ATTEMPTED,0
PAY_004189,1441,CUSTOMER_DECLINED,HARD,0,NO_ACTION,STOP,0.0,STOPPED,0.0,NO_RECOVERY_ATTEMPTED,0
PAY_000667,2660,LIMIT_EXCEEDED,CUSTOMER,0,NO_ACTION,STOP,0.0,STOPPED,0.0,NO_RECOVERY_ATTEMPTED,0
PAY_003267,773,AUTHENTICATION_FAILED,CUSTOMER,0,NO_ACTION,STOP,0.0,STOPPED,0.0,NO_RECOVERY_ATTEMPTED,0
PAY_001888,1504,GATEWAY_TIMEOUT,TEMPORARY,0,NO_ACTION,STOP,0.0,STOPPED,0.0,NO_RECOVERY_ATTEMPTED,0
PAY_008473,122,BANK_TIMEOUT,TEMPORARY,0,NO_ACTION,STOP,0.0,STOPPED,0.0,NO_RECOVERY_ATTEMPTED,0
PAY_009092,680,NETWORK_ERROR,TEMPORARY,0,NO_ACTION,STOP,0.0,STOPPED,0.0,NO_RECOVERY_ATTEMPTED,0
PAY_007688,1277,BANK_TIMEOUT,TEMPORARY,0,NO_ACTION,STOP,0.0,STOPPED,0.0,NO_RECOVERY_ATTEMPTED,0
PAY_006032,746,INVALID_ACCOUNT,HARD,0,NO_ACTION,STOP,0.0,STOPPED,0.0,NO_RECOVERY_ATTEMPTED,0
PAY_006091,359,UPI_TECHNICAL_ERROR,TEMPORARY,0,NO_ACTION,STOP,0.0,STOPPED,0.0,NO_RECOVERY_ATTEMPTED,0
PAY_006239,815,NETWORK_ERROR,TEMPORARY,0,NO_ACTION,STOP,0.0,STOPPED,0.0,NO_RECOVERY_ATTEMPTED,0
PAY_007351,1073,INVALID_ACCOUNT,HARD,0,NO_ACTION,STOP,0.0,STOPPED,0.0,NO_RECOVERY_ATTEMPTED,0
PAY_007831,1010,AUTHENTICATION_FAILED,CUSTOMER,0,NO_ACTION,STOP,0.0,STOPPED,0.0,NO_RECOVERY_ATTEMPTED,0
PAY_000761,2201,NETWORK_ERROR,TEMPORARY,0,NO_ACTION,STOP,0.0,STOPPED,0.0,NO_RECOVERY_ATTEMPTED,0
PAY_006255,249,AUTHENTICATION_FAILED,CUSTOMER,0,NO_ACTION,STOP,0.0,STOPPED,0.0,NO_RECOVERY_ATTEMPTED,0
PAY_001907,99,GATEWAY_TIMEOUT,TEMPORARY,0,NO_ACTION,STOP,0.0,STOPPED,0.0,NO_RECOVERY_ATTEMPTED,0
PAY_003819,6387,UPI_TECHNICAL_ERROR,TEMPORARY,0,NO_ACTION,STOP,0.0,STOPPED,0.0,NO_RECOVERY_ATTEMPTED,0
PAY_006270,402,AUTHENTICATION_FAILED,CUSTOMER,0,NO_ACTION,STOP,0.0,STOPPED,0.0,NO_RECOVERY_ATTEMPTED,0
PAY_004301,1541,PAYMENT_EXPIRED,HARD,0,NO_ACTION,STOP,0.0,STOPPED,0.0,NO_RECOVERY_ATTEMPTED,0
PAY_005570,869,BANK_TIMEOUT,TEMPORARY,0,NO_ACTION,STOP,0.0,STOPPED,0.0,NO_RECOVERY_ATTEMPTED,0
PAY_007942,581,BANK_TIMEOUT,TEMPORARY,0,NO_ACTION,STOP,0.0,STOPPED,0.0,NO_RECOVERY_ATTEMPTED,0
PAY_004165,561,NETWORK_ERROR,TEMPORARY,0,NO_ACTION,STOP,0.0,STOPPED,0.0,NO_RECOVERY_ATTEMPTED,0
PAY_005972,1819,BANK_TIMEOUT,TEMPORARY,0,NO_ACTION,STOP,0.0,STOPPED,0.0,NO_RECOVERY_ATTEMPTED,0
PAY_003580,99,LIMIT_EXCEEDED,CUSTOMER,0,NO_ACTION,STOP,0.0,STOPPED,0.0,NO_RECOVERY_ATTEMPTED,0
PAY_002833,1669,GATEWAY_TIMEOUT,TEMPORARY,0,NO_ACTION,STOP,0.0,STOPPED,0.0,NO_RECOVERY_ATTEMPTED,0
PAY_005450,687,LIMIT_EXCEEDED,CUSTOMER,0,NO_ACTION,STOP,0.0,STOPPED,0.0,NO_RECOVERY_ATTEMPTED,0
PAY_003473,110,BLOCKED_METHOD,HARD,0,NO_ACTION,STOP,0.0,STOPPED,0.0,NO_RECOVERY_ATTEMPTED,0
PAY_006328,434,CARD_EXPIRED,CUSTOMER,0,NO_ACTION,STOP,0.0,STOPPED,0.0,NO_RECOVERY_ATTEMPTED,0
PAY_000138,406,AUTHENTICATION_FAILED,CUSTOMER,0,NO_ACTION,STOP,0.0,STOPPED,0.0,NO_RECOVERY_ATTEMPTED,0
PAY_007044,313,BANK_TIMEOUT,TEMPORARY,0,NO_ACTION,STOP,0.0,STOPPED,0.0,NO_RECOVERY_ATTEMPTED,0
PAY_004893,1291,UPI_TECHNICAL_ERROR,TEMPORARY,0,NO_ACTION,STOP,0.0,STOPPED,0.0,NO_RECOVERY_ATTEMPTED,0
PAY_002181,147,NETWORK_ERROR,TEMPORARY,0,NO_ACTION,STOP,0.0,STOPPED,0.0,NO_RECOVERY_ATTEMPTED,0
PAY_007731,262,BLOCKED_METHOD,HARD,0,NO_ACTION,STOP,0.0,STOPPED,0.0,NO_RECOVERY_ATTEMPTED,0
PAY_003178,3256,NETWORK_ERROR,TEMPORARY,0,NO_ACTION,STOP,0.0,STOPPED,0.0,NO_RECOVERY_ATTEMPTED,0
PAY_004855,867,INSUFFICIENT_FUNDS,CUSTOMER,0,NO_ACTION,STOP,0.0,STOPPED,0.0,NO_RECOVERY_ATTEMPTED,0
PAY_004638,160,AUTHENTICATION_FAILED,CUSTOMER,0,NO_ACTION,STOP,0.0,STOPPED,0.0,NO_RECOVERY_ATTEMPTED,0
PAY_005116,593,CARD_EXPIRED,CUSTOMER,0,NO_ACTION,STOP,0.0,STOPPED,0.0,NO_RECOVERY_ATTEMPTED,0
PAY_007649,540,BANK_TIMEOUT,TEMPORARY,0,NO_ACTION,STOP,0.0,STOPPED,0.0,NO_RECOVERY_ATTEMPTED,0
PAY_004262,285,INSUFFICIENT_FUNDS,CUSTOMER,0,NO_ACTION,STOP,0.0,STOPPED,0.0,NO_RECOVERY_ATTEMPTED,0
PAY_001332,4078,AUTHENTICATION_FAILED,CUSTOMER,0,NO_ACTION,STOP,0.0,STOPPED,0.0,NO_RECOVERY_ATTEMPTED,0
PAY_007003,611,GATEWAY_TIMEOUT,TEMPORARY,0,NO_ACTION,STOP,0.0,STOPPED,0.0,NO_RECOVERY_ATTEMPTED,0
PAY_006942,365,GATEWAY_TIMEOUT,TEMPORARY,0,NO_ACTION,STOP,0.0,STOPPED,0.0,NO_RECOVERY_ATTEMPTED,0
PAY_008018,958,BANK_TIMEOUT,TEMPORARY,0,NO_ACTION,STOP,0.0,STOPPED,0.0,NO_RECOVERY_ATTEMPTED,0
PAY_006242,1483,CARD_EXPIRED,CUSTOMER,0,NO_ACTION,STOP,0.0,STOPPED,0.0,NO_RECOVERY_ATTEMPTED,0
PAY_009988,778,GATEWAY_TIMEOUT,TEMPORARY,0,NO_ACTION,STOP,0.0,STOPPED,0.0,NO_RECOVERY_ATTEMPTED,0
PAY_006882,444,GATEWAY_TIMEOUT,TEMPORARY,0,NO_ACTION,STOP,0.0,STOPPED,0.0,NO_RECOVERY_ATTEMPTED,0
PAY_004531,1249,BANK_TIMEOUT,TEMPORARY,0,NO_ACTION,STOP,0.0,STOPPED,0.0,NO_RECOVERY_ATTEMPTED,0
PAY_004674,148,BANK_TIMEOUT,TEMPORARY,0,NO_ACTION,STOP,0.0,STOPPED,0.0,NO_RECOVERY_ATTEMPTED,0
PAY_006997,99,NETWORK_ERROR,TEMPORARY,0,NO_ACTION,STOP,0.0,STOPPED,0.0,NO_RECOVERY_ATTEMPTED,0
PAY_001253,2189,UPI_TECHNICAL_ERROR,TEMPORARY,0,NO_ACTION,STOP,0.0,STOPPED,0.0,NO_RECOVERY_ATTEMPTED,0
PAY_003375,3587,CUSTOMER_DECLINED,HARD,0,NO_ACTION,STOP,0.0,STOPPED,0.0,NO_RECOVERY_ATTEMPTED,0
PAY_002815,267,AUTHENTICATION_FAILED,CUSTOMER,0,NO_ACTION,STOP,0.0,STOPPED,0.0,NO_RECOVERY_ATTEMPTED,0
PAY_004720,342,UPI_TECHNICAL_ERROR,TEMPORARY,0,NO_ACTION,STOP,0.0,STOPPED,0.0,NO_RECOVERY_ATTEMPTED,0
PAY_006545,294,BANK_TIMEOUT,TEMPORARY,0,NO_ACTION,STOP,0.0,STOPPED,0.0,NO_RECOVERY_ATTEMPTED,0
PAY_004859,184,GATEWAY_TIMEOUT,TEMPORARY,0,NO_ACTION,STOP,0.0,STOPPED,0.0,NO_RECOVERY_ATTEMPTED,0
PAY_007902,1104,LIMIT_EXCEEDED,CUSTOMER,0,NO_ACTION,STOP,0.0,STOPPED,0.0,NO_RECOVERY_ATTEMPTED,0
PAY_008581,1560,CARD_EXPIRED,CUSTOMER,0,NO_ACTION,STOP,0.0,STOPPED,0.0,NO_RECOVERY_ATTEMPTED,0
PAY_008428,2104,LIMIT_EXCEEDED,CUSTOMER,0,NO_ACTION,STOP,0.0,STOPPED,0.0,NO_RECOVERY_ATTEMPTED,0
PAY_001078,220,INSUFFICIENT_FUNDS,CUSTOMER,0,NO_ACTION,STOP,0.0,STOPPED,0.0,NO_RECOVERY_ATTEMPTED,0
PAY_004364,547,BANK_TIMEOUT,TEMPORARY,0,NO_ACTION,STOP,0.0,STOPPED,0.0,NO_RECOVERY_ATTEMPTED,0
PAY_000771,398,UPI_TECHNICAL_ERROR,TEMPORARY,0,NO_ACTION,STOP,0.0,STOPPED,0.0,NO_RECOVERY_ATTEMPTED,0
PAY_008866,535,GATEWAY_TIMEOUT,TEMPORARY,0,NO_ACTION,STOP,0.0,STOPPED,0.0,NO_RECOVERY_ATTEMPTED,0
PAY_000250,113,NETWORK_ERROR,TEMPORARY,0,NO_ACTION,STOP,0.0,STOPPED,0.0,NO_RECOVERY_ATTEMPTED,0
PAY_007240,7088,LIMIT_EXCEEDED,CUSTOMER,0,NO_ACTION,STOP,0.0,STOPPED,0.0,NO_RECOVERY_ATTEMPTED,0
PAY_003420,5390,GATEWAY_TIMEOUT,TEMPORARY,0,NO_ACTION,STOP,0.0,STOPPED,0.0,NO_RECOVERY_ATTEMPTED,0
PAY_004977,939,BANK_TIMEOUT,TEMPORARY,0,NO_ACTION,STOP,0.0,STOPPED,0.0,NO_RECOVERY_ATTEMPTED,0
PAY_004545,1517,LIMIT_EXCEEDED,CUSTOMER,0,NO_ACTION,STOP,0.0,STOPPED,0.0,NO_RECOVERY_ATTEMPTED,0
PAY_005566,364,BLOCKED_METHOD,HARD,0,NO_ACTION,STOP,0.0,STOPPED,0.0,NO_RECOVERY_ATTEMPTED,0
PAY_007940,2608,GATEWAY_TIMEOUT,TEMPORARY,0,NO_ACTION,STOP,0.0,STOPPED,0.0,NO_RECOVERY_ATTEMPTED,0
PAY_000717,2501,GATEWAY_TIMEOUT,TEMPORARY,0,NO_ACTION,STOP,0.0,STOPPED,0.0,NO_RECOVERY_ATTEMPTED,0
PAY_009653,1107,CARD_EXPIRED,CUSTOMER,0,NO_ACTION,STOP,0.0,STOPPED,0.0,NO_RECOVERY_ATTEMPTED,0
PAY_002049,2304,CARD_EXPIRED,CUSTOMER,0,NO_ACTION,STOP,0.0,STOPPED,0.0,NO_RECOVERY_ATTEMPTED,0
PAY_005998,860,INSUFFICIENT_FUNDS,CUSTOMER,0,NO_ACTION,STOP,0.0,STOPPED,0.0,NO_RECOVERY_ATTEMPTED,0
PAY_006601,99,UPI_TECHNICAL_ERROR,TEMPORARY,0,NO_ACTION,STOP,0.0,STOPPED,0.0,NO_RECOVERY_ATTEMPTED,0
PAY_007246,1793,GATEWAY_TIMEOUT,TEMPORARY,0,NO_ACTION,STOP,0.0,STOPPED,0.0,NO_RECOVERY_ATTEMPTED,0
PAY_004179,1557,CARD_EXPIRED,CUSTOMER,0,NO_ACTION,STOP,0.0,STOPPED,0.0,NO_RECOVERY_ATTEMPTED,0
PAY_004810,332,AUTHENTICATION_FAILED,CUSTOMER,0,NO_ACTION,STOP,0.0,STOPPED,0.0,NO_RECOVERY_ATTEMPTED,0
PAY_009483,2490,GATEWAY_TIMEOUT,TEMPORARY,0,NO_ACTION,STOP,0.0,STOPPED,0.0,NO_RECOVERY_ATTEMPTED,0
PAY_007141,558,AUTHENTICATION_FAILED,CUSTOMER,0,NO_ACTION,STOP,0.0,STOPPED,0.0,NO_RECOVERY_ATTEMPTED,0
PAY_007191,1223,BLOCKED_METHOD,HARD,0,NO_ACTION,STOP,0.0,STOPPED,0.0,NO_RECOVERY_ATTEMPTED,0
PAY_001461,99,BANK_TIMEOUT,TEMPORARY,0,NO_ACTION,STOP,0.0,STOPPED,0.0,NO_RECOVERY_ATTEMPTED,0
PAY_005990,143,BANK_TIMEOUT,TEMPORARY,0,NO_ACTION,STOP,0.0,STOPPED,0.0,NO_RECOVERY_ATTEMPTED,0
PAY_002001,99,GATEWAY_TIMEOUT,TEMPORARY,0,NO_ACTION,STOP,0.0,STOPPED,0.0,NO_RECOVERY_ATTEMPTED,0
PAY_008176,521,INSUFFICIENT_FUNDS,CUSTOMER,0,NO_ACTION,STOP,0.0,STOPPED,0.0,NO_RECOVERY_ATTEMPTED,0
PAY_000405,145,UPI_TECHNICAL_ERROR,TEMPORARY,0,NO_ACTION,STOP,0.0,STOPPED,0.0,NO_RECOVERY_ATTEMPTED,0
PAY_000385,710,BANK_TIMEOUT,TEMPORARY,0,NO_ACTION,STOP,0.0,STOPPED,0.0,NO_RECOVERY_ATTEMPTED,0
PAY_009449,199,NETWORK_ERROR,TEMPORARY,0,NO_ACTION,STOP,0.0,STOPPED,0.0,NO_RECOVERY_ATTEMPTED,0
PAY_009488,665,BANK_TIMEOUT,TEMPORARY,0,NO_ACTION,STOP,0.0,STOPPED,0.0,NO_RECOVERY_ATTEMPTED,0
PAY_001634,964,CARD_EXPIRED,CUSTOMER,0,NO_ACTION,STOP,0.0,STOPPED,0.0,NO_RECOVERY_ATTEMPTED,0
PAY_009854,1883,INSUFFICIENT_FUNDS,CUSTOMER,0,NO_ACTION,STOP,0.0,STOPPED,0.0,NO_RECOVERY_ATTEMPTED,0
PAY_004785,657,CARD_EXPIRED,CUSTOMER,0,NO_ACTION,STOP,0.0,STOPPED,0.0,NO_RECOVERY_ATTEMPTED,0
PAY_009457,1156,BANK_TIMEOUT,TEMPORARY,0,NO_ACTION,STOP,0.0,STOPPED,0.0,NO_RECOVERY_ATTEMPTED,0
PAY_006971,264,GATEWAY_TIMEOUT,TEMPORARY,0,NO_ACTION,STOP,0.0,STOPPED,0.0,NO_RECOVERY_ATTEMPTED,0
PAY_003926,5906,NETWORK_ERROR,TEMPORARY,0,NO_ACTION,STOP,0.0,STOPPED,0.0,NO_RECOVERY_ATTEMPTED,0
PAY_004159,707,INSUFFICIENT_FUNDS,CUSTOMER,0,NO_ACTION,STOP,0.0,STOPPED,0.0,NO_RECOVERY_ATTEMPTED,0
PAY_007450,960,GATEWAY_TIMEOUT,TEMPORARY,0,NO_ACTION,STOP,0.0,STOPPED,0.0,NO_RECOVERY_ATTEMPTED,0
PAY_008416,1192,CARD_EXPIRED,CUSTOMER,0,NO_ACTION,STOP,0.0,STOPPED,0.0,NO_RECOVERY_ATTEMPTED,0
PAY_002194,1170,GATEWAY_TIMEOUT,TEMPORARY,0,NO_ACTION,STOP,0.0,STOPPED,0.0,NO_RECOVERY_ATTEMPTED,0
PAY_001016,315,GATEWAY_TIMEOUT,TEMPORARY,0,NO_ACTION,STOP,0.0,STOPPED,0.0,NO_RECOVERY_ATTEMPTED,0
PAY_005125,153,NETWORK_ERROR,TEMPORARY,0,NO_ACTION,STOP,0.0,STOPPED,0.0,NO_RECOVERY_ATTEMPTED,0
PAY_007419,221,INSUFFICIENT_FUNDS,CUSTOMER,0,NO_ACTION,STOP,0.0,STOPPED,0.0,NO_RECOVERY_ATTEMPTED,0
PAY_007410,1053,NETWORK_ERROR,TEMPORARY,0,NO_ACTION,STOP,0.0,STOPPED,0.0,NO_RECOVERY_ATTEMPTED,0
PAY_008990,748,GATEWAY_TIMEOUT,TEMPORARY,0,NO_ACTION,STOP,0.0,STOPPED,0.0,NO_RECOVERY_ATTEMPTED,0
PAY_002872,197,NETWORK_ERROR,TEMPORARY,0,NO_ACTION,STOP,0.0,STOPPED,0.0,NO_RECOVERY_ATTEMPTED,0
PAY_000010,3574,NETWORK_ERROR,TEMPORARY,0,NO_ACTION,STOP,0.0,STOPPED,0.0,NO_RECOVERY_ATTEMPTED,0
PAY_001839,1366,INSUFFICIENT_FUNDS,CUSTOMER,0,NO_ACTION,STOP,0.0,STOPPED,0.0,NO_RECOVERY_ATTEMPTED,0
PAY_004805,278,INSUFFICIENT_FUNDS,CUSTOMER,0,NO_ACTION,STOP,0.0,STOPPED,0.0,NO_RECOVERY_ATTEMPTED,0
PAY_000256,619,AUTHENTICATION_FAILED,CUSTOMER,0,NO_ACTION,STOP,0.0,STOPPED,0.0,NO_RECOVERY_ATTEMPTED,0
PAY_007027,1074,BANK_TIMEOUT,TEMPORARY,0,NO_ACTION,STOP,0.0,STOPPED,0.0,NO_RECOVERY_ATTEMPTED,0
PAY_005714,1876,AUTHENTICATION_FAILED,CUSTOMER,0,NO_ACTION,STOP,0.0,STOPPED,0.0,NO_RECOVERY_ATTEMPTED,0
PAY_003325,140,LIMIT_EXCEEDED,CUSTOMER,0,NO_ACTION,STOP,0.0,STOPPED,0.0,NO_RECOVERY_ATTEMPTED,0
PAY_007715,1110,CARD_EXPIRED,CUSTOMER,0,NO_ACTION,STOP,0.0,STOPPED,0.0,NO_RECOVERY_ATTEMPTED,0
PAY_001582,456,GATEWAY_TIMEOUT,TEMPORARY,0,NO_ACTION,STOP,0.0,STOPPED,0.0,NO_RECOVERY_ATTEMPTED,0
PAY_000925,1377,AUTHENTICATION_FAILED,CUSTOMER,0,NO_ACTION,STOP,0.0,STOPPED,0.0,NO_RECOVERY_ATTEMPTED,0
PAY_002780,474,CARD_EXPIRED,CUSTOMER,0,NO_ACTION,STOP,0.0,STOPPED,0.0,NO_RECOVERY_ATTEMPTED,0
PAY_007892,99,INVALID_ACCOUNT,HARD,0,NO_ACTION,STOP,0.0,STOPPED,0.0,NO_RECOVERY_ATTEMPTED,0
PAY_006133,476,LIMIT_EXCEEDED,CUSTOMER,0,NO_ACTION,STOP,0.0,STOPPED,0.0,NO_RECOVERY_ATTEMPTED,0
PAY_005321,362,AUTHENTICATION_FAILED,CUSTOMER,0,NO_ACTION,STOP,0.0,STOPPED,0.0,NO_RECOVERY_ATTEMPTED,0
PAY_007313,1486,BANK_TIMEOUT,TEMPORARY,0,NO_ACTION,STOP,0.0,STOPPED,0.0,NO_RECOVERY_ATTEMPTED,0
PAY_007103,1574,INSUFFICIENT_FUNDS,CUSTOMER,0,NO_ACTION,STOP,0.0,STOPPED,0.0,NO_RECOVERY_ATTEMPTED,0
PAY_006043,5637,AUTHENTICATION_FAILED,CUSTOMER,0,NO_ACTION,STOP,0.0,STOPPED,0.0,NO_RECOVERY_ATTEMPTED,0
PAY_003776,2390,LIMIT_EXCEEDED,CUSTOMER,0,NO_ACTION,STOP,0.0,STOPPED,0.0,NO_RECOVERY_ATTEMPTED,0
PAY_004836,417,AUTHENTICATION_FAILED,CUSTOMER,0,NO_ACTION,STOP,0.0,STOPPED,0.0,NO_RECOVERY_ATTEMPTED,0
PAY_004965,99,INSUFFICIENT_FUNDS,CUSTOMER,0,NO_ACTION,STOP,0.0,STOPPED,0.0,NO_RECOVERY_ATTEMPTED,0
PAY_000540,187,CARD_EXPIRED,CUSTOMER,0,NO_ACTION,STOP,0.0,STOPPED,0.0,NO_RECOVERY_ATTEMPTED,0
PAY_007484,1620,GATEWAY_TIMEOUT,TEMPORARY,0,NO_ACTION,STOP,0.0,STOPPED,0.0,NO_RECOVERY_ATTEMPTED,0
PAY_002746,1023,GATEWAY_TIMEOUT,TEMPORARY,0,NO_ACTION,STOP,0.0,STOPPED,0.0,NO_RECOVERY_ATTEMPTED,0
PAY_003720,367,CARD_EXPIRED,CUSTOMER,0,NO_ACTION,STOP,0.0,STOPPED,0.0,NO_RECOVERY_ATTEMPTED,0
PAY_006820,1265,GATEWAY_TIMEOUT,TEMPORARY,0,NO_ACTION,STOP,0.0,STOPPED,0.0,NO_RECOVERY_ATTEMPTED,0
PAY_009338,505,BLOCKED_METHOD,HARD,0,NO_ACTION,STOP,0.0,STOPPED,0.0,NO_RECOVERY_ATTEMPTED,0
PAY_004469,286,BLOCKED_METHOD,HARD,0,NO_ACTION,STOP,0.0,STOPPED,0.0,NO_RECOVERY_ATTEMPTED,0
PAY_000668,808,INSUFFICIENT_FUNDS,CUSTOMER,0,NO_ACTION,STOP,0.0,STOPPED,0.0,NO_RECOVERY_ATTEMPTED,0
PAY_007576,244,NETWORK_ERROR,TEMPORARY,0,NO_ACTION,STOP,0.0,STOPPED,0.0,NO_RECOVERY_ATTEMPTED,0
PAY_008550,198,CUSTOMER_DECLINED,HARD,0,NO_ACTION,STOP,0.0,STOPPED,0.0,NO_RECOVERY_ATTEMPTED,0
PAY_005064,714,CARD_EXPIRED,CUSTOMER,0,NO_ACTION,STOP,0.0,STOPPED,0.0,NO_RECOVERY_ATTEMPTED,0
PAY_001354,4856,INSUFFICIENT_FUNDS,CUSTOMER,0,NO_ACTION,STOP,0.0,STOPPED,0.0,NO_RECOVERY_ATTEMPTED,0
PAY_007115,310,CUSTOMER_DECLINED,HARD,0,NO_ACTION,STOP,0.0,STOPPED,0.0,NO_RECOVERY_ATTEMPTED,0
PAY_009774,2501,UPI_TECHNICAL_ERROR,TEMPORARY,0,NO_ACTION,STOP,0.0,STOPPED,0.0,NO_RECOVERY_ATTEMPTED,0
PAY_008663,1216,AUTHENTICATION_FAILED,CUSTOMER,0,NO_ACTION,STOP,0.0,STOPPED,0.0,NO_RECOVERY_ATTEMPTED,0
PAY_002704,1155,AUTHENTICATION_FAILED,CUSTOMER,0,NO_ACTION,STOP,0.0,STOPPED,0.0,NO_RECOVERY_ATTEMPTED,0
PAY_003331,496,BANK_TIMEOUT,TEMPORARY,0,NO_ACTION,STOP,0.0,STOPPED,0.0,NO_RECOVERY_ATTEMPTED,0
PAY_008054,1216,NETWORK_ERROR,TEMPORARY,0,NO_ACTION,STOP,0.0,STOPPED,0.0,NO_RECOVERY_ATTEMPTED,0
PAY_003585,4485,GATEWAY_TIMEOUT,TEMPORARY,0,NO_ACTION,STOP,0.0,STOPPED,0.0,NO_RECOVERY_ATTEMPTED,0
PAY_009442,834,GATEWAY_TIMEOUT,TEMPORARY,0,NO_ACTION,STOP,0.0,STOPPED,0.0,NO_RECOVERY_ATTEMPTED,0
PAY_005646,159,LIMIT_EXCEEDED,CUSTOMER,0,NO_ACTION,STOP,0.0,STOPPED,0.0,NO_RECOVERY_ATTEMPTED,0
PAY_003377,858,NETWORK_ERROR,TEMPORARY,0,NO_ACTION,STOP,0.0,STOPPED,0.0,NO_RECOVERY_ATTEMPTED,0
PAY_001257,790,BANK_TIMEOUT,TEMPORARY,0,NO_ACTION,STOP,0.0,STOPPED,0.0,NO_RECOVERY_ATTEMPTED,0
PAY_006191,3278,BLOCKED_METHOD,HARD,0,NO_ACTION,STOP,0.0,STOPPED,0.0,NO_RECOVERY_ATTEMPTED,0
PAY_005349,360,NETWORK_ERROR,TEMPORARY,0,NO_ACTION,STOP,0.0,STOPPED,0.0,NO_RECOVERY_ATTEMPTED,0
PAY_004176,1318,GATEWAY_TIMEOUT,TEMPORARY,0,NO_ACTION,STOP,0.0,STOPPED,0.0,NO_RECOVERY_ATTEMPTED,0
PAY_004911,360,PAYMENT_EXPIRED,HARD,0,NO_ACTION,STOP,0.0,STOPPED,0.0,NO_RECOVERY_ATTEMPTED,0
PAY_001853,717,INSUFFICIENT_FUNDS,CUSTOMER,0,NO_ACTION,STOP,0.0,STOPPED,0.0,NO_RECOVERY_ATTEMPTED,0
PAY_006317,478,PAYMENT_EXPIRED,HARD,0,NO_ACTION,STOP,0.0,STOPPED,0.0,NO_RECOVERY_ATTEMPTED,0
PAY_009855,261,GATEWAY_TIMEOUT,TEMPORARY,0,NO_ACTION,STOP,0.0,STOPPED,0.0,NO_RECOVERY_ATTEMPTED,0
PAY_002106,345,LIMIT_EXCEEDED,CUSTOMER,0,NO_ACTION,STOP,0.0,STOPPED,0.0,NO_RECOVERY_ATTEMPTED,0
PAY_000134,267,UPI_TECHNICAL_ERROR,TEMPORARY,0,NO_ACTION,STOP,0.0,STOPPED,0.0,NO_RECOVERY_ATTEMPTED,0
PAY_005030,225,GATEWAY_TIMEOUT,TEMPORARY,0,NO_ACTION,STOP,0.0,STOPPED,0.0,NO_RECOVERY_ATTEMPTED,0
PAY_000929,477,CARD_EXPIRED,CUSTOMER,0,NO_ACTION,STOP,0.0,STOPPED,0.0,NO_RECOVERY_ATTEMPTED,0
PAY_000824,2785,BANK_TIMEOUT,TEMPORARY,0,NO_ACTION,STOP,0.0,STOPPED,0.0,NO_RECOVERY_ATTEMPTED,0
PAY_007577,568,GATEWAY_TIMEOUT,TEMPORARY,0,NO_ACTION,STOP,0.0,STOPPED,0.0,NO_RECOVERY_ATTEMPTED,0
PAY_001532,278,NETWORK_ERROR,TEMPORARY,0,NO_ACTION,STOP,0.0,STOPPED,0.0,NO_RECOVERY_ATTEMPTED,0
PAY_001215,2576,UPI_TECHNICAL_ERROR,TEMPORARY,0,NO_ACTION,STOP,0.0,STOPPED,0.0,NO_RECOVERY_ATTEMPTED,0
PAY_000505,766,INSUFFICIENT_FUNDS,CUSTOMER,0,NO_ACTION,STOP,0.0,STOPPED,0.0,NO_RECOVERY_ATTEMPTED,0
PAY_006531,669,NETWORK_ERROR,TEMPORARY,0,NO_ACTION,STOP,0.0,STOPPED,0.0,NO_RECOVERY_ATTEMPTED,0
PAY_003073,1001,INSUFFICIENT_FUNDS,CUSTOMER,0,NO_ACTION,STOP,0.0,STOPPED,0.0,NO_RECOVERY_ATTEMPTED,0
PAY_009087,1493,INSUFFICIENT_FUNDS,CUSTOMER,0,NO_ACTION,STOP,0.0,STOPPED,0.0,NO_RECOVERY_ATTEMPTED,0
PAY_008648,2747,LIMIT_EXCEEDED,CUSTOMER,0,NO_ACTION,STOP,0.0,STOPPED,0.0,NO_RECOVERY_ATTEMPTED,0
PAY_006620,1072,AUTHENTICATION_FAILED,CUSTOMER,0,NO_ACTION,STOP,0.0,STOPPED,0.0,NO_RECOVERY_ATTEMPTED,0
PAY_009274,535,INSUFFICIENT_FUNDS,CUSTOMER,0,NO_ACTION,STOP,0.0,STOPPED,0.0,NO_RECOVERY_ATTEMPTED,0
PAY_003710,422,NETWORK_ERROR,TEMPORARY,0,NO_ACTION,STOP,0.0,STOPPED,0.0,NO_RECOVERY_ATTEMPTED,0
PAY_004850,4627,AUTHENTICATION_FAILED,CUSTOMER,0,NO_ACTION,STOP,0.0,STOPPED,0.0,NO_RECOVERY_ATTEMPTED,0
PAY_004749,876,NETWORK_ERROR,TEMPORARY,0,NO_ACTION,STOP,0.0,STOPPED,0.0,NO_RECOVERY_ATTEMPTED,0
PAY_004269,2332,INVALID_ACCOUNT,HARD,0,NO_ACTION,STOP,0.0,STOPPED,0.0,NO_RECOVERY_ATTEMPTED,0
PAY_009879,8218,INSUFFICIENT_FUNDS,CUSTOMER,0,NO_ACTION,STOP,0.0,STOPPED,0.0,NO_RECOVERY_ATTEMPTED,0
PAY_008906,619,LIMIT_EXCEEDED,CUSTOMER,0,NO_ACTION,STOP,0.0,STOPPED,0.0,NO_RECOVERY_ATTEMPTED,0
PAY_004187,861,LIMIT_EXCEEDED,CUSTOMER,0,NO_ACTION,STOP,0.0,STOPPED,0.0,NO_RECOVERY_ATTEMPTED,0
PAY_005302,2270,CUSTOMER_DECLINED,HARD,0,NO_ACTION,STOP,0.0,STOPPED,0.0,NO_RECOVERY_ATTEMPTED,0
PAY_002924,1015,GATEWAY_TIMEOUT,TEMPORARY,0,NO_ACTION,STOP,0.0,STOPPED,0.0,NO_RECOVERY_ATTEMPTED,0
PAY_006589,1462,CARD_EXPIRED,CUSTOMER,0,NO_ACTION,STOP,0.0,STOPPED,0.0,NO_RECOVERY_ATTEMPTED,0
PAY_001811,1039,PAYMENT_EXPIRED,HARD,0,NO_ACTION,STOP,0.0,STOPPED,0.0,NO_RECOVERY_ATTEMPTED,0
PAY_003487,293,UPI_TECHNICAL_ERROR,TEMPORARY,0,NO_ACTION,STOP,0.0,STOPPED,0.0,NO_RECOVERY_ATTEMPTED,0
PAY_007420,1300,BANK_TIMEOUT,TEMPORARY,0,NO_ACTION,STOP,0.0,STOPPED,0.0,NO_RECOVERY_ATTEMPTED,0
PAY_003142,360,LIMIT_EXCEEDED,CUSTOMER,0,NO_ACTION,STOP,0.0,STOPPED,0.0,NO_RECOVERY_ATTEMPTED,0
PAY_009348,254,INSUFFICIENT_FUNDS,CUSTOMER,0,NO_ACTION,STOP,0.0,STOPPED,0.0,NO_RECOVERY_ATTEMPTED,0
PAY_001325,204,LIMIT_EXCEEDED,CUSTOMER,0,NO_ACTION,STOP,0.0,STOPPED,0.0,NO_RECOVERY_ATTEMPTED,0
PAY_004313,2787,LIMIT_EXCEEDED,CUSTOMER,0,NO_ACTION,STOP,0.0,STOPPED,0.0,NO_RECOVERY_ATTEMPTED,0
PAY_007495,327,UPI_TECHNICAL_ERROR,TEMPORARY,0,NO_ACTION,STOP,0.0,STOPPED,0.0,NO_RECOVERY_ATTEMPTED,0
PAY_008703,987,BANK_TIMEOUT,TEMPORARY,0,NO_ACTION,STOP,0.0,STOPPED,0.0,NO_RECOVERY_ATTEMPTED,0
PAY_008692,151,UPI_TECHNICAL_ERROR,TEMPORARY,0,NO_ACTION,STOP,0.0,STOPPED,0.0,NO_RECOVERY_ATTEMPTED,0
PAY_009504,238,INSUFFICIENT_FUNDS,CUSTOMER,0,NO_ACTION,STOP,0.0,STOPPED,0.0,NO_RECOVERY_ATTEMPTED,0
PAY_005542,1010,NETWORK_ERROR,TEMPORARY,0,NO_ACTION,STOP,0.0,STOPPED,0.0,NO_RECOVERY_ATTEMPTED,0
PAY_006173,283,PAYMENT_EXPIRED,HARD,0,NO_ACTION,STOP,0.0,STOPPED,0.0,NO_RECOVERY_ATTEMPTED,0
PAY_001541,1557,UPI_TECHNICAL_ERROR,TEMPORARY,0,NO_ACTION,STOP,0.0,STOPPED,0.0,NO_RECOVERY_ATTEMPTED,0
PAY_009410,99,BANK_TIMEOUT,TEMPORARY,0,NO_ACTION,STOP,0.0,STOPPED,0.0,NO_RECOVERY_ATTEMPTED,0
PAY_002682,1324,LIMIT_EXCEEDED,CUSTOMER,0,NO_ACTION,STOP,0.0,STOPPED,0.0,NO_RECOVERY_ATTEMPTED,0
PAY_009883,99,UPI_TECHNICAL_ERROR,TEMPORARY,0,NO_ACTION,STOP,0.0,STOPPED,0.0,NO_RECOVERY_ATTEMPTED,0
PAY_006314,1348,UPI_TECHNICAL_ERROR,TEMPORARY,0,NO_ACTION,STOP,0.0,STOPPED,0.0,NO_RECOVERY_ATTEMPTED,0
PAY_001192,435,UPI_TECHNICAL_ERROR,TEMPORARY,0,NO_ACTION,STOP,0.0,STOPPED,0.0,NO_RECOVERY_ATTEMPTED,0
PAY_005294,414,LIMIT_EXCEEDED,CUSTOMER,0,NO_ACTION,STOP,0.0,STOPPED,0.0,NO_RECOVERY_ATTEMPTED,0
PAY_001543,6194,INVALID_ACCOUNT,HARD,0,NO_ACTION,STOP,0.0,STOPPED,0.0,NO_RECOVERY_ATTEMPTED,0
PAY_007057,5146,BANK_TIMEOUT,TEMPORARY,0,NO_ACTION,STOP,0.0,STOPPED,0.0,NO_RECOVERY_ATTEMPTED,0
PAY_002540,99,LIMIT_EXCEEDED,CUSTOMER,0,NO_ACTION,STOP,0.0,STOPPED,0.0,NO_RECOVERY_ATTEMPTED,0
PAY_000954,1525,INVALID_ACCOUNT,HARD,0,NO_ACTION,STOP,0.0,STOPPED,0.0,NO_RECOVERY_ATTEMPTED,0
PAY_007242,1327,GATEWAY_TIMEOUT,TEMPORARY,0,NO_ACTION,STOP,0.0,STOPPED,0.0,NO_RECOVERY_ATTEMPTED,0
PAY_006732,1158,BANK_TIMEOUT,TEMPORARY,0,NO_ACTION,STOP,0.0,STOPPED,0.0,NO_RECOVERY_ATTEMPTED,0
PAY_004847,2382,GATEWAY_TIMEOUT,TEMPORARY,0,NO_ACTION,STOP,0.0,STOPPED,0.0,NO_RECOVERY_ATTEMPTED,0
PAY_006802,1248,UPI_TECHNICAL_ERROR,TEMPORARY,0,NO_ACTION,STOP,0.0,STOPPED,0.0,NO_RECOVERY_ATTEMPTED,0
PAY_008011,226,BANK_TIMEOUT,TEMPORARY,0,NO_ACTION,STOP,0.0,STOPPED,0.0,NO_RECOVERY_ATTEMPTED,0
PAY_004331,347,INSUFFICIENT_FUNDS,CUSTOMER,0,NO_ACTION,STOP,0.0,STOPPED,0.0,NO_RECOVERY_ATTEMPTED,0
PAY_008925,1027,GATEWAY_TIMEOUT,TEMPORARY,0,NO_ACTION,STOP,0.0,STOPPED,0.0,NO_RECOVERY_ATTEMPTED,0
PAY_005335,2428,GATEWAY_TIMEOUT,TEMPORARY,0,NO_ACTION,STOP,0.0,STOPPED,0.0,NO_RECOVERY_ATTEMPTED,0
PAY_007331,4777,BANK_TIMEOUT,TEMPORARY,0,NO_ACTION,STOP,0.0,STOPPED,0.0,NO_RECOVERY_ATTEMPTED,0
PAY_009349,248,NETWORK_ERROR,TEMPORARY,0,NO_ACTION,STOP,0.0,STOPPED,0.0,NO_RECOVERY_ATTEMPTED,0
PAY_004730,726,GATEWAY_TIMEOUT,TEMPORARY,0,NO_ACTION,STOP,0.0,STOPPED,0.0,NO_RECOVERY_ATTEMPTED,0
PAY_006542,99,AUTHENTICATION_FAILED,CUSTOMER,0,NO_ACTION,STOP,0.0,STOPPED,0.0,NO_RECOVERY_ATTEMPTED,0
PAY_005306,110,BANK_TIMEOUT,TEMPORARY,0,NO_ACTION,STOP,0.0,STOPPED,0.0,NO_RECOVERY_ATTEMPTED,0
PAY_005162,320,BANK_TIMEOUT,TEMPORARY,0,NO_ACTION,STOP,0.0,STOPPED,0.0,NO_RECOVERY_ATTEMPTED,0
PAY_007861,553,LIMIT_EXCEEDED,CUSTOMER,0,NO_ACTION,STOP,0.0,STOPPED,0.0,NO_RECOVERY_ATTEMPTED,0
PAY_002157,1897,BANK_TIMEOUT,TEMPORARY,0,NO_ACTION,STOP,0.0,STOPPED,0.0,NO_RECOVERY_ATTEMPTED,0
PAY_001063,1599,LIMIT_EXCEEDED,CUSTOMER,0,NO_ACTION,STOP,0.0,STOPPED,0.0,NO_RECOVERY_ATTEMPTED,0
PAY_001168,396,NETWORK_ERROR,TEMPORARY,0,NO_ACTION,STOP,0.0,STOPPED,0.0,NO_RECOVERY_ATTEMPTED,0
PAY_003637,441,INVALID_ACCOUNT,HARD,0,NO_ACTION,STOP,0.0,STOPPED,0.0,NO_RECOVERY_ATTEMPTED,0
PAY_007652,653,AUTHENTICATION_FAILED,CUSTOMER,0,NO_ACTION,STOP,0.0,STOPPED,0.0,NO_RECOVERY_ATTEMPTED,0
PAY_005589,356,UPI_TECHNICAL_ERROR,TEMPORARY,0,NO_ACTION,STOP,0.0,STOPPED,0.0,NO_RECOVERY_ATTEMPTED,0
PAY_007193,2066,GATEWAY_TIMEOUT,TEMPORARY,0,NO_ACTION,STOP,0.0,STOPPED,0.0,NO_RECOVERY_ATTEMPTED,0
PAY_004492,1447,INSUFFICIENT_FUNDS,CUSTOMER,0,NO_ACTION,STOP,0.0,STOPPED,0.0,NO_RECOVERY_ATTEMPTED,0
PAY_007267,986,CARD_EXPIRED,CUSTOMER,0,NO_ACTION,STOP,0.0,STOPPED,0.0,NO_RECOVERY_ATTEMPTED,0
PAY_004981,125,BANK_TIMEOUT,TEMPORARY,0,NO_ACTION,STOP,0.0,STOPPED,0.0,NO_RECOVERY_ATTEMPTED,0
PAY_008336,484,GATEWAY_TIMEOUT,TEMPORARY,0,NO_ACTION,STOP,0.0,STOPPED,0.0,NO_RECOVERY_ATTEMPTED,0
PAY_009953,1074,GATEWAY_TIMEOUT,TEMPORARY,0,NO_ACTION,STOP,0.0,STOPPED,0.0,NO_RECOVERY_ATTEMPTED,0
PAY_004947,350,GATEWAY_TIMEOUT,TEMPORARY,0,NO_ACTION,STOP,0.0,STOPPED,0.0,NO_RECOVERY_ATTEMPTED,0
PAY_002783,362,GATEWAY_TIMEOUT,TEMPORARY,0,NO_ACTION,STOP,0.0,STOPPED,0.0,NO_RECOVERY_ATTEMPTED,0
PAY_000718,550,BLOCKED_METHOD,HARD,0,NO_ACTION,STOP,0.0,STOPPED,0.0,NO_RECOVERY_ATTEMPTED,0
PAY_002503,613,UPI_TECHNICAL_ERROR,TEMPORARY,0,NO_ACTION,STOP,0.0,STOPPED,0.0,NO_RECOVERY_ATTEMPTED,0
PAY_004361,290,AUTHENTICATION_FAILED,CUSTOMER,0,NO_ACTION,STOP,0.0,STOPPED,0.0,NO_RECOVERY_ATTEMPTED,0
PAY_004172,3677,NETWORK_ERROR,TEMPORARY,0,NO_ACTION,STOP,0.0,STOPPED,0.0,NO_RECOVERY_ATTEMPTED,0
PAY_008083,283,GATEWAY_TIMEOUT,TEMPORARY,0,NO_ACTION,STOP,0.0,STOPPED,0.0,NO_RECOVERY_ATTEMPTED,0
PAY_009761,208,AUTHENTICATION_FAILED,CUSTOMER,0,NO_ACTION,STOP,0.0,STOPPED,0.0,NO_RECOVERY_ATTEMPTED,0
PAY_000396,559,NETWORK_ERROR,TEMPORARY,0,NO_ACTION,STOP,0.0,STOPPED,0.0,NO_RECOVERY_ATTEMPTED,0
PAY_007187,1970,CARD_EXPIRED,CUSTOMER,0,NO_ACTION,STOP,0.0,STOPPED,0.0,NO_RECOVERY_ATTEMPTED,0
PAY_009823,393,CARD_EXPIRED,CUSTOMER,0,NO_ACTION,STOP,0.0,STOPPED,0.0,NO_RECOVERY_ATTEMPTED,0
PAY_004493,120,BANK_TIMEOUT,TEMPORARY,0,NO_ACTION,STOP,0.0,STOPPED,0.0,NO_RECOVERY_ATTEMPTED,0
PAY_001366,1650,LIMIT_EXCEEDED,CUSTOMER,0,NO_ACTION,STOP,0.0,STOPPED,0.0,NO_RECOVERY_ATTEMPTED,0
PAY_009527,370,BANK_TIMEOUT,TEMPORARY,0,NO_ACTION,STOP,0.0,STOPPED,0.0,NO_RECOVERY_ATTEMPTED,0
PAY_008788,802,GATEWAY_TIMEOUT,TEMPORARY,0,NO_ACTION,STOP,0.0,STOPPED,0.0,NO_RECOVERY_ATTEMPTED,0
PAY_005918,311,PAYMENT_EXPIRED,HARD,0,NO_ACTION,STOP,0.0,STOPPED,0.0,NO_RECOVERY_ATTEMPTED,0
PAY_004969,136,GATEWAY_TIMEOUT,TEMPORARY,0,NO_ACTION,STOP,0.0,STOPPED,0.0,NO_RECOVERY_ATTEMPTED,0
PAY_002915,3619,LIMIT_EXCEEDED,CUSTOMER,0,NO_ACTION,STOP,0.0,STOPPED,0.0,NO_RECOVERY_ATTEMPTED,0
PAY_005645,151,AUTHENTICATION_FAILED,CUSTOMER,0,NO_ACTION,STOP,0.0,STOPPED,0.0,NO_RECOVERY_ATTEMPTED,0
PAY_003767,427,INSUFFICIENT_FUNDS,CUSTOMER,0,NO_ACTION,STOP,0.0,STOPPED,0.0,NO_RECOVERY_ATTEMPTED,0
PAY_003441,632,NETWORK_ERROR,TEMPORARY,0,NO_ACTION,STOP,0.0,STOPPED,0.0,NO_RECOVERY_ATTEMPTED,0
PAY_007358,3120,LIMIT_EXCEEDED,CUSTOMER,0,NO_ACTION,STOP,0.0,STOPPED,0.0,NO_RECOVERY_ATTEMPTED,0
PAY_006807,12435,LIMIT_EXCEEDED,CUSTOMER,0,NO_ACTION,STOP,0.0,STOPPED,0.0,NO_RECOVERY_ATTEMPTED,0
PAY_002144,9946,NETWORK_ERROR,TEMPORARY,0,NO_ACTION,STOP,0.0,STOPPED,0.0,NO_RECOVERY_ATTEMPTED,0
PAY_005105,445,NETWORK_ERROR,TEMPORARY,0,NO_ACTION,STOP,0.0,STOPPED,0.0,NO_RECOVERY_ATTEMPTED,0
PAY_005074,718,NETWORK_ERROR,TEMPORARY,0,NO_ACTION,STOP,0.0,STOPPED,0.0,NO_RECOVERY_ATTEMPTED,0
PAY_001572,280,INSUFFICIENT_FUNDS,CUSTOMER,0,NO_ACTION,STOP,0.0,STOPPED,0.0,NO_RECOVERY_ATTEMPTED,0
PAY_004080,213,LIMIT_EXCEEDED,CUSTOMER,0,NO_ACTION,STOP,0.0,STOPPED,0.0,NO_RECOVERY_ATTEMPTED,0
PAY_001123,177,BANK_TIMEOUT,TEMPORARY,0,NO_ACTION,STOP,0.0,STOPPED,0.0,NO_RECOVERY_ATTEMPTED,0
PAY_002787,4422,BLOCKED_METHOD,HARD,0,NO_ACTION,STOP,0.0,STOPPED,0.0,NO_RECOVERY_ATTEMPTED,0
PAY_002968,364,BANK_TIMEOUT,TEMPORARY,0,NO_ACTION,STOP,0.0,STOPPED,0.0,NO_RECOVERY_ATTEMPTED,0
PAY_002505,151,GATEWAY_TIMEOUT,TEMPORARY,0,NO_ACTION,STOP,0.0,STOPPED,0.0,NO_RECOVERY_ATTEMPTED,0
PAY_005989,1594,BANK_TIMEOUT,TEMPORARY,0,NO_ACTION,STOP,0.0,STOPPED,0.0,NO_RECOVERY_ATTEMPTED,0
PAY_008868,101,UPI_TECHNICAL_ERROR,TEMPORARY,0,NO_ACTION,STOP,0.0,STOPPED,0.0,NO_RECOVERY_ATTEMPTED,0
PAY_007165,305,NETWORK_ERROR,TEMPORARY,0,NO_ACTION,STOP,0.0,STOPPED,0.0,NO_RECOVERY_ATTEMPTED,0
PAY_000729,472,CARD_EXPIRED,CUSTOMER,0,NO_ACTION,STOP,0.0,STOPPED,0.0,NO_RECOVERY_ATTEMPTED,0
PAY_007588,344,GATEWAY_TIMEOUT,TEMPORARY,0,NO_ACTION,STOP,0.0,STOPPED,0.0,NO_RECOVERY_ATTEMPTED,0
PAY_007544,269,GATEWAY_TIMEOUT,TEMPORARY,0,NO_ACTION,STOP,0.0,STOPPED,0.0,NO_RECOVERY_ATTEMPTED,0
PAY_000413,554,LIMIT_EXCEEDED,CUSTOMER,0,NO_ACTION,STOP,0.0,STOPPED,0.0,NO_RECOVERY_ATTEMPTED,0
PAY_005746,1204,INSUFFICIENT_FUNDS,CUSTOMER,0,NO_ACTION,STOP,0.0,STOPPED,0.0,NO_RECOVERY_ATTEMPTED,0
PAY_007669,2212,CUSTOMER_DECLINED,HARD,0,NO_ACTION,STOP,0.0,STOPPED,0.0,NO_RECOVERY_ATTEMPTED,0
PAY_000826,11172,PAYMENT_EXPIRED,HARD,0,NO_ACTION,STOP,0.0,STOPPED,0.0,NO_RECOVERY_ATTEMPTED,0
PAY_003268,583,GATEWAY_TIMEOUT,TEMPORARY,0,NO_ACTION,STOP,0.0,STOPPED,0.0,NO_RECOVERY_ATTEMPTED,0
PAY_003975,680,BANK_TIMEOUT,TEMPORARY,0,NO_ACTION,STOP,0.0,STOPPED,0.0,NO_RECOVERY_ATTEMPTED,0
PAY_008809,603,CARD_EXPIRED,CUSTOMER,0,NO_ACTION,STOP,0.0,STOPPED,0.0,NO_RECOVERY_ATTEMPTED,0
PAY_008307,714,NETWORK_ERROR,TEMPORARY,0,NO_ACTION,STOP,0.0,STOPPED,0.0,NO_RECOVERY_ATTEMPTED,0
PAY_000418,571,INSUFFICIENT_FUNDS,CUSTOMER,0,NO_ACTION,STOP,0.0,STOPPED,0.0,NO_RECOVERY_ATTEMPTED,0
PAY_006749,567,BANK_TIMEOUT,TEMPORARY,0,NO_ACTION,STOP,0.0,STOPPED,0.0,NO_RECOVERY_ATTEMPTED,0
PAY_008968,224,GATEWAY_TIMEOUT,TEMPORARY,0,NO_ACTION,STOP,0.0,STOPPED,0.0,NO_RECOVERY_ATTEMPTED,0
PAY_002083,1126,INSUFFICIENT_FUNDS,CUSTOMER,0,NO_ACTION,STOP,0.0,STOPPED,0.0,NO_RECOVERY_ATTEMPTED,0
PAY_008946,99,INSUFFICIENT_FUNDS,CUSTOMER,0,NO_ACTION,STOP,0.0,STOPPED,0.0,NO_RECOVERY_ATTEMPTED,0
PAY_003374,587,BANK_TIMEOUT,TEMPORARY,0,NO_ACTION,STOP,0.0,STOPPED,0.0,NO_RECOVERY_ATTEMPTED,0
PAY_005727,3981,BLOCKED_METHOD,HARD,0,NO_ACTION,STOP,0.0,STOPPED,0.0,NO_RECOVERY_ATTEMPTED,0
PAY_004108,206,BANK_TIMEOUT,TEMPORARY,0,NO_ACTION,STOP,0.0,STOPPED,0.0,NO_RECOVERY_ATTEMPTED,0
PAY_004381,2606,NETWORK_ERROR,TEMPORARY,0,NO_ACTION,STOP,0.0,STOPPED,0.0,NO_RECOVERY_ATTEMPTED,0
PAY_007724,838,BANK_TIMEOUT,TEMPORARY,0,NO_ACTION,STOP,0.0,STOPPED,0.0,NO_RECOVERY_ATTEMPTED,0
PAY_001067,171,BANK_TIMEOUT,TEMPORARY,0,NO_ACTION,STOP,0.0,STOPPED,0.0,NO_RECOVERY_ATTEMPTED,0
PAY_003914,380,BANK_TIMEOUT,TEMPORARY,0,NO_ACTION,STOP,0.0,STOPPED,0.0,NO_RECOVERY_ATTEMPTED,0
PAY_005537,11575,INSUFFICIENT_FUNDS,CUSTOMER,0,NO_ACTION,STOP,0.0,STOPPED,0.0,NO_RECOVERY_ATTEMPTED,0
PAY_008003,643,GATEWAY_TIMEOUT,TEMPORARY,0,NO_ACTION,STOP,0.0,STOPPED,0.0,NO_RECOVERY_ATTEMPTED,0
PAY_005388,255,INSUFFICIENT_FUNDS,CUSTOMER,0,NO_ACTION,STOP,0.0,STOPPED,0.0,NO_RECOVERY_ATTEMPTED,0
PAY_005733,311,LIMIT_EXCEEDED,CUSTOMER,0,NO_ACTION,STOP,0.0,STOPPED,0.0,NO_RECOVERY_ATTEMPTED,0
PAY_002739,599,UPI_TECHNICAL_ERROR,TEMPORARY,0,NO_ACTION,STOP,0.0,STOPPED,0.0,NO_RECOVERY_ATTEMPTED,0
PAY_005053,234,INSUFFICIENT_FUNDS,CUSTOMER,0,NO_ACTION,STOP,0.0,STOPPED,0.0,NO_RECOVERY_ATTEMPTED,0
PAY_004001,197,NETWORK_ERROR,TEMPORARY,0,NO_ACTION,STOP,0.0,STOPPED,0.0,NO_RECOVERY_ATTEMPTED,0
PAY_002428,356,GATEWAY_TIMEOUT,TEMPORARY,0,NO_ACTION,STOP,0.0,STOPPED,0.0,NO_RECOVERY_ATTEMPTED,0
PAY_006834,1802,PAYMENT_EXPIRED,HARD,0,NO_ACTION,STOP,0.0,STOPPED,0.0,NO_RECOVERY_ATTEMPTED,0
PAY_001688,906,INSUFFICIENT_FUNDS,CUSTOMER,0,NO_ACTION,STOP,0.0,STOPPED,0.0,NO_RECOVERY_ATTEMPTED,0
PAY_000852,4733,BANK_TIMEOUT,TEMPORARY,0,NO_ACTION,STOP,0.0,STOPPED,0.0,NO_RECOVERY_ATTEMPTED,0
PAY_006304,946,INSUFFICIENT_FUNDS,CUSTOMER,0,NO_ACTION,STOP,0.0,STOPPED,0.0,NO_RECOVERY_ATTEMPTED,0
PAY_009088,121,GATEWAY_TIMEOUT,TEMPORARY,0,NO_ACTION,STOP,0.0,STOPPED,0.0,NO_RECOVERY_ATTEMPTED,0
PAY_005879,2455,GATEWAY_TIMEOUT,TEMPORARY,0,NO_ACTION,STOP,0.0,STOPPED,0.0,NO_RECOVERY_ATTEMPTED,0
PAY_008528,435,INSUFFICIENT_FUNDS,CUSTOMER,0,NO_ACTION,STOP,0.0,STOPPED,0.0,NO_RECOVERY_ATTEMPTED,0
PAY_002840,4857,CARD_EXPIRED,CUSTOMER,0,NO_ACTION,STOP,0.0,STOPPED,0.0,NO_RECOVERY_ATTEMPTED,0
PAY_004612,99,AUTHENTICATION_FAILED,CUSTOMER,0,NO_ACTION,STOP,0.0,STOPPED,0.0,NO_RECOVERY_ATTEMPTED,0
PAY_009541,266,BLOCKED_METHOD,HARD,0,NO_ACTION,STOP,0.0,STOPPED,0.0,NO_RECOVERY_ATTEMPTED,0
PAY_009208,486,BLOCKED_METHOD,HARD,0,NO_ACTION,STOP,0.0,STOPPED,0.0,NO_RECOVERY_ATTEMPTED,0
PAY_002490,912,CARD_EXPIRED,CUSTOMER,0,NO_ACTION,STOP,0.0,STOPPED,0.0,NO_RECOVERY_ATTEMPTED,0
PAY_006906,718,INSUFFICIENT_FUNDS,CUSTOMER,0,NO_ACTION,STOP,0.0,STOPPED,0.0,NO_RECOVERY_ATTEMPTED,0
PAY_007391,1427,INSUFFICIENT_FUNDS,CUSTOMER,0,NO_ACTION,STOP,0.0,STOPPED,0.0,NO_RECOVERY_ATTEMPTED,0
PAY_002850,632,NETWORK_ERROR,TEMPORARY,0,NO_ACTION,STOP,0.0,STOPPED,0.0,NO_RECOVERY_ATTEMPTED,0
PAY_006666,265,AUTHENTICATION_FAILED,CUSTOMER,0,NO_ACTION,STOP,0.0,STOPPED,0.0,NO_RECOVERY_ATTEMPTED,0
PAY_005882,459,CUSTOMER_DECLINED,HARD,0,NO_ACTION,STOP,0.0,STOPPED,0.0,NO_RECOVERY_ATTEMPTED,0
PAY_004453,3505,UPI_TECHNICAL_ERROR,TEMPORARY,0,NO_ACTION,STOP,0.0,STOPPED,0.0,NO_RECOVERY_ATTEMPTED,0
PAY_007422,110,LIMIT_EXCEEDED,CUSTOMER,0,NO_ACTION,STOP,0.0,STOPPED,0.0,NO_RECOVERY_ATTEMPTED,0
PAY_006485,1799,AUTHENTICATION_FAILED,CUSTOMER,0,NO_ACTION,STOP,0.0,STOPPED,0.0,NO_RECOVERY_ATTEMPTED,0
PAY_002480,1003,GATEWAY_TIMEOUT,TEMPORARY,0,NO_ACTION,STOP,0.0,STOPPED,0.0,NO_RECOVERY_ATTEMPTED,0
PAY_006618,717,INSUFFICIENT_FUNDS,CUSTOMER,0,NO_ACTION,STOP,0.0,STOPPED,0.0,NO_RECOVERY_ATTEMPTED,0
PAY_002142,24420,GATEWAY_TIMEOUT,TEMPORARY,0,NO_ACTION,STOP,0.0,STOPPED,0.0,NO_RECOVERY_ATTEMPTED,0
PAY_005189,99,GATEWAY_TIMEOUT,TEMPORARY,0,NO_ACTION,STOP,0.0,STOPPED,0.0,NO_RECOVERY_ATTEMPTED,0
PAY_009705,326,GATEWAY_TIMEOUT,TEMPORARY,0,NO_ACTION,STOP,0.0,STOPPED,0.0,NO_RECOVERY_ATTEMPTED,0
PAY_002745,622,INSUFFICIENT_FUNDS,CUSTOMER,0,NO_ACTION,STOP,0.0,STOPPED,0.0,NO_RECOVERY_ATTEMPTED,0
PAY_007254,519,AUTHENTICATION_FAILED,CUSTOMER,0,NO_ACTION,STOP,0.0,STOPPED,0.0,NO_RECOVERY_ATTEMPTED,0
PAY_003507,2026,GATEWAY_TIMEOUT,TEMPORARY,0,NO_ACTION,STOP,0.0,STOPPED,0.0,NO_RECOVERY_ATTEMPTED,0
PAY_001680,7438,BLOCKED_METHOD,HARD,0,NO_ACTION,STOP,0.0,STOPPED,0.0,NO_RECOVERY_ATTEMPTED,0
PAY_004250,5221,GATEWAY_TIMEOUT,TEMPORARY,0,NO_ACTION,STOP,0.0,STOPPED,0.0,NO_RECOVERY_ATTEMPTED,0
PAY_003148,239,GATEWAY_TIMEOUT,TEMPORARY,0,NO_ACTION,STOP,0.0,STOPPED,0.0,NO_RECOVERY_ATTEMPTED,0
PAY_008131,174,GATEWAY_TIMEOUT,TEMPORARY,0,NO_ACTION,STOP,0.0,STOPPED,0.0,NO_RECOVERY_ATTEMPTED,0
PAY_007005,3729,BANK_TIMEOUT,TEMPORARY,0,NO_ACTION,STOP,0.0,STOPPED,0.0,NO_RECOVERY_ATTEMPTED,0
PAY_000581,1454,INSUFFICIENT_FUNDS,CUSTOMER,0,NO_ACTION,STOP,0.0,STOPPED,0.0,NO_RECOVERY_ATTEMPTED,0
PAY_004071,969,LIMIT_EXCEEDED,CUSTOMER,0,NO_ACTION,STOP,0.0,STOPPED,0.0,NO_RECOVERY_ATTEMPTED,0
PAY_003344,3032,AUTHENTICATION_FAILED,CUSTOMER,0,NO_ACTION,STOP,0.0,STOPPED,0.0,NO_RECOVERY_ATTEMPTED,0
PAY_007405,2209,INSUFFICIENT_FUNDS,CUSTOMER,0,NO_ACTION,STOP,0.0,STOPPED,0.0,NO_RECOVERY_ATTEMPTED,0
PAY_003673,306,BANK_TIMEOUT,TEMPORARY,0,NO_ACTION,STOP,0.0,STOPPED,0.0,NO_RECOVERY_ATTEMPTED,0
PAY_000560,1284,INVALID_ACCOUNT,HARD,0,NO_ACTION,STOP,0.0,STOPPED,0.0,NO_RECOVERY_ATTEMPTED,0
PAY_005238,1672,CUSTOMER_DECLINED,HARD,0,NO_ACTION,STOP,0.0,STOPPED,0.0,NO_RECOVERY_ATTEMPTED,0
PAY_007806,506,UPI_TECHNICAL_ERROR,TEMPORARY,0,NO_ACTION,STOP,0.0,STOPPED,0.0,NO_RECOVERY_ATTEMPTED,0
PAY_000513,7824,CARD_EXPIRED,CUSTOMER,0,NO_ACTION,STOP,0.0,STOPPED,0.0,NO_RECOVERY_ATTEMPTED,0
PAY_001082,105,BANK_TIMEOUT,TEMPORARY,0,NO_ACTION,STOP,0.0,STOPPED,0.0,NO_RECOVERY_ATTEMPTED,0
PAY_001665,1203,INSUFFICIENT_FUNDS,CUSTOMER,0,NO_ACTION,STOP,0.0,STOPPED,0.0,NO_RECOVERY_ATTEMPTED,0
PAY_009205,3486,GATEWAY_TIMEOUT,TEMPORARY,0,NO_ACTION,STOP,0.0,STOPPED,0.0,NO_RECOVERY_ATTEMPTED,0
PAY_001932,783,INSUFFICIENT_FUNDS,CUSTOMER,0,NO_ACTION,STOP,0.0,STOPPED,0.0,NO_RECOVERY_ATTEMPTED,0
PAY_009667,690,LIMIT_EXCEEDED,CUSTOMER,0,NO_ACTION,STOP,0.0,STOPPED,0.0,NO_RECOVERY_ATTEMPTED,0
PAY_001151,458,NETWORK_ERROR,TEMPORARY,0,NO_ACTION,STOP,0.0,STOPPED,0.0,NO_RECOVERY_ATTEMPTED,0
PAY_002839,1435,BANK_TIMEOUT,TEMPORARY,0,NO_ACTION,STOP,0.0,STOPPED,0.0,NO_RECOVERY_ATTEMPTED,0
PAY_005950,3273,BANK_TIMEOUT,TEMPORARY,0,NO_ACTION,STOP,0.0,STOPPED,0.0,NO_RECOVERY_ATTEMPTED,0
PAY_008309,917,CUSTOMER_DECLINED,HARD,0,NO_ACTION,STOP,0.0,STOPPED,0.0,NO_RECOVERY_ATTEMPTED,0
PAY_008933,310,GATEWAY_TIMEOUT,TEMPORARY,0,NO_ACTION,STOP,0.0,STOPPED,0.0,NO_RECOVERY_ATTEMPTED,0
PAY_009789,432,BANK_TIMEOUT,TEMPORARY,0,NO_ACTION,STOP,0.0,STOPPED,0.0,NO_RECOVERY_ATTEMPTED,0
PAY_005178,666,UPI_TECHNICAL_ERROR,TEMPORARY,0,NO_ACTION,STOP,0.0,STOPPED,0.0,NO_RECOVERY_ATTEMPTED,0
PAY_000831,671,NETWORK_ERROR,TEMPORARY,0,NO_ACTION,STOP,0.0,STOPPED,0.0,NO_RECOVERY_ATTEMPTED,0
PAY_008312,398,INSUFFICIENT_FUNDS,CUSTOMER,0,NO_ACTION,STOP,0.0,STOPPED,0.0,NO_RECOVERY_ATTEMPTED,0
PAY_004753,246,INSUFFICIENT_FUNDS,CUSTOMER,0,NO_ACTION,STOP,0.0,STOPPED,0.0,NO_RECOVERY_ATTEMPTED,0
PAY_009851,2002,UPI_TECHNICAL_ERROR,TEMPORARY,0,NO_ACTION,STOP,0.0,STOPPED,0.0,NO_RECOVERY_ATTEMPTED,0
PAY_000636,463,BANK_TIMEOUT,TEMPORARY,0,NO_ACTION,STOP,0.0,STOPPED,0.0,NO_RECOVERY_ATTEMPTED,0
PAY_004466,3323,LIMIT_EXCEEDED,CUSTOMER,0,NO_ACTION,STOP,0.0,STOPPED,0.0,NO_RECOVERY_ATTEMPTED,0
PAY_006800,354,BANK_TIMEOUT,TEMPORARY,0,NO_ACTION,STOP,0.0,STOPPED,0.0,NO_RECOVERY_ATTEMPTED,0
PAY_007988,313,INSUFFICIENT_FUNDS,CUSTOMER,0,NO_ACTION,STOP,0.0,STOPPED,0.0,NO_RECOVERY_ATTEMPTED,0
PAY_007080,1701,NETWORK_ERROR,TEMPORARY,0,NO_ACTION,STOP,0.0,STOPPED,0.0,NO_RECOVERY_ATTEMPTED,0
PAY_006967,660,LIMIT_EXCEEDED,CUSTOMER,0,NO_ACTION,STOP,0.0,STOPPED,0.0,NO_RECOVERY_ATTEMPTED,0
PAY_004143,703,GATEWAY_TIMEOUT,TEMPORARY,0,NO_ACTION,STOP,0.0,STOPPED,0.0,NO_RECOVERY_ATTEMPTED,0
PAY_007028,230,BANK_TIMEOUT,TEMPORARY,0,NO_ACTION,STOP,0.0,STOPPED,0.0,NO_RECOVERY_ATTEMPTED,0
PAY_009184,793,INSUFFICIENT_FUNDS,CUSTOMER,0,NO_ACTION,STOP,0.0,STOPPED,0.0,NO_RECOVERY_ATTEMPTED,0
PAY_000877,1920,BANK_TIMEOUT,TEMPORARY,0,NO_ACTION,STOP,0.0,STOPPED,0.0,NO_RECOVERY_ATTEMPTED,0
PAY_004870,889,CUSTOMER_DECLINED,HARD,0,NO_ACTION,STOP,0.0,STOPPED,0.0,NO_RECOVERY_ATTEMPTED,0
PAY_005316,832,BANK_TIMEOUT,TEMPORARY,0,NO_ACTION,STOP,0.0,STOPPED,0.0,NO_RECOVERY_ATTEMPTED,0
PAY_005223,253,CARD_EXPIRED,CUSTOMER,0,NO_ACTION,STOP,0.0,STOPPED,0.0,NO_RECOVERY_ATTEMPTED,0
PAY_000005,1945,NETWORK_ERROR,TEMPORARY,0,NO_ACTION,STOP,0.0,STOPPED,0.0,NO_RECOVERY_ATTEMPTED,0
PAY_003052,517,BANK_TIMEOUT,TEMPORARY,0,NO_ACTION,STOP,0.0,STOPPED,0.0,NO_RECOVERY_ATTEMPTED,0
PAY_005692,1100,NETWORK_ERROR,TEMPORARY,0,NO_ACTION,STOP,0.0,STOPPED,0.0,NO_RECOVERY_ATTEMPTED,0
PAY_003125,158,BANK_TIMEOUT,TEMPORARY,0,NO_ACTION,STOP,0.0,STOPPED,0.0,NO_RECOVERY_ATTEMPTED,0
PAY_002492,530,BANK_TIMEOUT,TEMPORARY,0,NO_ACTION,STOP,0.0,STOPPED,0.0,NO_RECOVERY_ATTEMPTED,0
PAY_003855,1475,BLOCKED_METHOD,HARD,0,NO_ACTION,STOP,0.0,STOPPED,0.0,NO_RECOVERY_ATTEMPTED,0
PAY_004778,465,CARD_EXPIRED,CUSTOMER,0,NO_ACTION,STOP,0.0,STOPPED,0.0,NO_RECOVERY_ATTEMPTED,0
PAY_007510,3499,GATEWAY_TIMEOUT,TEMPORARY,0,NO_ACTION,STOP,0.0,STOPPED,0.0,NO_RECOVERY_ATTEMPTED,0
PAY_006458,1550,UPI_TECHNICAL_ERROR,TEMPORARY,0,NO_ACTION,STOP,0.0,STOPPED,0.0,NO_RECOVERY_ATTEMPTED,0
PAY_006294,523,BANK_TIMEOUT,TEMPORARY,0,NO_ACTION,STOP,0.0,STOPPED,0.0,NO_RECOVERY_ATTEMPTED,0
PAY_001149,851,INSUFFICIENT_FUNDS,CUSTOMER,0,NO_ACTION,STOP,0.0,STOPPED,0.0,NO_RECOVERY_ATTEMPTED,0
PAY_000575,270,AUTHENTICATION_FAILED,CUSTOMER,0,NO_ACTION,STOP,0.0,STOPPED,0.0,NO_RECOVERY_ATTEMPTED,0
PAY_003770,2797,BANK_TIMEOUT,TEMPORARY,0,NO_ACTION,STOP,0.0,STOPPED,0.0,NO_RECOVERY_ATTEMPTED,0
PAY_004147,582,UPI_TECHNICAL_ERROR,TEMPORARY,0,NO_ACTION,STOP,0.0,STOPPED,0.0,NO_RECOVERY_ATTEMPTED,0
PAY_000854,1460,CARD_EXPIRED,CUSTOMER,0,NO_ACTION,STOP,0.0,STOPPED,0.0,NO_RECOVERY_ATTEMPTED,0
PAY_005920,292,NETWORK_ERROR,TEMPORARY,0,NO_ACTION,STOP,0.0,STOPPED,0.0,NO_RECOVERY_ATTEMPTED,0
PAY_009359,582,BANK_TIMEOUT,TEMPORARY,0,NO_ACTION,STOP,0.0,STOPPED,0.0,NO_RECOVERY_ATTEMPTED,0
PAY_006615,2507,BANK_TIMEOUT,TEMPORARY,0,NO_ACTION,STOP,0.0,STOPPED,0.0,NO_RECOVERY_ATTEMPTED,0
PAY_006003,557,BANK_TIMEOUT,TEMPORARY,0,NO_ACTION,STOP,0.0,STOPPED,0.0,NO_RECOVERY_ATTEMPTED,0
PAY_009164,743,GATEWAY_TIMEOUT,TEMPORARY,0,NO_ACTION,STOP,0.0,STOPPED,0.0,NO_RECOVERY_ATTEMPTED,0
PAY_004496,658,CARD_EXPIRED,CUSTOMER,0,NO_ACTION,STOP,0.0,STOPPED,0.0,NO_RECOVERY_ATTEMPTED,0
PAY_008174,1958,BLOCKED_METHOD,HARD,0,NO_ACTION,STOP,0.0,STOPPED,0.0,NO_RECOVERY_ATTEMPTED,0
PAY_006656,968,INSUFFICIENT_FUNDS,CUSTOMER,0,NO_ACTION,STOP,0.0,STOPPED,0.0,NO_RECOVERY_ATTEMPTED,0
PAY_002369,273,UPI_TECHNICAL_ERROR,TEMPORARY,0,NO_ACTION,STOP,0.0,STOPPED,0.0,NO_RECOVERY_ATTEMPTED,0
PAY_004781,2612,BANK_TIMEOUT,TEMPORARY,0,NO_ACTION,STOP,0.0,STOPPED,0.0,NO_RECOVERY_ATTEMPTED,0
PAY_007993,448,NETWORK_ERROR,TEMPORARY,0,NO_ACTION,STOP,0.0,STOPPED,0.0,NO_RECOVERY_ATTEMPTED,0
PAY_002951,255,BANK_TIMEOUT,TEMPORARY,0,NO_ACTION,STOP,0.0,STOPPED,0.0,NO_RECOVERY_ATTEMPTED,0
PAY_005626,167,INVALID_ACCOUNT,HARD,0,NO_ACTION,STOP,0.0,STOPPED,0.0,NO_RECOVERY_ATTEMPTED,0
PAY_006972,1020,INSUFFICIENT_FUNDS,CUSTOMER,0,NO_ACTION,STOP,0.0,STOPPED,0.0,NO_RECOVERY_ATTEMPTED,0
PAY_008717,150,INSUFFICIENT_FUNDS,CUSTOMER,0,NO_ACTION,STOP,0.0,STOPPED,0.0,NO_RECOVERY_ATTEMPTED,0
PAY_001842,1515,BANK_TIMEOUT,TEMPORARY,0,NO_ACTION,STOP,0.0,STOPPED,0.0,NO_RECOVERY_ATTEMPTED,0
PAY_005987,502,BANK_TIMEOUT,TEMPORARY,0,NO_ACTION,STOP,0.0,STOPPED,0.0,NO_RECOVERY_ATTEMPTED,0
PAY_000538,895,GATEWAY_TIMEOUT,TEMPORARY,0,NO_ACTION,STOP,0.0,STOPPED,0.0,NO_RECOVERY_ATTEMPTED,0
PAY_002807,601,BANK_TIMEOUT,TEMPORARY,0,NO_ACTION,STOP,0.0,STOPPED,0.0,NO_RECOVERY_ATTEMPTED,0
PAY_005802,1229,NETWORK_ERROR,TEMPORARY,0,NO_ACTION,STOP,0.0,STOPPED,0.0,NO_RECOVERY_ATTEMPTED,0
PAY_005597,589,INSUFFICIENT_FUNDS,CUSTOMER,0,NO_ACTION,STOP,0.0,STOPPED,0.0,NO_RECOVERY_ATTEMPTED,0
PAY_007207,1107,AUTHENTICATION_FAILED,CUSTOMER,0,NO_ACTION,STOP,0.0,STOPPED,0.0,NO_RECOVERY_ATTEMPTED,0
PAY_007344,4135,LIMIT_EXCEEDED,CUSTOMER,0,NO_ACTION,STOP,0.0,STOPPED,0.0,NO_RECOVERY_ATTEMPTED,0
PAY_007561,1800,INVALID_ACCOUNT,HARD,0,NO_ACTION,STOP,0.0,STOPPED,0.0,NO_RECOVERY_ATTEMPTED,0
PAY_008097,2184,GATEWAY_TIMEOUT,TEMPORARY,0,NO_ACTION,STOP,0.0,STOPPED,0.0,NO_RECOVERY_ATTEMPTED,0
PAY_000785,1549,BANK_TIMEOUT,TEMPORARY,0,NO_ACTION,STOP,0.0,STOPPED,0.0,NO_RECOVERY_ATTEMPTED,0
PAY_001410,313,NETWORK_ERROR,TEMPORARY,0,NO_ACTION,STOP,0.0,STOPPED,0.0,NO_RECOVERY_ATTEMPTED,0
PAY_000155,1334,GATEWAY_TIMEOUT,TEMPORARY,0,NO_ACTION,STOP,0.0,STOPPED,0.0,NO_RECOVERY_ATTEMPTED,0
PAY_007807,1154,CARD_EXPIRED,CUSTOMER,0,NO_ACTION,STOP,0.0,STOPPED,0.0,NO_RECOVERY_ATTEMPTED,0
PAY_003010,176,INSUFFICIENT_FUNDS,CUSTOMER,0,NO_ACTION,STOP,0.0,STOPPED,0.0,NO_RECOVERY_ATTEMPTED,0
PAY_001687,400,CARD_EXPIRED,CUSTOMER,0,NO_ACTION,STOP,0.0,STOPPED,0.0,NO_RECOVERY_ATTEMPTED,0
PAY_004015,496,NETWORK_ERROR,TEMPORARY,0,NO_ACTION,STOP,0.0,STOPPED,0.0,NO_RECOVERY_ATTEMPTED,0
PAY_007456,254,BANK_TIMEOUT,TEMPORARY,0,NO_ACTION,STOP,0.0,STOPPED,0.0,NO_RECOVERY_ATTEMPTED,0
PAY_003864,163,INSUFFICIENT_FUNDS,CUSTOMER,0,NO_ACTION,STOP,0.0,STOPPED,0.0,NO_RECOVERY_ATTEMPTED,0
PAY_002734,477,BANK_TIMEOUT,TEMPORARY,0,NO_ACTION,STOP,0.0,STOPPED,0.0,NO_RECOVERY_ATTEMPTED,0
PAY_001896,5499,AUTHENTICATION_FAILED,CUSTOMER,0,NO_ACTION,STOP,0.0,STOPPED,0.0,NO_RECOVERY_ATTEMPTED,0
PAY_005443,775,UPI_TECHNICAL_ERROR,TEMPORARY,0,NO_ACTION,STOP,0.0,STOPPED,0.0,NO_RECOVERY_ATTEMPTED,0
PAY_000570,792,PAYMENT_EXPIRED,HARD,0,NO_ACTION,STOP,0.0,STOPPED,0.0,NO_RECOVERY_ATTEMPTED,0
PAY_006710,960,LIMIT_EXCEEDED,CUSTOMER,0,NO_ACTION,STOP,0.0,STOPPED,0.0,NO_RECOVERY_ATTEMPTED,0
PAY_005855,4226,INSUFFICIENT_FUNDS,CUSTOMER,0,NO_ACTION,STOP,0.0,STOPPED,0.0,NO_RECOVERY_ATTEMPTED,0
PAY_001817,1467,BANK_TIMEOUT,TEMPORARY,0,NO_ACTION,STOP,0.0,STOPPED,0.0,NO_RECOVERY_ATTEMPTED,0
PAY_008320,1353,BANK_TIMEOUT,TEMPORARY,0,NO_ACTION,STOP,0.0,STOPPED,0.0,NO_RECOVERY_ATTEMPTED,0
PAY_003395,211,CARD_EXPIRED,CUSTOMER,0,NO_ACTION,STOP,0.0,STOPPED,0.0,NO_RECOVERY_ATTEMPTED,0
PAY_003328,99,BLOCKED_METHOD,HARD,0,NO_ACTION,STOP,0.0,STOPPED,0.0,NO_RECOVERY_ATTEMPTED,0
PAY_009983,794,BANK_TIMEOUT,TEMPORARY,0,NO_ACTION,STOP,0.0,STOPPED,0.0,NO_RECOVERY_ATTEMPTED,0
PAY_006103,536,CARD_EXPIRED,CUSTOMER,0,NO_ACTION,STOP,0.0,STOPPED,0.0,NO_RECOVERY_ATTEMPTED,0
PAY_002976,375,UPI_TECHNICAL_ERROR,TEMPORARY,0,NO_ACTION,STOP,0.0,STOPPED,0.0,NO_RECOVERY_ATTEMPTED,0
PAY_000981,1258,UPI_TECHNICAL_ERROR,TEMPORARY,0,NO_ACTION,STOP,0.0,STOPPED,0.0,NO_RECOVERY_ATTEMPTED,0
PAY_000191,742,AUTHENTICATION_FAILED,CUSTOMER,0,NO_ACTION,STOP,0.0,STOPPED,0.0,NO_RECOVERY_ATTEMPTED,0
PAY_009332,3391,BANK_TIMEOUT,TEMPORARY,0,NO_ACTION,STOP,0.0,STOPPED,0.0,NO_RECOVERY_ATTEMPTED,0
PAY_005089,3935,INSUFFICIENT_FUNDS,CUSTOMER,0,NO_ACTION,STOP,0.0,STOPPED,0.0,NO_RECOVERY_ATTEMPTED,0
PAY_000700,1118,AUTHENTICATION_FAILED,CUSTOMER,0,NO_ACTION,STOP,0.0,STOPPED,0.0,NO_RECOVERY_ATTEMPTED,0
PAY_009760,1960,CARD_EXPIRED,CUSTOMER,0,NO_ACTION,STOP,0.0,STOPPED,0.0,NO_RECOVERY_ATTEMPTED,0
PAY_000607,2624,BANK_TIMEOUT,TEMPORARY,0,NO_ACTION,STOP,0.0,STOPPED,0.0,NO_RECOVERY_ATTEMPTED,0
PAY_000302,99,CARD_EXPIRED,CUSTOMER,0,NO_ACTION,STOP,0.0,STOPPED,0.0,NO_RECOVERY_ATTEMPTED,0
PAY_003421,99,BANK_TIMEOUT,TEMPORARY,0,NO_ACTION,STOP,0.0,STOPPED,0.0,NO_RECOVERY_ATTEMPTED,0
PAY_009805,139,CARD_EXPIRED,CUSTOMER,0,NO_ACTION,STOP,0.0,STOPPED,0.0,NO_RECOVERY_ATTEMPTED,0
PAY_001061,1952,BANK_TIMEOUT,TEMPORARY,0,NO_ACTION,STOP,0.0,STOPPED,0.0,NO_RECOVERY_ATTEMPTED,0
PAY_003445,901,NETWORK_ERROR,TEMPORARY,0,NO_ACTION,STOP,0.0,STOPPED,0.0,NO_RECOVERY_ATTEMPTED,0
PAY_001070,2032,BLOCKED_METHOD,HARD,0,NO_ACTION,STOP,0.0,STOPPED,0.0,NO_RECOVERY_ATTEMPTED,0
PAY_002206,1064,CARD_EXPIRED,CUSTOMER,0,NO_ACTION,STOP,0.0,STOPPED,0.0,NO_RECOVERY_ATTEMPTED,0
PAY_009436,616,GATEWAY_TIMEOUT,TEMPORARY,0,NO_ACTION,STOP,0.0,STOPPED,0.0,NO_RECOVERY_ATTEMPTED,0
PAY_007340,261,UPI_TECHNICAL_ERROR,TEMPORARY,0,NO_ACTION,STOP,0.0,STOPPED,0.0,NO_RECOVERY_ATTEMPTED,0
PAY_008209,1317,INSUFFICIENT_FUNDS,CUSTOMER,0,NO_ACTION,STOP,0.0,STOPPED,0.0,NO_RECOVERY_ATTEMPTED,0
PAY_007680,1828,CARD_EXPIRED,CUSTOMER,0,NO_ACTION,STOP,0.0,STOPPED,0.0,NO_RECOVERY_ATTEMPTED,0
PAY_004643,278,UPI_TECHNICAL_ERROR,TEMPORARY,0,NO_ACTION,STOP,0.0,STOPPED,0.0,NO_RECOVERY_ATTEMPTED,0
PAY_007684,2098,GATEWAY_TIMEOUT,TEMPORARY,0,NO_ACTION,STOP,0.0,STOPPED,0.0,NO_RECOVERY_ATTEMPTED,0
PAY_009008,173,NETWORK_ERROR,TEMPORARY,0,NO_ACTION,STOP,0.0,STOPPED,0.0,NO_RECOVERY_ATTEMPTED,0
PAY_007997,431,NETWORK_ERROR,TEMPORARY,0,NO_ACTION,STOP,0.0,STOPPED,0.0,NO_RECOVERY_ATTEMPTED,0
PAY_005601,1553,UPI_TECHNICAL_ERROR,TEMPORARY,0,NO_ACTION,STOP,0.0,STOPPED,0.0,NO_RECOVERY_ATTEMPTED,0
PAY_009152,314,NETWORK_ERROR,TEMPORARY,0,NO_ACTION,STOP,0.0,STOPPED,0.0,NO_RECOVERY_ATTEMPTED,0
PAY_007023,1230,INVALID_ACCOUNT,HARD,0,NO_ACTION,STOP,0.0,STOPPED,0.0,NO_RECOVERY_ATTEMPTED,0
PAY_004894,4541,NETWORK_ERROR,TEMPORARY,0,NO_ACTION,STOP,0.0,STOPPED,0.0,NO_RECOVERY_ATTEMPTED,0
PAY_000226,1326,INVALID_ACCOUNT,HARD,0,NO_ACTION,STOP,0.0,STOPPED,0.0,NO_RECOVERY_ATTEMPTED,0
PAY_003355,310,BANK_TIMEOUT,TEMPORARY,0,NO_ACTION,STOP,0.0,STOPPED,0.0,NO_RECOVERY_ATTEMPTED,0
PAY_005896,233,BANK_TIMEOUT,TEMPORARY,0,NO_ACTION,STOP,0.0,STOPPED,0.0,NO_RECOVERY_ATTEMPTED,0
PAY_008755,721,NETWORK_ERROR,TEMPORARY,0,NO_ACTION,STOP,0.0,STOPPED,0.0,NO_RECOVERY_ATTEMPTED,0
PAY_003437,1118,CARD_EXPIRED,CUSTOMER,0,NO_ACTION,STOP,0.0,STOPPED,0.0,NO_RECOVERY_ATTEMPTED,0
PAY_001694,762,GATEWAY_TIMEOUT,TEMPORARY,0,NO_ACTION,STOP,0.0,STOPPED,0.0,NO_RECOVERY_ATTEMPTED,0
PAY_006894,505,PAYMENT_EXPIRED,HARD,0,NO_ACTION,STOP,0.0,STOPPED,0.0,NO_RECOVERY_ATTEMPTED,0
PAY_001046,1414,INVALID_ACCOUNT,HARD,0,NO_ACTION,STOP,0.0,STOPPED,0.0,NO_RECOVERY_ATTEMPTED,0
PAY_003447,2006,LIMIT_EXCEEDED,CUSTOMER,0,NO_ACTION,STOP,0.0,STOPPED,0.0,NO_RECOVERY_ATTEMPTED,0
PAY_008051,1696,UPI_TECHNICAL_ERROR,TEMPORARY,0,NO_ACTION,STOP,0.0,STOPPED,0.0,NO_RECOVERY_ATTEMPTED,0
PAY_009147,167,BANK_TIMEOUT,TEMPORARY,0,NO_ACTION,STOP,0.0,STOPPED,0.0,NO_RECOVERY_ATTEMPTED,0
PAY_009982,167,NETWORK_ERROR,TEMPORARY,0,NO_ACTION,STOP,0.0,STOPPED,0.0,NO_RECOVERY_ATTEMPTED,0
PAY_004736,675,NETWORK_ERROR,TEMPORARY,0,NO_ACTION,STOP,0.0,STOPPED,0.0,NO_RECOVERY_ATTEMPTED,0
PAY_004497,1029,NETWORK_ERROR,TEMPORARY,0,NO_ACTION,STOP,0.0,STOPPED,0.0,NO_RECOVERY_ATTEMPTED,0
PAY_001219,5111,INSUFFICIENT_FUNDS,CUSTOMER,0,NO_ACTION,STOP,0.0,STOPPED,0.0,NO_RECOVERY_ATTEMPTED,0
PAY_006016,334,INSUFFICIENT_FUNDS,CUSTOMER,0,NO_ACTION,STOP,0.0,STOPPED,0.0,NO_RECOVERY_ATTEMPTED,0
PAY_009720,140,GATEWAY_TIMEOUT,TEMPORARY,0,NO_ACTION,STOP,0.0,STOPPED,0.0,NO_RECOVERY_ATTEMPTED,0
PAY_003988,1173,UPI_TECHNICAL_ERROR,TEMPORARY,0,NO_ACTION,STOP,0.0,STOPPED,0.0,NO_RECOVERY_ATTEMPTED,0
PAY_004912,1863,BANK_TIMEOUT,TEMPORARY,0,NO_ACTION,STOP,0.0,STOPPED,0.0,NO_RECOVERY_ATTEMPTED,0
PAY_009493,2274,BANK_TIMEOUT,TEMPORARY,0,NO_ACTION,STOP,0.0,STOPPED,0.0,NO_RECOVERY_ATTEMPTED,0
PAY_004494,4441,CUSTOMER_DECLINED,HARD,0,NO_ACTION,STOP,0.0,STOPPED,0.0,NO_RECOVERY_ATTEMPTED,0
PAY_006945,166,CARD_EXPIRED,CUSTOMER,0,NO_ACTION,STOP,0.0,STOPPED,0.0,NO_RECOVERY_ATTEMPTED,0
PAY_005700,4315,UPI_TECHNICAL_ERROR,TEMPORARY,0,NO_ACTION,STOP,0.0,STOPPED,0.0,NO_RECOVERY_ATTEMPTED,0
PAY_008353,1853,BANK_TIMEOUT,TEMPORARY,0,NO_ACTION,STOP,0.0,STOPPED,0.0,NO_RECOVERY_ATTEMPTED,0
PAY_000957,599,PAYMENT_EXPIRED,HARD,0,NO_ACTION,STOP,0.0,STOPPED,0.0,NO_RECOVERY_ATTEMPTED,0
PAY_002870,927,CARD_EXPIRED,CUSTOMER,0,NO_ACTION,STOP,0.0,STOPPED,0.0,NO_RECOVERY_ATTEMPTED,0
PAY_004434,532,GATEWAY_TIMEOUT,TEMPORARY,0,NO_ACTION,STOP,0.0,STOPPED,0.0,NO_RECOVERY_ATTEMPTED,0
PAY_004974,379,BANK_TIMEOUT,TEMPORARY,0,NO_ACTION,STOP,0.0,STOPPED,0.0,NO_RECOVERY_ATTEMPTED,0
PAY_002962,648,NETWORK_ERROR,TEMPORARY,0,NO_ACTION,STOP,0.0,STOPPED,0.0,NO_RECOVERY_ATTEMPTED,0
PAY_002201,336,NETWORK_ERROR,TEMPORARY,0,NO_ACTION,STOP,0.0,STOPPED,0.0,NO_RECOVERY_ATTEMPTED,0
PAY_000099,331,LIMIT_EXCEEDED,CUSTOMER,0,NO_ACTION,STOP,0.0,STOPPED,0.0,NO_RECOVERY_ATTEMPTED,0
PAY_009850,1541,BANK_TIMEOUT,TEMPORARY,0,NO_ACTION,STOP,0.0,STOPPED,0.0,NO_RECOVERY_ATTEMPTED,0
PAY_002558,138,BANK_TIMEOUT,TEMPORARY,0,NO_ACTION,STOP,0.0,STOPPED,0.0,NO_RECOVERY_ATTEMPTED,0
PAY_008446,1715,GATEWAY_TIMEOUT,TEMPORARY,0,NO_ACTION,STOP,0.0,STOPPED,0.0,NO_RECOVERY_ATTEMPTED,0
PAY_004200,976,INSUFFICIENT_FUNDS,CUSTOMER,0,NO_ACTION,STOP,0.0,STOPPED,0.0,NO_RECOVERY_ATTEMPTED,0
PAY_009638,1877,LIMIT_EXCEEDED,CUSTOMER,0,NO_ACTION,STOP,0.0,STOPPED,0.0,NO_RECOVERY_ATTEMPTED,0
PAY_005540,1943,BANK_TIMEOUT,TEMPORARY,0,NO_ACTION,STOP,0.0,STOPPED,0.0,NO_RECOVERY_ATTEMPTED,0
PAY_001649,967,BLOCKED_METHOD,HARD,0,NO_ACTION,STOP,0.0,STOPPED,0.0,NO_RECOVERY_ATTEMPTED,0
PAY_006198,965,CUSTOMER_DECLINED,HARD,0,NO_ACTION,STOP,0.0,STOPPED,0.0,NO_RECOVERY_ATTEMPTED,0
PAY_006296,782,GATEWAY_TIMEOUT,TEMPORARY,0,NO_ACTION,STOP,0.0,STOPPED,0.0,NO_RECOVERY_ATTEMPTED,0
PAY_004500,99,PAYMENT_EXPIRED,HARD,0,NO_ACTION,STOP,0.0,STOPPED,0.0,NO_RECOVERY_ATTEMPTED,0
PAY_001155,766,PAYMENT_EXPIRED,HARD,0,NO_ACTION,STOP,0.0,STOPPED,0.0,NO_RECOVERY_ATTEMPTED,0
PAY_002256,641,INSUFFICIENT_FUNDS,CUSTOMER,0,NO_ACTION,STOP,0.0,STOPPED,0.0,NO_RECOVERY_ATTEMPTED,0
PAY_003171,400,BANK_TIMEOUT,TEMPORARY,0,NO_ACTION,STOP,0.0,STOPPED,0.0,NO_RECOVERY_ATTEMPTED,0
PAY_007401,328,UPI_TECHNICAL_ERROR,TEMPORARY,0,NO_ACTION,STOP,0.0,STOPPED,0.0,NO_RECOVERY_ATTEMPTED,0
PAY_007159,524,GATEWAY_TIMEOUT,TEMPORARY,0,NO_ACTION,STOP,0.0,STOPPED,0.0,NO_RECOVERY_ATTEMPTED,0
PAY_003109,2519,GATEWAY_TIMEOUT,TEMPORARY,0,NO_ACTION,STOP,0.0,STOPPED,0.0,NO_RECOVERY_ATTEMPTED,0
PAY_004549,99,CARD_EXPIRED,CUSTOMER,0,NO_ACTION,STOP,0.0,STOPPED,0.0,NO_RECOVERY_ATTEMPTED,0
PAY_005424,203,AUTHENTICATION_FAILED,CUSTOMER,0,NO_ACTION,STOP,0.0,STOPPED,0.0,NO_RECOVERY_ATTEMPTED,0
PAY_002050,236,INSUFFICIENT_FUNDS,CUSTOMER,0,NO_ACTION,STOP,0.0,STOPPED,0.0,NO_RECOVERY_ATTEMPTED,0
PAY_009209,5419,CUSTOMER_DECLINED,HARD,0,NO_ACTION,STOP,0.0,STOPPED,0.0,NO_RECOVERY_ATTEMPTED,0
PAY_008816,1486,INSUFFICIENT_FUNDS,CUSTOMER,0,NO_ACTION,STOP,0.0,STOPPED,0.0,NO_RECOVERY_ATTEMPTED,0
PAY_009798,558,UPI_TECHNICAL_ERROR,TEMPORARY,0,NO_ACTION,STOP,0.0,STOPPED,0.0,NO_RECOVERY_ATTEMPTED,0
PAY_000263,831,GATEWAY_TIMEOUT,TEMPORARY,0,NO_ACTION,STOP,0.0,STOPPED,0.0,NO_RECOVERY_ATTEMPTED,0
PAY_004062,862,GATEWAY_TIMEOUT,TEMPORARY,0,NO_ACTION,STOP,0.0,STOPPED,0.0,NO_RECOVERY_ATTEMPTED,0
PAY_005535,644,CUSTOMER_DECLINED,HARD,0,NO_ACTION,STOP,0.0,STOPPED,0.0,NO_RECOVERY_ATTEMPTED,0
PAY_006617,631,UPI_TECHNICAL_ERROR,TEMPORARY,0,NO_ACTION,STOP,0.0,STOPPED,0.0,NO_RECOVERY_ATTEMPTED,0
PAY_008121,208,INSUFFICIENT_FUNDS,CUSTOMER,0,NO_ACTION,STOP,0.0,STOPPED,0.0,NO_RECOVERY_ATTEMPTED,0
PAY_008156,243,GATEWAY_TIMEOUT,TEMPORARY,0,NO_ACTION,STOP,0.0,STOPPED,0.0,NO_RECOVERY_ATTEMPTED,0
PAY_001803,687,GATEWAY_TIMEOUT,TEMPORARY,0,NO_ACTION,STOP,0.0,STOPPED,0.0,NO_RECOVERY_ATTEMPTED,0
PAY_004737,484,BLOCKED_METHOD,HARD,0,NO_ACTION,STOP,0.0,STOPPED,0.0,NO_RECOVERY_ATTEMPTED,0
PAY_002386,105,UPI_TECHNICAL_ERROR,TEMPORARY,0,NO_ACTION,STOP,0.0,STOPPED,0.0,NO_RECOVERY_ATTEMPTED,0
PAY_006695,218,AUTHENTICATION_FAILED,CUSTOMER,0,NO_ACTION,STOP,0.0,STOPPED,0.0,NO_RECOVERY_ATTEMPTED,0
PAY_005760,99,LIMIT_EXCEEDED,CUSTOMER,0,NO_ACTION,STOP,0.0,STOPPED,0.0,NO_RECOVERY_ATTEMPTED,0
PAY_001960,3201,INVALID_ACCOUNT,HARD,0,NO_ACTION,STOP,0.0,STOPPED,0.0,NO_RECOVERY_ATTEMPTED,0
PAY_002977,99,BLOCKED_METHOD,HARD,0,NO_ACTION,STOP,0.0,STOPPED,0.0,NO_RECOVERY_ATTEMPTED,0
PAY_008681,520,BANK_TIMEOUT,TEMPORARY,0,NO_ACTION,STOP,0.0,STOPPED,0.0,NO_RECOVERY_ATTEMPTED,0
PAY_001844,1290,UPI_TECHNICAL_ERROR,TEMPORARY,0,NO_ACTION,STOP,0.0,STOPPED,0.0,NO_RECOVERY_ATTEMPTED,0
PAY_001735,1151,BANK_TIMEOUT,TEMPORARY,0,NO_ACTION,STOP,0.0,STOPPED,0.0,NO_RECOVERY_ATTEMPTED,0
PAY_002912,1106,BANK_TIMEOUT,TEMPORARY,0,NO_ACTION,STOP,0.0,STOPPED,0.0,NO_RECOVERY_ATTEMPTED,0
PAY_008339,2268,NETWORK_ERROR,TEMPORARY,0,NO_ACTION,STOP,0.0,STOPPED,0.0,NO_RECOVERY_ATTEMPTED,0
PAY_001987,9417,GATEWAY_TIMEOUT,TEMPORARY,0,NO_ACTION,STOP,0.0,STOPPED,0.0,NO_RECOVERY_ATTEMPTED,0
PAY_009562,1616,CARD_EXPIRED,CUSTOMER,0,NO_ACTION,STOP,0.0,STOPPED,0.0,NO_RECOVERY_ATTEMPTED,0
PAY_006547,9755,GATEWAY_TIMEOUT,TEMPORARY,0,NO_ACTION,STOP,0.0,STOPPED,0.0,NO_RECOVERY_ATTEMPTED,0
PAY_007099,228,BLOCKED_METHOD,HARD,0,NO_ACTION,STOP,0.0,STOPPED,0.0,NO_RECOVERY_ATTEMPTED,0
PAY_002812,1432,INSUFFICIENT_FUNDS,CUSTOMER,0,NO_ACTION,STOP,0.0,STOPPED,0.0,NO_RECOVERY_ATTEMPTED,0
PAY_000660,99,NETWORK_ERROR,TEMPORARY,0,NO_ACTION,STOP,0.0,STOPPED,0.0,NO_RECOVERY_ATTEMPTED,0
PAY_002512,150,BANK_TIMEOUT,TEMPORARY,0,NO_ACTION,STOP,0.0,STOPPED,0.0,NO_RECOVERY_ATTEMPTED,0
PAY_004283,859,BANK_TIMEOUT,TEMPORARY,0,NO_ACTION,STOP,0.0,STOPPED,0.0,NO_RECOVERY_ATTEMPTED,0
PAY_009340,1566,GATEWAY_TIMEOUT,TEMPORARY,0,NO_ACTION,STOP,0.0,STOPPED,0.0,NO_RECOVERY_ATTEMPTED,0
PAY_008801,249,BANK_TIMEOUT,TEMPORARY,0,NO_ACTION,STOP,0.0,STOPPED,0.0,NO_RECOVERY_ATTEMPTED,0
PAY_006288,444,INSUFFICIENT_FUNDS,CUSTOMER,0,NO_ACTION,STOP,0.0,STOPPED,0.0,NO_RECOVERY_ATTEMPTED,0
PAY_001931,494,BANK_TIMEOUT,TEMPORARY,0,NO_ACTION,STOP,0.0,STOPPED,0.0,NO_RECOVERY_ATTEMPTED,0
PAY_007126,129,BANK_TIMEOUT,TEMPORARY,0,NO_ACTION,STOP,0.0,STOPPED,0.0,NO_RECOVERY_ATTEMPTED,0
PAY_000198,1101,BLOCKED_METHOD,HARD,0,NO_ACTION,STOP,0.0,STOPPED,0.0,NO_RECOVERY_ATTEMPTED,0
PAY_007778,496,LIMIT_EXCEEDED,CUSTOMER,0,NO_ACTION,STOP,0.0,STOPPED,0.0,NO_RECOVERY_ATTEMPTED,0
PAY_002932,604,PAYMENT_EXPIRED,HARD,0,NO_ACTION,STOP,0.0,STOPPED,0.0,NO_RECOVERY_ATTEMPTED,0
PAY_008005,354,UPI_TECHNICAL_ERROR,TEMPORARY,0,NO_ACTION,STOP,0.0,STOPPED,0.0,NO_RECOVERY_ATTEMPTED,0
PAY_002328,1297,BANK_TIMEOUT,TEMPORARY,0,NO_ACTION,STOP,0.0,STOPPED,0.0,NO_RECOVERY_ATTEMPTED,0
PAY_004390,840,PAYMENT_EXPIRED,HARD,0,NO_ACTION,STOP,0.0,STOPPED,0.0,NO_RECOVERY_ATTEMPTED,0
PAY_008959,250,NETWORK_ERROR,TEMPORARY,0,NO_ACTION,STOP,0.0,STOPPED,0.0,NO_RECOVERY_ATTEMPTED,0
PAY_004219,1511,BANK_TIMEOUT,TEMPORARY,0,NO_ACTION,STOP,0.0,STOPPED,0.0,NO_RECOVERY_ATTEMPTED,0
PAY_000203,282,CARD_EXPIRED,CUSTOMER,0,NO_ACTION,STOP,0.0,STOPPED,0.0,NO_RECOVERY_ATTEMPTED,0
PAY_003511,666,AUTHENTICATION_FAILED,CUSTOMER,0,NO_ACTION,STOP,0.0,STOPPED,0.0,NO_RECOVERY_ATTEMPTED,0
PAY_004932,1729,BANK_TIMEOUT,TEMPORARY,0,NO_ACTION,STOP,0.0,STOPPED,0.0,NO_RECOVERY_ATTEMPTED,0
PAY_005536,441,AUTHENTICATION_FAILED,CUSTOMER,0,NO_ACTION,STOP,0.0,STOPPED,0.0,NO_RECOVERY_ATTEMPTED,0
PAY_005792,345,INSUFFICIENT_FUNDS,CUSTOMER,0,NO_ACTION,STOP,0.0,STOPPED,0.0,NO_RECOVERY_ATTEMPTED,0
PAY_001708,705,GATEWAY_TIMEOUT,TEMPORARY,0,NO_ACTION,STOP,0.0,STOPPED,0.0,NO_RECOVERY_ATTEMPTED,0
PAY_005173,1652,GATEWAY_TIMEOUT,TEMPORARY,0,NO_ACTION,STOP,0.0,STOPPED,0.0,NO_RECOVERY_ATTEMPTED,0
PAY_005250,565,CUSTOMER_DECLINED,HARD,0,NO_ACTION,STOP,0.0,STOPPED,0.0,NO_RECOVERY_ATTEMPTED,0
PAY_006529,1417,INSUFFICIENT_FUNDS,CUSTOMER,0,NO_ACTION,STOP,0.0,STOPPED,0.0,NO_RECOVERY_ATTEMPTED,0
PAY_009849,1480,UPI_TECHNICAL_ERROR,TEMPORARY,0,NO_ACTION,STOP,0.0,STOPPED,0.0,NO_RECOVERY_ATTEMPTED,0
PAY_005856,1011,AUTHENTICATION_FAILED,CUSTOMER,0,NO_ACTION,STOP,0.0,STOPPED,0.0,NO_RECOVERY_ATTEMPTED,0
PAY_008165,2400,AUTHENTICATION_FAILED,CUSTOMER,0,NO_ACTION,STOP,0.0,STOPPED,0.0,NO_RECOVERY_ATTEMPTED,0
PAY_000855,523,INSUFFICIENT_FUNDS,CUSTOMER,0,NO_ACTION,STOP,0.0,STOPPED,0.0,NO_RECOVERY_ATTEMPTED,0
PAY_004738,236,BANK_TIMEOUT,TEMPORARY,0,NO_ACTION,STOP,0.0,STOPPED,0.0,NO_RECOVERY_ATTEMPTED,0
PAY_000699,331,INSUFFICIENT_FUNDS,CUSTOMER,0,NO_ACTION,STOP,0.0,STOPPED,0.0,NO_RECOVERY_ATTEMPTED,0
PAY_003697,2464,BANK_TIMEOUT,TEMPORARY,0,NO_ACTION,STOP,0.0,STOPPED,0.0,NO_RECOVERY_ATTEMPTED,0
PAY_001637,220,NETWORK_ERROR,TEMPORARY,0,NO_ACTION,STOP,0.0,STOPPED,0.0,NO_RECOVERY_ATTEMPTED,0
PAY_007281,587,LIMIT_EXCEEDED,CUSTOMER,0,NO_ACTION,STOP,0.0,STOPPED,0.0,NO_RECOVERY_ATTEMPTED,0
PAY_007555,453,BANK_TIMEOUT,TEMPORARY,0,NO_ACTION,STOP,0.0,STOPPED,0.0,NO_RECOVERY_ATTEMPTED,0
PAY_003582,99,UPI_TECHNICAL_ERROR,TEMPORARY,0,NO_ACTION,STOP,0.0,STOPPED,0.0,NO_RECOVERY_ATTEMPTED,0
PAY_001292,2034,AUTHENTICATION_FAILED,CUSTOMER,0,NO_ACTION,STOP,0.0,STOPPED,0.0,NO_RECOVERY_ATTEMPTED,0
PAY_006586,506,GATEWAY_TIMEOUT,TEMPORARY,0,NO_ACTION,STOP,0.0,STOPPED,0.0,NO_RECOVERY_ATTEMPTED,0
PAY_001854,233,CARD_EXPIRED,CUSTOMER,0,NO_ACTION,STOP,0.0,STOPPED,0.0,NO_RECOVERY_ATTEMPTED,0
PAY_005233,578,NETWORK_ERROR,TEMPORARY,0,NO_ACTION,STOP,0.0,STOPPED,0.0,NO_RECOVERY_ATTEMPTED,0
PAY_003764,1019,UPI_TECHNICAL_ERROR,TEMPORARY,0,NO_ACTION,STOP,0.0,STOPPED,0.0,NO_RECOVERY_ATTEMPTED,0
PAY_003305,174,INSUFFICIENT_FUNDS,CUSTOMER,0,NO_ACTION,STOP,0.0,STOPPED,0.0,NO_RECOVERY_ATTEMPTED,0
PAY_001496,764,GATEWAY_TIMEOUT,TEMPORARY,0,NO_ACTION,STOP,0.0,STOPPED,0.0,NO_RECOVERY_ATTEMPTED,0
PAY_007995,2051,CUSTOMER_DECLINED,HARD,0,NO_ACTION,STOP,0.0,STOPPED,0.0,NO_RECOVERY_ATTEMPTED,0
PAY_001999,2617,INSUFFICIENT_FUNDS,CUSTOMER,0,NO_ACTION,STOP,0.0,STOPPED,0.0,NO_RECOVERY_ATTEMPTED,0
PAY_000664,99,UPI_TECHNICAL_ERROR,TEMPORARY,0,NO_ACTION,STOP,0.0,STOPPED,0.0,NO_RECOVERY_ATTEMPTED,0
PAY_003749,2658,GATEWAY_TIMEOUT,TEMPORARY,0,NO_ACTION,STOP,0.0,STOPPED,0.0,NO_RECOVERY_ATTEMPTED,0
PAY_004414,297,GATEWAY_TIMEOUT,TEMPORARY,0,NO_ACTION,STOP,0.0,STOPPED,0.0,NO_RECOVERY_ATTEMPTED,0
PAY_005531,593,AUTHENTICATION_FAILED,CUSTOMER,0,NO_ACTION,STOP,0.0,STOPPED,0.0,NO_RECOVERY_ATTEMPTED,0
PAY_005576,220,INSUFFICIENT_FUNDS,CUSTOMER,0,NO_ACTION,STOP,0.0,STOPPED,0.0,NO_RECOVERY_ATTEMPTED,0
PAY_008902,366,UPI_TECHNICAL_ERROR,TEMPORARY,0,NO_ACTION,STOP,0.0,STOPPED,0.0,NO_RECOVERY_ATTEMPTED,0
PAY_007527,816,UPI_TECHNICAL_ERROR,TEMPORARY,0,NO_ACTION,STOP,0.0,STOPPED,0.0,NO_RECOVERY_ATTEMPTED,0
PAY_009475,2268,NETWORK_ERROR,TEMPORARY,0,NO_ACTION,STOP,0.0,STOPPED,0.0,NO_RECOVERY_ATTEMPTED,0
PAY_005865,616,UPI_TECHNICAL_ERROR,TEMPORARY,0,NO_ACTION,STOP,0.0,STOPPED,0.0,NO_RECOVERY_ATTEMPTED,0
PAY_006777,9713,INSUFFICIENT_FUNDS,CUSTOMER,0,NO_ACTION,STOP,0.0,STOPPED,0.0,NO_RECOVERY_ATTEMPTED,0
PAY_001307,932,GATEWAY_TIMEOUT,TEMPORARY,0,NO_ACTION,STOP,0.0,STOPPED,0.0,NO_RECOVERY_ATTEMPTED,0
PAY_007393,960,AUTHENTICATION_FAILED,CUSTOMER,0,NO_ACTION,STOP,0.0,STOPPED,0.0,NO_RECOVERY_ATTEMPTED,0
PAY_005593,550,NETWORK_ERROR,TEMPORARY,0,NO_ACTION,STOP,0.0,STOPPED,0.0,NO_RECOVERY_ATTEMPTED,0
PAY_009722,487,NETWORK_ERROR,TEMPORARY,0,NO_ACTION,STOP,0.0,STOPPED,0.0,NO_RECOVERY_ATTEMPTED,0
PAY_001664,136,GATEWAY_TIMEOUT,TEMPORARY,0,NO_ACTION,STOP,0.0,STOPPED,0.0,NO_RECOVERY_ATTEMPTED,0
PAY_005451,514,UPI_TECHNICAL_ERROR,TEMPORARY,0,NO_ACTION,STOP,0.0,STOPPED,0.0,NO_RECOVERY_ATTEMPTED,0
PAY_009955,736,LIMIT_EXCEEDED,CUSTOMER,0,NO_ACTION,STOP,0.0,STOPPED,0.0,NO_RECOVERY_ATTEMPTED,0
PAY_003628,513,GATEWAY_TIMEOUT,TEMPORARY,0,NO_ACTION,STOP,0.0,STOPPED,0.0,NO_RECOVERY_ATTEMPTED,0
PAY_002694,310,NETWORK_ERROR,TEMPORARY,0,NO_ACTION,STOP,0.0,STOPPED,0.0,NO_RECOVERY_ATTEMPTED,0
PAY_009790,1272,INSUFFICIENT_FUNDS,CUSTOMER,0,NO_ACTION,STOP,0.0,STOPPED,0.0,NO_RECOVERY_ATTEMPTED,0
PAY_005916,4210,NETWORK_ERROR,TEMPORARY,0,NO_ACTION,STOP,0.0,STOPPED,0.0,NO_RECOVERY_ATTEMPTED,0
PAY_003158,99,UPI_TECHNICAL_ERROR,TEMPORARY,0,NO_ACTION,STOP,0.0,STOPPED,0.0,NO_RECOVERY_ATTEMPTED,0
PAY_006669,1166,BLOCKED_METHOD,HARD,0,NO_ACTION,STOP,0.0,STOPPED,0.0,NO_RECOVERY_ATTEMPTED,0
PAY_001060,1271,INSUFFICIENT_FUNDS,CUSTOMER,0,NO_ACTION,STOP,0.0,STOPPED,0.0,NO_RECOVERY_ATTEMPTED,0
PAY_004637,395,PAYMENT_EXPIRED,HARD,0,NO_ACTION,STOP,0.0,STOPPED,0.0,NO_RECOVERY_ATTEMPTED,0
PAY_003243,2629,INVALID_ACCOUNT,HARD,0,NO_ACTION,STOP,0.0,STOPPED,0.0,NO_RECOVERY_ATTEMPTED,0
PAY_001679,99,PAYMENT_EXPIRED,HARD,0,NO_ACTION,STOP,0.0,STOPPED,0.0,NO_RECOVERY_ATTEMPTED,0
PAY_006893,1438,BANK_TIMEOUT,TEMPORARY,0,NO_ACTION,STOP,0.0,STOPPED,0.0,NO_RECOVERY_ATTEMPTED,0
PAY_006375,1115,CARD_EXPIRED,CUSTOMER,0,NO_ACTION,STOP,0.0,STOPPED,0.0,NO_RECOVERY_ATTEMPTED,0
PAY_007575,4867,AUTHENTICATION_FAILED,CUSTOMER,0,NO_ACTION,STOP,0.0,STOPPED,0.0,NO_RECOVERY_ATTEMPTED,0
PAY_001758,534,BANK_TIMEOUT,TEMPORARY,0,NO_ACTION,STOP,0.0,STOPPED,0.0,NO_RECOVERY_ATTEMPTED,0
PAY_006020,827,BANK_TIMEOUT,TEMPORARY,0,NO_ACTION,STOP,0.0,STOPPED,0.0,NO_RECOVERY_ATTEMPTED,0
PAY_005117,1086,GATEWAY_TIMEOUT,TEMPORARY,0,NO_ACTION,STOP,0.0,STOPPED,0.0,NO_RECOVERY_ATTEMPTED,0
PAY_008756,198,CARD_EXPIRED,CUSTOMER,0,NO_ACTION,STOP,0.0,STOPPED,0.0,NO_RECOVERY_ATTEMPTED,0
PAY_007409,180,INVALID_ACCOUNT,HARD,0,NO_ACTION,STOP,0.0,STOPPED,0.0,NO_RECOVERY_ATTEMPTED,0
PAY_002791,283,GATEWAY_TIMEOUT,TEMPORARY,0,NO_ACTION,STOP,0.0,STOPPED,0.0,NO_RECOVERY_ATTEMPTED,0
PAY_000864,392,INSUFFICIENT_FUNDS,CUSTOMER,0,NO_ACTION,STOP,0.0,STOPPED,0.0,NO_RECOVERY_ATTEMPTED,0
PAY_007859,440,BANK_TIMEOUT,TEMPORARY,0,NO_ACTION,STOP,0.0,STOPPED,0.0,NO_RECOVERY_ATTEMPTED,0
PAY_001485,337,NETWORK_ERROR,TEMPORARY,0,NO_ACTION,STOP,0.0,STOPPED,0.0,NO_RECOVERY_ATTEMPTED,0
PAY_007036,325,CARD_EXPIRED,CUSTOMER,0,NO_ACTION,STOP,0.0,STOPPED,0.0,NO_RECOVERY_ATTEMPTED,0
PAY_007722,102,NETWORK_ERROR,TEMPORARY,0,NO_ACTION,STOP,0.0,STOPPED,0.0,NO_RECOVERY_ATTEMPTED,0
PAY_005978,101,INSUFFICIENT_FUNDS,CUSTOMER,0,NO_ACTION,STOP,0.0,STOPPED,0.0,NO_RECOVERY_ATTEMPTED,0
PAY_005135,595,UPI_TECHNICAL_ERROR,TEMPORARY,0,NO_ACTION,STOP,0.0,STOPPED,0.0,NO_RECOVERY_ATTEMPTED,0
PAY_000207,166,GATEWAY_TIMEOUT,TEMPORARY,0,NO_ACTION,STOP,0.0,STOPPED,0.0,NO_RECOVERY_ATTEMPTED,0
PAY_004489,4907,AUTHENTICATION_FAILED,CUSTOMER,0,NO_ACTION,STOP,0.0,STOPPED,0.0,NO_RECOVERY_ATTEMPTED,0
PAY_006939,3656,CARD_EXPIRED,CUSTOMER,0,NO_ACTION,STOP,0.0,STOPPED,0.0,NO_RECOVERY_ATTEMPTED,0
PAY_009063,273,NETWORK_ERROR,TEMPORARY,0,NO_ACTION,STOP,0.0,STOPPED,0.0,NO_RECOVERY_ATTEMPTED,0
PAY_006911,469,LIMIT_EXCEEDED,CUSTOMER,0,NO_ACTION,STOP,0.0,STOPPED,0.0,NO_RECOVERY_ATTEMPTED,0
PAY_000503,914,BANK_TIMEOUT,TEMPORARY,0,NO_ACTION,STOP,0.0,STOPPED,0.0,NO_RECOVERY_ATTEMPTED,0
PAY_007386,987,GATEWAY_TIMEOUT,TEMPORARY,0,NO_ACTION,STOP,0.0,STOPPED,0.0,NO_RECOVERY_ATTEMPTED,0
PAY_001029,99,BANK_TIMEOUT,TEMPORARY,0,NO_ACTION,STOP,0.0,STOPPED,0.0,NO_RECOVERY_ATTEMPTED,0
PAY_003841,426,GATEWAY_TIMEOUT,TEMPORARY,0,NO_ACTION,STOP,0.0,STOPPED,0.0,NO_RECOVERY_ATTEMPTED,0
PAY_008111,3007,INSUFFICIENT_FUNDS,CUSTOMER,0,NO_ACTION,STOP,0.0,STOPPED,0.0,NO_RECOVERY_ATTEMPTED,0
PAY_005057,99,INSUFFICIENT_FUNDS,CUSTOMER,0,NO_ACTION,STOP,0.0,STOPPED,0.0,NO_RECOVERY_ATTEMPTED,0
PAY_009763,99,NETWORK_ERROR,TEMPORARY,0,NO_ACTION,STOP,0.0,STOPPED,0.0,NO_RECOVERY_ATTEMPTED,0
PAY_008155,469,GATEWAY_TIMEOUT,TEMPORARY,0,NO_ACTION,STOP,0.0,STOPPED,0.0,NO_RECOVERY_ATTEMPTED,0
PAY_002732,3254,NETWORK_ERROR,TEMPORARY,0,NO_ACTION,STOP,0.0,STOPPED,0.0,NO_RECOVERY_ATTEMPTED,0
PAY_008997,997,AUTHENTICATION_FAILED,CUSTOMER,0,NO_ACTION,STOP,0.0,STOPPED,0.0,NO_RECOVERY_ATTEMPTED,0
PAY_002455,347,NETWORK_ERROR,TEMPORARY,0,NO_ACTION,STOP,0.0,STOPPED,0.0,NO_RECOVERY_ATTEMPTED,0
PAY_007216,8623,BANK_TIMEOUT,TEMPORARY,0,NO_ACTION,STOP,0.0,STOPPED,0.0,NO_RECOVERY_ATTEMPTED,0
PAY_003105,1391,BANK_TIMEOUT,TEMPORARY,0,NO_ACTION,STOP,0.0,STOPPED,0.0,NO_RECOVERY_ATTEMPTED,0
PAY_008393,579,GATEWAY_TIMEOUT,TEMPORARY,0,NO_ACTION,STOP,0.0,STOPPED,0.0,NO_RECOVERY_ATTEMPTED,0
PAY_006279,397,INVALID_ACCOUNT,HARD,0,NO_ACTION,STOP,0.0,STOPPED,0.0,NO_RECOVERY_ATTEMPTED,0
PAY_003100,883,NETWORK_ERROR,TEMPORARY,0,NO_ACTION,STOP,0.0,STOPPED,0.0,NO_RECOVERY_ATTEMPTED,0
PAY_006185,2067,INSUFFICIENT_FUNDS,CUSTOMER,0,NO_ACTION,STOP,0.0,STOPPED,0.0,NO_RECOVERY_ATTEMPTED,0
PAY_003562,309,LIMIT_EXCEEDED,CUSTOMER,0,NO_ACTION,STOP,0.0,STOPPED,0.0,NO_RECOVERY_ATTEMPTED,0
PAY_005893,850,AUTHENTICATION_FAILED,CUSTOMER,0,NO_ACTION,STOP,0.0,STOPPED,0.0,NO_RECOVERY_ATTEMPTED,0
PAY_000392,2622,BANK_TIMEOUT,TEMPORARY,0,NO_ACTION,STOP,0.0,STOPPED,0.0,NO_RECOVERY_ATTEMPTED,0
PAY_006737,1551,NETWORK_ERROR,TEMPORARY,0,NO_ACTION,STOP,0.0,STOPPED,0.0,NO_RECOVERY_ATTEMPTED,0
PAY_005619,309,LIMIT_EXCEEDED,CUSTOMER,0,NO_ACTION,STOP,0.0,STOPPED,0.0,NO_RECOVERY_ATTEMPTED,0
PAY_005259,1264,GATEWAY_TIMEOUT,TEMPORARY,0,NO_ACTION,STOP,0.0,STOPPED,0.0,NO_RECOVERY_ATTEMPTED,0
PAY_009688,849,AUTHENTICATION_FAILED,CUSTOMER,0,NO_ACTION,STOP,0.0,STOPPED,0.0,NO_RECOVERY_ATTEMPTED,0
PAY_002696,3158,CARD_EXPIRED,CUSTOMER,0,NO_ACTION,STOP,0.0,STOPPED,0.0,NO_RECOVERY_ATTEMPTED,0
PAY_002028,1976,NETWORK_ERROR,TEMPORARY,0,NO_ACTION,STOP,0.0,STOPPED,0.0,NO_RECOVERY_ATTEMPTED,0
PAY_005464,99,CUSTOMER_DECLINED,HARD,0,NO_ACTION,STOP,0.0,STOPPED,0.0,NO_RECOVERY_ATTEMPTED,0
PAY_002569,121,INSUFFICIENT_FUNDS,CUSTOMER,0,NO_ACTION,STOP,0.0,STOPPED,0.0,NO_RECOVERY_ATTEMPTED,0
PAY_008007,427,INSUFFICIENT_FUNDS,CUSTOMER,0,NO_ACTION,STOP,0.0,STOPPED,0.0,NO_RECOVERY_ATTEMPTED,0
PAY_000065,154,BANK_TIMEOUT,TEMPORARY,0,NO_ACTION,STOP,0.0,STOPPED,0.0,NO_RECOVERY_ATTEMPTED,0
PAY_002063,7746,BANK_TIMEOUT,TEMPORARY,0,NO_ACTION,STOP,0.0,STOPPED,0.0,NO_RECOVERY_ATTEMPTED,0
PAY_005277,454,NETWORK_ERROR,TEMPORARY,0,NO_ACTION,STOP,0.0,STOPPED,0.0,NO_RECOVERY_ATTEMPTED,0
PAY_007209,2519,UPI_TECHNICAL_ERROR,TEMPORARY,0,NO_ACTION,STOP,0.0,STOPPED,0.0,NO_RECOVERY_ATTEMPTED,0
PAY_008685,291,UPI_TECHNICAL_ERROR,TEMPORARY,0,NO_ACTION,STOP,0.0,STOPPED,0.0,NO_RECOVERY_ATTEMPTED,0
PAY_008572,133,INSUFFICIENT_FUNDS,CUSTOMER,0,NO_ACTION,STOP,0.0,STOPPED,0.0,NO_RECOVERY_ATTEMPTED,0
PAY_006332,1361,INSUFFICIENT_FUNDS,CUSTOMER,0,NO_ACTION,STOP,0.0,STOPPED,0.0,NO_RECOVERY_ATTEMPTED,0
PAY_004860,121,GATEWAY_TIMEOUT,TEMPORARY,0,NO_ACTION,STOP,0.0,STOPPED,0.0,NO_RECOVERY_ATTEMPTED,0
PAY_004888,602,CARD_EXPIRED,CUSTOMER,0,NO_ACTION,STOP,0.0,STOPPED,0.0,NO_RECOVERY_ATTEMPTED,0
PAY_009269,851,NETWORK_ERROR,TEMPORARY,0,NO_ACTION,STOP,0.0,STOPPED,0.0,NO_RECOVERY_ATTEMPTED,0
PAY_000879,3851,BANK_TIMEOUT,TEMPORARY,0,NO_ACTION,STOP,0.0,STOPPED,0.0,NO_RECOVERY_ATTEMPTED,0
PAY_008530,1959,LIMIT_EXCEEDED,CUSTOMER,0,NO_ACTION,STOP,0.0,STOPPED,0.0,NO_RECOVERY_ATTEMPTED,0
PAY_007917,1055,CUSTOMER_DECLINED,HARD,0,NO_ACTION,STOP,0.0,STOPPED,0.0,NO_RECOVERY_ATTEMPTED,0
PAY_006864,122,UPI_TECHNICAL_ERROR,TEMPORARY,0,NO_ACTION,STOP,0.0,STOPPED,0.0,NO_RECOVERY_ATTEMPTED,0
PAY_007893,903,BANK_TIMEOUT,TEMPORARY,0,NO_ACTION,STOP,0.0,STOPPED,0.0,NO_RECOVERY_ATTEMPTED,0
PAY_006440,342,CARD_EXPIRED,CUSTOMER,0,NO_ACTION,STOP,0.0,STOPPED,0.0,NO_RECOVERY_ATTEMPTED,0
PAY_007870,4197,INVALID_ACCOUNT,HARD,0,NO_ACTION,STOP,0.0,STOPPED,0.0,NO_RECOVERY_ATTEMPTED,0
PAY_001017,697,LIMIT_EXCEEDED,CUSTOMER,0,NO_ACTION,STOP,0.0,STOPPED,0.0,NO_RECOVERY_ATTEMPTED,0
PAY_009468,135,GATEWAY_TIMEOUT,TEMPORARY,0,NO_ACTION,STOP,0.0,STOPPED,0.0,NO_RECOVERY_ATTEMPTED,0
PAY_007630,1898,AUTHENTICATION_FAILED,CUSTOMER,0,NO_ACTION,STOP,0.0,STOPPED,0.0,NO_RECOVERY_ATTEMPTED,0
PAY_000996,1330,BANK_TIMEOUT,TEMPORARY,0,NO_ACTION,STOP,0.0,STOPPED,0.0,NO_RECOVERY_ATTEMPTED,0
PAY_004298,257,CARD_EXPIRED,CUSTOMER,0,NO_ACTION,STOP,0.0,STOPPED,0.0,NO_RECOVERY_ATTEMPTED,0
PAY_000162,290,LIMIT_EXCEEDED,CUSTOMER,0,NO_ACTION,STOP,0.0,STOPPED,0.0,NO_RECOVERY_ATTEMPTED,0
PAY_005676,738,BANK_TIMEOUT,TEMPORARY,0,NO_ACTION,STOP,0.0,STOPPED,0.0,NO_RECOVERY_ATTEMPTED,0
PAY_006874,311,NETWORK_ERROR,TEMPORARY,0,NO_ACTION,STOP,0.0,STOPPED,0.0,NO_RECOVERY_ATTEMPTED,0
PAY_009693,717,BANK_TIMEOUT,TEMPORARY,0,NO_ACTION,STOP,0.0,STOPPED,0.0,NO_RECOVERY_ATTEMPTED,0
PAY_007990,145,UPI_TECHNICAL_ERROR,TEMPORARY,0,NO_ACTION,STOP,0.0,STOPPED,0.0,NO_RECOVERY_ATTEMPTED,0
PAY_003844,723,INSUFFICIENT_FUNDS,CUSTOMER,0,NO_ACTION,STOP,0.0,STOPPED,0.0,NO_RECOVERY_ATTEMPTED,0
PAY_001022,99,CARD_EXPIRED,CUSTOMER,0,NO_ACTION,STOP,0.0,STOPPED,0.0,NO_RECOVERY_ATTEMPTED,0
PAY_003074,261,LIMIT_EXCEEDED,CUSTOMER,0,NO_ACTION,STOP,0.0,STOPPED,0.0,NO_RECOVERY_ATTEMPTED,0
PAY_007556,1157,PAYMENT_EXPIRED,HARD,0,NO_ACTION,STOP,0.0,STOPPED,0.0,NO_RECOVERY_ATTEMPTED,0
PAY_003944,353,AUTHENTICATION_FAILED,CUSTOMER,0,NO_ACTION,STOP,0.0,STOPPED,0.0,NO_RECOVERY_ATTEMPTED,0
PAY_001586,776,CARD_EXPIRED,CUSTOMER,0,NO_ACTION,STOP,0.0,STOPPED,0.0,NO_RECOVERY_ATTEMPTED,0
PAY_003153,102,BANK_TIMEOUT,TEMPORARY,0,NO_ACTION,STOP,0.0,STOPPED,0.0,NO_RECOVERY_ATTEMPTED,0
PAY_008227,99,NETWORK_ERROR,TEMPORARY,0,NO_ACTION,STOP,0.0,STOPPED,0.0,NO_RECOVERY_ATTEMPTED,0
PAY_000776,661,NETWORK_ERROR,TEMPORARY,0,NO_ACTION,STOP,0.0,STOPPED,0.0,NO_RECOVERY_ATTEMPTED,0
PAY_009671,362,AUTHENTICATION_FAILED,CUSTOMER,0,NO_ACTION,STOP,0.0,STOPPED,0.0,NO_RECOVERY_ATTEMPTED,0
PAY_007100,1402,CARD_EXPIRED,CUSTOMER,0,NO_ACTION,STOP,0.0,STOPPED,0.0,NO_RECOVERY_ATTEMPTED,0
PAY_005487,1237,INSUFFICIENT_FUNDS,CUSTOMER,0,NO_ACTION,STOP,0.0,STOPPED,0.0,NO_RECOVERY_ATTEMPTED,0
PAY_006236,931,BANK_TIMEOUT,TEMPORARY,0,NO_ACTION,STOP,0.0,STOPPED,0.0,NO_RECOVERY_ATTEMPTED,0
PAY_009556,534,CARD_EXPIRED,CUSTOMER,0,NO_ACTION,STOP,0.0,STOPPED,0.0,NO_RECOVERY_ATTEMPTED,0
PAY_007042,291,INVALID_ACCOUNT,HARD,0,NO_ACTION,STOP,0.0,STOPPED,0.0,NO_RECOVERY_ATTEMPTED,0
PAY_002613,197,PAYMENT_EXPIRED,HARD,0,NO_ACTION,STOP,0.0,STOPPED,0.0,NO_RECOVERY_ATTEMPTED,0
PAY_007514,617,LIMIT_EXCEEDED,CUSTOMER,0,NO_ACTION,STOP,0.0,STOPPED,0.0,NO_RECOVERY_ATTEMPTED,0
PAY_008434,203,LIMIT_EXCEEDED,CUSTOMER,0,NO_ACTION,STOP,0.0,STOPPED,0.0,NO_RECOVERY_ATTEMPTED,0
PAY_008793,1069,INSUFFICIENT_FUNDS,CUSTOMER,0,NO_ACTION,STOP,0.0,STOPPED,0.0,NO_RECOVERY_ATTEMPTED,0
PAY_005394,11261,UPI_TECHNICAL_ERROR,TEMPORARY,0,NO_ACTION,STOP,0.0,STOPPED,0.0,NO_RECOVERY_ATTEMPTED,0
PAY_008839,99,INSUFFICIENT_FUNDS,CUSTOMER,0,NO_ACTION,STOP,0.0,STOPPED,0.0,NO_RECOVERY_ATTEMPTED,0
PAY_003891,251,PAYMENT_EXPIRED,HARD,0,NO_ACTION,STOP,0.0,STOPPED,0.0,NO_RECOVERY_ATTEMPTED,0
PAY_003557,1820,CARD_EXPIRED,CUSTOMER,0,NO_ACTION,STOP,0.0,STOPPED,0.0,NO_RECOVERY_ATTEMPTED,0
PAY_001529,392,AUTHENTICATION_FAILED,CUSTOMER,0,NO_ACTION,STOP,0.0,STOPPED,0.0,NO_RECOVERY_ATTEMPTED,0
PAY_001268,1484,LIMIT_EXCEEDED,CUSTOMER,0,NO_ACTION,STOP,0.0,STOPPED,0.0,NO_RECOVERY_ATTEMPTED,0
PAY_007735,374,CARD_EXPIRED,CUSTOMER,0,NO_ACTION,STOP,0.0,STOPPED,0.0,NO_RECOVERY_ATTEMPTED,0
PAY_001900,134,AUTHENTICATION_FAILED,CUSTOMER,0,NO_ACTION,STOP,0.0,STOPPED,0.0,NO_RECOVERY_ATTEMPTED,0
PAY_004659,885,CUSTOMER_DECLINED,HARD,0,NO_ACTION,STOP,0.0,STOPPED,0.0,NO_RECOVERY_ATTEMPTED,0
PAY_003006,937,INSUFFICIENT_FUNDS,CUSTOMER,0,NO_ACTION,STOP,0.0,STOPPED,0.0,NO_RECOVERY_ATTEMPTED,0
PAY_002735,2352,LIMIT_EXCEEDED,CUSTOMER,0,NO_ACTION,STOP,0.0,STOPPED,0.0,NO_RECOVERY_ATTEMPTED,0
PAY_000190,938,GATEWAY_TIMEOUT,TEMPORARY,0,NO_ACTION,STOP,0.0,STOPPED,0.0,NO_RECOVERY_ATTEMPTED,0
PAY_009168,137,UPI_TECHNICAL_ERROR,TEMPORARY,0,NO_ACTION,STOP,0.0,STOPPED,0.0,NO_RECOVERY_ATTEMPTED,0
PAY_002748,557,BLOCKED_METHOD,HARD,0,NO_ACTION,STOP,0.0,STOPPED,0.0,NO_RECOVERY_ATTEMPTED,0
PAY_002048,232,CARD_EXPIRED,CUSTOMER,0,NO_ACTION,STOP,0.0,STOPPED,0.0,NO_RECOVERY_ATTEMPTED,0
PAY_007850,3499,BANK_TIMEOUT,TEMPORARY,0,NO_ACTION,STOP,0.0,STOPPED,0.0,NO_RECOVERY_ATTEMPTED,0
PAY_002559,99,INSUFFICIENT_FUNDS,CUSTOMER,0,NO_ACTION,STOP,0.0,STOPPED,0.0,NO_RECOVERY_ATTEMPTED,0
PAY_009275,1390,GATEWAY_TIMEOUT,TEMPORARY,0,NO_ACTION,STOP,0.0,STOPPED,0.0,NO_RECOVERY_ATTEMPTED,0
PAY_008667,6296,CARD_EXPIRED,CUSTOMER,0,NO_ACTION,STOP,0.0,STOPPED,0.0,NO_RECOVERY_ATTEMPTED,0
PAY_006397,247,NETWORK_ERROR,TEMPORARY,0,NO_ACTION,STOP,0.0,STOPPED,0.0,NO_RECOVERY_ATTEMPTED,0
PAY_003386,2170,GATEWAY_TIMEOUT,TEMPORARY,0,NO_ACTION,STOP,0.0,STOPPED,0.0,NO_RECOVERY_ATTEMPTED,0
PAY_004556,277,GATEWAY_TIMEOUT,TEMPORARY,0,NO_ACTION,STOP,0.0,STOPPED,0.0,NO_RECOVERY_ATTEMPTED,0
PAY_001185,576,CUSTOMER_DECLINED,HARD,0,NO_ACTION,STOP,0.0,STOPPED,0.0,NO_RECOVERY_ATTEMPTED,0
PAY_006421,344,INSUFFICIENT_FUNDS,CUSTOMER,0,NO_ACTION,STOP,0.0,STOPPED,0.0,NO_RECOVERY_ATTEMPTED,0
PAY_005052,851,GATEWAY_TIMEOUT,TEMPORARY,0,NO_ACTION,STOP,0.0,STOPPED,0.0,NO_RECOVERY_ATTEMPTED,0
PAY_005312,712,GATEWAY_TIMEOUT,TEMPORARY,0,NO_ACTION,STOP,0.0,STOPPED,0.0,NO_RECOVERY_ATTEMPTED,0
PAY_002434,3462,UPI_TECHNICAL_ERROR,TEMPORARY,0,NO_ACTION,STOP,0.0,STOPPED,0.0,NO_RECOVERY_ATTEMPTED,0
PAY_006950,2029,AUTHENTICATION_FAILED,CUSTOMER,0,NO_ACTION,STOP,0.0,STOPPED,0.0,NO_RECOVERY_ATTEMPTED,0
PAY_000770,1004,NETWORK_ERROR,TEMPORARY,0,NO_ACTION,STOP,0.0,STOPPED,0.0,NO_RECOVERY_ATTEMPTED,0
PAY_001686,2775,INVALID_ACCOUNT,HARD,0,NO_ACTION,STOP,0.0,STOPPED,0.0,NO_RECOVERY_ATTEMPTED,0
PAY_008323,2056,INSUFFICIENT_FUNDS,CUSTOMER,0,NO_ACTION,STOP,0.0,STOPPED,0.0,NO_RECOVERY_ATTEMPTED,0
PAY_005579,854,GATEWAY_TIMEOUT,TEMPORARY,0,NO_ACTION,STOP,0.0,STOPPED,0.0,NO_RECOVERY_ATTEMPTED,0
PAY_004427,380,INSUFFICIENT_FUNDS,CUSTOMER,0,NO_ACTION,STOP,0.0,STOPPED,0.0,NO_RECOVERY_ATTEMPTED,0
PAY_000467,1349,GATEWAY_TIMEOUT,TEMPORARY,0,NO_ACTION,STOP,0.0,STOPPED,0.0,NO_RECOVERY_ATTEMPTED,0
PAY_006266,248,INVALID_ACCOUNT,HARD,0,NO_ACTION,STOP,0.0,STOPPED,0.0,NO_RECOVERY_ATTEMPTED,0
PAY_005735,120,INSUFFICIENT_FUNDS,CUSTOMER,0,NO_ACTION,STOP,0.0,STOPPED,0.0,NO_RECOVERY_ATTEMPTED,0
PAY_005192,521,BLOCKED_METHOD,HARD,0,NO_ACTION,STOP,0.0,STOPPED,0.0,NO_RECOVERY_ATTEMPTED,0
PAY_005391,262,BANK_TIMEOUT,TEMPORARY,0,NO_ACTION,STOP,0.0,STOPPED,0.0,NO_RECOVERY_ATTEMPTED,0
PAY_000861,851,NETWORK_ERROR,TEMPORARY,0,NO_ACTION,STOP,0.0,STOPPED,0.0,NO_RECOVERY_ATTEMPTED,0
PAY_007271,543,INSUFFICIENT_FUNDS,CUSTOMER,0,NO_ACTION,STOP,0.0,STOPPED,0.0,NO_RECOVERY_ATTEMPTED,0
