payment_id,amount,failure_code,failure_category,retry_count,ai_diagnosis,candidate_actions,selected_action,expected_recovery,actual_result,recovered_amount,stopping_reason,timestamp_step
PAY_005384,1377,AUTHENTICATION_FAILED,CUSTOMER,0,CUSTOMER,"{'RETRY_NOW': 0.37087290021393327, 'RETRY_LATER': 0.5240348649296817, 'SWITCH_METHOD': 0.44578902544217325, 'SEND_NOTIFICATION': 0.6251951661505848, 'STOP': 0.12322693756507609}",SEND_NOTIFICATION,860.8937437893553,FAILED,0.0,,0
PAY_005384,1377,AUTHENTICATION_FAILED,CUSTOMER,1,CUSTOMER,"{'RETRY_NOW': 0.37087290021393327, 'RETRY_LATER': 0.5240348649296817, 'SWITCH_METHOD': 0.44578902544217325, 'SEND_NOTIFICATION': 0.6251951661505848, 'STOP': 0.12322693756507609}",SEND_NOTIFICATION,860.8937437893553,SUCCESS,1377.0,,1
PAY_000553,140,NETWORK_ERROR,TEMPORARY,0,TEMPORARY,"{'RETRY_NOW': 0.48138936127151255, 'RETRY_LATER': 0.7582761582299571, 'SWITCH_METHOD': 0.5907750176163885, 'SEND_NOTIFICATION': 0.15844249748521957, 'STOP': 0.00746119185627448}",RETRY_LATER,106.158662152194,FAILED,0.0,,0
PAY_000553,140,NETWORK_ERROR,TEMPORARY,1,TEMPORARY,"{'RETRY_NOW': 0.48138936127151255, 'RETRY_LATER': 0.7582761582299571, 'SWITCH_METHOD': 0.5907750176163885, 'SEND_NOTIFICATION': 0.15844249748521957, 'STOP': 0.00746119185627448}",RETRY_LATER,106.158662152194,FAILED,0.0,,1
PAY_000553,140,NETWORK_ERROR,TEMPORARY,2,TEMPORARY,{},STOP,0.0,STOPPED,0.0,MAX_RETRIES_REACHED,2
PAY_003145,368,BANK_TIMEOUT,TEMPORARY,0,TEMPORARY,"{'RETRY_NOW': 0.5780061904791973, 'RETRY_LATER': 0.8531322867174927, 'SWITCH_METHOD': 0.6423667953759395, 'SEND_NOTIFICATION': 0.23106464820244738, 'STOP': 0.03150091080640833}",RETRY_LATER,313.9526815120373,SUCCESS,368.0,,0
PAY_006918,752,GATEWAY_TIMEOUT,TEMPORARY,0,TEMPORARY,"{'RETRY_NOW': 0.5305124918837583, 'RETRY_LATER': 0.8154658479514914, 'SWITCH_METHOD': 0.6208221579900054, 'SEND_NOTIFICATION': 0.20336733053742942, 'STOP': 0.01829119490493792}",RETRY_LATER,613.2303176595215,SUCCESS,752.0,,0
PAY_002057,876,UPI_TECHNICAL_ERROR,TEMPORARY,0,TEMPORARY,"{'RETRY_NOW': 0.512210861615233, 'RETRY_LATER': 0.7954582701571247, 'SWITCH_METHOD': 0.6652811854804807, 'SEND_NOTIFICATION': 0.19517399930742227, 'STOP': 0.018162388201534378}",RETRY_LATER,696.8214446576412,SUCCESS,876.0,,0
PAY_001926,1256,LIMIT_EXCEEDED,CUSTOMER,0,CUSTOMER,"{'RETRY_NOW': 0.21823748104419816, 'RETRY_LATER': 0.3792220190820007, 'SWITCH_METHOD': 0.48403918918878625, 'SEND_NOTIFICATION': 0.5560145146736841, 'STOP': 0.08249431445364402}",SEND_NOTIFICATION,698.3542304301473,SUCCESS,1256.0,,0
PAY_000635,1682,CARD_EXPIRED,CUSTOMER,0,CUSTOMER,"{'RETRY_NOW': 0.11918159652354125, 'RETRY_LATER': 0.15474985617056036, 'SWITCH_METHOD': 0.5849752003466635, 'SEND_NOTIFICATION': 0.6898436327737695, 'STOP': 0.1922827813056365}",SEND_NOTIFICATION,1160.3169903254802,SUCCESS,1682.0,,0
PAY_006083,505,GATEWAY_TIMEOUT,TEMPORARY,0,TEMPORARY,"{'RETRY_NOW': 0.5293823070611737, 'RETRY_LATER': 0.8204736823965143, 'SWITCH_METHOD': 0.6227250037118731, 'SEND_NOTIFICATION': 0.2066759756998412, 'STOP': 0.021332910643010787}",RETRY_LATER,414.3392096102397,SUCCESS,505.0,,0
PAY_009271,2136,CARD_EXPIRED,CUSTOMER,0,CUSTOMER,"{'RETRY_NOW': 0.09136478382202264, 'RETRY_LATER': 0.13292263811477514, 'SWITCH_METHOD': 0.5607646425807011, 'SEND_NOTIFICATION': 0.66006319290718, 'STOP': 0.16023719868314354}",SEND_NOTIFICATION,1409.8949800497364,SUCCESS,2136.0,,0
PAY_009679,1950,LIMIT_EXCEEDED,CUSTOMER,0,CUSTOMER,"{'RETRY_NOW': 0.24046848018714542, 'RETRY_LATER': 0.4117783181581418, 'SWITCH_METHOD': 0.514655719302398, 'SEND_NOTIFICATION': 0.6021239268200854, 'STOP': 0.11263699966310457}",SEND_NOTIFICATION,1174.1416572991666,SUCCESS,1950.0,,0
PAY_000106,747,BANK_TIMEOUT,TEMPORARY,0,TEMPORARY,"{'RETRY_NOW': 0.5762228890843711, 'RETRY_LATER': 0.8482659911525241, 'SWITCH_METHOD': 0.6355341919289966, 'SEND_NOTIFICATION': 0.22796501193503213, 'STOP': 0.028648971054813354}",RETRY_LATER,633.6546953909356,SUCCESS,747.0,,0
PAY_003042,274,BANK_TIMEOUT,TEMPORARY,0,TEMPORARY,"{'RETRY_NOW': 0.5787323086585725, 'RETRY_LATER': 0.8409871919362351, 'SWITCH_METHOD': 0.6319963755641068, 'SEND_NOTIFICATION': 0.2220028136051772, 'STOP': 0.022339809277451692}",RETRY_LATER,230.4304905905284,SUCCESS,274.0,,0
PAY_001710,2169,CARD_EXPIRED,CUSTOMER,0,CUSTOMER,"{'RETRY_NOW': 0.11593301561405536, 'RETRY_LATER': 0.14714202917018462, 'SWITCH_METHOD': 0.5736577117172679, 'SEND_NOTIFICATION': 0.6750400303947381, 'STOP': 0.17448562564415004}",SEND_NOTIFICATION,1464.161825926187,FAILED,0.0,,0
PAY_001710,2169,CARD_EXPIRED,CUSTOMER,1,CUSTOMER,"{'RETRY_NOW': 0.11593301561405536, 'RETRY_LATER': 0.14714202917018462, 'SWITCH_METHOD': 0.5736577117172679, 'SEND_NOTIFICATION': 0.6750400303947381, 'STOP': 0.17448562564415004}",SEND_NOTIFICATION,1464.161825926187,SUCCESS,2169.0,,1
PAY_000090,1097,CARD_EXPIRED,CUSTOMER,0,CUSTOMER,"{'RETRY_NOW': 0.11803394505937058, 'RETRY_LATER': 0.15471010729963303, 'SWITCH_METHOD': 0.5828268031164789, 'SEND_NOTIFICATION': 0.6863321166948629, 'STOP': 0.19033161063782014}",SEND_NOTIFICATION,752.9063320142646,SUCCESS,1097.0,,0
PAY_007015,218,CUSTOMER_DECLINED,HARD,0,HARD,"{'RETRY_NOW': 0.03732953746837699, 'RETRY_LATER': 0.03614809478179665, 'SWITCH_METHOD': 0.05874970806145215, 'SEND_NOTIFICATION': 0.07655059024909824, 'STOP': 0.9899291515489878}",SEND_NOTIFICATION,16.688028674303418,FAILED,0.0,,0
PAY_007015,218,CUSTOMER_DECLINED,HARD,1,HARD,"{'RETRY_NOW': 0.03732953746837699, 'RETRY_LATER': 0.03614809478179665, 'SWITCH_METHOD': 0.05874970806145215, 'SEND_NOTIFICATION': 0.07655059024909824, 'STOP': 0.9899291515489878}",SEND_NOTIFICATION,16.688028674303418,FAILED,0.0,,1
PAY_007015,218,CUSTOMER_DECLINED,HARD,2,HARD,{},STOP,0.0,STOPPED,0.0,MAX_RETRIES_REACHED,2
PAY_003175,279,INSUFFICIENT_FUNDS,CUSTOMER,0,CUSTOMER,"{'RETRY_NOW': 0.1798982304722809, 'RETRY_LATER': 0.4326186751213166, 'SWITCH_METHOD': 0.5877753038073465, 'SEND_NOTIFICATION': 0.7137877886959354, 'STOP': 0.05031981256751793}",SEND_NOTIFICATION,199.14679304616598,SUCCESS,279.0,,0
PAY_000918,178,CARD_EXPIRED,CUSTOMER,0,CUSTOMER,"{'RETRY_NOW': 0.09419860839894821, 'RETRY_LATER': 0.14126562099955234, 'SWITCH_METHOD': 0.5694507647841095, 'SEND_NOTIFICATION': 0.6499303150480881, 'STOP': 0.16509484816430678}",SEND_NOTIFICATION,115.68759607855968,SUCCESS,178.0,,0
PAY_007834,1677,BANK_TIMEOUT,TEMPORARY,0,TEMPORARY,"{'RETRY_NOW': 0.5522664395398048, 'RETRY_LATER': 0.8211778010468687, 'SWITCH_METHOD': 0.610289564634102, 'SEND_NOTIFICATION': 0.19976126462287397, 'STOP': 0.0014956926438394061}",RETRY_LATER,1377.1151723555988,SUCCESS,1677.0,,0
PAY_006733,1837,GATEWAY_TIMEOUT,TEMPORARY,0,TEMPORARY,"{'RETRY_NOW': 0.5507707544914408, 'RETRY_LATER': 0.8316800659803456, 'SWITCH_METHOD': 0.6339064213442815, 'SEND_NOTIFICATION': 0.21481558554396052, 'STOP': 0.0330674011709359}",RETRY_LATER,1527.796281205895,FAILED,0.0,,0
PAY_006733,1837,GATEWAY_TIMEOUT,TEMPORARY,1,TEMPORARY,"{'RETRY_NOW': 0.5507707544914408, 'RETRY_LATER': 0.8316800659803456, 'SWITCH_METHOD': 0.6339064213442815, 'SEND_NOTIFICATION': 0.21481558554396052, 'STOP': 0.0330674011709359}",RETRY_LATER,1527.796281205895,FAILED,0.0,,1
PAY_006733,1837,GATEWAY_TIMEOUT,TEMPORARY,2,TEMPORARY,{},STOP,0.0,STOPPED,0.0,MAX_RETRIES_REACHED,2
PAY_001950,1530,INSUFFICIENT_FUNDS,CUSTOMER,0,CUSTOMER,"{'RETRY_NOW': 0.20356664227828297, 'RETRY_LATER': 0.4711957501405762, 'SWITCH_METHOD': 0.6060141885505025, 'SEND_NOTIFICATION': 0.7374314275118824, 'STOP': 0.07240685230195118}",SEND_NOTIFICATION,1128.27008409318,FAILED,0.0,,0
PAY_001950,1530,INSUFFICIENT_FUNDS,CUSTOMER,1,CUSTOMER,"{'RETRY_NOW': 0.20356664227828297, 'RETRY_LATER': 0.4711957501405762, 'SWITCH_METHOD': 0.6060141885505025, 'SEND_NOTIFICATION': 0.7374314275118824, 'STOP': 0.07240685230195118}",SEND_NOTIFICATION,1128.27008409318,SUCCESS,1530.0,,1
PAY_006369,703,NETWORK_ERROR,TEMPORARY,0,TEMPORARY,"{'RETRY_NOW': 0.5104112320238245, 'RETRY_LATER': 0.780490393412274, 'SWITCH_METHOD': 0.613549437274326, 'SEND_NOTIFICATION': 0.1802729433713542, 'STOP': 0.02991079406841157}",RETRY_LATER,548.6847465688286,FAILED,0.0,,0
PAY_006369,703,NETWORK_ERROR,TEMPORARY,1,TEMPORARY,"{'RETRY_NOW': 0.5104112320238245, 'RETRY_LATER': 0.780490393412274, 'SWITCH_METHOD': 0.613549437274326, 'SEND_NOTIFICATION': 0.1802729433713542, 'STOP': 0.02991079406841157}",RETRY_LATER,548.6847465688286,SUCCESS,703.0,,1
PAY_000002,809,UPI_TECHNICAL_ERROR,TEMPORARY,0,TEMPORARY,"{'RETRY_NOW': 0.5110772229262469, 'RETRY_LATER': 0.8008764824810973, 'SWITCH_METHOD': 0.6675824069497995, 'SEND_NOTIFICATION': 0.1983825398301838, 'STOP': 0.021206551698736024}",RETRY_LATER,647.9090743272077,SUCCESS,809.0,,0
PAY_008033,253,BANK_TIMEOUT,TEMPORARY,0,TEMPORARY,"{'RETRY_NOW': 0.5737249575298882, 'RETRY_LATER': 0.8385408547895308, 'SWITCH_METHOD': 0.6291498179397597, 'SEND_NOTIFICATION': 0.21721758805919064, 'STOP': 0.019306697773583903}",RETRY_LATER,212.1508362617513,SUCCESS,253.0,,0
PAY_006048,2521,INSUFFICIENT_FUNDS,CUSTOMER,0,CUSTOMER,"{'RETRY_NOW': 0.1713713136681697, 'RETRY_LATER': 0.42742902401621696, 'SWITCH_METHOD': 0.5787283812160907, 'SEND_NOTIFICATION': 0.7147282448488866, 'STOP': 0.04634622451823712}",SEND_NOTIFICATION,1801.8299052640432,SUCCESS,2521.0,,0
PAY_002721,605,NETWORK_ERROR,TEMPORARY,0,TEMPORARY,"{'RETRY_NOW': 0.5003481664705942, 'RETRY_LATER': 0.7695051248351832, 'SWITCH_METHOD': 0.6034187882708808, 'SEND_NOTIFICATION': 0.16791702795491556, 'STOP': 0.01926603823229155}",RETRY_LATER,465.5506005252858,FAILED,0.0,,0
PAY_002721,605,NETWORK_ERROR,TEMPORARY,1,TEMPORARY,"{'RETRY_NOW': 0.5003481664705942, 'RETRY_LATER': 0.7695051248351832, 'SWITCH_METHOD': 0.6034187882708808, 'SEND_NOTIFICATION': 0.16791702795491556, 'STOP': 0.01926603823229155}",RETRY_LATER,465.5506005252858,FAILED,0.0,,1
PAY_002721,605,NETWORK_ERROR,TEMPORARY,2,TEMPORARY,{},STOP,0.0,STOPPED,0.0,MAX_RETRIES_REACHED,2
PAY_009813,281,UPI_TECHNICAL_ERROR,TEMPORARY,0,TEMPORARY,"{'RETRY_NOW': 0.5321745423753039, 'RETRY_LATER': 0.8112845288022631, 'SWITCH_METHOD': 0.6796290536521106, 'SEND_NOTIFICATION': 0.2027659968943511, 'STOP': 0.03158426447223368}",RETRY_LATER,227.97095259343592,SUCCESS,281.0,,0
PAY_003118,99,NETWORK_ERROR,TEMPORARY,0,TEMPORARY,"{'RETRY_NOW': 0.499213912852919, 'RETRY_LATER': 0.7727605217045811, 'SWITCH_METHOD': 0.6053534519676705, 'SEND_NOTIFICATION': 0.17077255845876768, 'STOP': 0.021031801370860685}",RETRY_LATER,76.50329164875353,FAILED,0.0,,0
PAY_003118,99,NETWORK_ERROR,TEMPORARY,1,TEMPORARY,"{'RETRY_NOW': 0.499213912852919, 'RETRY_LATER': 0.7727605217045811, 'SWITCH_METHOD': 0.6053534519676705, 'SEND_NOTIFICATION': 0.17077255845876768, 'STOP': 0.021031801370860685}",RETRY_LATER,76.50329164875353,SUCCESS,99.0,,1
PAY_009466,336,CUSTOMER_DECLINED,HARD,0,HARD,"{'RETRY_NOW': 0.021012542751393443, 'RETRY_LATER': 0.022723291447438357, 'SWITCH_METHOD': 0.043110892232279756, 'SEND_NOTIFICATION': 0.061723294616396474, 'STOP': 0.9897805074172629}",SEND_NOTIFICATION,20.739026991109213,FAILED,0.0,,0
PAY_009466,336,CUSTOMER_DECLINED,HARD,1,HARD,"{'RETRY_NOW': 0.021012542751393443, 'RETRY_LATER': 0.022723291447438357, 'SWITCH_METHOD': 0.043110892232279756, 'SEND_NOTIFICATION': 0.061723294616396474, 'STOP': 0.9897805074172629}",SEND_NOTIFICATION,20.739026991109213,FAILED,0.0,,1
PAY_009466,336,CUSTOMER_DECLINED,HARD,2,HARD,{},STOP,0.0,STOPPED,0.0,MAX_RETRIES_REACHED,2
PAY_003763,870,CARD_EXPIRED,CUSTOMER,0,CUSTOMER,"{'RETRY_NOW': 0.11713710544084315, 'RETRY_LATER': 0.15477694828158714, 'SWITCH_METHOD': 0.5794606675332371, 'SEND_NOTIFICATION': 0.6845270088333381, 'STOP': 0.18761724102536204}",SEND_NOTIFICATION,595.5384976850041,FAILED,0.0,,0
PAY_003763,870,CARD_EXPIRED,CUSTOMER,1,CUSTOMER,"{'RETRY_NOW': 0.11713710544084315, 'RETRY_LATER': 0.15477694828158714, 'SWITCH_METHOD': 0.5794606675332371, 'SEND_NOTIFICATION': 0.6845270088333381, 'STOP': 0.18761724102536204}",SEND_NOTIFICATION,595.5384976850041,SUCCESS,870.0,,1
PAY_000214,938,BANK_TIMEOUT,TEMPORARY,0,TEMPORARY,"{'RETRY_NOW': 0.5696330875458853, 'RETRY_LATER': 0.835896994338851, 'SWITCH_METHOD': 0.6267842313168004, 'SEND_NOTIFICATION': 0.21369597636977036, 'STOP': 0.016458093859235613}",RETRY_LATER,784.0713806898423,SUCCESS,938.0,,0
PAY_000779,8592,LIMIT_EXCEEDED,CUSTOMER,0,CUSTOMER,"{'RETRY_NOW': 0.2398076479350372, 'RETRY_LATER': 0.40809733036432344, 'SWITCH_METHOD': 0.511272627391789, 'SEND_NOTIFICATION': 0.5869102974204997, 'STOP': 0.10789286575855782}",SEND_NOTIFICATION,5042.733275436934,FAILED,0.0,,0
PAY_000779,8592,LIMIT_EXCEEDED,CUSTOMER,1,CUSTOMER,"{'RETRY_NOW': 0.2398076479350372, 'RETRY_LATER': 0.40809733036432344, 'SWITCH_METHOD': 0.511272627391789, 'SEND_NOTIFICATION': 0.5869102974204997, 'STOP': 0.10789286575855782}",SEND_NOTIFICATION,5042.733275436934,FAILED,0.0,,1
PAY_000779,8592,LIMIT_EXCEEDED,CUSTOMER,2,CUSTOMER,{},STOP,0.0,STOPPED,0.0,MAX_RETRIES_REACHED,2
PAY_003497,195,BANK_TIMEOUT,TEMPORARY,0,TEMPORARY,"{'RETRY_NOW': 0.5726149942038414, 'RETRY_LATER': 0.8410226622640326, 'SWITCH_METHOD': 0.6310357096715916, 'SEND_NOTIFICATION': 0.22068914355862468, 'STOP': 0.021076107340725396}",RETRY_LATER,163.99941914148636,SUCCESS,195.0,,0
PAY_008818,1864,BANK_TIMEOUT,TEMPORARY,0,TEMPORARY,"{'RETRY_NOW': 0.5541429048333965, 'RETRY_LATER': 0.824683541980495, 'SWITCH_METHOD': 0.6142038341621717, 'SEND_NOTIFICATION': 0.2055844652133299, 'STOP': 0.004511347605105997}",RETRY_LATER,1537.2101222516426,SUCCESS,1864.0,,0
PAY_002044,99,INVALID_ACCOUNT,HARD,0,HARD,"{'RETRY_NOW': 0.025605215014814813, 'RETRY_LATER': 0.035537303890459136, 'SWITCH_METHOD': 0.10061732907127298, 'SEND_NOTIFICATION': 0.12893241052542612, 'STOP': 0.9890011447992207}",SWITCH_METHOD,9.961115578056026,FAILED,0.0,,0
PAY_002044,99,INVALID_ACCOUNT,HARD,1,HARD,"{'RETRY_NOW': 0.025605215014814813, 'RETRY_LATER': 0.035537303890459136, 'SWITCH_METHOD': 0.10061732907127298, 'SEND_NOTIFICATION': 0.12893241052542612, 'STOP': 0.9890011447992207}",SWITCH_METHOD,9.961115578056026,FAILED,0.0,,1
PAY_002044,99,INVALID_ACCOUNT,HARD,2,HARD,{},STOP,0.0,STOPPED,0.0,MAX_RETRIES_REACHED,2
PAY_005421,863,AUTHENTICATION_FAILED,CUSTOMER,0,CUSTOMER,"{'RETRY_NOW': 0.3672109048960562, 'RETRY_LATER': 0.5045077390280865, 'SWITCH_METHOD': 0.4295051683003865, 'SEND_NOTIFICATION': 0.6044396068038961, 'STOP': 0.10615382191202148}",SEND_NOTIFICATION,521.6313806717624,FAILED,0.0,,0
PAY_005421,863,AUTHENTICATION_FAILED,CUSTOMER,1,CUSTOMER,"{'RETRY_NOW': 0.3672109048960562, 'RETRY_LATER': 0.5045077390280865, 'SWITCH_METHOD': 0.4295051683003865, 'SEND_NOTIFICATION': 0.6044396068038961, 'STOP': 0.10615382191202148}",SEND_NOTIFICATION,521.6313806717624,SUCCESS,863.0,,1
PAY_006155,1161,NETWORK_ERROR,TEMPORARY,0,TEMPORARY,"{'RETRY_NOW': 0.5288730073189586, 'RETRY_LATER': 0.7942130966294413, 'SWITCH_METHOD': 0.6214079911542477, 'SEND_NOTIFICATION': 0.18957182359764252, 'STOP': 0.04341682454902593}",RETRY_LATER,922.0814051867814,SUCCESS,1161.0,,0
PAY_008358,873,BANK_TIMEOUT,TEMPORARY,0,TEMPORARY,"{'RETRY_NOW': 0.5626807146146182, 'RETRY_LATER': 0.8316267105950554, 'SWITCH_METHOD': 0.6220347063747707, 'SEND_NOTIFICATION': 0.21537464425590355, 'STOP': 0.013502318171210387}",RETRY_LATER,726.0101183494834,SUCCESS,873.0,,0
PAY_008708,99,BANK_TIMEOUT,TEMPORARY,0,TEMPORARY,"{'RETRY_NOW': 0.5978890604380045, 'RETRY_LATER': 0.8621506012643568, 'SWITCH_METHOD': 0.6541276875281906, 'SEND_NOTIFICATION': 0.24079583174282118, 'STOP': 0.04347481316962946}",RETRY_LATER,85.35290952517133,SUCCESS,99.0,,0
PAY_008466,1368,NETWORK_ERROR,TEMPORARY,0,TEMPORARY,"{'RETRY_NOW': 0.4940136302306294, 'RETRY_LATER': 0.7622559540597124, 'SWITCH_METHOD': 0.5975590832415938, 'SEND_NOTIFICATION': 0.16427177041121502, 'STOP': 0.013499300027796106}",RETRY_LATER,1042.7661451536865,SUCCESS,1368.0,,0
PAY_004168,4593,GATEWAY_TIMEOUT,TEMPORARY,0,TEMPORARY,"{'RETRY_NOW': 0.5117148539921608, 'RETRY_LATER': 0.7964627627817277, 'SWITCH_METHOD': 0.593288719110089, 'SEND_NOTIFICATION': 0.17992571963352466, 'STOP': 0.0010170711451712039}",RETRY_LATER,3658.1534694564752,FAILED,0.0,,0
PAY_004168,4593,GATEWAY_TIMEOUT,TEMPORARY,1,TEMPORARY,"{'RETRY_NOW': 0.5117148539921608, 'RETRY_LATER': 0.7964627627817277, 'SWITCH_METHOD': 0.593288719110089, 'SEND_NOTIFICATION': 0.17992571963352466, 'STOP': 0.0010170711451712039}",RETRY_LATER,3658.1534694564752,SUCCESS,4593.0,,1
PAY_003789,1611,INSUFFICIENT_FUNDS,CUSTOMER,0,CUSTOMER,"{'RETRY_NOW': 0.18550339255205156, 'RETRY_LATER': 0.44457889836731546, 'SWITCH_METHOD': 0.58960945948188, 'SEND_NOTIFICATION': 0.718469489782771, 'STOP': 0.056102272166695576}",SEND_NOTIFICATION,1157.4543480400441,FAILED,0.0,,0
PAY_003789,1611,INSUFFICIENT_FUNDS,CUSTOMER,1,CUSTOMER,"{'RETRY_NOW': 0.18550339255205156, 'RETRY_LATER': 0.44457889836731546, 'SWITCH_METHOD': 0.58960945948188, 'SEND_NOTIFICATION': 0.718469489782771, 'STOP': 0.056102272166695576}",SEND_NOTIFICATION,1157.4543480400441,SUCCESS,1611.0,,1
PAY_000584,337,UPI_TECHNICAL_ERROR,TEMPORARY,0,TEMPORARY,"{'RETRY_NOW': 0.4991754324679233, 'RETRY_LATER': 0.778123409669301, 'SWITCH_METHOD': 0.6442227347431124, 'SEND_NOTIFICATION': 0.16962756542985705, 'STOP': 0.001012308855820977}",RETRY_LATER,262.22758905855443,FAILED,0.0,,0
PAY_000584,337,UPI_TECHNICAL_ERROR,TEMPORARY,1,TEMPORARY,"{'RETRY_NOW': 0.4991754324679233, 'RETRY_LATER': 0.778123409669301, 'SWITCH_METHOD': 0.6442227347431124, 'SEND_NOTIFICATION': 0.16962756542985705, 'STOP': 0.001012308855820977}",RETRY_LATER,262.22758905855443,SUCCESS,337.0,,1
PAY_009912,4511,UPI_TECHNICAL_ERROR,TEMPORARY,0,TEMPORARY,"{'RETRY_NOW': 0.5459161004199389, 'RETRY_LATER': 0.8208719444658756, 'SWITCH_METHOD': 0.6850543723059109, 'SEND_NOTIFICATION': 0.20588312503578002, 'STOP': 0.038853977492589446}",RETRY_LATER,3702.953341485565,SUCCESS,4511.0,,0
PAY_009987,2635,NETWORK_ERROR,TEMPORARY,0,TEMPORARY,"{'RETRY_NOW': 0.5256993248593425, 'RETRY_LATER': 0.7940357989029732, 'SWITCH_METHOD': 0.6188882168778729, 'SEND_NOTIFICATION': 0.18479071556538365, 'STOP': 0.040470472829535184}",RETRY_LATER,2092.2843301093344,FAILED,0.0,,0
PAY_009987,2635,NETWORK_ERROR,TEMPORARY,1,TEMPORARY,"{'RETRY_NOW': 0.5256993248593425, 'RETRY_LATER': 0.7940357989029732, 'SWITCH_METHOD': 0.6188882168778729, 'SEND_NOTIFICATION': 0.18479071556538365, 'STOP': 0.040470472829535184}",RETRY_LATER,2092.2843301093344,SUCCESS,2635.0,,1
PAY_000117,359,BANK_TIMEOUT,TEMPORARY,0,TEMPORARY,"{'RETRY_NOW': 0.5511778866468485, 'RETRY_LATER': 0.822032345782785, 'SWITCH_METHOD': 0.6114504793744828, 'SEND_NOTIFICATION': 0.2026232680982858, 'STOP': 0.0029976924631428445}",RETRY_LATER,295.1096121360198,SUCCESS,359.0,,0
PAY_006645,621,INSUFFICIENT_FUNDS,CUSTOMER,0,CUSTOMER,"{'RETRY_NOW': 0.18550339255205156, 'RETRY_LATER': 0.44457889836731546, 'SWITCH_METHOD': 0.58960945948188, 'SEND_NOTIFICATION': 0.718469489782771, 'STOP': 0.056102272166695576}",SEND_NOTIFICATION,446.1695531551008,SUCCESS,621.0,,0
PAY_009034,2688,UPI_TECHNICAL_ERROR,TEMPORARY,0,TEMPORARY,"{'RETRY_NOW': 0.5360004471976364, 'RETRY_LATER': 0.8111515791970056, 'SWITCH_METHOD': 0.6802169755388845, 'SEND_NOTIFICATION': 0.20455216057799588, 'STOP': 0.0329160434912559}",RETRY_LATER,2180.375444881551,SUCCESS,2688.0,,0
PAY_009952,99,BANK_TIMEOUT,TEMPORARY,0,TEMPORARY,"{'RETRY_NOW': 0.5762228890843711, 'RETRY_LATER': 0.8482659911525241, 'SWITCH_METHOD': 0.6355341919289966, 'SEND_NOTIFICATION': 0.22796501193503213, 'STOP': 0.028648971054813354}",RETRY_LATER,83.97833312409989,FAILED,0.0,,0
PAY_009952,99,BANK_TIMEOUT,TEMPORARY,1,TEMPORARY,"{'RETRY_NOW': 0.5762228890843711, 'RETRY_LATER': 0.8482659911525241, 'SWITCH_METHOD': 0.6355341919289966, 'SEND_NOTIFICATION': 0.22796501193503213, 'STOP': 0.028648971054813354}",RETRY_LATER,83.97833312409989,SUCCESS,99.0,,1
PAY_008960,1357,CARD_EXPIRED,CUSTOMER,0,CUSTOMER,"{'RETRY_NOW': 0.10531844718185354, 'RETRY_LATER': 0.14363862467794725, 'SWITCH_METHOD': 0.5705236867366029, 'SEND_NOTIFICATION': 0.6646029522929868, 'STOP': 0.17241137501885437}",SEND_NOTIFICATION,901.8662062615831,FAILED,0.0,,0
PAY_008960,1357,CARD_EXPIRED,CUSTOMER,1,CUSTOMER,"{'RETRY_NOW': 0.10531844718185354, 'RETRY_LATER': 0.14363862467794725, 'SWITCH_METHOD': 0.5705236867366029, 'SEND_NOTIFICATION': 0.6646029522929868, 'STOP': 0.17241137501885437}",SEND_NOTIFICATION,901.8662062615831,FAILED,0.0,,1
PAY_008960,1357,CARD_EXPIRED,CUSTOMER,2,CUSTOMER,{},STOP,0.0,STOPPED,0.0,MAX_RETRIES_REACHED,2
PAY_001764,4245,LIMIT_EXCEEDED,CUSTOMER,0,CUSTOMER,"{'RETRY_NOW': 0.23323541217939237, 'RETRY_LATER': 0.3956921176590515, 'SWITCH_METHOD': 0.5001668567179068, 'SEND_NOTIFICATION': 0.5569747122842366, 'STOP': 0.09297751449736351}",SEND_NOTIFICATION,2364.3576536465844,SUCCESS,4245.0,,0
PAY_001876,342,BANK_TIMEOUT,TEMPORARY,0,TEMPORARY,"{'RETRY_NOW': 0.5849013246583841, 'RETRY_LATER': 0.8531274506320325, 'SWITCH_METHOD': 0.642861702039728, 'SEND_NOTIFICATION': 0.23214446660573096, 'STOP': 0.03285377588910976}",RETRY_LATER,291.76958811615515,SUCCESS,342.0,,0
PAY_003225,2596,CUSTOMER_DECLINED,HARD,0,HARD,"{'RETRY_NOW': 0.029925545159470688, 'RETRY_LATER': 0.03068960147111537, 'SWITCH_METHOD': 0.05057248569243906, 'SEND_NOTIFICATION': 0.07022043057402337, 'STOP': 0.9899612819830307}",SEND_NOTIFICATION,182.29223777016466,FAILED,0.0,,0
PAY_003225,2596,CUSTOMER_DECLINED,HARD,1,HARD,"{'RETRY_NOW': 0.029925545159470688, 'RETRY_LATER': 0.03068960147111537, 'SWITCH_METHOD': 0.05057248569243906, 'SEND_NOTIFICATION': 0.07022043057402337, 'STOP': 0.9899612819830307}",SEND_NOTIFICATION,182.29223777016466,FAILED,0.0,,1
PAY_003225,2596,CUSTOMER_DECLINED,HARD,2,HARD,{},STOP,0.0,STOPPED,0.0,MAX_RETRIES_REACHED,2
PAY_000527,5839,AUTHENTICATION_FAILED,CUSTOMER,0,CUSTOMER,"{'RETRY_NOW': 0.38599673826845793, 'RETRY_LATER': 0.5456828603108634, 'SWITCH_METHOD': 0.4650705063886304, 'SEND_NOTIFICATION': 0.6498692801717164, 'STOP': 0.14362370670984778}",SEND_NOTIFICATION,3794.586726922652,SUCCESS,5839.0,,0
PAY_007726,99,AUTHENTICATION_FAILED,CUSTOMER,0,CUSTOMER,"{'RETRY_NOW': 0.38599673826845793, 'RETRY_LATER': 0.5456828603108634, 'SWITCH_METHOD': 0.4650705063886304, 'SEND_NOTIFICATION': 0.6498692801717164, 'STOP': 0.14362370670984778}",SEND_NOTIFICATION,64.33705873699992,FAILED,0.0,,0
PAY_007726,99,AUTHENTICATION_FAILED,CUSTOMER,1,CUSTOMER,"{'RETRY_NOW': 0.38599673826845793, 'RETRY_LATER': 0.5456828603108634, 'SWITCH_METHOD': 0.4650705063886304, 'SEND_NOTIFICATION': 0.6498692801717164, 'STOP': 0.14362370670984778}",SEND_NOTIFICATION,64.33705873699992,SUCCESS,99.0,,1
PAY_002947,911,UPI_TECHNICAL_ERROR,TEMPORARY,0,TEMPORARY,"{'RETRY_NOW': 0.49388905145614015, 'RETRY_LATER': 0.776409956848534, 'SWITCH_METHOD': 0.6426492557730693, 'SEND_NOTIFICATION': 0.16878475685669006, 'STOP': 0.0010112114277378112}",RETRY_LATER,707.3094706890145,SUCCESS,911.0,,0
PAY_004474,3127,UPI_TECHNICAL_ERROR,TEMPORARY,0,TEMPORARY,"{'RETRY_NOW': 0.512210861615233, 'RETRY_LATER': 0.7954582701571247, 'SWITCH_METHOD': 0.6652811854804807, 'SEND_NOTIFICATION': 0.19517399930742227, 'STOP': 0.018162388201534378}",RETRY_LATER,2487.398010781329,SUCCESS,3127.0,,0
PAY_005656,239,GATEWAY_TIMEOUT,TEMPORARY,0,TEMPORARY,"{'RETRY_NOW': 0.5468199724049952, 'RETRY_LATER': 0.820335721871917, 'SWITCH_METHOD': 0.6225049969868637, 'SEND_NOTIFICATION': 0.2076969848411377, 'STOP': 0.024222941378888273}",RETRY_LATER,196.06023752738815,SUCCESS,239.0,,0
PAY_006060,131,BANK_TIMEOUT,TEMPORARY,0,TEMPORARY,"{'RETRY_NOW': 0.5522664395398048, 'RETRY_LATER': 0.8211778010468687, 'SWITCH_METHOD': 0.610289564634102, 'SEND_NOTIFICATION': 0.19976126462287397, 'STOP': 0.0014956926438394061}",RETRY_LATER,107.57429193713979,SUCCESS,131.0,,0
PAY_000960,402,GATEWAY_TIMEOUT,TEMPORARY,0,TEMPORARY,"{'RETRY_NOW': 0.5195307688555612, 'RETRY_LATER': 0.8021628650867205, 'SWITCH_METHOD': 0.6028354963385155, 'SEND_NOTIFICATION': 0.1887692332659307, 'STOP': 0.0045560532248368835}",RETRY_LATER,322.4694717648616,SUCCESS,402.0,,0
PAY_006343,502,BANK_TIMEOUT,TEMPORARY,0,TEMPORARY,"{'RETRY_NOW': 0.5511778866468485, 'RETRY_LATER': 0.822032345782785, 'SWITCH_METHOD': 0.6114504793744828, 'SEND_NOTIFICATION': 0.2026232680982858, 'STOP': 0.0029976924631428445}",RETRY_LATER,412.660237582958,SUCCESS,502.0,,0
PAY_003634,110,BANK_TIMEOUT,TEMPORARY,0,TEMPORARY,"{'RETRY_NOW': 0.5916354398295579, 'RETRY_LATER': 0.8553086511216905, 'SWITCH_METHOD': 0.6429611314217215, 'SEND_NOTIFICATION': 0.23301664035205327, 'STOP': 0.034585301590541226}",RETRY_LATER,94.08395162338596,SUCCESS,110.0,,0
PAY_001051,543,CARD_EXPIRED,CUSTOMER,0,CUSTOMER,"{'RETRY_NOW': 0.11538392939058391, 'RETRY_LATER': 0.15192906445148918, 'SWITCH_METHOD': 0.5749039794563835, 'SEND_NOTIFICATION': 0.6811443768401126, 'STOP': 0.18394899305809498}",SEND_NOTIFICATION,369.86139662418117,FAILED,0.0,,0
PAY_001051,543,CARD_EXPIRED,CUSTOMER,1,CUSTOMER,"{'RETRY_NOW': 0.11538392939058391, 'RETRY_LATER': 0.15192906445148918, 'SWITCH_METHOD': 0.5749039794563835, 'SEND_NOTIFICATION': 0.6811443768401126, 'STOP': 0.18394899305809498}",SEND_NOTIFICATION,369.86139662418117,FAILED,0.0,,1
PAY_001051,543,CARD_EXPIRED,CUSTOMER,2,CUSTOMER,{},STOP,0.0,STOPPED,0.0,MAX_RETRIES_REACHED,2
PAY_003381,258,UPI_TECHNICAL_ERROR,TEMPORARY,0,TEMPORARY,"{'RETRY_NOW': 0.506734574675427, 'RETRY_LATER': 0.7938554373404992, 'SWITCH_METHOD': 0.6630903100571852, 'SEND_NOTIFICATION': 0.1916913411466118, 'STOP': 0.016558260453445862}",RETRY_LATER,204.8147028338488,SUCCESS,258.0,,0
PAY_003677,411,AUTHENTICATION_FAILED,CUSTOMER,0,CUSTOMER,"{'RETRY_NOW': 0.37852194137798306, 'RETRY_LATER': 0.5310122954609185, 'SWITCH_METHOD': 0.45338454561549496, 'SEND_NOTIFICATION': 0.6384544510789224, 'STOP': 0.13228448060519027}",SEND_NOTIFICATION,262.4047793934371,SUCCESS,411.0,,0
PAY_005777,466,NETWORK_ERROR,TEMPORARY,0,TEMPORARY,"{'RETRY_NOW': 0.49319377289569144, 'RETRY_LATER': 0.7624155429371483, 'SWITCH_METHOD': 0.597276897543849, 'SEND_NOTIFICATION': 0.16343246369134215, 'STOP': 0.011937850817150302}",RETRY_LATER,355.28564300871113,SUCCESS,466.0,,0
PAY_009046,99,PAYMENT_EXPIRED,HARD,0,HARD,"{'RETRY_NOW': 0.04905797537401492, 'RETRY_LATER': 0.057405339548495284, 'SWITCH_METHOD': 0.09595041879848891, 'SEND_NOTIFICATION': 0.11892349394838307, 'STOP': 0.99}",SWITCH_METHOD,9.499091461050401,FAILED,0.0,,0
PAY_009046,99,PAYMENT_EXPIRED,HARD,1,HARD,"{'RETRY_NOW': 0.04905797537401492, 'RETRY_LATER': 0.057405339548495284, 'SWITCH_METHOD': 0.09595041879848891, 'SEND_NOTIFICATION': 0.11892349394838307, 'STOP': 0.99}",SWITCH_METHOD,9.499091461050401,FAILED,0.0,,1
PAY_009046,99,PAYMENT_EXPIRED,HARD,2,HARD,{},STOP,0.0,STOPPED,0.0,MAX_RETRIES_REACHED,2
PAY_006574,242,LIMIT_EXCEEDED,CUSTOMER,0,CUSTOMER,"{'RETRY_NOW': 0.23323541217939237, 'RETRY_LATER': 0.3956921176590515, 'SWITCH_METHOD': 0.5001668567179068, 'SEND_NOTIFICATION': 0.5569747122842366, 'STOP': 0.09297751449736351}",SEND_NOTIFICATION,134.78788037278525,SUCCESS,242.0,,0
PAY_005180,689,INSUFFICIENT_FUNDS,CUSTOMER,0,CUSTOMER,"{'RETRY_NOW': 0.21320791903019476, 'RETRY_LATER': 0.4703213900001933, 'SWITCH_METHOD': 0.6080488418565584, 'SEND_NOTIFICATION': 0.7451829001312937, 'STOP': 0.07679878172440113}",SEND_NOTIFICATION,513.4310181904614,SUCCESS,689.0,,0
PAY_001608,99,AUTHENTICATION_FAILED,CUSTOMER,0,CUSTOMER,"{'RETRY_NOW': 0.36615122818861495, 'RETRY_LATER': 0.5121442613571775, 'SWITCH_METHOD': 0.43310831484615997, 'SEND_NOTIFICATION': 0.6101546287389888, 'STOP': 0.11330269420731917}",SEND_NOTIFICATION,60.405308245159894,FAILED,0.0,,0
PAY_001608,99,AUTHENTICATION_FAILED,CUSTOMER,1,CUSTOMER,"{'RETRY_NOW': 0.36615122818861495, 'RETRY_LATER': 0.5121442613571775, 'SWITCH_METHOD': 0.43310831484615997, 'SEND_NOTIFICATION': 0.6101546287389888, 'STOP': 0.11330269420731917}",SEND_NOTIFICATION,60.405308245159894,SUCCESS,99.0,,1
PAY_003611,1689,BANK_TIMEOUT,TEMPORARY,0,TEMPORARY,"{'RETRY_NOW': 0.5696330875458853, 'RETRY_LATER': 0.835896994338851, 'SWITCH_METHOD': 0.6267842313168004, 'SEND_NOTIFICATION': 0.21369597636977036, 'STOP': 0.016458093859235613}",RETRY_LATER,1411.8300234383194,FAILED,0.0,,0
PAY_003611,1689,BANK_TIMEOUT,TEMPORARY,1,TEMPORARY,"{'RETRY_NOW': 0.5696330875458853, 'RETRY_LATER': 0.835896994338851, 'SWITCH_METHOD': 0.6267842313168004, 'SEND_NOTIFICATION': 0.21369597636977036, 'STOP': 0.016458093859235613}",RETRY_LATER,1411.8300234383194,SUCCESS,1689.0,,1
PAY_009759,327,BANK_TIMEOUT,TEMPORARY,0,TEMPORARY,"{'RETRY_NOW': 0.5558028337849814, 'RETRY_LATER': 0.8283451071729658, 'SWITCH_METHOD': 0.616633844027687, 'SEND_NOTIFICATION': 0.21025288980905013, 'STOP': 0.007495748527374103}",RETRY_LATER,270.86885004555984,SUCCESS,327.0,,0
PAY_006636,641,INVALID_ACCOUNT,HARD,0,HARD,"{'RETRY_NOW': 0.04069716083883122, 'RETRY_LATER': 0.05301741522937161, 'SWITCH_METHOD': 0.11777127643238347, 'SEND_NOTIFICATION': 0.14029191404627606, 'STOP': 0.99}",SEND_NOTIFICATION,89.92711690366295,FAILED,0.0,,0
PAY_006636,641,INVALID_ACCOUNT,HARD,1,HARD,"{'RETRY_NOW': 0.04069716083883122, 'RETRY_LATER': 0.05301741522937161, 'SWITCH_METHOD': 0.11777127643238347, 'SEND_NOTIFICATION': 0.14029191404627606, 'STOP': 0.99}",SEND_NOTIFICATION,89.92711690366295,FAILED,0.0,,1
PAY_006636,641,INVALID_ACCOUNT,HARD,2,HARD,{},STOP,0.0,STOPPED,0.0,MAX_RETRIES_REACHED,2
PAY_009998,1753,CARD_EXPIRED,CUSTOMER,0,CUSTOMER,"{'RETRY_NOW': 0.11538392939058391, 'RETRY_LATER': 0.15192906445148918, 'SWITCH_METHOD': 0.5749039794563835, 'SEND_NOTIFICATION': 0.6811443768401126, 'STOP': 0.18394899305809498}",SEND_NOTIFICATION,1194.0460926007174,SUCCESS,1753.0,,0
PAY_000792,732,GATEWAY_TIMEOUT,TEMPORARY,0,TEMPORARY,"{'RETRY_NOW': 0.5473522484779172, 'RETRY_LATER': 0.829190486344726, 'SWITCH_METHOD': 0.6321837335805042, 'SEND_NOTIFICATION': 0.2111091763534946, 'STOP': 0.030237132534999826}",RETRY_LATER,606.9674360043394,SUCCESS,732.0,,0
PAY_003057,259,LIMIT_EXCEEDED,CUSTOMER,0,CUSTOMER,"{'RETRY_NOW': 0.2317660878412994, 'RETRY_LATER': 0.4093109038710993, 'SWITCH_METHOD': 0.5101730613621968, 'SEND_NOTIFICATION': 0.5751832240673084, 'STOP': 0.10221918855111252}",SEND_NOTIFICATION,148.97245503343288,SUCCESS,259.0,,0
PAY_001981,1018,BANK_TIMEOUT,TEMPORARY,0,TEMPORARY,"{'RETRY_NOW': 0.5726149942038414, 'RETRY_LATER': 0.8410226622640326, 'SWITCH_METHOD': 0.6310357096715916, 'SEND_NOTIFICATION': 0.22068914355862468, 'STOP': 0.021076107340725396}",RETRY_LATER,856.1610701847851,SUCCESS,1018.0,,0
PAY_003599,259,CARD_EXPIRED,CUSTOMER,0,CUSTOMER,"{'RETRY_NOW': 0.11713710544084315, 'RETRY_LATER': 0.15477694828158714, 'SWITCH_METHOD': 0.5794606675332371, 'SEND_NOTIFICATION': 0.6845270088333381, 'STOP': 0.18761724102536204}",SEND_NOTIFICATION,177.29249528783456,FAILED,0.0,,0
PAY_003599,259,CARD_EXPIRED,CUSTOMER,1,CUSTOMER,"{'RETRY_NOW': 0.11713710544084315, 'RETRY_LATER': 0.15477694828158714, 'SWITCH_METHOD': 0.5794606675332371, 'SEND_NOTIFICATION': 0.6845270088333381, 'STOP': 0.18761724102536204}",SEND_NOTIFICATION,177.29249528783456,FAILED,0.0,,1
PAY_003599,259,CARD_EXPIRED,CUSTOMER,2,CUSTOMER,{},STOP,0.0,STOPPED,0.0,MAX_RETRIES_REACHED,2
PAY_000934,328,BANK_TIMEOUT,TEMPORARY,0,TEMPORARY,"{'RETRY_NOW': 0.5978890604380045, 'RETRY_LATER': 0.8621506012643568, 'SWITCH_METHOD': 0.6541276875281906, 'SEND_NOTIFICATION': 0.24079583174282118, 'STOP': 0.04347481316962946}",RETRY_LATER,282.78539721470906,SUCCESS,328.0,,0
PAY_007425,101,AUTHENTICATION_FAILED,CUSTOMER,0,CUSTOMER,"{'RETRY_NOW': 0.3672109048960562, 'RETRY_LATER': 0.5045077390280865, 'SWITCH_METHOD': 0.4295051683003865, 'SEND_NOTIFICATION': 0.6044396068038961, 'STOP': 0.10615382191202148}",SEND_NOTIFICATION,61.0484002871935,SUCCESS,101.0,,0
PAY_005627,490,LIMIT_EXCEEDED,CUSTOMER,0,CUSTOMER,"{'RETRY_NOW': 0.24174034970290556, 'RETRY_LATER': 0.4123819489014801, 'SWITCH_METHOD': 0.5189925166223333, 'SEND_NOTIFICATION': 0.6071519827178382, 'STOP': 0.11845581391245219}",SEND_NOTIFICATION,297.5044715317407,FAILED,0.0,,0
PAY_005627,490,LIMIT_EXCEEDED,CUSTOMER,1,CUSTOMER,"{'RETRY_NOW': 0.24174034970290556, 'RETRY_LATER': 0.4123819489014801, 'SWITCH_METHOD': 0.5189925166223333, 'SEND_NOTIFICATION': 0.6071519827178382, 'STOP': 0.11845581391245219}",SEND_NOTIFICATION,297.5044715317407,SUCCESS,490.0,,1
PAY_001683,702,GATEWAY_TIMEOUT,TEMPORARY,0,TEMPORARY,"{'RETRY_NOW': 0.5092386431602799, 'RETRY_LATER': 0.7865568123460379, 'SWITCH_METHOD': 0.5888172191788112, 'SEND_NOTIFICATION': 0.167492066191857, 'STOP': 0.0010131956371673002}",RETRY_LATER,552.1628822669186,SUCCESS,702.0,,0
PAY_004180,746,BANK_TIMEOUT,TEMPORARY,0,TEMPORARY,"{'RETRY_NOW': 0.5452056921621987, 'RETRY_LATER': 0.8179416842359792, 'SWITCH_METHOD': 0.6069588058100296, 'SEND_NOTIFICATION': 0.1970728260095892, 'STOP': 0.0010053693719094096}",RETRY_LATER,610.1844964400406,FAILED,0.0,,0
PAY_004180,746,BANK_TIMEOUT,TEMPORARY,1,TEMPORARY,"{'RETRY_NOW': 0.5452056921621987, 'RETRY_LATER': 0.8179416842359792, 'SWITCH_METHOD': 0.6069588058100296, 'SEND_NOTIFICATION': 0.1970728260095892, 'STOP': 0.0010053693719094096}",RETRY_LATER,610.1844964400406,SUCCESS,746.0,,1
PAY_006447,830,UPI_TECHNICAL_ERROR,TEMPORARY,0,TEMPORARY,"{'RETRY_NOW': 0.4924994496666717, 'RETRY_LATER': 0.7681860182877264, 'SWITCH_METHOD': 0.6335500729815745, 'SEND_NOTIFICATION': 0.1560182719462417, 'STOP': 0.001004494798691102}",RETRY_LATER,637.5943951788129,SUCCESS,830.0,,0
PAY_004117,1753,LIMIT_EXCEEDED,CUSTOMER,0,CUSTOMER,"{'RETRY_NOW': 0.23149598217034387, 'RETRY_LATER': 0.39729078412936436, 'SWITCH_METHOD': 0.5018370969046726, 'SEND_NOTIFICATION': 0.5653967295412555, 'STOP': 0.09408764605711135}",SEND_NOTIFICATION,991.140466885821,SUCCESS,1753.0,,0
PAY_000989,331,CARD_EXPIRED,CUSTOMER,0,CUSTOMER,"{'RETRY_NOW': 0.12201388117281793, 'RETRY_LATER': 0.16327289041021786, 'SWITCH_METHOD': 0.5894839825514514, 'SEND_NOTIFICATION': 0.6980349829396476, 'STOP': 0.19663199481364171}",SEND_NOTIFICATION,231.04957935302335,SUCCESS,331.0,,0
PAY_002897,502,BANK_TIMEOUT,TEMPORARY,0,TEMPORARY,"{'RETRY_NOW': 0.5696330875458853, 'RETRY_LATER': 0.835896994338851, 'SWITCH_METHOD': 0.6267842313168004, 'SEND_NOTIFICATION': 0.21369597636977036, 'STOP': 0.016458093859235613}",RETRY_LATER,419.6202911581032,SUCCESS,502.0,,0
PAY_003779,319,INVALID_ACCOUNT,HARD,0,HARD,"{'RETRY_NOW': 0.03156802115563035, 'RETRY_LATER': 0.04343809783867429, 'SWITCH_METHOD': 0.10697789047263015, 'SEND_NOTIFICATION': 0.13539650996114821, 'STOP': 0.9898865051041026}",SEND_NOTIFICATION,43.19148667760628,SUCCESS,319.0,,0
PAY_005659,2379,BLOCKED_METHOD,HARD,0,HARD,"{'RETRY_NOW': 0.04206883484170363, 'RETRY_LATER': 0.052414991753257485, 'SWITCH_METHOD': 0.16069238173198783, 'SEND_NOTIFICATION': 0.19248680263244675, 'STOP': 0.9618835162368888}",SEND_NOTIFICATION,457.9261034625908,FAILED,0.0,,0
PAY_005659,2379,BLOCKED_METHOD,HARD,1,HARD,"{'RETRY_NOW': 0.04206883484170363, 'RETRY_LATER': 0.052414991753257485, 'SWITCH_METHOD': 0.16069238173198783, 'SEND_NOTIFICATION': 0.19248680263244675, 'STOP': 0.9618835162368888}",SEND_NOTIFICATION,457.9261034625908,FAILED,0.0,,1
PAY_005659,2379,BLOCKED_METHOD,HARD,2,HARD,{},STOP,0.0,STOPPED,0.0,MAX_RETRIES_REACHED,2
PAY_003094,1244,GATEWAY_TIMEOUT,TEMPORARY,0,TEMPORARY,"{'RETRY_NOW': 0.5189008381425456, 'RETRY_LATER': 0.8007690838501523, 'SWITCH_METHOD': 0.6010758226883762, 'SEND_NOTIFICATION': 0.18743150926881305, 'STOP': 0.0030539633602988904}",RETRY_LATER,996.1567403095895,SUCCESS,1244.0,,0
PAY_003156,560,GATEWAY_TIMEOUT,TEMPORARY,0,TEMPORARY,"{'RETRY_NOW': 0.5646849063579514, 'RETRY_LATER': 0.8412523188692911, 'SWITCH_METHOD': 0.6435046382327875, 'SEND_NOTIFICATION': 0.2219977593202257, 'STOP': 0.04219528179284342}",RETRY_LATER,471.101298566803,SUCCESS,560.0,,0
PAY_001824,1978,PAYMENT_EXPIRED,HARD,0,HARD,"{'RETRY_NOW': 0.0261537823758562, 'RETRY_LATER': 0.03457724665314914, 'SWITCH_METHOD': 0.06608038188232002, 'SEND_NOTIFICATION': 0.09943290588779431, 'STOP': 0.9896059340048718}",SEND_NOTIFICATION,196.67828784605715,FAILED,0.0,,0
PAY_001824,1978,PAYMENT_EXPIRED,HARD,1,HARD,"{'RETRY_NOW': 0.0261537823758562, 'RETRY_LATER': 0.03457724665314914, 'SWITCH_METHOD': 0.06608038188232002, 'SEND_NOTIFICATION': 0.09943290588779431, 'STOP': 0.9896059340048718}",SEND_NOTIFICATION,196.67828784605715,FAILED,0.0,,1
PAY_001824,1978,PAYMENT_EXPIRED,HARD,2,HARD,{},STOP,0.0,STOPPED,0.0,MAX_RETRIES_REACHED,2
PAY_009623,514,BANK_TIMEOUT,TEMPORARY,0,TEMPORARY,"{'RETRY_NOW': 0.5452056921621987, 'RETRY_LATER': 0.8179416842359792, 'SWITCH_METHOD': 0.6069588058100296, 'SEND_NOTIFICATION': 0.1970728260095892, 'STOP': 0.0010053693719094096}",RETRY_LATER,420.42202569729335,SUCCESS,514.0,,0
PAY_001099,1859,BANK_TIMEOUT,TEMPORARY,0,TEMPORARY,"{'RETRY_NOW': 0.5978890604380045, 'RETRY_LATER': 0.8621506012643568, 'SWITCH_METHOD': 0.6541276875281906, 'SEND_NOTIFICATION': 0.24079583174282118, 'STOP': 0.04347481316962946}",RETRY_LATER,1602.7379677504393,SUCCESS,1859.0,,0
PAY_002845,1612,PAYMENT_EXPIRED,HARD,0,HARD,"{'RETRY_NOW': 0.03750381577983349, 'RETRY_LATER': 0.04552446050973524, 'SWITCH_METHOD': 0.0803815137488361, 'SEND_NOTIFICATION': 0.10369942500371698, 'STOP': 0.9897308629680011}",SEND_NOTIFICATION,167.16347310599178,FAILED,0.0,,0
PAY_002845,1612,PAYMENT_EXPIRED,HARD,1,HARD,"{'RETRY_NOW': 0.03750381577983349, 'RETRY_LATER': 0.04552446050973524, 'SWITCH_METHOD': 0.0803815137488361, 'SEND_NOTIFICATION': 0.10369942500371698, 'STOP': 0.9897308629680011}",SEND_NOTIFICATION,167.16347310599178,SUCCESS,1612.0,,1
PAY_003343,186,UPI_TECHNICAL_ERROR,TEMPORARY,0,TEMPORARY,"{'RETRY_NOW': 0.5455010328876692, 'RETRY_LATER': 0.8171325756822032, 'SWITCH_METHOD': 0.6837077123239577, 'SEND_NOTIFICATION': 0.20463748248544902, 'STOP': 0.03734809244542424}",RETRY_LATER,151.9866590768898,FAILED,0.0,,0
PAY_003343,186,UPI_TECHNICAL_ERROR,TEMPORARY,1,TEMPORARY,"{'RETRY_NOW': 0.5455010328876692, 'RETRY_LATER': 0.8171325756822032, 'SWITCH_METHOD': 0.6837077123239577, 'SEND_NOTIFICATION': 0.20463748248544902, 'STOP': 0.03734809244542424}",RETRY_LATER,151.9866590768898,SUCCESS,186.0,,1
PAY_000039,112,LIMIT_EXCEEDED,CUSTOMER,0,CUSTOMER,"{'RETRY_NOW': 0.23451039241824795, 'RETRY_LATER': 0.4094731618244604, 'SWITCH_METHOD': 0.5103407580628158, 'SEND_NOTIFICATION': 0.5753471898598397, 'STOP': 0.10221918855111252}",SEND_NOTIFICATION,64.43888526430204,SUCCESS,112.0,,0
PAY_006541,671,UPI_TECHNICAL_ERROR,TEMPORARY,0,TEMPORARY,"{'RETRY_NOW': 0.5224085658861238, 'RETRY_LATER': 0.8073742093046153, 'SWITCH_METHOD': 0.6780683088771787, 'SEND_NOTIFICATION': 0.20007465488102727, 'STOP': 0.02895635323938477}",RETRY_LATER,541.7480944433969,SUCCESS,671.0,,0
PAY_009474,1656,UPI_TECHNICAL_ERROR,TEMPORARY,0,TEMPORARY,"{'RETRY_NOW': 0.504601626317343, 'RETRY_LATER': 0.7921213448572219, 'SWITCH_METHOD': 0.659947432294796, 'SEND_NOTIFICATION': 0.18298776344375575, 'STOP': 0.010562111234492876}",RETRY_LATER,1311.7529470835593,FAILED,0.0,,0
PAY_009474,1656,UPI_TECHNICAL_ERROR,TEMPORARY,1,TEMPORARY,"{'RETRY_NOW': 0.504601626317343, 'RETRY_LATER': 0.7921213448572219, 'SWITCH_METHOD': 0.659947432294796, 'SEND_NOTIFICATION': 0.18298776344375575, 'STOP': 0.010562111234492876}",RETRY_LATER,1311.7529470835593,SUCCESS,1656.0,,1
PAY_003357,3996,NETWORK_ERROR,TEMPORARY,0,TEMPORARY,"{'RETRY_NOW': 0.5045002834854875, 'RETRY_LATER': 0.7785125482911412, 'SWITCH_METHOD': 0.6085921050508901, 'SEND_NOTIFICATION': 0.17578792044511196, 'STOP': 0.02868115064427444}",RETRY_LATER,3110.9361429714004,SUCCESS,3996.0,,0
PAY_007814,1136,NETWORK_ERROR,TEMPORARY,0,TEMPORARY,"{'RETRY_NOW': 0.485146249591102, 'RETRY_LATER': 0.7514930955350051, 'SWITCH_METHOD': 0.5873732490105927, 'SEND_NOTIFICATION': 0.1521958068645105, 'STOP': 0.004484487840900737}",RETRY_LATER,853.6961565277658,SUCCESS,1136.0,,0
PAY_008221,2369,CARD_EXPIRED,CUSTOMER,0,CUSTOMER,"{'RETRY_NOW': 0.07706824442446857, 'RETRY_LATER': 0.11737683131360048, 'SWITCH_METHOD': 0.5353351762739768, 'SEND_NOTIFICATION': 0.6353658727765631, 'STOP': 0.13742642674396535}",SEND_NOTIFICATION,1505.181752607678,SUCCESS,2369.0,,0
PAY_009228,2058,BANK_TIMEOUT,TEMPORARY,0,TEMPORARY,"{'RETRY_NOW': 0.5787323086585725, 'RETRY_LATER': 0.8409871919362351, 'SWITCH_METHOD': 0.6319963755641068, 'SEND_NOTIFICATION': 0.2220028136051772, 'STOP': 0.022339809277451692}",RETRY_LATER,1730.7516410047717,SUCCESS,2058.0,,0
PAY_002429,886,GATEWAY_TIMEOUT,TEMPORARY,0,TEMPORARY,"{'RETRY_NOW': 0.5473522484779172, 'RETRY_LATER': 0.829190486344726, 'SWITCH_METHOD': 0.6321837335805042, 'SEND_NOTIFICATION': 0.2111091763534946, 'STOP': 0.030237132534999826}",RETRY_LATER,734.6627709014273,SUCCESS,886.0,,0
PAY_005044,185,PAYMENT_EXPIRED,HARD,0,HARD,"{'RETRY_NOW': 0.03129147871374029, 'RETRY_LATER': 0.04182692298155224, 'SWITCH_METHOD': 0.07425590748816434, 'SEND_NOTIFICATION': 0.10147235778933637, 'STOP': 0.9897738369041332}",SEND_NOTIFICATION,18.77238619102723,FAILED,0.0,,0
PAY_005044,185,PAYMENT_EXPIRED,HARD,1,HARD,"{'RETRY_NOW': 0.03129147871374029, 'RETRY_LATER': 0.04182692298155224, 'SWITCH_METHOD': 0.07425590748816434, 'SEND_NOTIFICATION': 0.10147235778933637, 'STOP': 0.9897738369041332}",SEND_NOTIFICATION,18.77238619102723,FAILED,0.0,,1
PAY_005044,185,PAYMENT_EXPIRED,HARD,2,HARD,{},STOP,0.0,STOPPED,0.0,MAX_RETRIES_REACHED,2
PAY_005347,1169,BANK_TIMEOUT,TEMPORARY,0,TEMPORARY,"{'RETRY_NOW': 0.5737249575298882, 'RETRY_LATER': 0.8364737912659488, 'SWITCH_METHOD': 0.6291498179397597, 'SEND_NOTIFICATION': 0.21721758805919064, 'STOP': 0.018052695820066345}",RETRY_LATER,977.8378619898941,SUCCESS,1169.0,,0
PAY_004812,402,CARD_EXPIRED,CUSTOMER,0,CUSTOMER,"{'RETRY_NOW': 0.09229966895254829, 'RETRY_LATER': 0.13677405683111724, 'SWITCH_METHOD': 0.5578591546197532, 'SEND_NOTIFICATION': 0.6568845692613963, 'STOP': 0.16329793058737951}",SEND_NOTIFICATION,264.0675968430813,SUCCESS,402.0,,0
PAY_008477,701,GATEWAY_TIMEOUT,TEMPORARY,0,TEMPORARY,"{'RETRY_NOW': 0.5613533703086748, 'RETRY_LATER': 0.8412229329463196, 'SWITCH_METHOD': 0.6385008318350974, 'SEND_NOTIFICATION': 0.2162091955247975, 'STOP': 0.039222482841691844}",RETRY_LATER,589.69727599537,SUCCESS,701.0,,0
PAY_000687,319,INSUFFICIENT_FUNDS,CUSTOMER,0,CUSTOMER,"{'RETRY_NOW': 0.2102122615955355, 'RETRY_LATER': 0.46889637936991696, 'SWITCH_METHOD': 0.6046750058587255, 'SEND_NOTIFICATION': 0.7488416374981446, 'STOP': 0.0797179975048469}",SEND_NOTIFICATION,238.88048236190812,SUCCESS,319.0,,0
PAY_004800,186,BANK_TIMEOUT,TEMPORARY,0,TEMPORARY,"{'RETRY_NOW': 0.5901690544587485, 'RETRY_LATER': 0.8572548944418964, 'SWITCH_METHOD': 0.6445748920528869, 'SEND_NOTIFICATION': 0.23419297675421302, 'STOP': 0.035799839628748165}",RETRY_LATER,159.44941036619272,SUCCESS,186.0,,0
PAY_007438,1704,BANK_TIMEOUT,TEMPORARY,0,TEMPORARY,"{'RETRY_NOW': 0.5923509835877822, 'RETRY_LATER': 0.8587252353586929, 'SWITCH_METHOD': 0.6472663479489635, 'SEND_NOTIFICATION': 0.2311219233304094, 'STOP': 0.03739432207086676}",RETRY_LATER,1463.2678010512127,SUCCESS,1704.0,,0
PAY_002354,601,UPI_TECHNICAL_ERROR,TEMPORARY,0,TEMPORARY,"{'RETRY_NOW': 0.5421882715011785, 'RETRY_LATER': 0.8147725433277231, 'SWITCH_METHOD': 0.6833584418077688, 'SEND_NOTIFICATION': 0.20544601263058776, 'STOP': 0.035624752875046115}",RETRY_LATER,489.6782985399616,SUCCESS,601.0,,0
PAY_006354,2833,NETWORK_ERROR,TEMPORARY,0,TEMPORARY,"{'RETRY_NOW': 0.4758877471768393, 'RETRY_LATER': 0.7456945188803457, 'SWITCH_METHOD': 0.5789350365032172, 'SEND_NOTIFICATION': 0.15045868151226527, 'STOP': 0.0010012496022614422}",RETRY_LATER,2112.5525719880193,SUCCESS,2833.0,,0
PAY_004570,976,BANK_TIMEOUT,TEMPORARY,0,TEMPORARY,"{'RETRY_NOW': 0.5737249575298882, 'RETRY_LATER': 0.8364737912659488, 'SWITCH_METHOD': 0.6291498179397597, 'SEND_NOTIFICATION': 0.21721758805919064, 'STOP': 0.018052695820066345}",RETRY_LATER,816.398420275566,SUCCESS,976.0,,0
PAY_008214,3582,BANK_TIMEOUT,TEMPORARY,0,TEMPORARY,"{'RETRY_NOW': 0.5626807146146182, 'RETRY_LATER': 0.8316267105950554, 'SWITCH_METHOD': 0.6220347063747707, 'SEND_NOTIFICATION': 0.21537464425590355, 'STOP': 0.013502318171210387}",RETRY_LATER,2978.8868773514887,SUCCESS,3582.0,,0
PAY_002753,1219,CUSTOMER_DECLINED,HARD,0,HARD,"{'RETRY_NOW': 0.029925545159470688, 'RETRY_LATER': 0.03068960147111537, 'SWITCH_METHOD': 0.05057248569243906, 'SEND_NOTIFICATION': 0.07022043057402337, 'STOP': 0.9899755284970403}",SEND_NOTIFICATION,85.59870486973449,FAILED,0.0,,0
PAY_002753,1219,CUSTOMER_DECLINED,HARD,1,HARD,"{'RETRY_NOW': 0.029925545159470688, 'RETRY_LATER': 0.03068960147111537, 'SWITCH_METHOD': 0.05057248569243906, 'SEND_NOTIFICATION': 0.07022043057402337, 'STOP': 0.9899755284970403}",SEND_NOTIFICATION,85.59870486973449,FAILED,0.0,,1
PAY_002753,1219,CUSTOMER_DECLINED,HARD,2,HARD,{},STOP,0.0,STOPPED,0.0,MAX_RETRIES_REACHED,2
PAY_008074,111,CARD_EXPIRED,CUSTOMER,0,CUSTOMER,"{'RETRY_NOW': 0.10531844718185354, 'RETRY_LATER': 0.14363862467794725, 'SWITCH_METHOD': 0.5705236867366029, 'SEND_NOTIFICATION': 0.6646029522929868, 'STOP': 0.17241137501885437}",SEND_NOTIFICATION,73.77092770452154,FAILED,0.0,,0
PAY_008074,111,CARD_EXPIRED,CUSTOMER,1,CUSTOMER,"{'RETRY_NOW': 0.10531844718185354, 'RETRY_LATER': 0.14363862467794725, 'SWITCH_METHOD': 0.5705236867366029, 'SEND_NOTIFICATION': 0.6646029522929868, 'STOP': 0.17241137501885437}",SEND_NOTIFICATION,73.77092770452154,SUCCESS,111.0,,1
PAY_001041,245,GATEWAY_TIMEOUT,TEMPORARY,0,TEMPORARY,"{'RETRY_NOW': 0.5273209488770064, 'RETRY_LATER': 0.8118416227451749, 'SWITCH_METHOD': 0.6142998643674613, 'SEND_NOTIFICATION': 0.19803510160242946, 'STOP': 0.01365748145960463}",RETRY_LATER,198.90119757256784,SUCCESS,245.0,,0
PAY_007492,259,AUTHENTICATION_FAILED,CUSTOMER,0,CUSTOMER,"{'RETRY_NOW': 0.3700253001366116, 'RETRY_LATER': 0.5205270619926281, 'SWITCH_METHOD': 0.44444369140166473, 'SEND_NOTIFICATION': 0.6253524020116614, 'STOP': 0.12322693756507609}",SEND_NOTIFICATION,161.9662721210203,SUCCESS,259.0,,0
PAY_001266,709,GATEWAY_TIMEOUT,TEMPORARY,0,TEMPORARY,"{'RETRY_NOW': 0.5099580174462239, 'RETRY_LATER': 0.7952973133302063, 'SWITCH_METHOD': 0.5910874179915728, 'SEND_NOTIFICATION': 0.17871130481081787, 'STOP': 0.001013680678564772}",RETRY_LATER,563.8657951511162,SUCCESS,709.0,,0
PAY_009266,353,BANK_TIMEOUT,TEMPORARY,0,TEMPORARY,"{'RETRY_NOW': 0.5780061904791973, 'RETRY_LATER': 0.8531322867174927, 'SWITCH_METHOD': 0.6423667953759395, 'SEND_NOTIFICATION': 0.23106464820244738, 'STOP': 0.03150091080640833}",RETRY_LATER,301.1556972112749,SUCCESS,353.0,,0
PAY_007060,99,INSUFFICIENT_FUNDS,CUSTOMER,0,CUSTOMER,"{'RETRY_NOW': 0.20356664227828297, 'RETRY_LATER': 0.4711957501405762, 'SWITCH_METHOD': 0.6060141885505025, 'SEND_NOTIFICATION': 0.7374314275118824, 'STOP': 0.07240685230195118}",SEND_NOTIFICATION,73.00571132367635,SUCCESS,99.0,,0
PAY_000278,378,NETWORK_ERROR,TEMPORARY,0,TEMPORARY,"{'RETRY_NOW': 0.5288730073189586, 'RETRY_LATER': 0.7942130966294413, 'SWITCH_METHOD': 0.6214079911542477, 'SEND_NOTIFICATION': 0.18957182359764252, 'STOP': 0.04341682454902593}",RETRY_LATER,300.2125505259288,SUCCESS,378.0,,0
PAY_005085,229,GATEWAY_TIMEOUT,TEMPORARY,0,TEMPORARY,"{'RETRY_NOW': 0.5149614404804004, 'RETRY_LATER': 0.807829639409678, 'SWITCH_METHOD': 0.6076755041347341, 'SEND_NOTIFICATION': 0.19413146089991365, 'STOP': 0.007559616576496005}",RETRY_LATER,184.99298742481625,SUCCESS,229.0,,0
PAY_002383,762,BANK_TIMEOUT,TEMPORARY,0,TEMPORARY,"{'RETRY_NOW': 0.5511778866468485, 'RETRY_LATER': 0.822032345782785, 'SWITCH_METHOD': 0.6114504793744828, 'SEND_NOTIFICATION': 0.2026232680982858, 'STOP': 0.0029976924631428445}",RETRY_LATER,626.3886474864821,SUCCESS,762.0,,0
PAY_000572,458,NETWORK_ERROR,TEMPORARY,0,TEMPORARY,"{'RETRY_NOW': 0.48258423217616997, 'RETRY_LATER': 0.7495723179980411, 'SWITCH_METHOD': 0.5850717433246501, 'SEND_NOTIFICATION': 0.15477973980462267, 'STOP': 0.0030059211935449174}",RETRY_LATER,343.30412164310286,FAILED,0.0,,0
PAY_000572,458,NETWORK_ERROR,TEMPORARY,1,TEMPORARY,"{'RETRY_NOW': 0.48258423217616997, 'RETRY_LATER': 0.7495723179980411, 'SWITCH_METHOD': 0.5850717433246501, 'SEND_NOTIFICATION': 0.15477973980462267, 'STOP': 0.0030059211935449174}",RETRY_LATER,343.30412164310286,FAILED,0.0,,1
PAY_000572,458,NETWORK_ERROR,TEMPORARY,2,TEMPORARY,{},STOP,0.0,STOPPED,0.0,MAX_RETRIES_REACHED,2
PAY_001436,161,GATEWAY_TIMEOUT,TEMPORARY,0,TEMPORARY,"{'RETRY_NOW': 0.5359127136908339, 'RETRY_LATER': 0.8204346061631976, 'SWITCH_METHOD': 0.6226626802655473, 'SEND_NOTIFICATION': 0.20780743694490453, 'STOP': 0.022576925658920406}",RETRY_LATER,132.08997159227482,SUCCESS,161.0,,0
PAY_005353,3792,UPI_TECHNICAL_ERROR,TEMPORARY,0,TEMPORARY,"{'RETRY_NOW': 0.5110772229262469, 'RETRY_LATER': 0.8008764824810973, 'SWITCH_METHOD': 0.6675824069497995, 'SEND_NOTIFICATION': 0.1983825398301838, 'STOP': 0.021206551698736024}",RETRY_LATER,3036.923621568321,SUCCESS,3792.0,,0
PAY_005446,330,BANK_TIMEOUT,TEMPORARY,0,TEMPORARY,"{'RETRY_NOW': 0.5762228890843711, 'RETRY_LATER': 0.8482659911525241, 'SWITCH_METHOD': 0.6355341919289966, 'SEND_NOTIFICATION': 0.22796501193503213, 'STOP': 0.028648971054813354}",RETRY_LATER,279.92777708033293,SUCCESS,330.0,,0
PAY_001008,541,LIMIT_EXCEEDED,CUSTOMER,0,CUSTOMER,"{'RETRY_NOW': 0.21301554979976184, 'RETRY_LATER': 0.374656484101582, 'SWITCH_METHOD': 0.4779677772795398, 'SEND_NOTIFICATION': 0.5365160801023782, 'STOP': 0.07348429419112748}",SEND_NOTIFICATION,290.2551993353866,FAILED,0.0,,0
PAY_001008,541,LIMIT_EXCEEDED,CUSTOMER,1,CUSTOMER,"{'RETRY_NOW': 0.21301554979976184, 'RETRY_LATER': 0.374656484101582, 'SWITCH_METHOD': 0.4779677772795398, 'SEND_NOTIFICATION': 0.5365160801023782, 'STOP': 0.07348429419112748}",SEND_NOTIFICATION,290.2551993353866,FAILED,0.0,,1
PAY_001008,541,LIMIT_EXCEEDED,CUSTOMER,2,CUSTOMER,{},STOP,0.0,STOPPED,0.0,MAX_RETRIES_REACHED,2
PAY_004544,99,NETWORK_ERROR,TEMPORARY,0,TEMPORARY,"{'RETRY_NOW': 0.5045002834854875, 'RETRY_LATER': 0.7785125482911412, 'SWITCH_METHOD': 0.6085921050508901, 'SEND_NOTIFICATION': 0.17578792044511196, 'STOP': 0.02868115064427444}",RETRY_LATER,77.07274228082298,SUCCESS,99.0,,0
PAY_008817,865,GATEWAY_TIMEOUT,TEMPORARY,0,TEMPORARY,"{'RETRY_NOW': 0.5189008381425456, 'RETRY_LATER': 0.8007690838501523, 'SWITCH_METHOD': 0.6010758226883762, 'SEND_NOTIFICATION': 0.18743150926881305, 'STOP': 0.0030539633602988904}",RETRY_LATER,692.6652575303817,SUCCESS,865.0,,0
PAY_002065,1427,NETWORK_ERROR,TEMPORARY,0,TEMPORARY,"{'RETRY_NOW': 0.5003481664705942, 'RETRY_LATER': 0.7695051248351832, 'SWITCH_METHOD': 0.6034187882708808, 'SEND_NOTIFICATION': 0.16791702795491556, 'STOP': 0.01926603823229155}",RETRY_LATER,1098.0838131398064,SUCCESS,1427.0,,0
PAY_001137,1432,BANK_TIMEOUT,TEMPORARY,0,TEMPORARY,"{'RETRY_NOW': 0.5916354398295579, 'RETRY_LATER': 0.8553086511216905, 'SWITCH_METHOD': 0.6429611314217215, 'SEND_NOTIFICATION': 0.23301664035205327, 'STOP': 0.034585301590541226}",RETRY_LATER,1224.8019884062608,SUCCESS,1432.0,,0
PAY_005344,355,INVALID_ACCOUNT,HARD,0,HARD,"{'RETRY_NOW': 0.05863785439559646, 'RETRY_LATER': 0.06866464605131951, 'SWITCH_METHOD': 0.14171555480971745, 'SEND_NOTIFICATION': 0.15954888204098294, 'STOP': 0.99}",SEND_NOTIFICATION,56.63985312454894,FAILED,0.0,,0
PAY_005344,355,INVALID_ACCOUNT,HARD,1,HARD,"{'RETRY_NOW': 0.05863785439559646, 'RETRY_LATER': 0.06866464605131951, 'SWITCH_METHOD': 0.14171555480971745, 'SEND_NOTIFICATION': 0.15954888204098294, 'STOP': 0.99}",SEND_NOTIFICATION,56.63985312454894,FAILED,0.0,,1
PAY_005344,355,INVALID_ACCOUNT,HARD,2,HARD,{},STOP,0.0,STOPPED,0.0,MAX_RETRIES_REACHED,2
PAY_000295,3395,BANK_TIMEOUT,TEMPORARY,0,TEMPORARY,"{'RETRY_NOW': 0.5797298286475617, 'RETRY_LATER': 0.8444226281204142, 'SWITCH_METHOD': 0.6322527160259589, 'SEND_NOTIFICATION': 0.2215461388051978, 'STOP': 0.023968961488623184}",RETRY_LATER,2866.814822468806,SUCCESS,3395.0,,0
PAY_002404,553,NETWORK_ERROR,TEMPORARY,0,TEMPORARY,"{'RETRY_NOW': 0.5123314089392572, 'RETRY_LATER': 0.782347352792562, 'SWITCH_METHOD': 0.6119970449271697, 'SEND_NOTIFICATION': 0.17975603288750108, 'STOP': 0.03135202348082933}",RETRY_LATER,432.63808609428673,FAILED,0.0,,0
PAY_002404,553,NETWORK_ERROR,TEMPORARY,1,TEMPORARY,"{'RETRY_NOW': 0.5123314089392572, 'RETRY_LATER': 0.782347352792562, 'SWITCH_METHOD': 0.6119970449271697, 'SEND_NOTIFICATION': 0.17975603288750108, 'STOP': 0.03135202348082933}",RETRY_LATER,432.63808609428673,SUCCESS,553.0,,1
PAY_003999,6154,GATEWAY_TIMEOUT,TEMPORARY,0,TEMPORARY,"{'RETRY_NOW': 0.5677304295722985, 'RETRY_LATER': 0.8440388405112508, 'SWITCH_METHOD': 0.6442872333247875, 'SEND_NOTIFICATION': 0.21869849130503174, 'STOP': 0.04348779568859494}",RETRY_LATER,5194.215024506238,SUCCESS,6154.0,,0
PAY_003742,99,LIMIT_EXCEEDED,CUSTOMER,0,CUSTOMER,"{'RETRY_NOW': 0.23451039241824795, 'RETRY_LATER': 0.4094731618244604, 'SWITCH_METHOD': 0.5103407580628158, 'SEND_NOTIFICATION': 0.5753471898598397, 'STOP': 0.10221918855111252}",SEND_NOTIFICATION,56.95937179612413,FAILED,0.0,,0
PAY_003742,99,LIMIT_EXCEEDED,CUSTOMER,1,CUSTOMER,"{'RETRY_NOW': 0.23451039241824795, 'RETRY_LATER': 0.4094731618244604, 'SWITCH_METHOD': 0.5103407580628158, 'SEND_NOTIFICATION': 0.5753471898598397, 'STOP': 0.10221918855111252}",SEND_NOTIFICATION,56.95937179612413,SUCCESS,99.0,,1
PAY_009223,933,GATEWAY_TIMEOUT,TEMPORARY,0,TEMPORARY,"{'RETRY_NOW': 0.520691214629535, 'RETRY_LATER': 0.8128600510369736, 'SWITCH_METHOD': 0.6158816154787332, 'SEND_NOTIFICATION': 0.20352296249321322, 'STOP': 0.015124849618930822}",RETRY_LATER,758.3984276174963,SUCCESS,933.0,,0
PAY_002720,753,BANK_TIMEOUT,TEMPORARY,0,TEMPORARY,"{'RETRY_NOW': 0.5558028337849814, 'RETRY_LATER': 0.8283451071729658, 'SWITCH_METHOD': 0.6175410298628353, 'SEND_NOTIFICATION': 0.21025288980905013, 'STOP': 0.009006052388608863}",RETRY_LATER,623.7438657012433,SUCCESS,753.0,,0
PAY_009200,99,BANK_TIMEOUT,TEMPORARY,0,TEMPORARY,"{'RETRY_NOW': 0.5849013246583841, 'RETRY_LATER': 0.8531274506320325, 'SWITCH_METHOD': 0.642861702039728, 'SEND_NOTIFICATION': 0.23214446660573096, 'STOP': 0.03285377588910976}",RETRY_LATER,84.45961761257122,SUCCESS,99.0,,0
PAY_005151,2699,NETWORK_ERROR,TEMPORARY,0,TEMPORARY,"{'RETRY_NOW': 0.5150670983368959, 'RETRY_LATER': 0.7842063232446957, 'SWITCH_METHOD': 0.6120497232353374, 'SEND_NOTIFICATION': 0.18082735999393668, 'STOP': 0.032681559546687576}",RETRY_LATER,2116.5728664374337,SUCCESS,2699.0,,0
PAY_002809,878,BLOCKED_METHOD,HARD,0,HARD,"{'RETRY_NOW': 0.046208752224348934, 'RETRY_LATER': 0.05453039974227893, 'SWITCH_METHOD': 0.16288117213671624, 'SEND_NOTIFICATION': 0.19665290749378586, 'STOP': 0.9649971432371746}",SEND_NOTIFICATION,172.661252779544,SUCCESS,878.0,,0
PAY_000557,488,BANK_TIMEOUT,TEMPORARY,0,TEMPORARY,"{'RETRY_NOW': 0.5981938659550141, 'RETRY_LATER': 0.8606533613726849, 'SWITCH_METHOD': 0.6525013149595621, 'SEND_NOTIFICATION': 0.2393151524287, 'STOP': 0.04188179156783071}",RETRY_LATER,419.99884034987025,SUCCESS,488.0,,0
PAY_008926,924,LIMIT_EXCEEDED,CUSTOMER,0,CUSTOMER,"{'RETRY_NOW': 0.23038663863062275, 'RETRY_LATER': 0.3935730286456639, 'SWITCH_METHOD': 0.4978650828732746, 'SEND_NOTIFICATION': 0.5583735969947223, 'STOP': 0.09172523275170816}",SEND_NOTIFICATION,515.9372036231234,FAILED,0.0,,0
PAY_008926,924,LIMIT_EXCEEDED,CUSTOMER,1,CUSTOMER,"{'RETRY_NOW': 0.23038663863062275, 'RETRY_LATER': 0.3935730286456639, 'SWITCH_METHOD': 0.4978650828732746, 'SEND_NOTIFICATION': 0.5583735969947223, 'STOP': 0.09172523275170816}",SEND_NOTIFICATION,515.9372036231234,SUCCESS,924.0,,1
PAY_004796,259,AUTHENTICATION_FAILED,CUSTOMER,0,CUSTOMER,"{'RETRY_NOW': 0.3693751731767503, 'RETRY_LATER': 0.5184895554790345, 'SWITCH_METHOD': 0.44357517109701106, 'SEND_NOTIFICATION': 0.6237375090581583, 'STOP': 0.11965647636795643}",SEND_NOTIFICATION,161.54801484606298,FAILED,0.0,,0
PAY_004796,259,AUTHENTICATION_FAILED,CUSTOMER,1,CUSTOMER,"{'RETRY_NOW': 0.3693751731767503, 'RETRY_LATER': 0.5184895554790345, 'SWITCH_METHOD': 0.44357517109701106, 'SEND_NOTIFICATION': 0.6237375090581583, 'STOP': 0.11965647636795643}",SEND_NOTIFICATION,161.54801484606298,SUCCESS,259.0,,1
PAY_002470,1770,GATEWAY_TIMEOUT,TEMPORARY,0,TEMPORARY,"{'RETRY_NOW': 0.5259421488078453, 'RETRY_LATER': 0.8107073584382917, 'SWITCH_METHOD': 0.6125832230598234, 'SEND_NOTIFICATION': 0.19670804506229322, 'STOP': 0.012079900884821842}",RETRY_LATER,1434.9520244357764,SUCCESS,1770.0,,0
PAY_003739,982,BANK_TIMEOUT,TEMPORARY,0,TEMPORARY,"{'RETRY_NOW': 0.5984394658668035, 'RETRY_LATER': 0.861469039262026, 'SWITCH_METHOD': 0.6499747292770568, 'SEND_NOTIFICATION': 0.23349990203870502, 'STOP': 0.04041982662131906}",RETRY_LATER,845.9625965553096,SUCCESS,982.0,,0
PAY_004287,965,GATEWAY_TIMEOUT,TEMPORARY,0,TEMPORARY,"{'RETRY_NOW': 0.5197997959803476, 'RETRY_LATER': 0.8055116617632886, 'SWITCH_METHOD': 0.605384506346381, 'SEND_NOTIFICATION': 0.1904493145233856, 'STOP': 0.006047479042267828}",RETRY_LATER,777.3187536015735,SUCCESS,965.0,,0
PAY_002605,233,INSUFFICIENT_FUNDS,CUSTOMER,0,CUSTOMER,"{'RETRY_NOW': 0.20411219368751476, 'RETRY_LATER': 0.46544286738347806, 'SWITCH_METHOD': 0.600484425316945, 'SEND_NOTIFICATION': 0.7352405937084365, 'STOP': 0.07181202829276298}",SEND_NOTIFICATION,171.3110583340657,SUCCESS,233.0,,0
PAY_000363,811,LIMIT_EXCEEDED,CUSTOMER,0,CUSTOMER,"{'RETRY_NOW': 0.23451039241824795, 'RETRY_LATER': 0.4094731618244604, 'SWITCH_METHOD': 0.5103407580628158, 'SEND_NOTIFICATION': 0.5753471898598397, 'STOP': 0.10221918855111252}",SEND_NOTIFICATION,466.60657097633,SUCCESS,811.0,,0
PAY_006925,108,CARD_EXPIRED,CUSTOMER,0,CUSTOMER,"{'RETRY_NOW': 0.1172384811664494, 'RETRY_LATER': 0.15341296257514325, 'SWITCH_METHOD': 0.5770735200149154, 'SEND_NOTIFICATION': 0.6832013596724443, 'STOP': 0.18519664353665902}",SEND_NOTIFICATION,73.78574684462399,FAILED,0.0,,0
PAY_006925,108,CARD_EXPIRED,CUSTOMER,1,CUSTOMER,"{'RETRY_NOW': 0.1172384811664494, 'RETRY_LATER': 0.15341296257514325, 'SWITCH_METHOD': 0.5770735200149154, 'SEND_NOTIFICATION': 0.6832013596724443, 'STOP': 0.18519664353665902}",SEND_NOTIFICATION,73.78574684462399,SUCCESS,108.0,,1
PAY_001705,1591,LIMIT_EXCEEDED,CUSTOMER,0,CUSTOMER,"{'RETRY_NOW': 0.2412116452595457, 'RETRY_LATER': 0.4083432848362429, 'SWITCH_METHOD': 0.5105835404293677, 'SEND_NOTIFICATION': 0.5932698100305471, 'STOP': 0.10960263835191332}",SEND_NOTIFICATION,943.8922677586005,FAILED,0.0,,0
PAY_001705,1591,LIMIT_EXCEEDED,CUSTOMER,1,CUSTOMER,"{'RETRY_NOW': 0.2412116452595457, 'RETRY_LATER': 0.4083432848362429, 'SWITCH_METHOD': 0.5105835404293677, 'SEND_NOTIFICATION': 0.5932698100305471, 'STOP': 0.10960263835191332}",SEND_NOTIFICATION,943.8922677586005,SUCCESS,1591.0,,1
PAY_002140,1344,GATEWAY_TIMEOUT,TEMPORARY,0,TEMPORARY,"{'RETRY_NOW': 0.5468199724049952, 'RETRY_LATER': 0.820335721871917, 'SWITCH_METHOD': 0.6225049969868637, 'SEND_NOTIFICATION': 0.2076969848411377, 'STOP': 0.024222941378888273}",RETRY_LATER,1102.5312101958564,FAILED,0.0,,0
PAY_002140,1344,GATEWAY_TIMEOUT,TEMPORARY,1,TEMPORARY,"{'RETRY_NOW': 0.5468199724049952, 'RETRY_LATER': 0.820335721871917, 'SWITCH_METHOD': 0.6225049969868637, 'SEND_NOTIFICATION': 0.2076969848411377, 'STOP': 0.024222941378888273}",RETRY_LATER,1102.5312101958564,SUCCESS,1344.0,,1
PAY_003240,691,GATEWAY_TIMEOUT,TEMPORARY,0,TEMPORARY,"{'RETRY_NOW': 0.5117148539921608, 'RETRY_LATER': 0.7964627627817277, 'SWITCH_METHOD': 0.593288719110089, 'SEND_NOTIFICATION': 0.17992571963352466, 'STOP': 0.0010170711451712039}",RETRY_LATER,550.3557690821739,SUCCESS,691.0,,0
PAY_002384,1057,INSUFFICIENT_FUNDS,CUSTOMER,0,CUSTOMER,"{'RETRY_NOW': 0.19963178641699175, 'RETRY_LATER': 0.45186371449726825, 'SWITCH_METHOD': 0.5905929021445472, 'SEND_NOTIFICATION': 0.72547677868139, 'STOP': 0.06242481780313803}",SEND_NOTIFICATION,766.8289550662292,SUCCESS,1057.0,,0
PAY_007315,1357,INSUFFICIENT_FUNDS,CUSTOMER,0,CUSTOMER,"{'RETRY_NOW': 0.20485022348877158, 'RETRY_LATER': 0.4608565036895651, 'SWITCH_METHOD': 0.598541721968187, 'SEND_NOTIFICATION': 0.7312700717928297, 'STOP': 0.06851587697489009}",SEND_NOTIFICATION,992.3334874228699,SUCCESS,1357.0,,0
PAY_004312,373,NETWORK_ERROR,TEMPORARY,0,TEMPORARY,"{'RETRY_NOW': 0.5150670983368959, 'RETRY_LATER': 0.7842063232446957, 'SWITCH_METHOD': 0.6120497232353374, 'SEND_NOTIFICATION': 0.18082735999393668, 'STOP': 0.032681559546687576}",RETRY_LATER,292.5089585702715,SUCCESS,373.0,,0
PAY_001313,343,NETWORK_ERROR,TEMPORARY,0,TEMPORARY,"{'RETRY_NOW': 0.48875680387309556, 'RETRY_LATER': 0.7604593645383668, 'SWITCH_METHOD': 0.5936603740988328, 'SEND_NOTIFICATION': 0.1619654378028644, 'STOP': 0.010432032850922117}",RETRY_LATER,260.83756203665985,SUCCESS,343.0,,0
PAY_003931,1712,CARD_EXPIRED,CUSTOMER,0,CUSTOMER,"{'RETRY_NOW': 0.11803394505937058, 'RETRY_LATER': 0.15471010729963303, 'SWITCH_METHOD': 0.5828268031164789, 'SEND_NOTIFICATION': 0.6863321166948629, 'STOP': 0.19033161063782014}",SEND_NOTIFICATION,1175.0005837816054,FAILED,0.0,,0
PAY_003931,1712,CARD_EXPIRED,CUSTOMER,1,CUSTOMER,"{'RETRY_NOW': 0.11803394505937058, 'RETRY_LATER': 0.15471010729963303, 'SWITCH_METHOD': 0.5828268031164789, 'SEND_NOTIFICATION': 0.6863321166948629, 'STOP': 0.19033161063782014}",SEND_NOTIFICATION,1175.0005837816054,FAILED,0.0,,1
PAY_003931,1712,CARD_EXPIRED,CUSTOMER,2,CUSTOMER,{},STOP,0.0,STOPPED,0.0,MAX_RETRIES_REACHED,2
PAY_006184,594,UPI_TECHNICAL_ERROR,TEMPORARY,0,TEMPORARY,"{'RETRY_NOW': 0.506734574675427, 'RETRY_LATER': 0.7938554373404992, 'SWITCH_METHOD': 0.6630903100571852, 'SEND_NOTIFICATION': 0.1916913411466118, 'STOP': 0.016558260453445862}",RETRY_LATER,471.55012978025655,SUCCESS,594.0,,0
PAY_001592,185,AUTHENTICATION_FAILED,CUSTOMER,0,CUSTOMER,"{'RETRY_NOW': 0.38599673826845793, 'RETRY_LATER': 0.5456828603108634, 'SWITCH_METHOD': 0.4650705063886304, 'SEND_NOTIFICATION': 0.6498692801717164, 'STOP': 0.14362370670984778}",SEND_NOTIFICATION,120.22581683176753,SUCCESS,185.0,,0
PAY_009388,11782,AUTHENTICATION_FAILED,CUSTOMER,0,CUSTOMER,"{'RETRY_NOW': 0.37087290021393327, 'RETRY_LATER': 0.5240348649296817, 'SWITCH_METHOD': 0.44578902544217325, 'SEND_NOTIFICATION': 0.6251951661505848, 'STOP': 0.12322693756507609}",SEND_NOTIFICATION,7366.04944758619,FAILED,0.0,,0
PAY_009388,11782,AUTHENTICATION_FAILED,CUSTOMER,1,CUSTOMER,"{'RETRY_NOW': 0.37087290021393327, 'RETRY_LATER': 0.5240348649296817, 'SWITCH_METHOD': 0.44578902544217325, 'SEND_NOTIFICATION': 0.6251951661505848, 'STOP': 0.12322693756507609}",SEND_NOTIFICATION,7366.04944758619,FAILED,0.0,,1
PAY_009388,11782,AUTHENTICATION_FAILED,CUSTOMER,2,CUSTOMER,{},STOP,0.0,STOPPED,0.0,MAX_RETRIES_REACHED,2
PAY_002163,126,UPI_TECHNICAL_ERROR,TEMPORARY,0,TEMPORARY,"{'RETRY_NOW': 0.5085910122359021, 'RETRY_LATER': 0.7929130585251545, 'SWITCH_METHOD': 0.6600561050416156, 'SEND_NOTIFICATION': 0.18476178223518602, 'STOP': 0.01366490350335244}",RETRY_LATER,99.90704537416947,SUCCESS,126.0,,0
PAY_002397,266,AUTHENTICATION_FAILED,CUSTOMER,0,CUSTOMER,"{'RETRY_NOW': 0.3701544657660245, 'RETRY_LATER': 0.5150705684185359, 'SWITCH_METHOD': 0.4415790206128863, 'SEND_NOTIFICATION': 0.6201702114790499, 'STOP': 0.11965647636795643}",SEND_NOTIFICATION,164.96527625342728,FAILED,0.0,,0
PAY_002397,266,AUTHENTICATION_FAILED,CUSTOMER,1,CUSTOMER,"{'RETRY_NOW': 0.3701544657660245, 'RETRY_LATER': 0.5150705684185359, 'SWITCH_METHOD': 0.4415790206128863, 'SEND_NOTIFICATION': 0.6201702114790499, 'STOP': 0.11965647636795643}",SEND_NOTIFICATION,164.96527625342728,FAILED,0.0,,1
PAY_002397,266,AUTHENTICATION_FAILED,CUSTOMER,2,CUSTOMER,{},STOP,0.0,STOPPED,0.0,MAX_RETRIES_REACHED,2
PAY_000318,1864,PAYMENT_EXPIRED,HARD,0,HARD,"{'RETRY_NOW': 0.022110591435016674, 'RETRY_LATER': 0.03215504587326592, 'SWITCH_METHOD': 0.06404493353078217, 'SEND_NOTIFICATION': 0.09356139046224958, 'STOP': 0.9889844026348931}",SEND_NOTIFICATION,174.3984318216332,FAILED,0.0,,0
PAY_000318,1864,PAYMENT_EXPIRED,HARD,1,HARD,"{'RETRY_NOW': 0.022110591435016674, 'RETRY_LATER': 0.03215504587326592, 'SWITCH_METHOD': 0.06404493353078217, 'SEND_NOTIFICATION': 0.09356139046224958, 'STOP': 0.9889844026348931}",SEND_NOTIFICATION,174.3984318216332,FAILED,0.0,,1
PAY_000318,1864,PAYMENT_EXPIRED,HARD,2,HARD,{},STOP,0.0,STOPPED,0.0,MAX_RETRIES_REACHED,2
PAY_005234,1703,LIMIT_EXCEEDED,CUSTOMER,0,CUSTOMER,"{'RETRY_NOW': 0.23445663221062926, 'RETRY_LATER': 0.400450579696428, 'SWITCH_METHOD': 0.5035697030524707, 'SEND_NOTIFICATION': 0.5742276356970519, 'STOP': 0.09745804609077517}",SEND_NOTIFICATION,977.9096635920795,SUCCESS,1703.0,,0
PAY_005069,1245,GATEWAY_TIMEOUT,TEMPORARY,0,TEMPORARY,"{'RETRY_NOW': 0.5507707544914408, 'RETRY_LATER': 0.8316800659803456, 'SWITCH_METHOD': 0.6339064213442815, 'SEND_NOTIFICATION': 0.21481558554396052, 'STOP': 0.0330674011709359}",RETRY_LATER,1035.4416821455302,FAILED,0.0,,0
PAY_005069,1245,GATEWAY_TIMEOUT,TEMPORARY,1,TEMPORARY,"{'RETRY_NOW': 0.5507707544914408, 'RETRY_LATER': 0.8316800659803456, 'SWITCH_METHOD': 0.6339064213442815, 'SEND_NOTIFICATION': 0.21481558554396052, 'STOP': 0.0330674011709359}",RETRY_LATER,1035.4416821455302,SUCCESS,1245.0,,1
PAY_004037,186,UPI_TECHNICAL_ERROR,TEMPORARY,0,TEMPORARY,"{'RETRY_NOW': 0.512210861615233, 'RETRY_LATER': 0.7979185398066513, 'SWITCH_METHOD': 0.6657843810273621, 'SEND_NOTIFICATION': 0.19517399930742227, 'STOP': 0.019426408215872756}",RETRY_LATER,148.41284840403713,SUCCESS,186.0,,0
PAY_003021,5466,GATEWAY_TIMEOUT,TEMPORARY,0,TEMPORARY,"{'RETRY_NOW': 0.5178253002308308, 'RETRY_LATER': 0.7928968823843522, 'SWITCH_METHOD': 0.5893897317452582, 'SEND_NOTIFICATION': 0.17470017578563796, 'STOP': 0.001006325921481945}",RETRY_LATER,4333.974359112869,FAILED,0.0,,0
PAY_003021,5466,GATEWAY_TIMEOUT,TEMPORARY,1,TEMPORARY,"{'RETRY_NOW': 0.5178253002308308, 'RETRY_LATER': 0.7928968823843522, 'SWITCH_METHOD': 0.5893897317452582, 'SEND_NOTIFICATION': 0.17470017578563796, 'STOP': 0.001006325921481945}",RETRY_LATER,4333.974359112869,SUCCESS,5466.0,,1
PAY_008229,989,NETWORK_ERROR,TEMPORARY,0,TEMPORARY,"{'RETRY_NOW': 0.4957782929680135, 'RETRY_LATER': 0.7654717237925582, 'SWITCH_METHOD': 0.601065803949111, 'SEND_NOTIFICATION': 0.16482113532500858, 'STOP': 0.016460126667813123}",RETRY_LATER,757.0515348308401,SUCCESS,989.0,,0
PAY_005296,2255,AUTHENTICATION_FAILED,CUSTOMER,0,CUSTOMER,"{'RETRY_NOW': 0.3789144377339673, 'RETRY_LATER': 0.5369607102023809, 'SWITCH_METHOD': 0.45859615843136947, 'SEND_NOTIFICATION': 0.6441859681875332, 'STOP': 0.13763549419145016}",SEND_NOTIFICATION,1452.6393582628873,SUCCESS,2255.0,,0
PAY_003973,457,BANK_TIMEOUT,TEMPORARY,0,TEMPORARY,"{'RETRY_NOW': 0.5752727942608009, 'RETRY_LATER': 0.8459959852561703, 'SWITCH_METHOD': 0.6346172550826932, 'SEND_NOTIFICATION': 0.22286984585585035, 'STOP': 0.025599252584954414}",RETRY_LATER,386.6201652620698,SUCCESS,457.0,,0
PAY_005371,647,BANK_TIMEOUT,TEMPORARY,0,TEMPORARY,"{'RETRY_NOW': 0.5558028337849814, 'RETRY_LATER': 0.8283451071729658, 'SWITCH_METHOD': 0.6175410298628353, 'SEND_NOTIFICATION': 0.21025288980905013, 'STOP': 0.009006052388608863}",RETRY_LATER,535.9392843409089,SUCCESS,647.0,,0
PAY_004134,1321,CARD_EXPIRED,CUSTOMER,0,CUSTOMER,"{'RETRY_NOW': 0.09116149688110772, 'RETRY_LATER': 0.12965027883060642, 'SWITCH_METHOD': 0.5575271737399651, 'SEND_NOTIFICATION': 0.6535956838705612, 'STOP': 0.15486928950029705}",SEND_NOTIFICATION,863.3998983930113,SUCCESS,1321.0,,0
PAY_000975,1100,BANK_TIMEOUT,TEMPORARY,0,TEMPORARY,"{'RETRY_NOW': 0.5841704094432499, 'RETRY_LATER': 0.8504659739531624, 'SWITCH_METHOD': 0.6397868942063464, 'SEND_NOTIFICATION': 0.22854201803188318, 'STOP': 0.03000694746721721}",RETRY_LATER,935.5125713484786,SUCCESS,1100.0,,0
PAY_007292,1854,NETWORK_ERROR,TEMPORARY,0,TEMPORARY,"{'RETRY_NOW': 0.5166158253941568, 'RETRY_LATER': 0.7849628123009635, 'SWITCH_METHOD': 0.6123132712860397, 'SEND_NOTIFICATION': 0.18307106761083225, 'STOP': 0.034337100212347246}",RETRY_LATER,1455.3210540059863,SUCCESS,1854.0,,0
PAY_000955,200,AUTHENTICATION_FAILED,CUSTOMER,0,CUSTOMER,"{'RETRY_NOW': 0.38072328717147785, 'RETRY_LATER': 0.5366708335203934, 'SWITCH_METHOD': 0.45530927547372113, 'SEND_NOTIFICATION': 0.6423831887173568, 'STOP': 0.1339604454418207}",SEND_NOTIFICATION,128.47663774347134,SUCCESS,200.0,,0
PAY_009307,401,BANK_TIMEOUT,TEMPORARY,0,TEMPORARY,"{'RETRY_NOW': 0.5661783690233633, 'RETRY_LATER': 0.8349171495601808, 'SWITCH_METHOD': 0.6253618255163048, 'SEND_NOTIFICATION': 0.21664618704195027, 'STOP': 0.014955556658415598}",RETRY_LATER,334.8017769736325,SUCCESS,401.0,,0
PAY_005017,2824,LIMIT_EXCEEDED,CUSTOMER,0,CUSTOMER,"{'RETRY_NOW': 0.23680432061756776, 'RETRY_LATER': 0.407589475998325, 'SWITCH_METHOD': 0.5110468738585292, 'SEND_NOTIFICATION': 0.5874314793518616, 'STOP': 0.1054050200913086}",SEND_NOTIFICATION,1658.906497689657,SUCCESS,2824.0,,0
PAY_009731,575,UPI_TECHNICAL_ERROR,TEMPORARY,0,TEMPORARY,"{'RETRY_NOW': 0.5224085658861238, 'RETRY_LATER': 0.8073742093046153, 'SWITCH_METHOD': 0.6780683088771787, 'SEND_NOTIFICATION': 0.20007465488102727, 'STOP': 0.02895635323938477}",RETRY_LATER,464.24017035015385,SUCCESS,575.0,,0
PAY_007491,122,GATEWAY_TIMEOUT,TEMPORARY,0,TEMPORARY,"{'RETRY_NOW': 0.5089513213749474, 'RETRY_LATER': 0.7895061865717147, 'SWITCH_METHOD': 0.5871946440738243, 'SEND_NOTIFICATION': 0.1726091828686506, 'STOP': 0.0009973822477461316}",RETRY_LATER,96.3197547617492,FAILED,0.0,,0
PAY_007491,122,GATEWAY_TIMEOUT,TEMPORARY,1,TEMPORARY,"{'RETRY_NOW': 0.5089513213749474, 'RETRY_LATER': 0.7895061865717147, 'SWITCH_METHOD': 0.5871946440738243, 'SEND_NOTIFICATION': 0.1726091828686506, 'STOP': 0.0009973822477461316}",RETRY_LATER,96.3197547617492,SUCCESS,122.0,,1
PAY_001641,170,LIMIT_EXCEEDED,CUSTOMER,0,CUSTOMER,"{'RETRY_NOW': 0.21983561951663474, 'RETRY_LATER': 0.3789057068882641, 'SWITCH_METHOD': 0.48232360239905486, 'SEND_NOTIFICATION': 0.5446572562007406, 'STOP': 0.0763011017789957}",SEND_NOTIFICATION,92.5917335541259,FAILED,0.0,,0
PAY_001641,170,LIMIT_EXCEEDED,CUSTOMER,1,CUSTOMER,"{'RETRY_NOW': 0.21983561951663474, 'RETRY_LATER': 0.3789057068882641, 'SWITCH_METHOD': 0.48232360239905486, 'SEND_NOTIFICATION': 0.5446572562007406, 'STOP': 0.0763011017789957}",SEND_NOTIFICATION,92.5917335541259,SUCCESS,170.0,,1
PAY_001291,424,CARD_EXPIRED,CUSTOMER,0,CUSTOMER,"{'RETRY_NOW': 0.0810547254260642, 'RETRY_LATER': 0.11825479523664827, 'SWITCH_METHOD': 0.5440053950394154, 'SEND_NOTIFICATION': 0.6426680223525819, 'STOP': 0.1419172375109932}",SEND_NOTIFICATION,272.4912414774947,SUCCESS,424.0,,0
PAY_001381,1892,INSUFFICIENT_FUNDS,CUSTOMER,0,CUSTOMER,"{'RETRY_NOW': 0.20130392957610446, 'RETRY_LATER': 0.45841684084532897, 'SWITCH_METHOD': 0.5961791660844497, 'SEND_NOTIFICATION': 0.7268607316986306, 'STOP': 0.06617957106946074}",SEND_NOTIFICATION,1375.2205043738093,FAILED,0.0,,0
PAY_001381,1892,INSUFFICIENT_FUNDS,CUSTOMER,1,CUSTOMER,"{'RETRY_NOW': 0.20130392957610446, 'RETRY_LATER': 0.45841684084532897, 'SWITCH_METHOD': 0.5961791660844497, 'SEND_NOTIFICATION': 0.7268607316986306, 'STOP': 0.06617957106946074}",SEND_NOTIFICATION,1375.2205043738093,SUCCESS,1892.0,,1
PAY_001934,1100,INSUFFICIENT_FUNDS,CUSTOMER,0,CUSTOMER,"{'RETRY_NOW': 0.1798982304722809, 'RETRY_LATER': 0.4326186751213166, 'SWITCH_METHOD': 0.5877753038073465, 'SEND_NOTIFICATION': 0.7137877886959354, 'STOP': 0.05031981256751793}",SEND_NOTIFICATION,785.1665675655289,SUCCESS,1100.0,,0
PAY_004676,120,BANK_TIMEOUT,TEMPORARY,0,TEMPORARY,"{'RETRY_NOW': 0.5624450626343493, 'RETRY_LATER': 0.8319800725861933, 'SWITCH_METHOD': 0.617283079418032, 'SEND_NOTIFICATION': 0.21007162124688525, 'STOP': 0.010499523380395035}",RETRY_LATER,99.8376087103432,SUCCESS,120.0,,0
PAY_000893,339,BANK_TIMEOUT,TEMPORARY,0,TEMPORARY,"{'RETRY_NOW': 0.5661783690233633, 'RETRY_LATER': 0.8349171495601808, 'SWITCH_METHOD': 0.6253618255163048, 'SEND_NOTIFICATION': 0.21664618704195027, 'STOP': 0.014955556658415598}",RETRY_LATER,283.0369137009013,SUCCESS,339.0,,0
PAY_007288,99,GATEWAY_TIMEOUT,TEMPORARY,0,TEMPORARY,"{'RETRY_NOW': 0.5178253002308308, 'RETRY_LATER': 0.7928968823843522, 'SWITCH_METHOD': 0.5893897317452582, 'SEND_NOTIFICATION': 0.17470017578563796, 'STOP': 0.001006325921481945}",RETRY_LATER,78.49679135605086,FAILED,0.0,,0
PAY_007288,99,GATEWAY_TIMEOUT,TEMPORARY,1,TEMPORARY,"{'RETRY_NOW': 0.5178253002308308, 'RETRY_LATER': 0.7928968823843522, 'SWITCH_METHOD': 0.5893897317452582, 'SEND_NOTIFICATION': 0.17470017578563796, 'STOP': 0.001006325921481945}",RETRY_LATER,78.49679135605086,SUCCESS,99.0,,1
PAY_004877,2287,AUTHENTICATION_FAILED,CUSTOMER,0,CUSTOMER,"{'RETRY_NOW': 0.3716525735991396, 'RETRY_LATER': 0.5264358285990801, 'SWITCH_METHOD': 0.44726966656650413, 'SEND_NOTIFICATION': 0.6249949207990634, 'STOP': 0.12500776320423226}",SEND_NOTIFICATION,1429.363383867458,SUCCESS,2287.0,,0
PAY_007907,2398,CARD_EXPIRED,CUSTOMER,0,CUSTOMER,"{'RETRY_NOW': 0.09415795569259248, 'RETRY_LATER': 0.14029650212518407, 'SWITCH_METHOD': 0.5673376532474599, 'SEND_NOTIFICATION': 0.6601268791849643, 'STOP': 0.16454866634980778}",SEND_NOTIFICATION,1582.9842562855442,SUCCESS,2398.0,,0
PAY_008195,4672,CARD_EXPIRED,CUSTOMER,0,CUSTOMER,"{'RETRY_NOW': 0.09415795569259248, 'RETRY_LATER': 0.14029650212518407, 'SWITCH_METHOD': 0.5673376532474599, 'SEND_NOTIFICATION': 0.6601268791849643, 'STOP': 0.16454866634980778}",SEND_NOTIFICATION,3084.112779552153,SUCCESS,4672.0,,0
PAY_009380,5241,GATEWAY_TIMEOUT,TEMPORARY,0,TEMPORARY,"{'RETRY_NOW': 0.5495420137465893, 'RETRY_LATER': 0.831379504050903, 'SWITCH_METHOD': 0.6334907688745225, 'SEND_NOTIFICATION': 0.212555992702287, 'STOP': 0.03172268323732836}",RETRY_LATER,4357.259980730782,SUCCESS,5241.0,,0
PAY_002467,1210,CARD_EXPIRED,CUSTOMER,0,CUSTOMER,"{'RETRY_NOW': 0.12201388117281793, 'RETRY_LATER': 0.16327289041021786, 'SWITCH_METHOD': 0.5894839825514514, 'SEND_NOTIFICATION': 0.6980349829396476, 'STOP': 0.19663199481364171}",SEND_NOTIFICATION,844.6223293569736,SUCCESS,1210.0,,0
PAY_007658,620,NETWORK_ERROR,TEMPORARY,0,TEMPORARY,"{'RETRY_NOW': 0.5277500066376665, 'RETRY_LATER': 0.7925553025551133, 'SWITCH_METHOD': 0.6194831459985412, 'SEND_NOTIFICATION': 0.18777964441123204, 'STOP': 0.04194612791738492}",RETRY_LATER,491.38428758417024,SUCCESS,620.0,,0
PAY_001914,3708,BANK_TIMEOUT,TEMPORARY,0,TEMPORARY,"{'RETRY_NOW': 0.5485501018429818, 'RETRY_LATER': 0.8278252880358226, 'SWITCH_METHOD': 0.6160730048575507, 'SEND_NOTIFICATION': 0.20748237964013003, 'STOP': 0.006008559936693242}",RETRY_LATER,3069.57616803683,SUCCESS,3708.0,,0
PAY_002737,1827,GATEWAY_TIMEOUT,TEMPORARY,0,TEMPORARY,"{'RETRY_NOW': 0.5233411097702672, 'RETRY_LATER': 0.8098308844171033, 'SWITCH_METHOD': 0.6107567989746907, 'SEND_NOTIFICATION': 0.19616430326267012, 'STOP': 0.010556356424544939}",RETRY_LATER,1479.5610258300476,SUCCESS,1827.0,,0
PAY_000727,2217,GATEWAY_TIMEOUT,TEMPORARY,0,TEMPORARY,"{'RETRY_NOW': 0.5195307688555612, 'RETRY_LATER': 0.8021628650867205, 'SWITCH_METHOD': 0.6028354963385155, 'SEND_NOTIFICATION': 0.1887692332659307, 'STOP': 0.0045560532248368835}",RETRY_LATER,1778.3950718972594,SUCCESS,2217.0,,0
PAY_007215,431,BLOCKED_METHOD,HARD,0,HARD,"{'RETRY_NOW': 0.05361927567512867, 'RETRY_LATER': 0.06404065379383866, 'SWITCH_METHOD': 0.17203743581836245, 'SEND_NOTIFICATION': 0.20567793277549237, 'STOP': 0.9740278421228401}",SEND_NOTIFICATION,88.64718902623721,FAILED,0.0,,0
PAY_007215,431,BLOCKED_METHOD,HARD,1,HARD,"{'RETRY_NOW': 0.05361927567512867, 'RETRY_LATER': 0.06404065379383866, 'SWITCH_METHOD': 0.17203743581836245, 'SEND_NOTIFICATION': 0.20567793277549237, 'STOP': 0.9740278421228401}",SEND_NOTIFICATION,88.64718902623721,FAILED,0.0,,1
PAY_007215,431,BLOCKED_METHOD,HARD,2,HARD,{},STOP,0.0,STOPPED,0.0,MAX_RETRIES_REACHED,2
PAY_008246,1491,BANK_TIMEOUT,TEMPORARY,0,TEMPORARY,"{'RETRY_NOW': 0.5624450626343493, 'RETRY_LATER': 0.8319800725861933, 'SWITCH_METHOD': 0.617283079418032, 'SEND_NOTIFICATION': 0.21007162124688525, 'STOP': 0.010499523380395035}",RETRY_LATER,1240.4822882260144,SUCCESS,1491.0,,0
PAY_001797,713,CARD_EXPIRED,CUSTOMER,0,CUSTOMER,"{'RETRY_NOW': 0.06901762020446263, 'RETRY_LATER': 0.11469512708582714, 'SWITCH_METHOD': 0.534548879884126, 'SEND_NOTIFICATION': 0.6392209059177759, 'STOP': 0.1342134269981055}",SEND_NOTIFICATION,455.76450591937424,FAILED,0.0,,0
PAY_001797,713,CARD_EXPIRED,CUSTOMER,1,CUSTOMER,"{'RETRY_NOW': 0.06901762020446263, 'RETRY_LATER': 0.11469512708582714, 'SWITCH_METHOD': 0.534548879884126, 'SEND_NOTIFICATION': 0.6392209059177759, 'STOP': 0.1342134269981055}",SEND_NOTIFICATION,455.76450591937424,FAILED,0.0,,1
PAY_001797,713,CARD_EXPIRED,CUSTOMER,2,CUSTOMER,{},STOP,0.0,STOPPED,0.0,MAX_RETRIES_REACHED,2
PAY_003846,368,CARD_EXPIRED,CUSTOMER,0,CUSTOMER,"{'RETRY_NOW': 0.09604367913197817, 'RETRY_LATER': 0.14359214579818105, 'SWITCH_METHOD': 0.56974717149383, 'SEND_NOTIFICATION': 0.6651171790225807, 'STOP': 0.16535769589126573}",SEND_NOTIFICATION,244.7631218803097,SUCCESS,368.0,,0
PAY_006403,481,BANK_TIMEOUT,TEMPORARY,0,TEMPORARY,"{'RETRY_NOW': 0.5916354398295579, 'RETRY_LATER': 0.8553086511216905, 'SWITCH_METHOD': 0.6429611314217215, 'SEND_NOTIFICATION': 0.23301664035205327, 'STOP': 0.034585301590541226}",RETRY_LATER,411.4034611895331,SUCCESS,481.0,,0
PAY_000937,99,BANK_TIMEOUT,TEMPORARY,0,TEMPORARY,"{'RETRY_NOW': 0.5952818958789751, 'RETRY_LATER': 0.8610823193701427, 'SWITCH_METHOD': 0.6473974870381346, 'SEND_NOTIFICATION': 0.23147324891947793, 'STOP': 0.03890199578260285}",RETRY_LATER,85.24714961764413,SUCCESS,99.0,,0
PAY_002266,758,GATEWAY_TIMEOUT,TEMPORARY,0,TEMPORARY,"{'RETRY_NOW': 0.5149614404804004, 'RETRY_LATER': 0.807829639409678, 'SWITCH_METHOD': 0.6076755041347341, 'SEND_NOTIFICATION': 0.19413146089991365, 'STOP': 0.009074572674723272}",RETRY_LATER,612.3348666725359,SUCCESS,758.0,,0
PAY_000825,250,CARD_EXPIRED,CUSTOMER,0,CUSTOMER,"{'RETRY_NOW': 0.1057952272315436, 'RETRY_LATER': 0.14274407585848245, 'SWITCH_METHOD': 0.5705886829066809, 'SEND_NOTIFICATION': 0.6630660899160958, 'STOP': 0.16963724907703853}",SEND_NOTIFICATION,165.76652247902396,SUCCESS,250.0,,0
PAY_007275,1592,LIMIT_EXCEEDED,CUSTOMER,0,CUSTOMER,"{'RETRY_NOW': 0.22862282465599817, 'RETRY_LATER': 0.38565162069592834, 'SWITCH_METHOD': 0.48905618533130313, 'SEND_NOTIFICATION': 0.558354059286041, 'STOP': 0.0905755136377806}",SEND_NOTIFICATION,888.8996623833773,FAILED,0.0,,0
PAY_007275,1592,LIMIT_EXCEEDED,CUSTOMER,1,CUSTOMER,"{'RETRY_NOW': 0.22862282465599817, 'RETRY_LATER': 0.38565162069592834, 'SWITCH_METHOD': 0.48905618533130313, 'SEND_NOTIFICATION': 0.558354059286041, 'STOP': 0.0905755136377806}",SEND_NOTIFICATION,888.8996623833773,SUCCESS,1592.0,,1
PAY_001390,4819,INSUFFICIENT_FUNDS,CUSTOMER,0,CUSTOMER,"{'RETRY_NOW': 0.2114413363435414, 'RETRY_LATER': 0.4816979814539636, 'SWITCH_METHOD': 0.6221001594418847, 'SEND_NOTIFICATION': 0.7666209796116631, 'STOP': 0.08928416407013183}",SEND_NOTIFICATION,3694.3465007486043,SUCCESS,4819.0,,0
PAY_003565,2436,BLOCKED_METHOD,HARD,0,HARD,"{'RETRY_NOW': 0.0710414371831253, 'RETRY_LATER': 0.08156526649389809, 'SWITCH_METHOD': 0.19320409362475507, 'SEND_NOTIFICATION': 0.2196064315994174, 'STOP': 0.9899970948995177}",SEND_NOTIFICATION,534.9612673761808,FAILED,0.0,,0
PAY_003565,2436,BLOCKED_METHOD,HARD,1,HARD,"{'RETRY_NOW': 0.0710414371831253, 'RETRY_LATER': 0.08156526649389809, 'SWITCH_METHOD': 0.19320409362475507, 'SEND_NOTIFICATION': 0.2196064315994174, 'STOP': 0.9899970948995177}",SEND_NOTIFICATION,534.9612673761808,FAILED,0.0,,1
PAY_003565,2436,BLOCKED_METHOD,HARD,2,HARD,{},STOP,0.0,STOPPED,0.0,MAX_RETRIES_REACHED,2
PAY_005430,1048,INSUFFICIENT_FUNDS,CUSTOMER,0,CUSTOMER,"{'RETRY_NOW': 0.2021202347325381, 'RETRY_LATER': 0.44094827234725265, 'SWITCH_METHOD': 0.5827915694581012, 'SEND_NOTIFICATION': 0.7158686598458089, 'STOP': 0.058116784963516535}",SEND_NOTIFICATION,750.2303555184078,SUCCESS,1048.0,,0
PAY_007828,405,CARD_EXPIRED,CUSTOMER,0,CUSTOMER,"{'RETRY_NOW': 0.08527828923736423, 'RETRY_LATER': 0.1277042494059501, 'SWITCH_METHOD': 0.5499756886889968, 'SEND_NOTIFICATION': 0.6492244992891623, 'STOP': 0.15299417235385793}",SEND_NOTIFICATION,262.9359222121107,SUCCESS,405.0,,0
PAY_005691,182,INSUFFICIENT_FUNDS,CUSTOMER,0,CUSTOMER,"{'RETRY_NOW': 0.19989743716049668, 'RETRY_LATER': 0.47925585901406426, 'SWITCH_METHOD': 0.6137040427668068, 'SEND_NOTIFICATION': 0.7416480321062215, 'STOP': 0.07427705786704658}",SEND_NOTIFICATION,134.9799418433323,SUCCESS,182.0,,0
PAY_007879,959,INSUFFICIENT_FUNDS,CUSTOMER,0,CUSTOMER,"{'RETRY_NOW': 0.21320791903019476, 'RETRY_LATER': 0.4703213900001933, 'SWITCH_METHOD': 0.6080488418565584, 'SEND_NOTIFICATION': 0.7451829001312937, 'STOP': 0.07679878172440113}",SEND_NOTIFICATION,714.6304012259106,FAILED,0.0,,0
PAY_007879,959,INSUFFICIENT_FUNDS,CUSTOMER,1,CUSTOMER,"{'RETRY_NOW': 0.21320791903019476, 'RETRY_LATER': 0.4703213900001933, 'SWITCH_METHOD': 0.6080488418565584, 'SEND_NOTIFICATION': 0.7451829001312937, 'STOP': 0.07679878172440113}",SEND_NOTIFICATION,714.6304012259106,SUCCESS,959.0,,1
PAY_001869,746,NETWORK_ERROR,TEMPORARY,0,TEMPORARY,"{'RETRY_NOW': 0.5166158253941568, 'RETRY_LATER': 0.7849628123009635, 'SWITCH_METHOD': 0.6123132712860397, 'SEND_NOTIFICATION': 0.18307106761083225, 'STOP': 0.034337100212347246}",RETRY_LATER,585.5822579765188,SUCCESS,746.0,,0
PAY_008203,99,GATEWAY_TIMEOUT,TEMPORARY,0,TEMPORARY,"{'RETRY_NOW': 0.5577657559159407, 'RETRY_LATER': 0.8359671652066242, 'SWITCH_METHOD': 0.6346015565005966, 'SEND_NOTIFICATION': 0.2165116129988265, 'STOP': 0.03598010905422742}",RETRY_LATER,82.76074935545579,SUCCESS,99.0,,0
PAY_007487,1169,UPI_TECHNICAL_ERROR,TEMPORARY,0,TEMPORARY,"{'RETRY_NOW': 0.5509233464783473, 'RETRY_LATER': 0.8222840958700443, 'SWITCH_METHOD': 0.6841734679676751, 'SEND_NOTIFICATION': 0.20667130729120173, 'STOP': 0.04047868225933406}",RETRY_LATER,961.2501080720817,SUCCESS,1169.0,,0
PAY_000807,1681,BANK_TIMEOUT,TEMPORARY,0,TEMPORARY,"{'RETRY_NOW': 0.5624450626343493, 'RETRY_LATER': 0.8319800725861933, 'SWITCH_METHOD': 0.617283079418032, 'SEND_NOTIFICATION': 0.21007162124688525, 'STOP': 0.010499523380395035}",RETRY_LATER,1398.558502017391,SUCCESS,1681.0,,0
PAY_004806,1350,CARD_EXPIRED,CUSTOMER,0,CUSTOMER,"{'RETRY_NOW': 0.11974083541845901, 'RETRY_LATER': 0.15741472594703387, 'SWITCH_METHOD': 0.5886337317063814, 'SEND_NOTIFICATION': 0.6950329417765492, 'STOP': 0.1937862129607235}",SEND_NOTIFICATION,938.2944713983413,SUCCESS,1350.0,,0
PAY_009153,1237,INSUFFICIENT_FUNDS,CUSTOMER,0,CUSTOMER,"{'RETRY_NOW': 0.2136339850043195, 'RETRY_LATER': 0.47276685365749066, 'SWITCH_METHOD': 0.6060188735581031, 'SEND_NOTIFICATION': 0.7498981289937129, 'STOP': 0.081027237554578}",SEND_NOTIFICATION,927.6239855652228,SUCCESS,1237.0,,0
PAY_007512,2033,CUSTOMER_DECLINED,HARD,0,HARD,"{'RETRY_NOW': 0.04869014384705861, 'RETRY_LATER': 0.04658503202178765, 'SWITCH_METHOD': 0.07171246761042108, 'SEND_NOTIFICATION': 0.0911237250570824, 'STOP': 0.99}",SEND_NOTIFICATION,185.25453304104852,FAILED,0.0,,0
PAY_007512,2033,CUSTOMER_DECLINED,HARD,1,HARD,"{'RETRY_NOW': 0.04869014384705861, 'RETRY_LATER': 0.04658503202178765, 'SWITCH_METHOD': 0.07171246761042108, 'SEND_NOTIFICATION': 0.0911237250570824, 'STOP': 0.99}",SEND_NOTIFICATION,185.25453304104852,FAILED,0.0,,1
PAY_007512,2033,CUSTOMER_DECLINED,HARD,2,HARD,{},STOP,0.0,STOPPED,0.0,MAX_RETRIES_REACHED,2
PAY_008057,99,PAYMENT_EXPIRED,HARD,0,HARD,"{'RETRY_NOW': 0.04611944341026068, 'RETRY_LATER': 0.05510884383458992, 'SWITCH_METHOD': 0.09170160062821733, 'SEND_NOTIFICATION': 0.11709210951910924, 'STOP': 0.99}",SWITCH_METHOD,9.078458462193517,FAILED,0.0,,0
PAY_008057,99,PAYMENT_EXPIRED,HARD,1,HARD,"{'RETRY_NOW': 0.04611944341026068, 'RETRY_LATER': 0.05510884383458992, 'SWITCH_METHOD': 0.09170160062821733, 'SEND_NOTIFICATION': 0.11709210951910924, 'STOP': 0.99}",SWITCH_METHOD,9.078458462193517,FAILED,0.0,,1
PAY_008057,99,PAYMENT_EXPIRED,HARD,2,HARD,{},STOP,0.0,STOPPED,0.0,MAX_RETRIES_REACHED,2
PAY_004495,383,BANK_TIMEOUT,TEMPORARY,0,TEMPORARY,"{'RETRY_NOW': 0.5901690544587485, 'RETRY_LATER': 0.8572548944418964, 'SWITCH_METHOD': 0.6445748920528869, 'SEND_NOTIFICATION': 0.23419297675421302, 'STOP': 0.035799839628748165}",RETRY_LATER,328.32862457124634,SUCCESS,383.0,,0
PAY_002633,363,CUSTOMER_DECLINED,TEMPORARY,0,TEMPORARY,"{'RETRY_NOW': 0.5074589834047198, 'RETRY_LATER': 0.7955650602722203, 'SWITCH_METHOD': 0.6090612388686502, 'SEND_NOTIFICATION': 0.227630311373883, 'STOP': 0.03490834161838116}",RETRY_LATER,288.790116878816,FAILED,0.0,,0
PAY_002633,363,CUSTOMER_DECLINED,TEMPORARY,1,TEMPORARY,"{'RETRY_NOW': 0.5074589834047198, 'RETRY_LATER': 0.7955650602722203, 'SWITCH_METHOD': 0.6090612388686502, 'SEND_NOTIFICATION': 0.227630311373883, 'STOP': 0.03490834161838116}",RETRY_LATER,288.790116878816,FAILED,0.0,,1
PAY_002633,363,CUSTOMER_DECLINED,TEMPORARY,2,TEMPORARY,{},STOP,0.0,STOPPED,0.0,MAX_RETRIES_REACHED,2
PAY_008901,444,INSUFFICIENT_FUNDS,CUSTOMER,0,CUSTOMER,"{'RETRY_NOW': 0.19989743716049668, 'RETRY_LATER': 0.47925585901406426, 'SWITCH_METHOD': 0.6137040427668068, 'SEND_NOTIFICATION': 0.7416480321062215, 'STOP': 0.07427705786704658}",SEND_NOTIFICATION,329.29172625516236,SUCCESS,444.0,,0
PAY_008624,394,BANK_TIMEOUT,TEMPORARY,0,TEMPORARY,"{'RETRY_NOW': 0.5984394658668035, 'RETRY_LATER': 0.861469039262026, 'SWITCH_METHOD': 0.6499747292770568, 'SEND_NOTIFICATION': 0.23349990203870502, 'STOP': 0.04041982662131906}",RETRY_LATER,339.41880146923825,SUCCESS,394.0,,0
PAY_007833,577,AUTHENTICATION_FAILED,CUSTOMER,0,CUSTOMER,"{'RETRY_NOW': 0.35002832668962514, 'RETRY_LATER': 0.5006744313402947, 'SWITCH_METHOD': 0.42410075154252086, 'SEND_NOTIFICATION': 0.6060046781441033, 'STOP': 0.10316807172800764}",SEND_NOTIFICATION,349.6646992891476,SUCCESS,577.0,,0
PAY_004389,3776,CARD_EXPIRED,CUSTOMER,0,CUSTOMER,"{'RETRY_NOW': 0.09415795569259248, 'RETRY_LATER': 0.14029650212518407, 'SWITCH_METHOD': 0.5673376532474599, 'SEND_NOTIFICATION': 0.6601268791849643, 'STOP': 0.16454866634980778}",SEND_NOTIFICATION,2492.639095802425,SUCCESS,3776.0,,0
PAY_000146,331,LIMIT_EXCEEDED,CUSTOMER,0,CUSTOMER,"{'RETRY_NOW': 0.2028044750409563, 'RETRY_LATER': 0.36082944741191636, 'SWITCH_METHOD': 0.4683566958011655, 'SEND_NOTIFICATION': 0.5275984896224402, 'STOP': 0.07096993978447967}",SEND_NOTIFICATION,174.6351000650277,FAILED,0.0,,0
PAY_000146,331,LIMIT_EXCEEDED,CUSTOMER,1,CUSTOMER,"{'RETRY_NOW': 0.2028044750409563, 'RETRY_LATER': 0.36082944741191636, 'SWITCH_METHOD': 0.4683566958011655, 'SEND_NOTIFICATION': 0.5275984896224402, 'STOP': 0.07096993978447967}",SEND_NOTIFICATION,174.6351000650277,SUCCESS,331.0,,1
PAY_006468,453,LIMIT_EXCEEDED,CUSTOMER,0,CUSTOMER,"{'RETRY_NOW': 0.22557267333133968, 'RETRY_LATER': 0.38872257960950474, 'SWITCH_METHOD': 0.4922907387864806, 'SEND_NOTIFICATION': 0.5615432240365298, 'STOP': 0.0905755136377806}",SEND_NOTIFICATION,254.379080488548,FAILED,0.0,,0
PAY_006468,453,LIMIT_EXCEEDED,CUSTOMER,1,CUSTOMER,"{'RETRY_NOW': 0.22557267333133968, 'RETRY_LATER': 0.38872257960950474, 'SWITCH_METHOD': 0.4922907387864806, 'SEND_NOTIFICATION': 0.5615432240365298, 'STOP': 0.0905755136377806}",SEND_NOTIFICATION,254.379080488548,FAILED,0.0,,1
PAY_006468,453,LIMIT_EXCEEDED,CUSTOMER,2,CUSTOMER,{},STOP,0.0,STOPPED,0.0,MAX_RETRIES_REACHED,2
PAY_002034,257,BANK_TIMEOUT,TEMPORARY,0,TEMPORARY,"{'RETRY_NOW': 0.5661783690233633, 'RETRY_LATER': 0.8349171495601808, 'SWITCH_METHOD': 0.6253618255163048, 'SEND_NOTIFICATION': 0.21664618704195027, 'STOP': 0.014955556658415598}",RETRY_LATER,214.57370743696646,FAILED,0.0,,0
PAY_002034,257,BANK_TIMEOUT,TEMPORARY,1,TEMPORARY,"{'RETRY_NOW': 0.5661783690233633, 'RETRY_LATER': 0.8349171495601808, 'SWITCH_METHOD': 0.6253618255163048, 'SEND_NOTIFICATION': 0.21664618704195027, 'STOP': 0.014955556658415598}",RETRY_LATER,214.57370743696646,SUCCESS,257.0,,1
PAY_009128,494,NETWORK_ERROR,TEMPORARY,0,TEMPORARY,"{'RETRY_NOW': 0.5288730073189586, 'RETRY_LATER': 0.7942130966294413, 'SWITCH_METHOD': 0.6214079911542477, 'SEND_NOTIFICATION': 0.18957182359764252, 'STOP': 0.04341682454902593}",RETRY_LATER,392.341269734944,FAILED,0.0,,0
PAY_009128,494,NETWORK_ERROR,TEMPORARY,1,TEMPORARY,"{'RETRY_NOW': 0.5288730073189586, 'RETRY_LATER': 0.7942130966294413, 'SWITCH_METHOD': 0.6214079911542477, 'SEND_NOTIFICATION': 0.18957182359764252, 'STOP': 0.04341682454902593}",RETRY_LATER,392.341269734944,SUCCESS,494.0,,1
PAY_001166,192,BANK_TIMEOUT,TEMPORARY,0,TEMPORARY,"{'RETRY_NOW': 0.5488020082010227, 'RETRY_LATER': 0.8184059591290519, 'SWITCH_METHOD': 0.6061635412405711, 'SEND_NOTIFICATION': 0.19677879444890053, 'STOP': 0.0010003633700457933}",RETRY_LATER,157.13394415277796,SUCCESS,192.0,,0
PAY_002051,295,BANK_TIMEOUT,TEMPORARY,0,TEMPORARY,"{'RETRY_NOW': 0.5952818958789751, 'RETRY_LATER': 0.8610823193701427, 'SWITCH_METHOD': 0.6473974870381346, 'SEND_NOTIFICATION': 0.23147324891947793, 'STOP': 0.03890199578260285}",RETRY_LATER,254.01928421419208,SUCCESS,295.0,,0
PAY_003761,1537,UPI_TECHNICAL_ERROR,TEMPORARY,0,TEMPORARY,"{'RETRY_NOW': 0.4991754324679233, 'RETRY_LATER': 0.778123409669301, 'SWITCH_METHOD': 0.6442227347431124, 'SEND_NOTIFICATION': 0.16962756542985705, 'STOP': 0.001012308855820977}",RETRY_LATER,1195.9756806617156,SUCCESS,1537.0,,0
PAY_004436,1044,UPI_TECHNICAL_ERROR,TEMPORARY,0,TEMPORARY,"{'RETRY_NOW': 0.5176301868795886, 'RETRY_LATER': 0.8008341761119462, 'SWITCH_METHOD': 0.6677431929625364, 'SEND_NOTIFICATION': 0.19948001461370504, 'STOP': 0.022443367153466905}",RETRY_LATER,836.0708798608719,SUCCESS,1044.0,,0
PAY_003431,336,AUTHENTICATION_FAILED,CUSTOMER,0,CUSTOMER,"{'RETRY_NOW': 0.3802123843678639, 'RETRY_LATER': 0.5386370424022601, 'SWITCH_METHOD': 0.46090008844775365, 'SEND_NOTIFICATION': 0.6446895069008303, 'STOP': 0.13941450624408377}",SEND_NOTIFICATION,216.61567431867897,SUCCESS,336.0,,0
PAY_008191,520,INVALID_ACCOUNT,HARD,0,HARD,"{'RETRY_NOW': 0.05771114239314456, 'RETRY_LATER': 0.06642558965789994, 'SWITCH_METHOD': 0.13605634820954415, 'SEND_NOTIFICATION': 0.15295234647666286, 'STOP': 0.99}",SEND_NOTIFICATION,79.5352201678647,FAILED,0.0,,0
PAY_008191,520,INVALID_ACCOUNT,HARD,1,HARD,"{'RETRY_NOW': 0.05771114239314456, 'RETRY_LATER': 0.06642558965789994, 'SWITCH_METHOD': 0.13605634820954415, 'SEND_NOTIFICATION': 0.15295234647666286, 'STOP': 0.99}",SEND_NOTIFICATION,79.5352201678647,FAILED,0.0,,1
PAY_008191,520,INVALID_ACCOUNT,HARD,2,HARD,{},STOP,0.0,STOPPED,0.0,MAX_RETRIES_REACHED,2
PAY_008754,601,CARD_EXPIRED,CUSTOMER,0,CUSTOMER,"{'RETRY_NOW': 0.09136478382202264, 'RETRY_LATER': 0.13292263811477514, 'SWITCH_METHOD': 0.5607646425807011, 'SEND_NOTIFICATION': 0.66006319290718, 'STOP': 0.16023719868314354}",SEND_NOTIFICATION,396.69797893721517,SUCCESS,601.0,,0
PAY_007070,99,UPI_TECHNICAL_ERROR,TEMPORARY,0,TEMPORARY,"{'RETRY_NOW': 0.5176301868795886, 'RETRY_LATER': 0.8008341761119462, 'SWITCH_METHOD': 0.6677431929625364, 'SEND_NOTIFICATION': 0.19948001461370504, 'STOP': 0.022443367153466905}",RETRY_LATER,79.28258343508267,SUCCESS,99.0,,0
PAY_004362,264,AUTHENTICATION_FAILED,CUSTOMER,0,CUSTOMER,"{'RETRY_NOW': 0.3789144377339673, 'RETRY_LATER': 0.5369607102023809, 'SWITCH_METHOD': 0.45859615843136947, 'SEND_NOTIFICATION': 0.6441859681875332, 'STOP': 0.13763549419145016}",SEND_NOTIFICATION,170.06509560150874,SUCCESS,264.0,,0
PAY_001772,4092,GATEWAY_TIMEOUT,TEMPORARY,0,TEMPORARY,"{'RETRY_NOW': 0.5101661177194914, 'RETRY_LATER': 0.790441402982809, 'SWITCH_METHOD': 0.5885602940016532, 'SEND_NOTIFICATION': 0.1729824006978463, 'STOP': 0.001003014432741529}",RETRY_LATER,3234.4862210056544,SUCCESS,4092.0,,0
PAY_003512,596,AUTHENTICATION_FAILED,CUSTOMER,0,CUSTOMER,"{'RETRY_NOW': 0.3650603101739369, 'RETRY_LATER': 0.5126167849108241, 'SWITCH_METHOD': 0.43858567194942616, 'SEND_NOTIFICATION': 0.6172753853403206, 'STOP': 0.1171294037484171}",SEND_NOTIFICATION,367.8961296628311,SUCCESS,596.0,,0
PAY_000272,761,UPI_TECHNICAL_ERROR,TEMPORARY,0,TEMPORARY,"{'RETRY_NOW': 0.504601626317343, 'RETRY_LATER': 0.7921213448572219, 'SWITCH_METHOD': 0.659947432294796, 'SEND_NOTIFICATION': 0.18298776344375575, 'STOP': 0.010562111234492876}",RETRY_LATER,602.8043434363458,SUCCESS,761.0,,0
PAY_008437,6058,LIMIT_EXCEEDED,CUSTOMER,0,CUSTOMER,"{'RETRY_NOW': 0.23445663221062926, 'RETRY_LATER': 0.400450579696428, 'SWITCH_METHOD': 0.5035697030524707, 'SEND_NOTIFICATION': 0.5742276356970519, 'STOP': 0.09745804609077517}",SEND_NOTIFICATION,3478.671017052741,SUCCESS,6058.0,,0
PAY_002033,1250,BLOCKED_METHOD,HARD,0,HARD,"{'RETRY_NOW': 0.06086749790419998, 'RETRY_LATER': 0.06985634738614098, 'SWITCH_METHOD': 0.17856862228551984, 'SEND_NOTIFICATION': 0.20699160146013978, 'STOP': 0.9801871674153709}",SEND_NOTIFICATION,258.7395018251747,FAILED,0.0,,0
PAY_002033,1250,BLOCKED_METHOD,HARD,1,HARD,"{'RETRY_NOW': 0.06086749790419998, 'RETRY_LATER': 0.06985634738614098, 'SWITCH_METHOD': 0.17856862228551984, 'SEND_NOTIFICATION': 0.20699160146013978, 'STOP': 0.9801871674153709}",SEND_NOTIFICATION,258.7395018251747,SUCCESS,1250.0,,1
PAY_009665,535,BANK_TIMEOUT,TEMPORARY,0,TEMPORARY,"{'RETRY_NOW': 0.5511778866468485, 'RETRY_LATER': 0.822032345782785, 'SWITCH_METHOD': 0.6114504793744828, 'SEND_NOTIFICATION': 0.2026232680982858, 'STOP': 0.0029976924631428445}",RETRY_LATER,439.78730499379,SUCCESS,535.0,,0
PAY_003811,930,INSUFFICIENT_FUNDS,CUSTOMER,0,CUSTOMER,"{'RETRY_NOW': 0.19963178641699175, 'RETRY_LATER': 0.45186371449726825, 'SWITCH_METHOD': 0.5905929021445472, 'SEND_NOTIFICATION': 0.72547677868139, 'STOP': 0.06242481780313803}",SEND_NOTIFICATION,674.6934041736928,SUCCESS,930.0,,0
PAY_004347,2771,LIMIT_EXCEEDED,CUSTOMER,0,CUSTOMER,"{'RETRY_NOW': 0.22862282465599817, 'RETRY_LATER': 0.38565162069592834, 'SWITCH_METHOD': 0.48905618533130313, 'SEND_NOTIFICATION': 0.558354059286041, 'STOP': 0.0905755136377806}",SEND_NOTIFICATION,1547.1990982816196,FAILED,0.0,,0
PAY_004347,2771,LIMIT_EXCEEDED,CUSTOMER,1,CUSTOMER,"{'RETRY_NOW': 0.22862282465599817, 'RETRY_LATER': 0.38565162069592834, 'SWITCH_METHOD': 0.48905618533130313, 'SEND_NOTIFICATION': 0.558354059286041, 'STOP': 0.0905755136377806}",SEND_NOTIFICATION,1547.1990982816196,FAILED,0.0,,1
PAY_004347,2771,LIMIT_EXCEEDED,CUSTOMER,2,CUSTOMER,{},STOP,0.0,STOPPED,0.0,MAX_RETRIES_REACHED,2
PAY_000546,7409,BANK_TIMEOUT,TEMPORARY,0,TEMPORARY,"{'RETRY_NOW': 0.5737249575298882, 'RETRY_LATER': 0.8385408547895308, 'SWITCH_METHOD': 0.6291498179397597, 'SEND_NOTIFICATION': 0.21721758805919064, 'STOP': 0.019306697773583903}",RETRY_LATER,6212.7491931356335,SUCCESS,7409.0,,0
PAY_003242,167,NETWORK_ERROR,TEMPORARY,0,TEMPORARY,"{'RETRY_NOW': 0.48138936127151255, 'RETRY_LATER': 0.7582761582299571, 'SWITCH_METHOD': 0.5907750176163885, 'SEND_NOTIFICATION': 0.15844249748521957, 'STOP': 0.00746119185627448}",RETRY_LATER,126.63211842440283,SUCCESS,167.0,,0
PAY_008503,1027,CUSTOMER_DECLINED,HARD,0,HARD,"{'RETRY_NOW': 0.03732953746837699, 'RETRY_LATER': 0.03614809478179665, 'SWITCH_METHOD': 0.05874970806145215, 'SEND_NOTIFICATION': 0.07655059024909824, 'STOP': 0.9899291515489878}",SEND_NOTIFICATION,78.6174561858239,FAILED,0.0,,0
PAY_008503,1027,CUSTOMER_DECLINED,HARD,1,HARD,"{'RETRY_NOW': 0.03732953746837699, 'RETRY_LATER': 0.03614809478179665, 'SWITCH_METHOD': 0.05874970806145215, 'SEND_NOTIFICATION': 0.07655059024909824, 'STOP': 0.9899291515489878}",SEND_NOTIFICATION,78.6174561858239,FAILED,0.0,,1
PAY_008503,1027,CUSTOMER_DECLINED,HARD,2,HARD,{},STOP,0.0,STOPPED,0.0,MAX_RETRIES_REACHED,2
PAY_009919,1674,BANK_TIMEOUT,TEMPORARY,0,TEMPORARY,"{'RETRY_NOW': 0.5558028337849814, 'RETRY_LATER': 0.8283451071729658, 'SWITCH_METHOD': 0.616633844027687, 'SEND_NOTIFICATION': 0.21025288980905013, 'STOP': 0.007495748527374103}",RETRY_LATER,1386.6497094075448,FAILED,0.0,,0
PAY_009919,1674,BANK_TIMEOUT,TEMPORARY,1,TEMPORARY,"{'RETRY_NOW': 0.5558028337849814, 'RETRY_LATER': 0.8283451071729658, 'SWITCH_METHOD': 0.616633844027687, 'SEND_NOTIFICATION': 0.21025288980905013, 'STOP': 0.007495748527374103}",RETRY_LATER,1386.6497094075448,FAILED,0.0,,1
PAY_009919,1674,BANK_TIMEOUT,TEMPORARY,2,TEMPORARY,{},STOP,0.0,STOPPED,0.0,MAX_RETRIES_REACHED,2
PAY_007565,613,GATEWAY_TIMEOUT,TEMPORARY,0,TEMPORARY,"{'RETRY_NOW': 0.5189008381425456, 'RETRY_LATER': 0.8007690838501523, 'SWITCH_METHOD': 0.6010758226883762, 'SEND_NOTIFICATION': 0.18743150926881305, 'STOP': 0.0030539633602988904}",RETRY_LATER,490.8714484001434,SUCCESS,613.0,,0
PAY_000921,99,BANK_TIMEOUT,TEMPORARY,0,TEMPORARY,"{'RETRY_NOW': 0.5978890604380045, 'RETRY_LATER': 0.8621506012643568, 'SWITCH_METHOD': 0.6541276875281906, 'SEND_NOTIFICATION': 0.24079583174282118, 'STOP': 0.04347481316962946}",RETRY_LATER,85.35290952517133,SUCCESS,99.0,,0
PAY_009119,4143,NETWORK_ERROR,TEMPORARY,0,TEMPORARY,"{'RETRY_NOW': 0.5045002834854875, 'RETRY_LATER': 0.7785125482911412, 'SWITCH_METHOD': 0.6085921050508901, 'SEND_NOTIFICATION': 0.17578792044511196, 'STOP': 0.02868115064427444}",RETRY_LATER,3225.3774875701984,SUCCESS,4143.0,,0
PAY_006641,7470,INSUFFICIENT_FUNDS,CUSTOMER,0,CUSTOMER,"{'RETRY_NOW': 0.2021202347325381, 'RETRY_LATER': 0.44094827234725265, 'SWITCH_METHOD': 0.5827915694581012, 'SEND_NOTIFICATION': 0.7158686598458089, 'STOP': 0.059385789620743396}",SEND_NOTIFICATION,5347.538889048193,SUCCESS,7470.0,,0
PAY_007695,222,INSUFFICIENT_FUNDS,CUSTOMER,0,CUSTOMER,"{'RETRY_NOW': 0.1783134921214045, 'RETRY_LATER': 0.4289861305408287, 'SWITCH_METHOD': 0.5806482375419093, 'SEND_NOTIFICATION': 0.707666764723562, 'STOP': 0.04759863176030844}",SEND_NOTIFICATION,157.10202176863078,FAILED,0.0,,0
PAY_007695,222,INSUFFICIENT_FUNDS,CUSTOMER,1,CUSTOMER,"{'RETRY_NOW': 0.1783134921214045, 'RETRY_LATER': 0.4289861305408287, 'SWITCH_METHOD': 0.5806482375419093, 'SEND_NOTIFICATION': 0.707666764723562, 'STOP': 0.04759863176030844}",SEND_NOTIFICATION,157.10202176863078,SUCCESS,222.0,,1
PAY_008231,13719,INSUFFICIENT_FUNDS,CUSTOMER,0,CUSTOMER,"{'RETRY_NOW': 0.2102122615955355, 'RETRY_LATER': 0.46889637936991696, 'SWITCH_METHOD': 0.6046750058587255, 'SEND_NOTIFICATION': 0.7488416374981446, 'STOP': 0.0797179975048469}",SEND_NOTIFICATION,10273.358424837046,SUCCESS,13719.0,,0
PAY_007127,1084,UPI_TECHNICAL_ERROR,TEMPORARY,0,TEMPORARY,"{'RETRY_NOW': 0.5479540148869984, 'RETRY_LATER': 0.8235771659149232, 'SWITCH_METHOD': 0.6902470658318978, 'SEND_NOTIFICATION': 0.21234645470434035, 'STOP': 0.043262285512572565}",RETRY_LATER,892.7576478517768,FAILED,0.0,,0
PAY_007127,1084,UPI_TECHNICAL_ERROR,TEMPORARY,1,TEMPORARY,"{'RETRY_NOW': 0.5479540148869984, 'RETRY_LATER': 0.8235771659149232, 'SWITCH_METHOD': 0.6902470658318978, 'SEND_NOTIFICATION': 0.21234645470434035, 'STOP': 0.043262285512572565}",RETRY_LATER,892.7576478517768,FAILED,0.0,,1
PAY_007127,1084,UPI_TECHNICAL_ERROR,TEMPORARY,2,TEMPORARY,{},STOP,0.0,STOPPED,0.0,MAX_RETRIES_REACHED,2
PAY_004279,903,GATEWAY_TIMEOUT,TEMPORARY,0,TEMPORARY,"{'RETRY_NOW': 0.5293823070611737, 'RETRY_LATER': 0.8204736823965143, 'SWITCH_METHOD': 0.6227250037118731, 'SEND_NOTIFICATION': 0.2066759756998412, 'STOP': 0.021332910643010787}",RETRY_LATER,740.8877352040524,SUCCESS,903.0,,0
PAY_002984,208,UPI_TECHNICAL_ERROR,TEMPORARY,0,TEMPORARY,"{'RETRY_NOW': 0.5085910122359021, 'RETRY_LATER': 0.7929130585251545, 'SWITCH_METHOD': 0.6600561050416156, 'SEND_NOTIFICATION': 0.18476178223518602, 'STOP': 0.01366490350335244}",RETRY_LATER,164.92591617323214,FAILED,0.0,,0
PAY_002984,208,UPI_TECHNICAL_ERROR,TEMPORARY,1,TEMPORARY,"{'RETRY_NOW': 0.5085910122359021, 'RETRY_LATER': 0.7929130585251545, 'SWITCH_METHOD': 0.6600561050416156, 'SEND_NOTIFICATION': 0.18476178223518602, 'STOP': 0.01366490350335244}",RETRY_LATER,164.92591617323214,SUCCESS,208.0,,1
PAY_000131,3775,BANK_TIMEOUT,TEMPORARY,0,TEMPORARY,"{'RETRY_NOW': 0.5726149942038414, 'RETRY_LATER': 0.8410226622640326, 'SWITCH_METHOD': 0.6310357096715916, 'SEND_NOTIFICATION': 0.22068914355862468, 'STOP': 0.021076107340725396}",RETRY_LATER,3174.860550046723,SUCCESS,3775.0,,0
PAY_007981,126,GATEWAY_TIMEOUT,TEMPORARY,0,TEMPORARY,"{'RETRY_NOW': 0.5678124168493498, 'RETRY_LATER': 0.8420809215598802, 'SWITCH_METHOD': 0.6405301277060621, 'SEND_NOTIFICATION': 0.21648355678696243, 'STOP': 0.04073687691609079}",RETRY_LATER,106.1021961165449,SUCCESS,126.0,,0
PAY_002668,482,INSUFFICIENT_FUNDS,CUSTOMER,0,CUSTOMER,"{'RETRY_NOW': 0.17232725130464632, 'RETRY_LATER': 0.41828619784628635, 'SWITCH_METHOD': 0.5712212776503104, 'SEND_NOTIFICATION': 0.7072844662912474, 'STOP': 0.04453122274320142}",SEND_NOTIFICATION,340.91111275238126,SUCCESS,482.0,,0
PAY_007139,1754,PAYMENT_EXPIRED,HARD,0,HARD,"{'RETRY_NOW': 0.0261537823758562, 'RETRY_LATER': 0.03457724665314914, 'SWITCH_METHOD': 0.06608038188232002, 'SEND_NOTIFICATION': 0.09943290588779431, 'STOP': 0.9895911677556201}",SEND_NOTIFICATION,174.40531692719122,FAILED,0.0,,0
PAY_007139,1754,PAYMENT_EXPIRED,HARD,1,HARD,"{'RETRY_NOW': 0.0261537823758562, 'RETRY_LATER': 0.03457724665314914, 'SWITCH_METHOD': 0.06608038188232002, 'SEND_NOTIFICATION': 0.09943290588779431, 'STOP': 0.9895911677556201}",SEND_NOTIFICATION,174.40531692719122,FAILED,0.0,,1
PAY_007139,1754,PAYMENT_EXPIRED,HARD,2,HARD,{},STOP,0.0,STOPPED,0.0,MAX_RETRIES_REACHED,2
PAY_003224,430,BANK_TIMEOUT,TEMPORARY,0,TEMPORARY,"{'RETRY_NOW': 0.5619233506293959, 'RETRY_LATER': 0.8317783806614386, 'SWITCH_METHOD': 0.6203312138735437, 'SEND_NOTIFICATION': 0.21437534612107462, 'STOP': 0.011986612676497995}",RETRY_LATER,357.6647036844186,SUCCESS,430.0,,0
PAY_007694,784,BANK_TIMEOUT,TEMPORARY,0,TEMPORARY,"{'RETRY_NOW': 0.5901690544587485, 'RETRY_LATER': 0.8572548944418964, 'SWITCH_METHOD': 0.6445748920528869, 'SEND_NOTIFICATION': 0.23419297675421302, 'STOP': 0.035799839628748165}",RETRY_LATER,672.0878372424468,SUCCESS,784.0,,0
PAY_005393,448,UPI_TECHNICAL_ERROR,TEMPORARY,0,TEMPORARY,"{'RETRY_NOW': 0.5509233464783473, 'RETRY_LATER': 0.8222840958700443, 'SWITCH_METHOD': 0.6841734679676751, 'SEND_NOTIFICATION': 0.20667130729120173, 'STOP': 0.04047868225933406}",RETRY_LATER,368.38327494977983,SUCCESS,448.0,,0
PAY_000615,1151,GATEWAY_TIMEOUT,TEMPORARY,0,TEMPORARY,"{'RETRY_NOW': 0.5359127136908339, 'RETRY_LATER': 0.8204346061631976, 'SWITCH_METHOD': 0.6226626802655473, 'SEND_NOTIFICATION': 0.20780743694490453, 'STOP': 0.022576925658920406}",RETRY_LATER,944.3202316938405,SUCCESS,1151.0,,0
PAY_009903,346,LIMIT_EXCEEDED,CUSTOMER,0,CUSTOMER,"{'RETRY_NOW': 0.2398076479350372, 'RETRY_LATER': 0.40809733036432344, 'SWITCH_METHOD': 0.511272627391789, 'SEND_NOTIFICATION': 0.5869102974204997, 'STOP': 0.10789286575855782}",SEND_NOTIFICATION,203.0709629074929,SUCCESS,346.0,,0
PAY_001467,317,NETWORK_ERROR,TEMPORARY,0,TEMPORARY,"{'RETRY_NOW': 0.47952091930940166, 'RETRY_LATER': 0.7465762634186142, 'SWITCH_METHOD': 0.5783848122717494, 'SEND_NOTIFICATION': 0.15085774146936273, 'STOP': 0.000998994833995116}",RETRY_LATER,236.6646755037007,SUCCESS,317.0,,0
PAY_004498,3795,PAYMENT_EXPIRED,HARD,0,HARD,"{'RETRY_NOW': 0.040947659525471254, 'RETRY_LATER': 0.049701575556050114, 'SWITCH_METHOD': 0.08323609552388067, 'SEND_NOTIFICATION': 0.10769593351125323, 'STOP': 0.9899299584752905}",SEND_NOTIFICATION,408.706067675206,FAILED,0.0,,0
PAY_004498,3795,PAYMENT_EXPIRED,HARD,1,HARD,"{'RETRY_NOW': 0.040947659525471254, 'RETRY_LATER': 0.049701575556050114, 'SWITCH_METHOD': 0.08323609552388067, 'SEND_NOTIFICATION': 0.10769593351125323, 'STOP': 0.9899299584752905}",SEND_NOTIFICATION,408.706067675206,FAILED,0.0,,1
PAY_004498,3795,PAYMENT_EXPIRED,HARD,2,HARD,{},STOP,0.0,STOPPED,0.0,MAX_RETRIES_REACHED,2
PAY_003043,396,AUTHENTICATION_FAILED,CUSTOMER,0,CUSTOMER,"{'RETRY_NOW': 0.3748244441438134, 'RETRY_LATER': 0.5280578959447315, 'SWITCH_METHOD': 0.4503147614848942, 'SEND_NOTIFICATION': 0.6302115594286568, 'STOP': 0.12983424683925016}",SEND_NOTIFICATION,249.5637775337481,SUCCESS,396.0,,0
PAY_002420,501,CUSTOMER_DECLINED,HARD,0,HARD,"{'RETRY_NOW': 0.019260381558828834, 'RETRY_LATER': 0.020005007041033692, 'SWITCH_METHOD': 0.041735419521296106, 'SEND_NOTIFICATION': 0.05979109054435454, 'STOP': 0.9897107555728691}",SEND_NOTIFICATION,29.955336362721624,FAILED,0.0,,0
PAY_002420,501,CUSTOMER_DECLINED,HARD,1,HARD,"{'RETRY_NOW': 0.019260381558828834, 'RETRY_LATER': 0.020005007041033692, 'SWITCH_METHOD': 0.041735419521296106, 'SEND_NOTIFICATION': 0.05979109054435454, 'STOP': 0.9897107555728691}",SEND_NOTIFICATION,29.955336362721624,FAILED,0.0,,1
PAY_002420,501,CUSTOMER_DECLINED,HARD,2,HARD,{},STOP,0.0,STOPPED,0.0,MAX_RETRIES_REACHED,2
PAY_005086,875,INSUFFICIENT_FUNDS,CUSTOMER,0,CUSTOMER,"{'RETRY_NOW': 0.19989743716049668, 'RETRY_LATER': 0.47925585901406426, 'SWITCH_METHOD': 0.6137040427668068, 'SEND_NOTIFICATION': 0.7416480321062215, 'STOP': 0.07427705786704658}",SEND_NOTIFICATION,648.9420280929438,SUCCESS,875.0,,0
PAY_003295,783,AUTHENTICATION_FAILED,CUSTOMER,0,CUSTOMER,"{'RETRY_NOW': 0.3276077680292709, 'RETRY_LATER': 0.4851821496728595, 'SWITCH_METHOD': 0.40609096333988326, 'SEND_NOTIFICATION': 0.5900321098395155, 'STOP': 0.08534324053209098}",SEND_NOTIFICATION,461.9951420043406,FAILED,0.0,,0
PAY_003295,783,AUTHENTICATION_FAILED,CUSTOMER,1,CUSTOMER,"{'RETRY_NOW': 0.3276077680292709, 'RETRY_LATER': 0.4851821496728595, 'SWITCH_METHOD': 0.40609096333988326, 'SEND_NOTIFICATION': 0.5900321098395155, 'STOP': 0.08534324053209098}",SEND_NOTIFICATION,461.9951420043406,SUCCESS,783.0,,1
PAY_006738,13035,GATEWAY_TIMEOUT,TEMPORARY,0,TEMPORARY,"{'RETRY_NOW': 0.5273209488770064, 'RETRY_LATER': 0.8118416227451749, 'SWITCH_METHOD': 0.6142998643674613, 'SEND_NOTIFICATION': 0.19803510160242946, 'STOP': 0.01365748145960463}",RETRY_LATER,10582.355552483355,SUCCESS,13035.0,,0
PAY_001501,1500,GATEWAY_TIMEOUT,TEMPORARY,0,TEMPORARY,"{'RETRY_NOW': 0.5233411097702672, 'RETRY_LATER': 0.8098308844171033, 'SWITCH_METHOD': 0.6107567989746907, 'SEND_NOTIFICATION': 0.19616430326267012, 'STOP': 0.010556356424544939}",RETRY_LATER,1214.746326625655,FAILED,0.0,,0
PAY_001501,1500,GATEWAY_TIMEOUT,TEMPORARY,1,TEMPORARY,"{'RETRY_NOW': 0.5233411097702672, 'RETRY_LATER': 0.8098308844171033, 'SWITCH_METHOD': 0.6107567989746907, 'SEND_NOTIFICATION': 0.19616430326267012, 'STOP': 0.010556356424544939}",RETRY_LATER,1214.746326625655,FAILED,0.0,,1
PAY_001501,1500,GATEWAY_TIMEOUT,TEMPORARY,2,TEMPORARY,{},STOP,0.0,STOPPED,0.0,MAX_RETRIES_REACHED,2
PAY_001522,860,GATEWAY_TIMEOUT,TEMPORARY,0,TEMPORARY,"{'RETRY_NOW': 0.5403072367212997, 'RETRY_LATER': 0.8236351095596709, 'SWITCH_METHOD': 0.624682397955857, 'SEND_NOTIFICATION': 0.206431164526727, 'STOP': 0.025827528946643336}",RETRY_LATER,708.326194221317,SUCCESS,860.0,,0
PAY_009118,1112,UPI_TECHNICAL_ERROR,TEMPORARY,0,TEMPORARY,"{'RETRY_NOW': 0.512210861615233, 'RETRY_LATER': 0.7979185398066513, 'SWITCH_METHOD': 0.6657843810273621, 'SEND_NOTIFICATION': 0.19517399930742227, 'STOP': 0.019426408215872756}",RETRY_LATER,887.2854162649962,SUCCESS,1112.0,,0
PAY_004233,804,BANK_TIMEOUT,TEMPORARY,0,TEMPORARY,"{'RETRY_NOW': 0.5752727942608009, 'RETRY_LATER': 0.8459959852561703, 'SWITCH_METHOD': 0.6346172550826932, 'SEND_NOTIFICATION': 0.22286984585585035, 'STOP': 0.025599252584954414}",RETRY_LATER,680.1807721459609,SUCCESS,804.0,,0
PAY_007687,1014,BANK_TIMEOUT,TEMPORARY,0,TEMPORARY,"{'RETRY_NOW': 0.5726149942038414, 'RETRY_LATER': 0.8410226622640326, 'SWITCH_METHOD': 0.6310357096715916, 'SEND_NOTIFICATION': 0.22068914355862468, 'STOP': 0.021076107340725396}",RETRY_LATER,852.796979535729,SUCCESS,1014.0,,0
PAY_004431,222,NETWORK_ERROR,TEMPORARY,0,TEMPORARY,"{'RETRY_NOW': 0.48875680387309556, 'RETRY_LATER': 0.7604593645383668, 'SWITCH_METHOD': 0.5936603740988328, 'SEND_NOTIFICATION': 0.1619654378028644, 'STOP': 0.010432032850922117}",RETRY_LATER,168.82197892751742,SUCCESS,222.0,,0
PAY_000391,2051,GATEWAY_TIMEOUT,TEMPORARY,0,TEMPORARY,"{'RETRY_NOW': 0.5117148539921608, 'RETRY_LATER': 0.7964627627817277, 'SWITCH_METHOD': 0.593288719110089, 'SEND_NOTIFICATION': 0.17992571963352466, 'STOP': 0.0010170711451712039}",RETRY_LATER,1633.5451264653234,SUCCESS,2051.0,,0
PAY_009859,244,NETWORK_ERROR,TEMPORARY,0,TEMPORARY,"{'RETRY_NOW': 0.5123314089392572, 'RETRY_LATER': 0.782347352792562, 'SWITCH_METHOD': 0.6119970449271697, 'SEND_NOTIFICATION': 0.17975603288750108, 'STOP': 0.03135202348082933}",RETRY_LATER,190.8927540813851,FAILED,0.0,,0
PAY_009859,244,NETWORK_ERROR,TEMPORARY,1,TEMPORARY,"{'RETRY_NOW': 0.5123314089392572, 'RETRY_LATER': 0.782347352792562, 'SWITCH_METHOD': 0.6119970449271697, 'SEND_NOTIFICATION': 0.17975603288750108, 'STOP': 0.03135202348082933}",RETRY_LATER,190.8927540813851,SUCCESS,244.0,,1
PAY_007125,1351,BANK_TIMEOUT,TEMPORARY,0,TEMPORARY,"{'RETRY_NOW': 0.5522664395398048, 'RETRY_LATER': 0.8211778010468687, 'SWITCH_METHOD': 0.610289564634102, 'SEND_NOTIFICATION': 0.19976126462287397, 'STOP': 0.0014956926438394061}",RETRY_LATER,1109.4112092143196,SUCCESS,1351.0,,0
PAY_005914,2065,UPI_TECHNICAL_ERROR,TEMPORARY,0,TEMPORARY,"{'RETRY_NOW': 0.5285891622512133, 'RETRY_LATER': 0.8007271197713204, 'SWITCH_METHOD': 0.6675942913020436, 'SEND_NOTIFICATION': 0.19937287470080145, 'STOP': 0.02407988541488185}",RETRY_LATER,1653.5015023277765,FAILED,0.0,,0
PAY_005914,2065,UPI_TECHNICAL_ERROR,TEMPORARY,1,TEMPORARY,"{'RETRY_NOW': 0.5285891622512133, 'RETRY_LATER': 0.8007271197713204, 'SWITCH_METHOD': 0.6675942913020436, 'SEND_NOTIFICATION': 0.19937287470080145, 'STOP': 0.02407988541488185}",RETRY_LATER,1653.5015023277765,FAILED,0.0,,1
PAY_005914,2065,UPI_TECHNICAL_ERROR,TEMPORARY,2,TEMPORARY,{},STOP,0.0,STOPPED,0.0,MAX_RETRIES_REACHED,2
PAY_008593,255,BANK_TIMEOUT,TEMPORARY,0,TEMPORARY,"{'RETRY_NOW': 0.5787323086585725, 'RETRY_LATER': 0.8409871919362351, 'SWITCH_METHOD': 0.6319963755641068, 'SEND_NOTIFICATION': 0.2220028136051772, 'STOP': 0.022339809277451692}",RETRY_LATER,214.45173394373995,SUCCESS,255.0,,0
PAY_004807,999,LIMIT_EXCEEDED,CUSTOMER,0,CUSTOMER,"{'RETRY_NOW': 0.2115108080847818, 'RETRY_LATER': 0.37598739972159906, 'SWITCH_METHOD': 0.47835962931164105, 'SEND_NOTIFICATION': 0.5428892012217976, 'STOP': 0.07468794289683435}",SEND_NOTIFICATION,542.3463120205759,FAILED,0.0,,0
PAY_004807,999,LIMIT_EXCEEDED,CUSTOMER,1,CUSTOMER,"{'RETRY_NOW': 0.2115108080847818, 'RETRY_LATER': 0.37598739972159906, 'SWITCH_METHOD': 0.47835962931164105, 'SEND_NOTIFICATION': 0.5428892012217976, 'STOP': 0.07468794289683435}",SEND_NOTIFICATION,542.3463120205759,SUCCESS,999.0,,1
PAY_008955,2464,UPI_TECHNICAL_ERROR,TEMPORARY,0,TEMPORARY,"{'RETRY_NOW': 0.5044488188618932, 'RETRY_LATER': 0.7940079439585197, 'SWITCH_METHOD': 0.6615535931941101, 'SEND_NOTIFICATION': 0.18915010044264607, 'STOP': 0.01513305685696593}",RETRY_LATER,1956.4355739137925,FAILED,0.0,,0
PAY_008955,2464,UPI_TECHNICAL_ERROR,TEMPORARY,1,TEMPORARY,"{'RETRY_NOW': 0.5044488188618932, 'RETRY_LATER': 0.7940079439585197, 'SWITCH_METHOD': 0.6615535931941101, 'SEND_NOTIFICATION': 0.18915010044264607, 'STOP': 0.01513305685696593}",RETRY_LATER,1956.4355739137925,SUCCESS,2464.0,,1
PAY_008239,207,UPI_TECHNICAL_ERROR,TEMPORARY,0,TEMPORARY,"{'RETRY_NOW': 0.5176301868795886, 'RETRY_LATER': 0.8008341761119462, 'SWITCH_METHOD': 0.6677431929625364, 'SEND_NOTIFICATION': 0.19948001461370504, 'STOP': 0.022443367153466905}",RETRY_LATER,165.77267445517285,SUCCESS,207.0,,0
PAY_008045,1110,BANK_TIMEOUT,TEMPORARY,0,TEMPORARY,"{'RETRY_NOW': 0.5849013246583841, 'RETRY_LATER': 0.8531274506320325, 'SWITCH_METHOD': 0.642861702039728, 'SEND_NOTIFICATION': 0.23214446660573096, 'STOP': 0.03285377588910976}",RETRY_LATER,946.9714702015561,SUCCESS,1110.0,,0
PAY_009783,1183,AUTHENTICATION_FAILED,CUSTOMER,0,CUSTOMER,"{'RETRY_NOW': 0.36346573699172446, 'RETRY_LATER': 0.5123802917839023, 'SWITCH_METHOD': 0.4364822441727755, 'SEND_NOTIFICATION': 0.6155926349573334, 'STOP': 0.11504232871365742}",SEND_NOTIFICATION,728.2460871545254,FAILED,0.0,,0
PAY_009783,1183,AUTHENTICATION_FAILED,CUSTOMER,1,CUSTOMER,"{'RETRY_NOW': 0.36346573699172446, 'RETRY_LATER': 0.5123802917839023, 'SWITCH_METHOD': 0.4364822441727755, 'SEND_NOTIFICATION': 0.6155926349573334, 'STOP': 0.11504232871365742}",SEND_NOTIFICATION,728.2460871545254,SUCCESS,1183.0,,1
PAY_003994,2621,AUTHENTICATION_FAILED,CUSTOMER,0,CUSTOMER,"{'RETRY_NOW': 0.3789144377339673, 'RETRY_LATER': 0.5369607102023809, 'SWITCH_METHOD': 0.45859615843136947, 'SEND_NOTIFICATION': 0.6441859681875332, 'STOP': 0.13763549419145016}",SEND_NOTIFICATION,1688.4114226195245,SUCCESS,2621.0,,0
PAY_009552,892,NETWORK_ERROR,TEMPORARY,0,TEMPORARY,"{'RETRY_NOW': 0.5104112320238245, 'RETRY_LATER': 0.780490393412274, 'SWITCH_METHOD': 0.613549437274326, 'SEND_NOTIFICATION': 0.1802729433713542, 'STOP': 0.02991079406841157}",RETRY_LATER,696.1974309237484,SUCCESS,892.0,,0
PAY_006610,253,AUTHENTICATION_FAILED,CUSTOMER,0,CUSTOMER,"{'RETRY_NOW': 0.3693751731767503, 'RETRY_LATER': 0.5184895554790345, 'SWITCH_METHOD': 0.44357517109701106, 'SEND_NOTIFICATION': 0.6237375090581583, 'STOP': 0.11965647636795643}",SEND_NOTIFICATION,157.80558979171406,SUCCESS,253.0,,0
PAY_005320,397,AUTHENTICATION_FAILED,CUSTOMER,0,CUSTOMER,"{'RETRY_NOW': 0.3651145397672239, 'RETRY_LATER': 0.5107109354757949, 'SWITCH_METHOD': 0.4348396533927834, 'SEND_NOTIFICATION': 0.6097684148053724, 'STOP': 0.11371599023060872}",SEND_NOTIFICATION,242.07806067773282,SUCCESS,397.0,,0
PAY_007120,383,INSUFFICIENT_FUNDS,CUSTOMER,0,CUSTOMER,"{'RETRY_NOW': 0.211993353422579, 'RETRY_LATER': 0.47680139535661803, 'SWITCH_METHOD': 0.6186906228575817, 'SEND_NOTIFICATION': 0.7616500665165541, 'STOP': 0.08929528276911144}",SEND_NOTIFICATION,291.71197547584023,FAILED,0.0,,0
PAY_007120,383,INSUFFICIENT_FUNDS,CUSTOMER,1,CUSTOMER,"{'RETRY_NOW': 0.211993353422579, 'RETRY_LATER': 0.47680139535661803, 'SWITCH_METHOD': 0.6186906228575817, 'SEND_NOTIFICATION': 0.7616500665165541, 'STOP': 0.08929528276911144}",SEND_NOTIFICATION,291.71197547584023,SUCCESS,383.0,,1
PAY_002422,1116,LIMIT_EXCEEDED,CUSTOMER,0,CUSTOMER,"{'RETRY_NOW': 0.21823748104419816, 'RETRY_LATER': 0.3792220190820007, 'SWITCH_METHOD': 0.48403918918878625, 'SEND_NOTIFICATION': 0.5560145146736841, 'STOP': 0.08249431445364402}",SEND_NOTIFICATION,620.5121983758315,SUCCESS,1116.0,,0
PAY_005605,139,PAYMENT_EXPIRED,HARD,0,HARD,"{'RETRY_NOW': 0.017429438696086534, 'RETRY_LATER': 0.025448730024343346, 'SWITCH_METHOD': 0.057415546598410264, 'SEND_NOTIFICATION': 0.0853469072446113, 'STOP': 0.9882263549991226}",SEND_NOTIFICATION,11.863220107000972,FAILED,0.0,,0
PAY_005605,139,PAYMENT_EXPIRED,HARD,1,HARD,"{'RETRY_NOW': 0.017429438696086534, 'RETRY_LATER': 0.025448730024343346, 'SWITCH_METHOD': 0.057415546598410264, 'SEND_NOTIFICATION': 0.0853469072446113, 'STOP': 0.9882263549991226}",SEND_NOTIFICATION,11.863220107000972,SUCCESS,139.0,,1
PAY_001751,799,GATEWAY_TIMEOUT,TEMPORARY,0,TEMPORARY,"{'RETRY_NOW': 0.5313053618619905, 'RETRY_LATER': 0.7800483602265439, 'SWITCH_METHOD': 0.5916140335572924, 'SEND_NOTIFICATION': 0.16334751772678627, 'STOP': 0.001003245800047342}",RETRY_LATER,623.2586398210086,SUCCESS,799.0,,0
PAY_009016,4674,BANK_TIMEOUT,TEMPORARY,0,TEMPORARY,"{'RETRY_NOW': 0.5522664395398048, 'RETRY_LATER': 0.8211778010468687, 'SWITCH_METHOD': 0.610289564634102, 'SEND_NOTIFICATION': 0.19976126462287397, 'STOP': 0.0014956926438394061}",RETRY_LATER,3838.185042093064,FAILED,0.0,,0
PAY_009016,4674,BANK_TIMEOUT,TEMPORARY,1,TEMPORARY,"{'RETRY_NOW': 0.5522664395398048, 'RETRY_LATER': 0.8211778010468687, 'SWITCH_METHOD': 0.610289564634102, 'SEND_NOTIFICATION': 0.19976126462287397, 'STOP': 0.0014956926438394061}",RETRY_LATER,3838.185042093064,SUCCESS,4674.0,,1
PAY_009719,307,NETWORK_ERROR,TEMPORARY,0,TEMPORARY,"{'RETRY_NOW': 0.5003481664705942, 'RETRY_LATER': 0.7695051248351832, 'SWITCH_METHOD': 0.6034187882708808, 'SEND_NOTIFICATION': 0.16791702795491556, 'STOP': 0.01926603823229155}",RETRY_LATER,236.23807332440123,FAILED,0.0,,0
PAY_009719,307,NETWORK_ERROR,TEMPORARY,1,TEMPORARY,"{'RETRY_NOW': 0.5003481664705942, 'RETRY_LATER': 0.7695051248351832, 'SWITCH_METHOD': 0.6034187882708808, 'SEND_NOTIFICATION': 0.16791702795491556, 'STOP': 0.01926603823229155}",RETRY_LATER,236.23807332440123,SUCCESS,307.0,,1
PAY_000339,2318,NETWORK_ERROR,TEMPORARY,0,TEMPORARY,"{'RETRY_NOW': 0.4758877471768393, 'RETRY_LATER': 0.7456945188803457, 'SWITCH_METHOD': 0.5789350365032172, 'SEND_NOTIFICATION': 0.15045868151226527, 'STOP': 0.0010012496022614422}",RETRY_LATER,1728.5198947646413,SUCCESS,2318.0,,0
PAY_008408,1137,CARD_EXPIRED,CUSTOMER,0,CUSTOMER,"{'RETRY_NOW': 0.09415795569259248, 'RETRY_LATER': 0.14029650212518407, 'SWITCH_METHOD': 0.5673376532474599, 'SEND_NOTIFICATION': 0.6601268791849643, 'STOP': 0.16454866634980778}",SEND_NOTIFICATION,750.5642616333043,SUCCESS,1137.0,,0
PAY_001342,328,AUTHENTICATION_FAILED,CUSTOMER,0,CUSTOMER,"{'RETRY_NOW': 0.34278614291221027, 'RETRY_LATER': 0.49362857970487817, 'SWITCH_METHOD': 0.41640270977586885, 'SEND_NOTIFICATION': 0.59565776329095, 'STOP': 0.09505444884293753}",SEND_NOTIFICATION,195.3757463594316,FAILED,0.0,,0
PAY_001342,328,AUTHENTICATION_FAILED,CUSTOMER,1,CUSTOMER,"{'RETRY_NOW': 0.34278614291221027, 'RETRY_LATER': 0.49362857970487817, 'SWITCH_METHOD': 0.41640270977586885, 'SEND_NOTIFICATION': 0.59565776329095, 'STOP': 0.09505444884293753}",SEND_NOTIFICATION,195.3757463594316,FAILED,0.0,,1
PAY_001342,328,AUTHENTICATION_FAILED,CUSTOMER,2,CUSTOMER,{},STOP,0.0,STOPPED,0.0,MAX_RETRIES_REACHED,2
PAY_009545,1769,INSUFFICIENT_FUNDS,CUSTOMER,0,CUSTOMER,"{'RETRY_NOW': 0.1841816517084788, 'RETRY_LATER': 0.4408761198919302, 'SWITCH_METHOD': 0.5876739582925663, 'SEND_NOTIFICATION': 0.7154238561178758, 'STOP': 0.05387627949456366}",SEND_NOTIFICATION,1265.5848014725223,SUCCESS,1769.0,,0
PAY_007983,1901,BANK_TIMEOUT,TEMPORARY,0,TEMPORARY,"{'RETRY_NOW': 0.5752727942608009, 'RETRY_LATER': 0.8459959852561703, 'SWITCH_METHOD': 0.6346172550826932, 'SEND_NOTIFICATION': 0.22286984585585035, 'STOP': 0.025599252584954414}",RETRY_LATER,1608.2383679719796,SUCCESS,1901.0,,0
PAY_003641,1863,LIMIT_EXCEEDED,CUSTOMER,0,CUSTOMER,"{'RETRY_NOW': 0.23149598217034387, 'RETRY_LATER': 0.39729078412936436, 'SWITCH_METHOD': 0.5018370969046726, 'SEND_NOTIFICATION': 0.5653967295412555, 'STOP': 0.09408764605711135}",SEND_NOTIFICATION,1053.334107135359,SUCCESS,1863.0,,0
PAY_000330,849,NETWORK_ERROR,TEMPORARY,0,TEMPORARY,"{'RETRY_NOW': 0.48138936127151255, 'RETRY_LATER': 0.7582761582299571, 'SWITCH_METHOD': 0.5907750176163885, 'SEND_NOTIFICATION': 0.15844249748521957, 'STOP': 0.00746119185627448}",RETRY_LATER,643.7764583372335,SUCCESS,849.0,,0
PAY_008829,491,AUTHENTICATION_FAILED,CUSTOMER,0,CUSTOMER,"{'RETRY_NOW': 0.3651145397672239, 'RETRY_LATER': 0.5107109354757949, 'SWITCH_METHOD': 0.4348396533927834, 'SEND_NOTIFICATION': 0.6097684148053724, 'STOP': 0.11371599023060872}",SEND_NOTIFICATION,299.3962916694378,FAILED,0.0,,0
PAY_008829,491,AUTHENTICATION_FAILED,CUSTOMER,1,CUSTOMER,"{'RETRY_NOW': 0.3651145397672239, 'RETRY_LATER': 0.5107109354757949, 'SWITCH_METHOD': 0.4348396533927834, 'SEND_NOTIFICATION': 0.6097684148053724, 'STOP': 0.11371599023060872}",SEND_NOTIFICATION,299.3962916694378,SUCCESS,491.0,,1
PAY_003005,373,BANK_TIMEOUT,TEMPORARY,0,TEMPORARY,"{'RETRY_NOW': 0.5984394658668035, 'RETRY_LATER': 0.861469039262026, 'SWITCH_METHOD': 0.6499747292770568, 'SEND_NOTIFICATION': 0.23349990203870502, 'STOP': 0.04041982662131906}",RETRY_LATER,321.3279516447357,FAILED,0.0,,0
PAY_003005,373,BANK_TIMEOUT,TEMPORARY,1,TEMPORARY,"{'RETRY_NOW': 0.5984394658668035, 'RETRY_LATER': 0.861469039262026, 'SWITCH_METHOD': 0.6499747292770568, 'SEND_NOTIFICATION': 0.23349990203870502, 'STOP': 0.04041982662131906}",RETRY_LATER,321.3279516447357,SUCCESS,373.0,,1
PAY_006961,507,INSUFFICIENT_FUNDS,CUSTOMER,0,CUSTOMER,"{'RETRY_NOW': 0.21912422395505574, 'RETRY_LATER': 0.48444381767143446, 'SWITCH_METHOD': 0.6244683876838839, 'SEND_NOTIFICATION': 0.7700041913272311, 'STOP': 0.09054291564980634}",SEND_NOTIFICATION,390.39212500290614,SUCCESS,507.0,,0
PAY_004091,728,BANK_TIMEOUT,TEMPORARY,0,TEMPORARY,"{'RETRY_NOW': 0.5411238969969612, 'RETRY_LATER': 0.815851515817159, 'SWITCH_METHOD': 0.6037600825061792, 'SEND_NOTIFICATION': 0.1950826755333103, 'STOP': 0.0010023171442985375}",RETRY_LATER,593.9399035148917,SUCCESS,728.0,,0
PAY_002323,318,BANK_TIMEOUT,TEMPORARY,0,TEMPORARY,"{'RETRY_NOW': 0.5841704094432499, 'RETRY_LATER': 0.8504659739531624, 'SWITCH_METHOD': 0.6397868942063464, 'SEND_NOTIFICATION': 0.22854201803188318, 'STOP': 0.03000694746721721}",RETRY_LATER,270.44817971710563,SUCCESS,318.0,,0
PAY_006668,1533,GATEWAY_TIMEOUT,TEMPORARY,0,TEMPORARY,"{'RETRY_NOW': 0.5577657559159407, 'RETRY_LATER': 0.8359671652066242, 'SWITCH_METHOD': 0.6346015565005966, 'SEND_NOTIFICATION': 0.2165116129988265, 'STOP': 0.03598010905422742}",RETRY_LATER,1281.5376642617548,SUCCESS,1533.0,,0
PAY_007010,843,BANK_TIMEOUT,TEMPORARY,0,TEMPORARY,"{'RETRY_NOW': 0.5452056921621987, 'RETRY_LATER': 0.8179416842359792, 'SWITCH_METHOD': 0.6069588058100296, 'SEND_NOTIFICATION': 0.1970728260095892, 'STOP': 0.0010053693719094096}",RETRY_LATER,689.5248398109305,SUCCESS,843.0,,0
PAY_004198,125,BANK_TIMEOUT,TEMPORARY,0,TEMPORARY,"{'RETRY_NOW': 0.5624450626343493, 'RETRY_LATER': 0.8319800725861933, 'SWITCH_METHOD': 0.617283079418032, 'SEND_NOTIFICATION': 0.21007162124688525, 'STOP': 0.010499523380395035}",RETRY_LATER,103.99750907327417,SUCCESS,125.0,,0
PAY_003550,1059,BANK_TIMEOUT,TEMPORARY,0,TEMPORARY,"{'RETRY_NOW': 0.5978890604380045, 'RETRY_LATER': 0.8621506012643568, 'SWITCH_METHOD': 0.6541276875281906, 'SEND_NOTIFICATION': 0.24079583174282118, 'STOP': 0.04347481316962946}",RETRY_LATER,913.0174867389538,SUCCESS,1059.0,,0
PAY_008364,113,INSUFFICIENT_FUNDS,CUSTOMER,0,CUSTOMER,"{'RETRY_NOW': 0.2021202347325381, 'RETRY_LATER': 0.44094827234725265, 'SWITCH_METHOD': 0.5827915694581012, 'SEND_NOTIFICATION': 0.7158686598458089, 'STOP': 0.059385789620743396}",SEND_NOTIFICATION,80.89315856257642,SUCCESS,113.0,,0
PAY_004204,1785,INSUFFICIENT_FUNDS,CUSTOMER,0,CUSTOMER,"{'RETRY_NOW': 0.20485022348877158, 'RETRY_LATER': 0.4608565036895651, 'SWITCH_METHOD': 0.598541721968187, 'SEND_NOTIFICATION': 0.7312700717928297, 'STOP': 0.06969557396065747}",SEND_NOTIFICATION,1305.317078150201,SUCCESS,1785.0,,0
PAY_009311,312,INVALID_ACCOUNT,HARD,0,HARD,"{'RETRY_NOW': 0.03418263606897206, 'RETRY_LATER': 0.045228350408834814, 'SWITCH_METHOD': 0.10824080793677468, 'SEND_NOTIFICATION': 0.1387937006451137, 'STOP': 0.9899012753127272}",SEND_NOTIFICATION,43.303634601275476,FAILED,0.0,,0
PAY_009311,312,INVALID_ACCOUNT,HARD,1,HARD,"{'RETRY_NOW': 0.03418263606897206, 'RETRY_LATER': 0.045228350408834814, 'SWITCH_METHOD': 0.10824080793677468, 'SEND_NOTIFICATION': 0.1387937006451137, 'STOP': 0.9899012753127272}",SEND_NOTIFICATION,43.303634601275476,FAILED,0.0,,1
PAY_009311,312,INVALID_ACCOUNT,HARD,2,HARD,{},STOP,0.0,STOPPED,0.0,MAX_RETRIES_REACHED,2
PAY_008937,1269,LIMIT_EXCEEDED,CUSTOMER,0,CUSTOMER,"{'RETRY_NOW': 0.21983561951663474, 'RETRY_LATER': 0.3789057068882641, 'SWITCH_METHOD': 0.48232360239905486, 'SEND_NOTIFICATION': 0.5446572562007406, 'STOP': 0.0763011017789957}",SEND_NOTIFICATION,691.1700581187398,SUCCESS,1269.0,,0
PAY_006186,6993,INVALID_ACCOUNT,HARD,0,HARD,"{'RETRY_NOW': 0.06174200149748733, 'RETRY_LATER': 0.07154580555519856, 'SWITCH_METHOD': 0.1435800892707748, 'SEND_NOTIFICATION': 0.15779112991548191, 'STOP': 0.99}",SEND_NOTIFICATION,1103.433371498965,SUCCESS,6993.0,,0
PAY_001640,1843,UPI_TECHNICAL_ERROR,TEMPORARY,0,TEMPORARY,"{'RETRY_NOW': 0.512210861615233, 'RETRY_LATER': 0.7979185398066513, 'SWITCH_METHOD': 0.6657843810273621, 'SEND_NOTIFICATION': 0.19517399930742227, 'STOP': 0.019426408215872756}",RETRY_LATER,1470.5638688636584,SUCCESS,1843.0,,0
PAY_000061,544,UPI_TECHNICAL_ERROR,TEMPORARY,0,TEMPORARY,"{'RETRY_NOW': 0.5421882715011785, 'RETRY_LATER': 0.8147725433277231, 'SWITCH_METHOD': 0.6833584418077688, 'SEND_NOTIFICATION': 0.20544601263058776, 'STOP': 0.035624752875046115}",RETRY_LATER,443.2362635702814,FAILED,0.0,,0
PAY_000061,544,UPI_TECHNICAL_ERROR,TEMPORARY,1,TEMPORARY,"{'RETRY_NOW': 0.5421882715011785, 'RETRY_LATER': 0.8147725433277231, 'SWITCH_METHOD': 0.6833584418077688, 'SEND_NOTIFICATION': 0.20544601263058776, 'STOP': 0.035624752875046115}",RETRY_LATER,443.2362635702814,SUCCESS,544.0,,1
PAY_001241,1487,UPI_TECHNICAL_ERROR,TEMPORARY,0,TEMPORARY,"{'RETRY_NOW': 0.550293047462843, 'RETRY_LATER': 0.8214552454950431, 'SWITCH_METHOD': 0.6870143781123158, 'SEND_NOTIFICATION': 0.21149707420485261, 'STOP': 0.041867015454206}",RETRY_LATER,1221.503950051129,SUCCESS,1487.0,,0
PAY_005761,538,NETWORK_ERROR,TEMPORARY,0,TEMPORARY,"{'RETRY_NOW': 0.48138936127151255, 'RETRY_LATER': 0.7582761582299571, 'SWITCH_METHOD': 0.5907750176163885, 'SEND_NOTIFICATION': 0.15844249748521957, 'STOP': 0.00746119185627448}",RETRY_LATER,407.9525731277169,SUCCESS,538.0,,0
PAY_005137,710,BANK_TIMEOUT,TEMPORARY,0,TEMPORARY,"{'RETRY_NOW': 0.5952818958789751, 'RETRY_LATER': 0.8610823193701427, 'SWITCH_METHOD': 0.6473974870381346, 'SEND_NOTIFICATION': 0.23147324891947793, 'STOP': 0.03890199578260285}",RETRY_LATER,611.3684467528013,SUCCESS,710.0,,0
PAY_002344,461,NETWORK_ERROR,TEMPORARY,0,TEMPORARY,"{'RETRY_NOW': 0.48450835719444374, 'RETRY_LATER': 0.7503370320842248, 'SWITCH_METHOD': 0.5812160405866459, 'SEND_NOTIFICATION': 0.15099695051578071, 'STOP': 0.0014826507301231035}",RETRY_LATER,345.9053717908276,SUCCESS,461.0,,0
PAY_002121,1010,GATEWAY_TIMEOUT,TEMPORARY,0,TEMPORARY,"{'RETRY_NOW': 0.5468199724049952, 'RETRY_LATER': 0.820335721871917, 'SWITCH_METHOD': 0.6225049969868637, 'SEND_NOTIFICATION': 0.2076969848411377, 'STOP': 0.024222941378888273}",RETRY_LATER,828.5390790906362,SUCCESS,1010.0,,0
PAY_001525,512,INSUFFICIENT_FUNDS,CUSTOMER,0,CUSTOMER,"{'RETRY_NOW': 0.211993353422579, 'RETRY_LATER': 0.47680139535661803, 'SWITCH_METHOD': 0.6186906228575817, 'SEND_NOTIFICATION': 0.7616500665165541, 'STOP': 0.08929528276911144}",SEND_NOTIFICATION,389.9648340564757,SUCCESS,512.0,,0
PAY_007618,7603,INVALID_ACCOUNT,HARD,0,HARD,"{'RETRY_NOW': 0.05771114239314456, 'RETRY_LATER': 0.06642558965789994, 'SWITCH_METHOD': 0.13605634820954415, 'SEND_NOTIFICATION': 0.15295234647666286, 'STOP': 0.99}",SEND_NOTIFICATION,1162.8966902620678,SUCCESS,7603.0,,0
PAY_000154,2048,INSUFFICIENT_FUNDS,CUSTOMER,0,CUSTOMER,"{'RETRY_NOW': 0.21061861847559038, 'RETRY_LATER': 0.46974603578842017, 'SWITCH_METHOD': 0.6077841918763998, 'SEND_NOTIFICATION': 0.7457884715045082, 'STOP': 0.07619722043345235}",SEND_NOTIFICATION,1527.3747896412328,SUCCESS,2048.0,,0
PAY_000482,263,AUTHENTICATION_FAILED,CUSTOMER,0,CUSTOMER,"{'RETRY_NOW': 0.37928449110307305, 'RETRY_LATER': 0.5369607102023809, 'SWITCH_METHOD': 0.45977690023867873, 'SEND_NOTIFICATION': 0.6445788633278182, 'STOP': 0.1393061328486027}",SEND_NOTIFICATION,169.52424105521618,SUCCESS,263.0,,0
PAY_006123,403,NETWORK_ERROR,TEMPORARY,0,TEMPORARY,"{'RETRY_NOW': 0.5166158253941568, 'RETRY_LATER': 0.7849628123009635, 'SWITCH_METHOD': 0.6123132712860397, 'SEND_NOTIFICATION': 0.18307106761083225, 'STOP': 0.034337100212347246}",RETRY_LATER,316.3400133572883,SUCCESS,403.0,,0
PAY_007675,494,INSUFFICIENT_FUNDS,CUSTOMER,0,CUSTOMER,"{'RETRY_NOW': 0.20485022348877158, 'RETRY_LATER': 0.4608565036895651, 'SWITCH_METHOD': 0.598541721968187, 'SEND_NOTIFICATION': 0.7312700717928297, 'STOP': 0.06851587697489009}",SEND_NOTIFICATION,361.24741546565787,SUCCESS,494.0,,0
PAY_007102,153,GATEWAY_TIMEOUT,TEMPORARY,0,TEMPORARY,"{'RETRY_NOW': 0.5117148539921608, 'RETRY_LATER': 0.7964627627817277, 'SWITCH_METHOD': 0.593288719110089, 'SEND_NOTIFICATION': 0.17992571963352466, 'STOP': 0.0010170711451712039}",RETRY_LATER,121.85880270560433,SUCCESS,153.0,,0
PAY_001763,945,GATEWAY_TIMEOUT,TEMPORARY,0,TEMPORARY,"{'RETRY_NOW': 0.5182015767241172, 'RETRY_LATER': 0.8003930568197136, 'SWITCH_METHOD': 0.5945521793166401, 'SEND_NOTIFICATION': 0.18134623178821274, 'STOP': 0.0010198174743767145}",RETRY_LATER,756.3714386946293,FAILED,0.0,,0
PAY_001763,945,GATEWAY_TIMEOUT,TEMPORARY,1,TEMPORARY,"{'RETRY_NOW': 0.5182015767241172, 'RETRY_LATER': 0.8003930568197136, 'SWITCH_METHOD': 0.5945521793166401, 'SEND_NOTIFICATION': 0.18134623178821274, 'STOP': 0.0010198174743767145}",RETRY_LATER,756.3714386946293,SUCCESS,945.0,,1
PAY_007716,426,INSUFFICIENT_FUNDS,CUSTOMER,0,CUSTOMER,"{'RETRY_NOW': 0.21539550308731886, 'RETRY_LATER': 0.4896145927725433, 'SWITCH_METHOD': 0.6253318452430843, 'SEND_NOTIFICATION': 0.7652837896913456, 'STOP': 0.08965558951181045}",SEND_NOTIFICATION,326.0108944085132,FAILED,0.0,,0
PAY_007716,426,INSUFFICIENT_FUNDS,CUSTOMER,1,CUSTOMER,"{'RETRY_NOW': 0.21539550308731886, 'RETRY_LATER': 0.4896145927725433, 'SWITCH_METHOD': 0.6253318452430843, 'SEND_NOTIFICATION': 0.7652837896913456, 'STOP': 0.08965558951181045}",SEND_NOTIFICATION,326.0108944085132,SUCCESS,426.0,,1
PAY_009082,825,PAYMENT_EXPIRED,HARD,0,HARD,"{'RETRY_NOW': 0.029928999876813522, 'RETRY_LATER': 0.03897031227989492, 'SWITCH_METHOD': 0.0719234988733009, 'SEND_NOTIFICATION': 0.09962607243814922, 'STOP': 0.989710885839052}",SEND_NOTIFICATION,82.19150976147311,FAILED,0.0,,0
PAY_009082,825,PAYMENT_EXPIRED,HARD,1,HARD,"{'RETRY_NOW': 0.029928999876813522, 'RETRY_LATER': 0.03897031227989492, 'SWITCH_METHOD': 0.0719234988733009, 'SEND_NOTIFICATION': 0.09962607243814922, 'STOP': 0.989710885839052}",SEND_NOTIFICATION,82.19150976147311,FAILED,0.0,,1
PAY_009082,825,PAYMENT_EXPIRED,HARD,2,HARD,{},STOP,0.0,STOPPED,0.0,MAX_RETRIES_REACHED,2
PAY_007480,272,INSUFFICIENT_FUNDS,CUSTOMER,0,CUSTOMER,"{'RETRY_NOW': 0.19976177918894553, 'RETRY_LATER': 0.45175142087217285, 'SWITCH_METHOD': 0.5912024929739254, 'SEND_NOTIFICATION': 0.7262050128300418, 'STOP': 0.06290968148528578}",SEND_NOTIFICATION,197.52776348977136,FAILED,0.0,,0
PAY_007480,272,INSUFFICIENT_FUNDS,CUSTOMER,1,CUSTOMER,"{'RETRY_NOW': 0.19976177918894553, 'RETRY_LATER': 0.45175142087217285, 'SWITCH_METHOD': 0.5912024929739254, 'SEND_NOTIFICATION': 0.7262050128300418, 'STOP': 0.06290968148528578}",SEND_NOTIFICATION,197.52776348977136,SUCCESS,272.0,,1
PAY_006213,350,BANK_TIMEOUT,TEMPORARY,0,TEMPORARY,"{'RETRY_NOW': 0.5923509835877822, 'RETRY_LATER': 0.8587252353586929, 'SWITCH_METHOD': 0.6472663479489635, 'SEND_NOTIFICATION': 0.2311219233304094, 'STOP': 0.03739432207086676}",RETRY_LATER,300.5538323755425,SUCCESS,350.0,,0
PAY_004854,207,CARD_EXPIRED,CUSTOMER,0,CUSTOMER,"{'RETRY_NOW': 0.0905026365232794, 'RETRY_LATER': 0.13252612398632652, 'SWITCH_METHOD': 0.5637464613476143, 'SEND_NOTIFICATION': 0.6592898468045452, 'STOP': 0.15775110159442232}",SEND_NOTIFICATION,136.47299828854085,SUCCESS,207.0,,0
PAY_002712,2709,INSUFFICIENT_FUNDS,CUSTOMER,0,CUSTOMER,"{'RETRY_NOW': 0.1841816517084788, 'RETRY_LATER': 0.4408761198919302, 'SWITCH_METHOD': 0.5876739582925663, 'SEND_NOTIFICATION': 0.7154238561178758, 'STOP': 0.05387627949456366}",SEND_NOTIFICATION,1938.0832262233257,SUCCESS,2709.0,,0
PAY_006767,761,UPI_TECHNICAL_ERROR,TEMPORARY,0,TEMPORARY,"{'RETRY_NOW': 0.506734574675427, 'RETRY_LATER': 0.7938554373404992, 'SWITCH_METHOD': 0.6630903100571852, 'SEND_NOTIFICATION': 0.1916913411466118, 'STOP': 0.016558260453445862}",RETRY_LATER,604.1239878161199,SUCCESS,761.0,,0
PAY_004151,1809,AUTHENTICATION_FAILED,CUSTOMER,0,CUSTOMER,"{'RETRY_NOW': 0.37928449110307305, 'RETRY_LATER': 0.5369607102023809, 'SWITCH_METHOD': 0.45977690023867873, 'SEND_NOTIFICATION': 0.6445788633278182, 'STOP': 0.1393061328486027}",SEND_NOTIFICATION,1166.0431637600232,FAILED,0.0,,0
PAY_004151,1809,AUTHENTICATION_FAILED,CUSTOMER,1,CUSTOMER,"{'RETRY_NOW': 0.37928449110307305, 'RETRY_LATER': 0.5369607102023809, 'SWITCH_METHOD': 0.45977690023867873, 'SEND_NOTIFICATION': 0.6445788633278182, 'STOP': 0.1393061328486027}",SEND_NOTIFICATION,1166.0431637600232,SUCCESS,1809.0,,1
PAY_001334,1211,BANK_TIMEOUT,TEMPORARY,0,TEMPORARY,"{'RETRY_NOW': 0.5849013246583841, 'RETRY_LATER': 0.8531274506320325, 'SWITCH_METHOD': 0.642861702039728, 'SEND_NOTIFICATION': 0.23214446660573096, 'STOP': 0.03285377588910976}",RETRY_LATER,1033.1373427153915,FAILED,0.0,,0
PAY_001334,1211,BANK_TIMEOUT,TEMPORARY,1,TEMPORARY,"{'RETRY_NOW': 0.5849013246583841, 'RETRY_LATER': 0.8531274506320325, 'SWITCH_METHOD': 0.642861702039728, 'SEND_NOTIFICATION': 0.23214446660573096, 'STOP': 0.03285377588910976}",RETRY_LATER,1033.1373427153915,SUCCESS,1211.0,,1
PAY_008379,99,PAYMENT_EXPIRED,HARD,0,HARD,"{'RETRY_NOW': 0.03129147871374029, 'RETRY_LATER': 0.04182692298155224, 'SWITCH_METHOD': 0.07425590748816434, 'SEND_NOTIFICATION': 0.10147235778933637, 'STOP': 0.9897379572153695}",SWITCH_METHOD,7.35133484132827,FAILED,0.0,,0
PAY_008379,99,PAYMENT_EXPIRED,HARD,1,HARD,"{'RETRY_NOW': 0.03129147871374029, 'RETRY_LATER': 0.04182692298155224, 'SWITCH_METHOD': 0.07425590748816434, 'SEND_NOTIFICATION': 0.10147235778933637, 'STOP': 0.9897379572153695}",SWITCH_METHOD,7.35133484132827,FAILED,0.0,,1
PAY_008379,99,PAYMENT_EXPIRED,HARD,2,HARD,{},STOP,0.0,STOPPED,0.0,MAX_RETRIES_REACHED,2
PAY_009390,1349,BANK_TIMEOUT,TEMPORARY,0,TEMPORARY,"{'RETRY_NOW': 0.5726149942038414, 'RETRY_LATER': 0.8410226622640326, 'SWITCH_METHOD': 0.6310357096715916, 'SEND_NOTIFICATION': 0.22068914355862468, 'STOP': 0.021076107340725396}",RETRY_LATER,1134.5395713941798,SUCCESS,1349.0,,0
PAY_009708,469,NETWORK_ERROR,TEMPORARY,0,TEMPORARY,"{'RETRY_NOW': 0.5104112320238245, 'RETRY_LATER': 0.780490393412274, 'SWITCH_METHOD': 0.613549437274326, 'SEND_NOTIFICATION': 0.1802729433713542, 'STOP': 0.02991079406841157}",RETRY_LATER,366.0499945103565,SUCCESS,469.0,,0
PAY_009122,122,NETWORK_ERROR,TEMPORARY,0,TEMPORARY,"{'RETRY_NOW': 0.4957782929680135, 'RETRY_LATER': 0.7654717237925582, 'SWITCH_METHOD': 0.601065803949111, 'SEND_NOTIFICATION': 0.16482113532500858, 'STOP': 0.016460126667813123}",RETRY_LATER,93.3875503026921,SUCCESS,122.0,,0
PAY_003851,1219,INSUFFICIENT_FUNDS,CUSTOMER,0,CUSTOMER,"{'RETRY_NOW': 0.18076507156422347, 'RETRY_LATER': 0.43522889400142156, 'SWITCH_METHOD': 0.585133584330875, 'SEND_NOTIFICATION': 0.7159537830351016, 'STOP': 0.05264599782018359}",SEND_NOTIFICATION,872.7476615197888,SUCCESS,1219.0,,0
PAY_008341,2654,BANK_TIMEOUT,TEMPORARY,0,TEMPORARY,"{'RETRY_NOW': 0.5517356481386309, 'RETRY_LATER': 0.8201610894154179, 'SWITCH_METHOD': 0.6079514907183527, 'SEND_NOTIFICATION': 0.19865920406322554, 'STOP': 0.0010042994249323369}",RETRY_LATER,2176.7075313085193,SUCCESS,2654.0,,0
PAY_004125,673,PAYMENT_EXPIRED,HARD,0,HARD,"{'RETRY_NOW': 0.015954745642586175, 'RETRY_LATER': 0.02454082218331123, 'SWITCH_METHOD': 0.05665163829552058, 'SEND_NOTIFICATION': 0.08582306577804671, 'STOP': 0.9874577110996252}",SEND_NOTIFICATION,57.75892326862544,SUCCESS,673.0,,0
PAY_008964,185,UPI_TECHNICAL_ERROR,TEMPORARY,0,TEMPORARY,"{'RETRY_NOW': 0.4962096499315957, 'RETRY_LATER': 0.7899820649047393, 'SWITCH_METHOD': 0.6570368740581093, 'SEND_NOTIFICATION': 0.18106071214190847, 'STOP': 0.00906845116527039}",RETRY_LATER,146.14668200737677,SUCCESS,185.0,,0
PAY_004789,1799,NETWORK_ERROR,TEMPORARY,0,TEMPORARY,"{'RETRY_NOW': 0.5193962338250041, 'RETRY_LATER': 0.7876638577001868, 'SWITCH_METHOD': 0.6139823894501459, 'SEND_NOTIFICATION': 0.18385313212121146, 'STOP': 0.035647898673197904}",RETRY_LATER,1417.007280002636,SUCCESS,1799.0,,0
PAY_002867,289,BANK_TIMEOUT,TEMPORARY,0,TEMPORARY,"{'RETRY_NOW': 0.5624450626343493, 'RETRY_LATER': 0.8319800725861933, 'SWITCH_METHOD': 0.617283079418032, 'SEND_NOTIFICATION': 0.21007162124688525, 'STOP': 0.010499523380395035}",RETRY_LATER,240.44224097740988,SUCCESS,289.0,,0
PAY_001387,99,BLOCKED_METHOD,HARD,0,HARD,"{'RETRY_NOW': 0.03455652387817739, 'RETRY_LATER': 0.04435299177809449, 'SWITCH_METHOD': 0.1546144271365554, 'SEND_NOTIFICATION': 0.18379717757629022, 'STOP': 0.9543205049601782}",SWITCH_METHOD,15.306828286518986,FAILED,0.0,,0
PAY_001387,99,BLOCKED_METHOD,HARD,1,HARD,"{'RETRY_NOW': 0.03455652387817739, 'RETRY_LATER': 0.04435299177809449, 'SWITCH_METHOD': 0.1546144271365554, 'SEND_NOTIFICATION': 0.18379717757629022, 'STOP': 0.9543205049601782}",SWITCH_METHOD,15.306828286518986,SUCCESS,99.0,,1
PAY_005942,1873,BANK_TIMEOUT,TEMPORARY,0,TEMPORARY,"{'RETRY_NOW': 0.5762228890843711, 'RETRY_LATER': 0.8482659911525241, 'SWITCH_METHOD': 0.6355341919289966, 'SEND_NOTIFICATION': 0.22796501193503213, 'STOP': 0.028648971054813354}",RETRY_LATER,1588.8022014286776,SUCCESS,1873.0,,0
PAY_003068,1434,INSUFFICIENT_FUNDS,CUSTOMER,0,CUSTOMER,"{'RETRY_NOW': 0.2021202347325381, 'RETRY_LATER': 0.44094827234725265, 'SWITCH_METHOD': 0.5827915694581012, 'SEND_NOTIFICATION': 0.7158686598458089, 'STOP': 0.058116784963516535}",SEND_NOTIFICATION,1026.5556582188901,SUCCESS,1434.0,,0
PAY_009059,422,INVALID_ACCOUNT,HARD,0,HARD,"{'RETRY_NOW': 0.03963211882768747, 'RETRY_LATER': 0.05030282759156487, 'SWITCH_METHOD': 0.116105112935982, 'SEND_NOTIFICATION': 0.13862008858591052, 'STOP': 0.99}",SEND_NOTIFICATION,58.497677383254235,FAILED,0.0,,0
PAY_009059,422,INVALID_ACCOUNT,HARD,1,HARD,"{'RETRY_NOW': 0.03963211882768747, 'RETRY_LATER': 0.05030282759156487, 'SWITCH_METHOD': 0.116105112935982, 'SEND_NOTIFICATION': 0.13862008858591052, 'STOP': 0.99}",SEND_NOTIFICATION,58.497677383254235,SUCCESS,422.0,,1
PAY_003630,1036,CARD_EXPIRED,CUSTOMER,0,CUSTOMER,"{'RETRY_NOW': 0.10319067916576136, 'RETRY_LATER': 0.14432946327140797, 'SWITCH_METHOD': 0.5703592492824251, 'SEND_NOTIFICATION': 0.6665589127419148, 'STOP': 0.17434247288125093}",SEND_NOTIFICATION,690.5550336006237,FAILED,0.0,,0
PAY_003630,1036,CARD_EXPIRED,CUSTOMER,1,CUSTOMER,"{'RETRY_NOW': 0.10319067916576136, 'RETRY_LATER': 0.14432946327140797, 'SWITCH_METHOD': 0.5703592492824251, 'SEND_NOTIFICATION': 0.6665589127419148, 'STOP': 0.17434247288125093}",SEND_NOTIFICATION,690.5550336006237,SUCCESS,1036.0,,1
PAY_009456,16689,CARD_EXPIRED,CUSTOMER,0,CUSTOMER,"{'RETRY_NOW': 0.11626129117406157, 'RETRY_LATER': 0.15027070066274154, 'SWITCH_METHOD': 0.5730906300775256, 'SEND_NOTIFICATION': 0.6795315977768597, 'STOP': 0.180717152264653}",SEND_NOTIFICATION,11340.70283529801,FAILED,0.0,,0
PAY_009456,16689,CARD_EXPIRED,CUSTOMER,1,CUSTOMER,"{'RETRY_NOW': 0.11626129117406157, 'RETRY_LATER': 0.15027070066274154, 'SWITCH_METHOD': 0.5730906300775256, 'SEND_NOTIFICATION': 0.6795315977768597, 'STOP': 0.180717152264653}",SEND_NOTIFICATION,11340.70283529801,SUCCESS,16689.0,,1
PAY_008950,2220,INSUFFICIENT_FUNDS,CUSTOMER,0,CUSTOMER,"{'RETRY_NOW': 0.20356664227828297, 'RETRY_LATER': 0.4711957501405762, 'SWITCH_METHOD': 0.6060141885505025, 'SEND_NOTIFICATION': 0.7374314275118824, 'STOP': 0.07240685230195118}",SEND_NOTIFICATION,1637.0977690763789,FAILED,0.0,,0
PAY_008950,2220,INSUFFICIENT_FUNDS,CUSTOMER,1,CUSTOMER,"{'RETRY_NOW': 0.20356664227828297, 'RETRY_LATER': 0.4711957501405762, 'SWITCH_METHOD': 0.6060141885505025, 'SEND_NOTIFICATION': 0.7374314275118824, 'STOP': 0.07240685230195118}",SEND_NOTIFICATION,1637.0977690763789,FAILED,0.0,,1
PAY_008950,2220,INSUFFICIENT_FUNDS,CUSTOMER,2,CUSTOMER,{},STOP,0.0,STOPPED,0.0,MAX_RETRIES_REACHED,2
PAY_003029,1193,GATEWAY_TIMEOUT,TEMPORARY,0,TEMPORARY,"{'RETRY_NOW': 0.5250511521969814, 'RETRY_LATER': 0.8139831351479027, 'SWITCH_METHOD': 0.6185071496911009, 'SEND_NOTIFICATION': 0.19977476178240478, 'STOP': 0.016675883987799223}",RETRY_LATER,971.0818802314478,SUCCESS,1193.0,,0
PAY_002970,769,UPI_TECHNICAL_ERROR,TEMPORARY,0,TEMPORARY,"{'RETRY_NOW': 0.5296186464937046, 'RETRY_LATER': 0.8093728933441329, 'SWITCH_METHOD': 0.6784571598528856, 'SEND_NOTIFICATION': 0.2013687776410246, 'STOP': 0.030197428578548707}",RETRY_LATER,622.4077549816382,SUCCESS,769.0,,0
PAY_008647,170,LIMIT_EXCEEDED,CUSTOMER,0,CUSTOMER,"{'RETRY_NOW': 0.23038663863062275, 'RETRY_LATER': 0.3935730286456639, 'SWITCH_METHOD': 0.4978650828732746, 'SEND_NOTIFICATION': 0.5583735969947223, 'STOP': 0.09172523275170816}",SEND_NOTIFICATION,94.9235114891028,SUCCESS,170.0,,0
PAY_006137,148,GATEWAY_TIMEOUT,TEMPORARY,0,TEMPORARY,"{'RETRY_NOW': 0.5410492302332598, 'RETRY_LATER': 0.8263789458261132, 'SWITCH_METHOD': 0.6253826274555973, 'SEND_NOTIFICATION': 0.210413915175294, 'STOP': 0.027267020724570865}",RETRY_LATER,122.30408398226474,SUCCESS,148.0,,0
PAY_008802,463,NETWORK_ERROR,TEMPORARY,0,TEMPORARY,"{'RETRY_NOW': 0.5288730073189586, 'RETRY_LATER': 0.7942130966294413, 'SWITCH_METHOD': 0.6214079911542477, 'SEND_NOTIFICATION': 0.18957182359764252, 'STOP': 0.04341682454902593}",RETRY_LATER,367.7206637394313,SUCCESS,463.0,,0
PAY_004264,99,AUTHENTICATION_FAILED,CUSTOMER,0,CUSTOMER,"{'RETRY_NOW': 0.38072328717147785, 'RETRY_LATER': 0.5366708335203934, 'SWITCH_METHOD': 0.45530927547372113, 'SEND_NOTIFICATION': 0.6423831887173568, 'STOP': 0.1339604454418207}",SEND_NOTIFICATION,63.59593568301832,SUCCESS,99.0,,0
PAY_000646,943,INVALID_ACCOUNT,HARD,0,HARD,"{'RETRY_NOW': 0.050641026513655735, 'RETRY_LATER': 0.059871333236479356, 'SWITCH_METHOD': 0.12756464897438946, 'SEND_NOTIFICATION': 0.14652087792557392, 'STOP': 0.99}",SEND_NOTIFICATION,138.1691878838162,FAILED,0.0,,0
PAY_000646,943,INVALID_ACCOUNT,HARD,1,HARD,"{'RETRY_NOW': 0.050641026513655735, 'RETRY_LATER': 0.059871333236479356, 'SWITCH_METHOD': 0.12756464897438946, 'SEND_NOTIFICATION': 0.14652087792557392, 'STOP': 0.99}",SEND_NOTIFICATION,138.1691878838162,FAILED,0.0,,1
PAY_000646,943,INVALID_ACCOUNT,HARD,2,HARD,{},STOP,0.0,STOPPED,0.0,MAX_RETRIES_REACHED,2
PAY_009654,358,LIMIT_EXCEEDED,CUSTOMER,0,CUSTOMER,"{'RETRY_NOW': 0.23680432061756776, 'RETRY_LATER': 0.407589475998325, 'SWITCH_METHOD': 0.5110468738585292, 'SEND_NOTIFICATION': 0.5874314793518616, 'STOP': 0.1054050200913086}",SEND_NOTIFICATION,210.30046960796645,FAILED,0.0,,0
PAY_009654,358,LIMIT_EXCEEDED,CUSTOMER,1,CUSTOMER,"{'RETRY_NOW': 0.23680432061756776, 'RETRY_LATER': 0.407589475998325, 'SWITCH_METHOD': 0.5110468738585292, 'SEND_NOTIFICATION': 0.5874314793518616, 'STOP': 0.1054050200913086}",SEND_NOTIFICATION,210.30046960796645,FAILED,0.0,,1
PAY_009654,358,LIMIT_EXCEEDED,CUSTOMER,2,CUSTOMER,{},STOP,0.0,STOPPED,0.0,MAX_RETRIES_REACHED,2
PAY_002075,774,CUSTOMER_DECLINED,HARD,0,HARD,"{'RETRY_NOW': 0.029925545159470688, 'RETRY_LATER': 0.03068960147111537, 'SWITCH_METHOD': 0.05057248569243906, 'SEND_NOTIFICATION': 0.07022043057402337, 'STOP': 0.9899755284970403}",SEND_NOTIFICATION,54.35061326429409,FAILED,0.0,,0
PAY_002075,774,CUSTOMER_DECLINED,HARD,1,HARD,"{'RETRY_NOW': 0.029925545159470688, 'RETRY_LATER': 0.03068960147111537, 'SWITCH_METHOD': 0.05057248569243906, 'SEND_NOTIFICATION': 0.07022043057402337, 'STOP': 0.9899755284970403}",SEND_NOTIFICATION,54.35061326429409,FAILED,0.0,,1
PAY_002075,774,CUSTOMER_DECLINED,HARD,2,HARD,{},STOP,0.0,STOPPED,0.0,MAX_RETRIES_REACHED,2
PAY_000342,1007,INSUFFICIENT_FUNDS,CUSTOMER,0,CUSTOMER,"{'RETRY_NOW': 0.20450058754063669, 'RETRY_LATER': 0.4580847651197161, 'SWITCH_METHOD': 0.5973607047641122, 'SEND_NOTIFICATION': 0.7219507457222232, 'STOP': 0.06455521279910241}",SEND_NOTIFICATION,727.0044009422787,SUCCESS,1007.0,,0
PAY_008042,178,BANK_TIMEOUT,TEMPORARY,0,TEMPORARY,"{'RETRY_NOW': 0.5978890604380045, 'RETRY_LATER': 0.8621506012643568, 'SWITCH_METHOD': 0.6541276875281906, 'SEND_NOTIFICATION': 0.24079583174282118, 'STOP': 0.04347481316962946}",RETRY_LATER,153.46280702505553,SUCCESS,178.0,,0
PAY_001623,1442,GATEWAY_TIMEOUT,TEMPORARY,0,TEMPORARY,"{'RETRY_NOW': 0.5092386431602799, 'RETRY_LATER': 0.7865568123460379, 'SWITCH_METHOD': 0.5888172191788112, 'SEND_NOTIFICATION': 0.167492066191857, 'STOP': 0.0010131956371673002}",RETRY_LATER,1134.2149234029866,SUCCESS,1442.0,,0
PAY_007142,2852,INSUFFICIENT_FUNDS,CUSTOMER,0,CUSTOMER,"{'RETRY_NOW': 0.1798982304722809, 'RETRY_LATER': 0.4326186751213166, 'SWITCH_METHOD': 0.5877753038073465, 'SEND_NOTIFICATION': 0.7137877886959354, 'STOP': 0.05031981256751793}",SEND_NOTIFICATION,2035.7227733608077,SUCCESS,2852.0,,0
PAY_005797,5130,BANK_TIMEOUT,TEMPORARY,0,TEMPORARY,"{'RETRY_NOW': 0.5978890604380045, 'RETRY_LATER': 0.8621506012643568, 'SWITCH_METHOD': 0.6541276875281906, 'SEND_NOTIFICATION': 0.24079583174282118, 'STOP': 0.04347481316962946}",RETRY_LATER,4422.83258448615,SUCCESS,5130.0,,0
PAY_007185,1291,BANK_TIMEOUT,TEMPORARY,0,TEMPORARY,"{'RETRY_NOW': 0.5849013246583841, 'RETRY_LATER': 0.8531274506320325, 'SWITCH_METHOD': 0.642861702039728, 'SEND_NOTIFICATION': 0.23214446660573096, 'STOP': 0.03285377588910976}",RETRY_LATER,1101.387538765954,SUCCESS,1291.0,,0
PAY_008233,4669,NETWORK_ERROR,TEMPORARY,0,TEMPORARY,"{'RETRY_NOW': 0.499213912852919, 'RETRY_LATER': 0.7727605217045811, 'SWITCH_METHOD': 0.6053534519676705, 'SEND_NOTIFICATION': 0.17077255845876768, 'STOP': 0.021031801370860685}",RETRY_LATER,3608.018875838689,SUCCESS,4669.0,,0
PAY_005476,1492,UPI_TECHNICAL_ERROR,TEMPORARY,0,TEMPORARY,"{'RETRY_NOW': 0.5479540148869984, 'RETRY_LATER': 0.8235771659149232, 'SWITCH_METHOD': 0.6902470658318978, 'SEND_NOTIFICATION': 0.21234645470434035, 'STOP': 0.043262285512572565}",RETRY_LATER,1228.7771315450655,SUCCESS,1492.0,,0
PAY_009253,120,UPI_TECHNICAL_ERROR,TEMPORARY,0,TEMPORARY,"{'RETRY_NOW': 0.5072086346014828, 'RETRY_LATER': 0.7926879956352586, 'SWITCH_METHOD': 0.6595519316410757, 'SEND_NOTIFICATION': 0.18350331938407907, 'STOP': 0.012086476111129852}",RETRY_LATER,95.12255947623103,SUCCESS,120.0,,0
PAY_000075,414,INSUFFICIENT_FUNDS,CUSTOMER,0,CUSTOMER,"{'RETRY_NOW': 0.20411219368751476, 'RETRY_LATER': 0.46544286738347806, 'SWITCH_METHOD': 0.600484425316945, 'SEND_NOTIFICATION': 0.7352405937084365, 'STOP': 0.07181202829276298}",SEND_NOTIFICATION,304.3896057952927,SUCCESS,414.0,,0
PAY_008634,147,NETWORK_ERROR,TEMPORARY,0,TEMPORARY,"{'RETRY_NOW': 0.48138936127151255, 'RETRY_LATER': 0.7582761582299571, 'SWITCH_METHOD': 0.5907750176163885, 'SEND_NOTIFICATION': 0.1585934562470963, 'STOP': 0.008956601533766947}",RETRY_LATER,111.4665952598037,FAILED,0.0,,0
PAY_008634,147,NETWORK_ERROR,TEMPORARY,1,TEMPORARY,"{'RETRY_NOW': 0.48138936127151255, 'RETRY_LATER': 0.7582761582299571, 'SWITCH_METHOD': 0.5907750176163885, 'SEND_NOTIFICATION': 0.1585934562470963, 'STOP': 0.008956601533766947}",RETRY_LATER,111.4665952598037,SUCCESS,147.0,,1
PAY_009230,266,GATEWAY_TIMEOUT,TEMPORARY,0,TEMPORARY,"{'RETRY_NOW': 0.5468199724049952, 'RETRY_LATER': 0.820335721871917, 'SWITCH_METHOD': 0.6225049969868637, 'SEND_NOTIFICATION': 0.2076969848411377, 'STOP': 0.024222941378888273}",RETRY_LATER,218.2093020179299,SUCCESS,266.0,,0
PAY_002052,730,NETWORK_ERROR,TEMPORARY,0,TEMPORARY,"{'RETRY_NOW': 0.4913483040582323, 'RETRY_LATER': 0.763669660636275, 'SWITCH_METHOD': 0.5999444159758259, 'SEND_NOTIFICATION': 0.16731891881822591, 'STOP': 0.015062598822205587}",RETRY_LATER,557.4788522644807,SUCCESS,730.0,,0
PAY_002542,761,UPI_TECHNICAL_ERROR,TEMPORARY,0,TEMPORARY,"{'RETRY_NOW': 0.4991754324679233, 'RETRY_LATER': 0.778123409669301, 'SWITCH_METHOD': 0.6442227347431124, 'SEND_NOTIFICATION': 0.16962756542985705, 'STOP': 0.001012308855820977}",RETRY_LATER,592.1519147583381,SUCCESS,761.0,,0
PAY_001302,99,BANK_TIMEOUT,TEMPORARY,0,TEMPORARY,"{'RETRY_NOW': 0.5619233506293959, 'RETRY_LATER': 0.8317783806614386, 'SWITCH_METHOD': 0.6203312138735437, 'SEND_NOTIFICATION': 0.21437534612107462, 'STOP': 0.011986612676497995}",RETRY_LATER,82.34605968548242,SUCCESS,99.0,,0
PAY_005878,413,GATEWAY_TIMEOUT,TEMPORARY,0,TEMPORARY,"{'RETRY_NOW': 0.5577657559159407, 'RETRY_LATER': 0.8359671652066242, 'SWITCH_METHOD': 0.6346015565005966, 'SEND_NOTIFICATION': 0.2165116129988265, 'STOP': 0.03598010905422742}",RETRY_LATER,345.2544392303358,SUCCESS,413.0,,0
PAY_007369,647,GATEWAY_TIMEOUT,TEMPORARY,0,TEMPORARY,"{'RETRY_NOW': 0.5646849063579514, 'RETRY_LATER': 0.8412523188692911, 'SWITCH_METHOD': 0.6435046382327875, 'SEND_NOTIFICATION': 0.2219977593202257, 'STOP': 0.04219528179284342}",RETRY_LATER,544.2902503084314,FAILED,0.0,,0
PAY_007369,647,GATEWAY_TIMEOUT,TEMPORARY,1,TEMPORARY,"{'RETRY_NOW': 0.5646849063579514, 'RETRY_LATER': 0.8412523188692911, 'SWITCH_METHOD': 0.6435046382327875, 'SEND_NOTIFICATION': 0.2219977593202257, 'STOP': 0.04219528179284342}",RETRY_LATER,544.2902503084314,SUCCESS,647.0,,1
PAY_001305,2684,GATEWAY_TIMEOUT,TEMPORARY,0,TEMPORARY,"{'RETRY_NOW': 0.5273209488770064, 'RETRY_LATER': 0.8118416227451749, 'SWITCH_METHOD': 0.6142998643674613, 'SEND_NOTIFICATION': 0.19803510160242946, 'STOP': 0.01365748145960463}",RETRY_LATER,2178.9829154480494,SUCCESS,2684.0,,0
PAY_008429,535,INSUFFICIENT_FUNDS,CUSTOMER,0,CUSTOMER,"{'RETRY_NOW': 0.2021202347325381, 'RETRY_LATER': 0.44094827234725265, 'SWITCH_METHOD': 0.5827915694581012, 'SEND_NOTIFICATION': 0.7158686598458089, 'STOP': 0.059385789620743396}",SEND_NOTIFICATION,382.9897330175078,SUCCESS,535.0,,0
PAY_009095,498,GATEWAY_TIMEOUT,TEMPORARY,0,TEMPORARY,"{'RETRY_NOW': 0.5178253002308308, 'RETRY_LATER': 0.7928968823843522, 'SWITCH_METHOD': 0.5893897317452582, 'SEND_NOTIFICATION': 0.17470017578563796, 'STOP': 0.001006325921481945}",RETRY_LATER,394.8626474274074,FAILED,0.0,,0
PAY_009095,498,GATEWAY_TIMEOUT,TEMPORARY,1,TEMPORARY,"{'RETRY_NOW': 0.5178253002308308, 'RETRY_LATER': 0.7928968823843522, 'SWITCH_METHOD': 0.5893897317452582, 'SEND_NOTIFICATION': 0.17470017578563796, 'STOP': 0.001006325921481945}",RETRY_LATER,394.8626474274074,SUCCESS,498.0,,1
PAY_002600,1530,GATEWAY_TIMEOUT,TEMPORARY,0,TEMPORARY,"{'RETRY_NOW': 0.5207058096204813, 'RETRY_LATER': 0.8027461273792322, 'SWITCH_METHOD': 0.5971525393862722, 'SEND_NOTIFICATION': 0.1835529286153833, 'STOP': 0.001505671790945997}",RETRY_LATER,1228.2015748902254,SUCCESS,1530.0,,0
PAY_002574,331,INSUFFICIENT_FUNDS,CUSTOMER,0,CUSTOMER,"{'RETRY_NOW': 0.19186333994168384, 'RETRY_LATER': 0.44178375710473894, 'SWITCH_METHOD': 0.5830322623171431, 'SEND_NOTIFICATION': 0.7182954167148514, 'STOP': 0.05679986278366041}",SEND_NOTIFICATION,237.75578293261583,SUCCESS,331.0,,0
PAY_003187,1307,NETWORK_ERROR,TEMPORARY,0,TEMPORARY,"{'RETRY_NOW': 0.48138936127151255, 'RETRY_LATER': 0.7582761582299571, 'SWITCH_METHOD': 0.5907750176163885, 'SEND_NOTIFICATION': 0.15844249748521957, 'STOP': 0.00746119185627448}",RETRY_LATER,991.0669388065539,FAILED,0.0,,0
PAY_003187,1307,NETWORK_ERROR,TEMPORARY,1,TEMPORARY,"{'RETRY_NOW': 0.48138936127151255, 'RETRY_LATER': 0.7582761582299571, 'SWITCH_METHOD': 0.5907750176163885, 'SEND_NOTIFICATION': 0.15844249748521957, 'STOP': 0.00746119185627448}",RETRY_LATER,991.0669388065539,FAILED,0.0,,1
PAY_003187,1307,NETWORK_ERROR,TEMPORARY,2,TEMPORARY,{},STOP,0.0,STOPPED,0.0,MAX_RETRIES_REACHED,2
PAY_002769,2356,GATEWAY_TIMEOUT,TEMPORARY,0,TEMPORARY,"{'RETRY_NOW': 0.5507707544914408, 'RETRY_LATER': 0.8316800659803456, 'SWITCH_METHOD': 0.6339064213442815, 'SEND_NOTIFICATION': 0.21481558554396052, 'STOP': 0.0330674011709359}",RETRY_LATER,1959.4382354496943,SUCCESS,2356.0,,0
PAY_004832,362,BANK_TIMEOUT,TEMPORARY,0,TEMPORARY,"{'RETRY_NOW': 0.5737249575298882, 'RETRY_LATER': 0.8385408547895308, 'SWITCH_METHOD': 0.6291498179397597, 'SEND_NOTIFICATION': 0.21721758805919064, 'STOP': 0.019306697773583903}",RETRY_LATER,303.55178943381014,SUCCESS,362.0,,0
PAY_004224,918,CUSTOMER_DECLINED,HARD,0,HARD,"{'RETRY_NOW': 0.028805883828151437, 'RETRY_LATER': 0.029155653509152196, 'SWITCH_METHOD': 0.05057248569243906, 'SEND_NOTIFICATION': 0.06713601339333962, 'STOP': 0.9899612819830307}",SEND_NOTIFICATION,61.63086029508577,FAILED,0.0,,0
PAY_004224,918,CUSTOMER_DECLINED,HARD,1,HARD,"{'RETRY_NOW': 0.028805883828151437, 'RETRY_LATER': 0.029155653509152196, 'SWITCH_METHOD': 0.05057248569243906, 'SEND_NOTIFICATION': 0.06713601339333962, 'STOP': 0.9899612819830307}",SEND_NOTIFICATION,61.63086029508577,FAILED,0.0,,1
PAY_004224,918,CUSTOMER_DECLINED,HARD,2,HARD,{},STOP,0.0,STOPPED,0.0,MAX_RETRIES_REACHED,2
PAY_009650,829,GATEWAY_TIMEOUT,TEMPORARY,0,TEMPORARY,"{'RETRY_NOW': 0.520691214629535, 'RETRY_LATER': 0.8128600510369736, 'SWITCH_METHOD': 0.6158816154787332, 'SEND_NOTIFICATION': 0.20352296249321322, 'STOP': 0.015124849618930822}",RETRY_LATER,673.860982309651,SUCCESS,829.0,,0
PAY_002107,754,INSUFFICIENT_FUNDS,CUSTOMER,0,CUSTOMER,"{'RETRY_NOW': 0.197970589242154, 'RETRY_LATER': 0.4510106641070189, 'SWITCH_METHOD': 0.5935190086034701, 'SEND_NOTIFICATION': 0.7247901993565987, 'STOP': 0.06085302969682901}",SEND_NOTIFICATION,546.4918103148755,SUCCESS,754.0,,0
PAY_002680,137,BANK_TIMEOUT,TEMPORARY,0,TEMPORARY,"{'RETRY_NOW': 0.5485501018429818, 'RETRY_LATER': 0.8278252880358226, 'SWITCH_METHOD': 0.6160730048575507, 'SEND_NOTIFICATION': 0.20748237964013003, 'STOP': 0.006008559936693242}",RETRY_LATER,113.41206446090769,SUCCESS,137.0,,0
PAY_001388,132,LIMIT_EXCEEDED,CUSTOMER,0,CUSTOMER,"{'RETRY_NOW': 0.22557267333133968, 'RETRY_LATER': 0.38872257960950474, 'SWITCH_METHOD': 0.4922907387864806, 'SEND_NOTIFICATION': 0.5615432240365298, 'STOP': 0.0905755136377806}",SEND_NOTIFICATION,74.12370557282193,SUCCESS,132.0,,0
PAY_008932,336,BANK_TIMEOUT,TEMPORARY,0,TEMPORARY,"{'RETRY_NOW': 0.5624450626343493, 'RETRY_LATER': 0.8319800725861933, 'SWITCH_METHOD': 0.617283079418032, 'SEND_NOTIFICATION': 0.21007162124688525, 'STOP': 0.010499523380395035}",RETRY_LATER,279.545304388961,SUCCESS,336.0,,0
PAY_009660,2235,UPI_TECHNICAL_ERROR,TEMPORARY,0,TEMPORARY,"{'RETRY_NOW': 0.5479540148869984, 'RETRY_LATER': 0.8235771659149232, 'SWITCH_METHOD': 0.6902470658318978, 'SEND_NOTIFICATION': 0.21234645470434035, 'STOP': 0.043262285512572565}",RETRY_LATER,1840.6949658198535,SUCCESS,2235.0,,0
PAY_007084,1061,GATEWAY_TIMEOUT,TEMPORARY,0,TEMPORARY,"{'RETRY_NOW': 0.5646849063579514, 'RETRY_LATER': 0.8412523188692911, 'SWITCH_METHOD': 0.6435046382327875, 'SEND_NOTIFICATION': 0.2219977593202257, 'STOP': 0.04219528179284342}",RETRY_LATER,892.5687103203178,SUCCESS,1061.0,,0
PAY_001280,2077,BANK_TIMEOUT,TEMPORARY,0,TEMPORARY,"{'RETRY_NOW': 0.5841704094432499, 'RETRY_LATER': 0.8504659739531624, 'SWITCH_METHOD': 0.6397868942063464, 'SEND_NOTIFICATION': 0.22854201803188318, 'STOP': 0.03000694746721721}",RETRY_LATER,1766.4178279007183,SUCCESS,2077.0,,0
PAY_000805,1117,INSUFFICIENT_FUNDS,CUSTOMER,0,CUSTOMER,"{'RETRY_NOW': 0.21012230934509168, 'RETRY_LATER': 0.47112042802820936, 'SWITCH_METHOD': 0.6070717354180725, 'SEND_NOTIFICATION': 0.7428422221283849, 'STOP': 0.07336239956135257}",SEND_NOTIFICATION,829.7547621174059,SUCCESS,1117.0,,0
PAY_001556,474,BANK_TIMEOUT,TEMPORARY,0,TEMPORARY,"{'RETRY_NOW': 0.5780061904791973, 'RETRY_LATER': 0.8531322867174927, 'SWITCH_METHOD': 0.6423667953759395, 'SEND_NOTIFICATION': 0.23106464820244738, 'STOP': 0.03150091080640833}",RETRY_LATER,404.38470390409157,SUCCESS,474.0,,0
PAY_009487,325,UPI_TECHNICAL_ERROR,TEMPORARY,0,TEMPORARY,"{'RETRY_NOW': 0.522659048617694, 'RETRY_LATER': 0.8028218382728833, 'SWITCH_METHOD': 0.6748072274262328, 'SEND_NOTIFICATION': 0.19683920478671196, 'STOP': 0.025737042727012275}",RETRY_LATER,260.9170974386871,SUCCESS,325.0,,0
PAY_004567,4479,LIMIT_EXCEEDED,CUSTOMER,0,CUSTOMER,"{'RETRY_NOW': 0.23149598217034387, 'RETRY_LATER': 0.39729078412936436, 'SWITCH_METHOD': 0.5018370969046726, 'SEND_NOTIFICATION': 0.5653967295412555, 'STOP': 0.09408764605711135}",SEND_NOTIFICATION,2532.4119516152837,SUCCESS,4479.0,,0
PAY_009670,619,PAYMENT_EXPIRED,HARD,0,HARD,"{'RETRY_NOW': 0.007346306871498453, 'RETRY_LATER': 0.015766082111944565, 'SWITCH_METHOD': 0.04757629186784077, 'SEND_NOTIFICATION': 0.07204731103470394, 'STOP': 0.9756003168256054}",SEND_NOTIFICATION,44.597285530481734,FAILED,0.0,,0
PAY_009670,619,PAYMENT_EXPIRED,HARD,1,HARD,"{'RETRY_NOW': 0.007346306871498453, 'RETRY_LATER': 0.015766082111944565, 'SWITCH_METHOD': 0.04757629186784077, 'SEND_NOTIFICATION': 0.07204731103470394, 'STOP': 0.9756003168256054}",SEND_NOTIFICATION,44.597285530481734,FAILED,0.0,,1
PAY_009670,619,PAYMENT_EXPIRED,HARD,2,HARD,{},STOP,0.0,STOPPED,0.0,MAX_RETRIES_REACHED,2
PAY_004842,3624,INSUFFICIENT_FUNDS,CUSTOMER,0,CUSTOMER,"{'RETRY_NOW': 0.19186333994168384, 'RETRY_LATER': 0.44178375710473894, 'SWITCH_METHOD': 0.5830322623171431, 'SEND_NOTIFICATION': 0.7182954167148514, 'STOP': 0.05679986278366041}",SEND_NOTIFICATION,2603.1025901746216,SUCCESS,3624.0,,0
PAY_003595,529,GATEWAY_TIMEOUT,TEMPORARY,0,TEMPORARY,"{'RETRY_NOW': 0.5259421488078453, 'RETRY_LATER': 0.8107073584382917, 'SWITCH_METHOD': 0.6125832230598234, 'SEND_NOTIFICATION': 0.19670804506229322, 'STOP': 0.012079900884821842}",RETRY_LATER,428.8641926138563,FAILED,0.0,,0
PAY_003595,529,GATEWAY_TIMEOUT,TEMPORARY,1,TEMPORARY,"{'RETRY_NOW': 0.5259421488078453, 'RETRY_LATER': 0.8107073584382917, 'SWITCH_METHOD': 0.6125832230598234, 'SEND_NOTIFICATION': 0.19670804506229322, 'STOP': 0.012079900884821842}",RETRY_LATER,428.8641926138563,SUCCESS,529.0,,1
PAY_006036,1168,BANK_TIMEOUT,TEMPORARY,0,TEMPORARY,"{'RETRY_NOW': 0.5952818958789751, 'RETRY_LATER': 0.8610823193701427, 'SWITCH_METHOD': 0.6473974870381346, 'SEND_NOTIFICATION': 0.23147324891947793, 'STOP': 0.03890199578260285}",RETRY_LATER,1005.7441490243267,FAILED,0.0,,0
PAY_006036,1168,BANK_TIMEOUT,TEMPORARY,1,TEMPORARY,"{'RETRY_NOW': 0.5952818958789751, 'RETRY_LATER': 0.8610823193701427, 'SWITCH_METHOD': 0.6473974870381346, 'SEND_NOTIFICATION': 0.23147324891947793, 'STOP': 0.03890199578260285}",RETRY_LATER,1005.7441490243267,SUCCESS,1168.0,,1
PAY_006853,202,INVALID_ACCOUNT,HARD,0,HARD,"{'RETRY_NOW': 0.027287294520990754, 'RETRY_LATER': 0.03640080103961731, 'SWITCH_METHOD': 0.10119009877552607, 'SEND_NOTIFICATION': 0.12860383394126937, 'STOP': 0.9895235157921757}",SEND_NOTIFICATION,25.977974456136412,FAILED,0.0,,0
PAY_006853,202,INVALID_ACCOUNT,HARD,1,HARD,"{'RETRY_NOW': 0.027287294520990754, 'RETRY_LATER': 0.03640080103961731, 'SWITCH_METHOD': 0.10119009877552607, 'SEND_NOTIFICATION': 0.12860383394126937, 'STOP': 0.9895235157921757}",SEND_NOTIFICATION,25.977974456136412,FAILED,0.0,,1
PAY_006853,202,INVALID_ACCOUNT,HARD,2,HARD,{},STOP,0.0,STOPPED,0.0,MAX_RETRIES_REACHED,2
PAY_008706,747,BANK_TIMEOUT,TEMPORARY,0,TEMPORARY,"{'RETRY_NOW': 0.5696330875458853, 'RETRY_LATER': 0.835896994338851, 'SWITCH_METHOD': 0.6267842313168004, 'SEND_NOTIFICATION': 0.21369597636977036, 'STOP': 0.016458093859235613}",RETRY_LATER,624.4150547711217,SUCCESS,747.0,,0
PAY_004178,315,GATEWAY_TIMEOUT,TEMPORARY,0,TEMPORARY,"{'RETRY_NOW': 0.5305124918837583, 'RETRY_LATER': 0.8154658479514914, 'SWITCH_METHOD': 0.6208221579900054, 'SEND_NOTIFICATION': 0.20336733053742942, 'STOP': 0.01829119490493792}",RETRY_LATER,256.8717421047198,SUCCESS,315.0,,0
PAY_001309,875,INSUFFICIENT_FUNDS,CUSTOMER,0,CUSTOMER,"{'RETRY_NOW': 0.20485022348877158, 'RETRY_LATER': 0.4608565036895651, 'SWITCH_METHOD': 0.598541721968187, 'SEND_NOTIFICATION': 0.7312700717928297, 'STOP': 0.06851587697489009}",SEND_NOTIFICATION,639.861312818726,FAILED,0.0,,0
PAY_001309,875,INSUFFICIENT_FUNDS,CUSTOMER,1,CUSTOMER,"{'RETRY_NOW': 0.20485022348877158, 'RETRY_LATER': 0.4608565036895651, 'SWITCH_METHOD': 0.598541721968187, 'SEND_NOTIFICATION': 0.7312700717928297, 'STOP': 0.06851587697489009}",SEND_NOTIFICATION,639.861312818726,SUCCESS,875.0,,1
PAY_003453,684,BANK_TIMEOUT,TEMPORARY,0,TEMPORARY,"{'RETRY_NOW': 0.5780061904791973, 'RETRY_LATER': 0.8531322867174927, 'SWITCH_METHOD': 0.6423667953759395, 'SEND_NOTIFICATION': 0.23106464820244738, 'STOP': 0.03150091080640833}",RETRY_LATER,583.542484114765,SUCCESS,684.0,,0
PAY_003696,519,INSUFFICIENT_FUNDS,CUSTOMER,0,CUSTOMER,"{'RETRY_NOW': 0.20485022348877158, 'RETRY_LATER': 0.4608565036895651, 'SWITCH_METHOD': 0.598541721968187, 'SEND_NOTIFICATION': 0.7312700717928297, 'STOP': 0.06851587697489009}",SEND_NOTIFICATION,379.5291672604786,SUCCESS,519.0,,0
PAY_004243,2008,BANK_TIMEOUT,TEMPORARY,0,TEMPORARY,"{'RETRY_NOW': 0.5485501018429818, 'RETRY_LATER': 0.8278252880358226, 'SWITCH_METHOD': 0.6160730048575507, 'SEND_NOTIFICATION': 0.20748237964013003, 'STOP': 0.006008559936693242}",RETRY_LATER,1662.2731783759316,SUCCESS,2008.0,,0
PAY_002199,99,UPI_TECHNICAL_ERROR,TEMPORARY,0,TEMPORARY,"{'RETRY_NOW': 0.506734574675427, 'RETRY_LATER': 0.7938554373404992, 'SWITCH_METHOD': 0.6630903100571852, 'SEND_NOTIFICATION': 0.1916913411466118, 'STOP': 0.016558260453445862}",RETRY_LATER,78.59168829670942,SUCCESS,99.0,,0
PAY_004426,1224,BANK_TIMEOUT,TEMPORARY,0,TEMPORARY,"{'RETRY_NOW': 0.5760026385441538, 'RETRY_LATER': 0.8481138177475984, 'SWITCH_METHOD': 0.6353097701479866, 'SEND_NOTIFICATION': 0.22707899959391206, 'STOP': 0.02702637440004829}",RETRY_LATER,1038.0913129230605,SUCCESS,1224.0,,0
PAY_006151,1090,NETWORK_ERROR,TEMPORARY,0,TEMPORARY,"{'RETRY_NOW': 0.5221493806498482, 'RETRY_LATER': 0.7900524144841858, 'SWITCH_METHOD': 0.6162453359984201, 'SEND_NOTIFICATION': 0.18465808618273105, 'STOP': 0.03734888435863067}",RETRY_LATER,861.1571317877625,SUCCESS,1090.0,,0
PAY_000944,761,BANK_TIMEOUT,TEMPORARY,0,TEMPORARY,"{'RETRY_NOW': 0.5978890604380045, 'RETRY_LATER': 0.8621506012643568, 'SWITCH_METHOD': 0.6541276875281906, 'SEND_NOTIFICATION': 0.24079583174282118, 'STOP': 0.04347481316962946}",RETRY_LATER,656.0966075621756,SUCCESS,761.0,,0
PAY_000823,342,GATEWAY_TIMEOUT,TEMPORARY,0,TEMPORARY,"{'RETRY_NOW': 0.5273209488770064, 'RETRY_LATER': 0.8118416227451749, 'SWITCH_METHOD': 0.6142998643674613, 'SEND_NOTIFICATION': 0.19803510160242946, 'STOP': 0.01365748145960463}",RETRY_LATER,277.6498349788498,SUCCESS,342.0,,0
PAY_005006,1237,GATEWAY_TIMEOUT,TEMPORARY,0,TEMPORARY,"{'RETRY_NOW': 0.5577657559159407, 'RETRY_LATER': 0.8359671652066242, 'SWITCH_METHOD': 0.6346015565005966, 'SEND_NOTIFICATION': 0.2165116129988265, 'STOP': 0.03598010905422742}",RETRY_LATER,1034.0913833605941,SUCCESS,1237.0,,0
PAY_006613,398,NETWORK_ERROR,TEMPORARY,0,TEMPORARY,"{'RETRY_NOW': 0.47952091930940166, 'RETRY_LATER': 0.7465762634186142, 'SWITCH_METHOD': 0.5783848122717494, 'SEND_NOTIFICATION': 0.15085774146936273, 'STOP': 0.000998994833995116}",RETRY_LATER,297.13735284060846,FAILED,0.0,,0
PAY_006613,398,NETWORK_ERROR,TEMPORARY,1,TEMPORARY,"{'RETRY_NOW': 0.47952091930940166, 'RETRY_LATER': 0.7465762634186142, 'SWITCH_METHOD': 0.5783848122717494, 'SEND_NOTIFICATION': 0.15085774146936273, 'STOP': 0.000998994833995116}",RETRY_LATER,297.13735284060846,SUCCESS,398.0,,1
PAY_008357,348,GATEWAY_TIMEOUT,TEMPORARY,0,TEMPORARY,"{'RETRY_NOW': 0.5117148539921608, 'RETRY_LATER': 0.7964627627817277, 'SWITCH_METHOD': 0.593288719110089, 'SEND_NOTIFICATION': 0.17992571963352466, 'STOP': 0.0010170711451712039}",RETRY_LATER,277.16904144804124,SUCCESS,348.0,,0
PAY_005620,1221,AUTHENTICATION_FAILED,CUSTOMER,0,CUSTOMER,"{'RETRY_NOW': 0.3461820783485191, 'RETRY_LATER': 0.4964371588078376, 'SWITCH_METHOD': 0.42364892479987487, 'SEND_NOTIFICATION': 0.6019506175029296, 'STOP': 0.10036895361227754}",SEND_NOTIFICATION,734.981703971077,SUCCESS,1221.0,,0
PAY_004548,337,GATEWAY_TIMEOUT,TEMPORARY,0,TEMPORARY,"{'RETRY_NOW': 0.5507707544914408, 'RETRY_LATER': 0.8316800659803456, 'SWITCH_METHOD': 0.6339064213442815, 'SEND_NOTIFICATION': 0.21481558554396052, 'STOP': 0.0330674011709359}",RETRY_LATER,280.2761822353765,SUCCESS,337.0,,0
PAY_002539,1458,NETWORK_ERROR,TEMPORARY,0,TEMPORARY,"{'RETRY_NOW': 0.5193962338250041, 'RETRY_LATER': 0.7876638577001868, 'SWITCH_METHOD': 0.6139823894501459, 'SEND_NOTIFICATION': 0.18385313212121146, 'STOP': 0.035647898673197904}",RETRY_LATER,1148.4139045268723,SUCCESS,1458.0,,0
PAY_005208,627,NETWORK_ERROR,TEMPORARY,0,TEMPORARY,"{'RETRY_NOW': 0.49319377289569144, 'RETRY_LATER': 0.7624155429371483, 'SWITCH_METHOD': 0.597276897543849, 'SEND_NOTIFICATION': 0.16343246369134215, 'STOP': 0.011937850817150302}",RETRY_LATER,478.034545421592,SUCCESS,627.0,,0
PAY_009515,726,CARD_EXPIRED,CUSTOMER,0,CUSTOMER,"{'RETRY_NOW': 0.09604367913197817, 'RETRY_LATER': 0.14359214579818105, 'SWITCH_METHOD': 0.56974717149383, 'SEND_NOTIFICATION': 0.6651171790225807, 'STOP': 0.16535769589126573}",SEND_NOTIFICATION,482.8750719703936,SUCCESS,726.0,,0
PAY_009010,399,INSUFFICIENT_FUNDS,CUSTOMER,0,CUSTOMER,"{'RETRY_NOW': 0.20356664227828297, 'RETRY_LATER': 0.4711957501405762, 'SWITCH_METHOD': 0.6060141885505025, 'SEND_NOTIFICATION': 0.7374314275118824, 'STOP': 0.07240685230195118}",SEND_NOTIFICATION,294.23513957724106,SUCCESS,399.0,,0
PAY_003055,2306,GATEWAY_TIMEOUT,TEMPORARY,0,TEMPORARY,"{'RETRY_NOW': 0.5359127136908339, 'RETRY_LATER': 0.8204346061631976, 'SWITCH_METHOD': 0.6226626802655473, 'SEND_NOTIFICATION': 0.20780743694490453, 'STOP': 0.022576925658920406}",RETRY_LATER,1891.9222018123337,SUCCESS,2306.0,,0
PAY_003676,597,INSUFFICIENT_FUNDS,CUSTOMER,0,CUSTOMER,"{'RETRY_NOW': 0.1841816517084788, 'RETRY_LATER': 0.4408761198919302, 'SWITCH_METHOD': 0.5876739582925663, 'SEND_NOTIFICATION': 0.7154238561178758, 'STOP': 0.05387627949456366}",SEND_NOTIFICATION,427.1080421023719,SUCCESS,597.0,,0
PAY_007777,404,LIMIT_EXCEEDED,CUSTOMER,0,CUSTOMER,"{'RETRY_NOW': 0.2115108080847818, 'RETRY_LATER': 0.37598739972159906, 'SWITCH_METHOD': 0.47835962931164105, 'SEND_NOTIFICATION': 0.5428892012217976, 'STOP': 0.07468794289683435}",SEND_NOTIFICATION,219.32723729360623,FAILED,0.0,,0
PAY_007777,404,LIMIT_EXCEEDED,CUSTOMER,1,CUSTOMER,"{'RETRY_NOW': 0.2115108080847818, 'RETRY_LATER': 0.37598739972159906, 'SWITCH_METHOD': 0.47835962931164105, 'SEND_NOTIFICATION': 0.5428892012217976, 'STOP': 0.07468794289683435}",SEND_NOTIFICATION,219.32723729360623,SUCCESS,404.0,,1
PAY_007219,5391,LIMIT_EXCEEDED,CUSTOMER,0,CUSTOMER,"{'RETRY_NOW': 0.24498144271798544, 'RETRY_LATER': 0.4121017642553665, 'SWITCH_METHOD': 0.5119891198682397, 'SEND_NOTIFICATION': 0.5946264566294958, 'STOP': 0.10960263835191332}",SEND_NOTIFICATION,3205.6312276896115,FAILED,0.0,,0
PAY_007219,5391,LIMIT_EXCEEDED,CUSTOMER,1,CUSTOMER,"{'RETRY_NOW': 0.24498144271798544, 'RETRY_LATER': 0.4121017642553665, 'SWITCH_METHOD': 0.5119891198682397, 'SEND_NOTIFICATION': 0.5946264566294958, 'STOP': 0.10960263835191332}",SEND_NOTIFICATION,3205.6312276896115,FAILED,0.0,,1
PAY_007219,5391,LIMIT_EXCEEDED,CUSTOMER,2,CUSTOMER,{},STOP,0.0,STOPPED,0.0,MAX_RETRIES_REACHED,2
PAY_006723,266,UPI_TECHNICAL_ERROR,TEMPORARY,0,TEMPORARY,"{'RETRY_NOW': 0.550293047462843, 'RETRY_LATER': 0.8214552454950431, 'SWITCH_METHOD': 0.6870143781123158, 'SEND_NOTIFICATION': 0.21149707420485261, 'STOP': 0.041867015454206}",RETRY_LATER,218.50709530168146,FAILED,0.0,,0
PAY_006723,266,UPI_TECHNICAL_ERROR,TEMPORARY,1,TEMPORARY,"{'RETRY_NOW': 0.550293047462843, 'RETRY_LATER': 0.8214552454950431, 'SWITCH_METHOD': 0.6870143781123158, 'SEND_NOTIFICATION': 0.21149707420485261, 'STOP': 0.041867015454206}",RETRY_LATER,218.50709530168146,SUCCESS,266.0,,1
PAY_003301,304,AUTHENTICATION_FAILED,CUSTOMER,0,CUSTOMER,"{'RETRY_NOW': 0.37928449110307305, 'RETRY_LATER': 0.5369607102023809, 'SWITCH_METHOD': 0.45977690023867873, 'SEND_NOTIFICATION': 0.6445788633278182, 'STOP': 0.1393061328486027}",SEND_NOTIFICATION,195.95197445165672,FAILED,0.0,,0
PAY_003301,304,AUTHENTICATION_FAILED,CUSTOMER,1,CUSTOMER,"{'RETRY_NOW': 0.37928449110307305, 'RETRY_LATER': 0.5369607102023809, 'SWITCH_METHOD': 0.45977690023867873, 'SEND_NOTIFICATION': 0.6445788633278182, 'STOP': 0.1393061328486027}",SEND_NOTIFICATION,195.95197445165672,FAILED,0.0,,1
PAY_003301,304,AUTHENTICATION_FAILED,CUSTOMER,2,CUSTOMER,{},STOP,0.0,STOPPED,0.0,MAX_RETRIES_REACHED,2
PAY_003311,273,UPI_TECHNICAL_ERROR,TEMPORARY,0,TEMPORARY,"{'RETRY_NOW': 0.5509233464783473, 'RETRY_LATER': 0.8222840958700443, 'SWITCH_METHOD': 0.6841734679676751, 'SEND_NOTIFICATION': 0.20667130729120173, 'STOP': 0.04047868225933406}",RETRY_LATER,224.4835581725221,SUCCESS,273.0,,0
PAY_007222,161,BANK_TIMEOUT,TEMPORARY,0,TEMPORARY,"{'RETRY_NOW': 0.5952818958789751, 'RETRY_LATER': 0.8610823193701427, 'SWITCH_METHOD': 0.6473974870381346, 'SEND_NOTIFICATION': 0.23147324891947793, 'STOP': 0.03890199578260285}",RETRY_LATER,138.63425341859298,SUCCESS,161.0,,0
PAY_008520,122,INSUFFICIENT_FUNDS,CUSTOMER,0,CUSTOMER,"{'RETRY_NOW': 0.2114413363435414, 'RETRY_LATER': 0.4816979814539636, 'SWITCH_METHOD': 0.6221001594418847, 'SEND_NOTIFICATION': 0.7666209796116631, 'STOP': 0.08928416407013183}",SEND_NOTIFICATION,93.5277595126229,SUCCESS,122.0,,0
PAY_005955,827,BLOCKED_METHOD,HARD,0,HARD,"{'RETRY_NOW': 0.0673615785526047, 'RETRY_LATER': 0.07605256498879168, 'SWITCH_METHOD': 0.18618297108081655, 'SEND_NOTIFICATION': 0.21599398153286256, 'STOP': 0.9860173335180904}",SEND_NOTIFICATION,178.62702272767734,FAILED,0.0,,0
PAY_005955,827,BLOCKED_METHOD,HARD,1,HARD,"{'RETRY_NOW': 0.0673615785526047, 'RETRY_LATER': 0.07605256498879168, 'SWITCH_METHOD': 0.18618297108081655, 'SEND_NOTIFICATION': 0.21599398153286256, 'STOP': 0.9860173335180904}",SEND_NOTIFICATION,178.62702272767734,SUCCESS,827.0,,1
PAY_000833,2025,INVALID_ACCOUNT,HARD,0,HARD,"{'RETRY_NOW': 0.04644112236744247, 'RETRY_LATER': 0.0554525293641778, 'SWITCH_METHOD': 0.12199487970538304, 'SEND_NOTIFICATION': 0.14286802422651704, 'STOP': 0.9899993156150864}",SEND_NOTIFICATION,289.307749058697,FAILED,0.0,,0
PAY_000833,2025,INVALID_ACCOUNT,HARD,1,HARD,"{'RETRY_NOW': 0.04644112236744247, 'RETRY_LATER': 0.0554525293641778, 'SWITCH_METHOD': 0.12199487970538304, 'SEND_NOTIFICATION': 0.14286802422651704, 'STOP': 0.9899993156150864}",SEND_NOTIFICATION,289.307749058697,FAILED,0.0,,1
PAY_000833,2025,INVALID_ACCOUNT,HARD,2,HARD,{},STOP,0.0,STOPPED,0.0,MAX_RETRIES_REACHED,2
PAY_003463,1312,BANK_TIMEOUT,TEMPORARY,0,TEMPORARY,"{'RETRY_NOW': 0.5737249575298882, 'RETRY_LATER': 0.8364737912659488, 'SWITCH_METHOD': 0.6291498179397597, 'SEND_NOTIFICATION': 0.21721758805919064, 'STOP': 0.018052695820066345}",RETRY_LATER,1097.4536141409249,SUCCESS,1312.0,,0
PAY_007644,164,INSUFFICIENT_FUNDS,CUSTOMER,0,CUSTOMER,"{'RETRY_NOW': 0.18076507156422347, 'RETRY_LATER': 0.43522889400142156, 'SWITCH_METHOD': 0.585133584330875, 'SEND_NOTIFICATION': 0.7159537830351016, 'STOP': 0.05264599782018359}",SEND_NOTIFICATION,117.41642041775667,SUCCESS,164.0,,0
PAY_000055,99,GATEWAY_TIMEOUT,TEMPORARY,0,TEMPORARY,"{'RETRY_NOW': 0.5233411097702672, 'RETRY_LATER': 0.8098308844171033, 'SWITCH_METHOD': 0.6107567989746907, 'SEND_NOTIFICATION': 0.19616430326267012, 'STOP': 0.010556356424544939}",RETRY_LATER,80.17325755729323,SUCCESS,99.0,,0
PAY_003452,570,BANK_TIMEOUT,TEMPORARY,0,TEMPORARY,"{'RETRY_NOW': 0.5522664395398048, 'RETRY_LATER': 0.8211778010468687, 'SWITCH_METHOD': 0.610289564634102, 'SEND_NOTIFICATION': 0.19976126462287397, 'STOP': 0.0014956926438394061}",RETRY_LATER,468.07134659671516,FAILED,0.0,,0
PAY_003452,570,BANK_TIMEOUT,TEMPORARY,1,TEMPORARY,"{'RETRY_NOW': 0.5522664395398048, 'RETRY_LATER': 0.8211778010468687, 'SWITCH_METHOD': 0.610289564634102, 'SEND_NOTIFICATION': 0.19976126462287397, 'STOP': 0.0014956926438394061}",RETRY_LATER,468.07134659671516,FAILED,0.0,,1
PAY_003452,570,BANK_TIMEOUT,TEMPORARY,2,TEMPORARY,{},STOP,0.0,STOPPED,0.0,MAX_RETRIES_REACHED,2
PAY_006306,771,INSUFFICIENT_FUNDS,CUSTOMER,0,CUSTOMER,"{'RETRY_NOW': 0.21061861847559038, 'RETRY_LATER': 0.46974603578842017, 'SWITCH_METHOD': 0.6077841918763998, 'SEND_NOTIFICATION': 0.7457884715045082, 'STOP': 0.07619722043345235}",SEND_NOTIFICATION,575.0029115299758,FAILED,0.0,,0
PAY_006306,771,INSUFFICIENT_FUNDS,CUSTOMER,1,CUSTOMER,"{'RETRY_NOW': 0.21061861847559038, 'RETRY_LATER': 0.46974603578842017, 'SWITCH_METHOD': 0.6077841918763998, 'SEND_NOTIFICATION': 0.7457884715045082, 'STOP': 0.07619722043345235}",SEND_NOTIFICATION,575.0029115299758,SUCCESS,771.0,,1
PAY_001482,779,BANK_TIMEOUT,TEMPORARY,0,TEMPORARY,"{'RETRY_NOW': 0.5624450626343493, 'RETRY_LATER': 0.8319800725861933, 'SWITCH_METHOD': 0.617283079418032, 'SEND_NOTIFICATION': 0.21007162124688525, 'STOP': 0.010499523380395035}",RETRY_LATER,648.1124765446446,SUCCESS,779.0,,0
PAY_004874,163,AUTHENTICATION_FAILED,CUSTOMER,0,CUSTOMER,"{'RETRY_NOW': 0.38599673826845793, 'RETRY_LATER': 0.5456828603108634, 'SWITCH_METHOD': 0.4650705063886304, 'SEND_NOTIFICATION': 0.6498692801717164, 'STOP': 0.14362370670984778}",SEND_NOTIFICATION,105.92869266798978,SUCCESS,163.0,,0
PAY_008039,540,GATEWAY_TIMEOUT,TEMPORARY,0,TEMPORARY,"{'RETRY_NOW': 0.5195307688555612, 'RETRY_LATER': 0.8021628650867205, 'SWITCH_METHOD': 0.6028354963385155, 'SEND_NOTIFICATION': 0.1887692332659307, 'STOP': 0.0045560532248368835}",RETRY_LATER,433.1679471468291,SUCCESS,540.0,,0
PAY_003336,148,NETWORK_ERROR,TEMPORARY,0,TEMPORARY,"{'RETRY_NOW': 0.5150670983368959, 'RETRY_LATER': 0.7842063232446957, 'SWITCH_METHOD': 0.6120497232353374, 'SEND_NOTIFICATION': 0.18082735999393668, 'STOP': 0.032681559546687576}",RETRY_LATER,116.06253584021498,SUCCESS,148.0,,0
PAY_006017,9038,LIMIT_EXCEEDED,CUSTOMER,0,CUSTOMER,"{'RETRY_NOW': 0.24046848018714542, 'RETRY_LATER': 0.4117783181581418, 'SWITCH_METHOD': 0.514655719302398, 'SEND_NOTIFICATION': 0.6021239268200854, 'STOP': 0.11263699966310457}",SEND_NOTIFICATION,5441.9960505999325,FAILED,0.0,,0
PAY_006017,9038,LIMIT_EXCEEDED,CUSTOMER,1,CUSTOMER,"{'RETRY_NOW': 0.24046848018714542, 'RETRY_LATER': 0.4117783181581418, 'SWITCH_METHOD': 0.514655719302398, 'SEND_NOTIFICATION': 0.6021239268200854, 'STOP': 0.11263699966310457}",SEND_NOTIFICATION,5441.9960505999325,SUCCESS,9038.0,,1
PAY_004927,438,UPI_TECHNICAL_ERROR,TEMPORARY,0,TEMPORARY,"{'RETRY_NOW': 0.5110772229262469, 'RETRY_LATER': 0.8008764824810973, 'SWITCH_METHOD': 0.6675824069497995, 'SEND_NOTIFICATION': 0.1983825398301838, 'STOP': 0.021206551698736024}",RETRY_LATER,350.78389932672064,FAILED,0.0,,0
PAY_004927,438,UPI_TECHNICAL_ERROR,TEMPORARY,1,TEMPORARY,"{'RETRY_NOW': 0.5110772229262469, 'RETRY_LATER': 0.8008764824810973, 'SWITCH_METHOD': 0.6675824069497995, 'SEND_NOTIFICATION': 0.1983825398301838, 'STOP': 0.021206551698736024}",RETRY_LATER,350.78389932672064,FAILED,0.0,,1
PAY_004927,438,UPI_TECHNICAL_ERROR,TEMPORARY,2,TEMPORARY,{},STOP,0.0,STOPPED,0.0,MAX_RETRIES_REACHED,2
PAY_005798,99,INSUFFICIENT_FUNDS,CUSTOMER,0,CUSTOMER,"{'RETRY_NOW': 0.2102122615955355, 'RETRY_LATER': 0.46889637936991696, 'SWITCH_METHOD': 0.6046750058587255, 'SEND_NOTIFICATION': 0.7488416374981446, 'STOP': 0.0797179975048469}",SEND_NOTIFICATION,74.13532211231632,FAILED,0.0,,0
PAY_005798,99,INSUFFICIENT_FUNDS,CUSTOMER,1,CUSTOMER,"{'RETRY_NOW': 0.2102122615955355, 'RETRY_LATER': 0.46889637936991696, 'SWITCH_METHOD': 0.6046750058587255, 'SEND_NOTIFICATION': 0.7488416374981446, 'STOP': 0.0797179975048469}",SEND_NOTIFICATION,74.13532211231632,FAILED,0.0,,1
PAY_005798,99,INSUFFICIENT_FUNDS,CUSTOMER,2,CUSTOMER,{},STOP,0.0,STOPPED,0.0,MAX_RETRIES_REACHED,2
PAY_009832,282,GATEWAY_TIMEOUT,TEMPORARY,0,TEMPORARY,"{'RETRY_NOW': 0.5677304295722985, 'RETRY_LATER': 0.8440388405112508, 'SWITCH_METHOD': 0.6442872333247875, 'SEND_NOTIFICATION': 0.21869849130503174, 'STOP': 0.04348779568859494}",RETRY_LATER,238.01895302417273,SUCCESS,282.0,,0
PAY_005084,388,BANK_TIMEOUT,TEMPORARY,0,TEMPORARY,"{'RETRY_NOW': 0.5696330875458853, 'RETRY_LATER': 0.835896994338851, 'SWITCH_METHOD': 0.6267842313168004, 'SEND_NOTIFICATION': 0.21369597636977036, 'STOP': 0.016458093859235613}",RETRY_LATER,324.32803380347417,SUCCESS,388.0,,0
PAY_006646,1310,GATEWAY_TIMEOUT,TEMPORARY,0,TEMPORARY,"{'RETRY_NOW': 0.5305124918837583, 'RETRY_LATER': 0.8154658479514914, 'SWITCH_METHOD': 0.6208221579900054, 'SEND_NOTIFICATION': 0.20336733053742942, 'STOP': 0.01829119490493792}",RETRY_LATER,1068.2602608164536,SUCCESS,1310.0,,0
PAY_005491,268,NETWORK_ERROR,TEMPORARY,0,TEMPORARY,"{'RETRY_NOW': 0.5003481664705942, 'RETRY_LATER': 0.7668000316384543, 'SWITCH_METHOD': 0.6034187882708808, 'SEND_NOTIFICATION': 0.16791702795491556, 'STOP': 0.018012261349316813}",RETRY_LATER,205.50240847910575,SUCCESS,268.0,,0
PAY_000769,249,GATEWAY_TIMEOUT,TEMPORARY,0,TEMPORARY,"{'RETRY_NOW': 0.5646849063579514, 'RETRY_LATER': 0.8412523188692911, 'SWITCH_METHOD': 0.6435046382327875, 'SEND_NOTIFICATION': 0.2219977593202257, 'STOP': 0.04219528179284342}",RETRY_LATER,209.47182739845348,SUCCESS,249.0,,0
PAY_002066,597,NETWORK_ERROR,TEMPORARY,0,TEMPORARY,"{'RETRY_NOW': 0.49319377289569144, 'RETRY_LATER': 0.7624155429371483, 'SWITCH_METHOD': 0.597276897543849, 'SEND_NOTIFICATION': 0.16343246369134215, 'STOP': 0.011937850817150302}",RETRY_LATER,455.16207913347756,SUCCESS,597.0,,0
PAY_009501,543,LIMIT_EXCEEDED,CUSTOMER,0,CUSTOMER,"{'RETRY_NOW': 0.23323541217939237, 'RETRY_LATER': 0.3956921176590515, 'SWITCH_METHOD': 0.5001668567179068, 'SEND_NOTIFICATION': 0.5569747122842366, 'STOP': 0.09297751449736351}",SEND_NOTIFICATION,302.43726877034044,FAILED,0.0,,0
PAY_009501,543,LIMIT_EXCEEDED,CUSTOMER,1,CUSTOMER,"{'RETRY_NOW': 0.23323541217939237, 'RETRY_LATER': 0.3956921176590515, 'SWITCH_METHOD': 0.5001668567179068, 'SEND_NOTIFICATION': 0.5569747122842366, 'STOP': 0.09297751449736351}",SEND_NOTIFICATION,302.43726877034044,SUCCESS,543.0,,1
PAY_007312,1303,CUSTOMER_DECLINED,TEMPORARY,0,TEMPORARY,"{'RETRY_NOW': 0.4399673825819797, 'RETRY_LATER': 0.7470754368958552, 'SWITCH_METHOD': 0.5834978466683823, 'SEND_NOTIFICATION': 0.21622850411482722, 'STOP': 0.0063581393049793435}",RETRY_LATER,973.4392942752993,FAILED,0.0,,0
PAY_007312,1303,CUSTOMER_DECLINED,TEMPORARY,1,TEMPORARY,"{'RETRY_NOW': 0.4399673825819797, 'RETRY_LATER': 0.7470754368958552, 'SWITCH_METHOD': 0.5834978466683823, 'SEND_NOTIFICATION': 0.21622850411482722, 'STOP': 0.0063581393049793435}",RETRY_LATER,973.4392942752993,FAILED,0.0,,1
PAY_007312,1303,CUSTOMER_DECLINED,TEMPORARY,2,TEMPORARY,{},STOP,0.0,STOPPED,0.0,MAX_RETRIES_REACHED,2
PAY_008478,2988,BANK_TIMEOUT,TEMPORARY,0,TEMPORARY,"{'RETRY_NOW': 0.5511778866468485, 'RETRY_LATER': 0.822032345782785, 'SWITCH_METHOD': 0.6114504793744828, 'SEND_NOTIFICATION': 0.2026232680982858, 'STOP': 0.0029976924631428445}",RETRY_LATER,2456.2326491989616,SUCCESS,2988.0,,0
PAY_004525,1450,BANK_TIMEOUT,TEMPORARY,0,TEMPORARY,"{'RETRY_NOW': 0.5849013246583841, 'RETRY_LATER': 0.8531274506320325, 'SWITCH_METHOD': 0.642861702039728, 'SEND_NOTIFICATION': 0.23214446660573096, 'STOP': 0.03285377588910976}",RETRY_LATER,1237.0348034164472,SUCCESS,1450.0,,0
PAY_002718,744,UPI_TECHNICAL_ERROR,TEMPORARY,0,TEMPORARY,"{'RETRY_NOW': 0.502720830729119, 'RETRY_LATER': 0.7819956868934353, 'SWITCH_METHOD': 0.6500310676782893, 'SEND_NOTIFICATION': 0.1773421125833555, 'STOP': 0.0030439231667800156}",RETRY_LATER,581.8047910487159,SUCCESS,744.0,,0
PAY_002080,159,BLOCKED_METHOD,HARD,0,HARD,"{'RETRY_NOW': 0.06159152725726029, 'RETRY_LATER': 0.0712142444777093, 'SWITCH_METHOD': 0.18042374788069607, 'SEND_NOTIFICATION': 0.20906685566948038, 'STOP': 0.9815978057686076}",SEND_NOTIFICATION,33.24163005144738,FAILED,0.0,,0
PAY_002080,159,BLOCKED_METHOD,HARD,1,HARD,"{'RETRY_NOW': 0.06159152725726029, 'RETRY_LATER': 0.0712142444777093, 'SWITCH_METHOD': 0.18042374788069607, 'SEND_NOTIFICATION': 0.20906685566948038, 'STOP': 0.9815978057686076}",SEND_NOTIFICATION,33.24163005144738,SUCCESS,159.0,,1
PAY_008915,536,BANK_TIMEOUT,TEMPORARY,0,TEMPORARY,"{'RETRY_NOW': 0.5901690544587485, 'RETRY_LATER': 0.8572548944418964, 'SWITCH_METHOD': 0.6445748920528869, 'SEND_NOTIFICATION': 0.23419297675421302, 'STOP': 0.035799839628748165}",RETRY_LATER,459.48862342085647,SUCCESS,536.0,,0
PAY_000952,1742,GATEWAY_TIMEOUT,TEMPORARY,0,TEMPORARY,"{'RETRY_NOW': 0.5273209488770064, 'RETRY_LATER': 0.8118416227451749, 'SWITCH_METHOD': 0.6142998643674613, 'SEND_NOTIFICATION': 0.19803510160242946, 'STOP': 0.01365748145960463}",RETRY_LATER,1414.2281068220948,SUCCESS,1742.0,,0
PAY_008059,4612,GATEWAY_TIMEOUT,TEMPORARY,0,TEMPORARY,"{'RETRY_NOW': 0.5305124918837583, 'RETRY_LATER': 0.8154658479514914, 'SWITCH_METHOD': 0.6208221579900054, 'SEND_NOTIFICATION': 0.20336733053742942, 'STOP': 0.01829119490493792}",RETRY_LATER,3760.9284907522783,SUCCESS,4612.0,,0
PAY_002483,3625,UPI_TECHNICAL_ERROR,TEMPORARY,0,TEMPORARY,"{'RETRY_NOW': 0.49388905145614015, 'RETRY_LATER': 0.776409956848534, 'SWITCH_METHOD': 0.6426492557730693, 'SEND_NOTIFICATION': 0.16878475685669006, 'STOP': 0.0010112114277378112}",RETRY_LATER,2814.4860935759357,SUCCESS,3625.0,,0
PAY_001760,10272,AUTHENTICATION_FAILED,CUSTOMER,0,CUSTOMER,"{'RETRY_NOW': 0.3461820783485191, 'RETRY_LATER': 0.4964371588078376, 'SWITCH_METHOD': 0.42364892479987487, 'SEND_NOTIFICATION': 0.6019506175029296, 'STOP': 0.10036895361227754}",SEND_NOTIFICATION,6183.236742990092,FAILED,0.0,,0
PAY_001760,10272,AUTHENTICATION_FAILED,CUSTOMER,1,CUSTOMER,"{'RETRY_NOW': 0.3461820783485191, 'RETRY_LATER': 0.4964371588078376, 'SWITCH_METHOD': 0.42364892479987487, 'SEND_NOTIFICATION': 0.6019506175029296, 'STOP': 0.10036895361227754}",SEND_NOTIFICATION,6183.236742990092,SUCCESS,10272.0,,1
PAY_004423,745,INSUFFICIENT_FUNDS,CUSTOMER,0,CUSTOMER,"{'RETRY_NOW': 0.1798982304722809, 'RETRY_LATER': 0.4326186751213166, 'SWITCH_METHOD': 0.5877753038073465, 'SEND_NOTIFICATION': 0.7137877886959354, 'STOP': 0.05031981256751793}",SEND_NOTIFICATION,531.7719025784719,SUCCESS,745.0,,0
PAY_006705,1467,AUTHENTICATION_FAILED,CUSTOMER,0,CUSTOMER,"{'RETRY_NOW': 0.3701544657660245, 'RETRY_LATER': 0.5150705684185359, 'SWITCH_METHOD': 0.4415790206128863, 'SEND_NOTIFICATION': 0.6201702114790499, 'STOP': 0.11965647636795643}",SEND_NOTIFICATION,909.7897002397663,FAILED,0.0,,0
PAY_006705,1467,AUTHENTICATION_FAILED,CUSTOMER,1,CUSTOMER,"{'RETRY_NOW': 0.3701544657660245, 'RETRY_LATER': 0.5150705684185359, 'SWITCH_METHOD': 0.4415790206128863, 'SEND_NOTIFICATION': 0.6201702114790499, 'STOP': 0.11965647636795643}",SEND_NOTIFICATION,909.7897002397663,SUCCESS,1467.0,,1
PAY_005183,1232,INSUFFICIENT_FUNDS,CUSTOMER,0,CUSTOMER,"{'RETRY_NOW': 0.21912422395505574, 'RETRY_LATER': 0.48444381767143446, 'SWITCH_METHOD': 0.6244683876838839, 'SEND_NOTIFICATION': 0.7700041913272311, 'STOP': 0.09054291564980634}",SEND_NOTIFICATION,948.6451637151487,SUCCESS,1232.0,,0
PAY_008534,823,BANK_TIMEOUT,TEMPORARY,0,TEMPORARY,"{'RETRY_NOW': 0.5978890604380045, 'RETRY_LATER': 0.8621506012643568, 'SWITCH_METHOD': 0.6541276875281906, 'SEND_NOTIFICATION': 0.24079583174282118, 'STOP': 0.04347481316962946}",RETRY_LATER,709.5499448405657,SUCCESS,823.0,,0
PAY_003702,4745,UPI_TECHNICAL_ERROR,TEMPORARY,0,TEMPORARY,"{'RETRY_NOW': 0.5044488188618932, 'RETRY_LATER': 0.7940079439585197, 'SWITCH_METHOD': 0.6615535931941101, 'SEND_NOTIFICATION': 0.18915010044264607, 'STOP': 0.01513305685696593}",RETRY_LATER,3767.567694083176,SUCCESS,4745.0,,0
PAY_004244,1907,INVALID_ACCOUNT,HARD,0,HARD,"{'RETRY_NOW': 0.029794588844774237, 'RETRY_LATER': 0.03971130341881873, 'SWITCH_METHOD': 0.10379022618304005, 'SEND_NOTIFICATION': 0.1319722038086969, 'STOP': 0.9896669846778916}",SEND_NOTIFICATION,251.670992663185,FAILED,0.0,,0
PAY_004244,1907,INVALID_ACCOUNT,HARD,1,HARD,"{'RETRY_NOW': 0.029794588844774237, 'RETRY_LATER': 0.03971130341881873, 'SWITCH_METHOD': 0.10379022618304005, 'SEND_NOTIFICATION': 0.1319722038086969, 'STOP': 0.9896669846778916}",SEND_NOTIFICATION,251.670992663185,FAILED,0.0,,1
PAY_004244,1907,INVALID_ACCOUNT,HARD,2,HARD,{},STOP,0.0,STOPPED,0.0,MAX_RETRIES_REACHED,2
PAY_000689,2191,GATEWAY_TIMEOUT,TEMPORARY,0,TEMPORARY,"{'RETRY_NOW': 0.5677304295722985, 'RETRY_LATER': 0.8440388405112508, 'SWITCH_METHOD': 0.6442872333247875, 'SEND_NOTIFICATION': 0.21869849130503174, 'STOP': 0.04348779568859494}",RETRY_LATER,1849.2890995601504,SUCCESS,2191.0,,0
PAY_003433,1240,BANK_TIMEOUT,TEMPORARY,0,TEMPORARY,"{'RETRY_NOW': 0.5901690544587485, 'RETRY_LATER': 0.8572548944418964, 'SWITCH_METHOD': 0.6445748920528869, 'SEND_NOTIFICATION': 0.23419297675421302, 'STOP': 0.035799839628748165}",RETRY_LATER,1062.9960691079516,SUCCESS,1240.0,,0
PAY_004945,880,INSUFFICIENT_FUNDS,CUSTOMER,0,CUSTOMER,"{'RETRY_NOW': 0.21539550308731886, 'RETRY_LATER': 0.4896145927725433, 'SWITCH_METHOD': 0.6253318452430843, 'SEND_NOTIFICATION': 0.7652837896913456, 'STOP': 0.08965558951181045}",SEND_NOTIFICATION,673.4497349283841,SUCCESS,880.0,,0
PAY_000967,220,NETWORK_ERROR,TEMPORARY,0,TEMPORARY,"{'RETRY_NOW': 0.499213912852919, 'RETRY_LATER': 0.7727605217045811, 'SWITCH_METHOD': 0.6053534519676705, 'SEND_NOTIFICATION': 0.17077255845876768, 'STOP': 0.021031801370860685}",RETRY_LATER,170.00731477500784,SUCCESS,220.0,,0
PAY_009485,102,BANK_TIMEOUT,TEMPORARY,0,TEMPORARY,"{'RETRY_NOW': 0.5517356481386309, 'RETRY_LATER': 0.8201610894154179, 'SWITCH_METHOD': 0.6079514907183527, 'SEND_NOTIFICATION': 0.19865920406322554, 'STOP': 0.0010042994249323369}",RETRY_LATER,83.65643112037262,SUCCESS,102.0,,0
PAY_002714,591,BLOCKED_METHOD,HARD,0,HARD,"{'RETRY_NOW': 0.055652368203661935, 'RETRY_LATER': 0.064945511606514, 'SWITCH_METHOD': 0.17403787585458017, 'SEND_NOTIFICATION': 0.2047987602452302, 'STOP': 0.9755197130250365}",SEND_NOTIFICATION,121.03606730493104,FAILED,0.0,,0
PAY_002714,591,BLOCKED_METHOD,HARD,1,HARD,"{'RETRY_NOW': 0.055652368203661935, 'RETRY_LATER': 0.064945511606514, 'SWITCH_METHOD': 0.17403787585458017, 'SEND_NOTIFICATION': 0.2047987602452302, 'STOP': 0.9755197130250365}",SEND_NOTIFICATION,121.03606730493104,FAILED,0.0,,1
PAY_002714,591,BLOCKED_METHOD,HARD,2,HARD,{},STOP,0.0,STOPPED,0.0,MAX_RETRIES_REACHED,2
PAY_004758,626,UPI_TECHNICAL_ERROR,TEMPORARY,0,TEMPORARY,"{'RETRY_NOW': 0.5224085658861238, 'RETRY_LATER': 0.8073742093046153, 'SWITCH_METHOD': 0.6780683088771787, 'SEND_NOTIFICATION': 0.20007465488102727, 'STOP': 0.02895635323938477}",RETRY_LATER,505.4162550246892,SUCCESS,626.0,,0
PAY_009546,132,BANK_TIMEOUT,TEMPORARY,0,TEMPORARY,"{'RETRY_NOW': 0.5952818958789751, 'RETRY_LATER': 0.8610823193701427, 'SWITCH_METHOD': 0.6473974870381346, 'SEND_NOTIFICATION': 0.23147324891947793, 'STOP': 0.03890199578260285}",RETRY_LATER,113.66286615685884,SUCCESS,132.0,,0
PAY_006321,431,AUTHENTICATION_FAILED,CUSTOMER,0,CUSTOMER,"{'RETRY_NOW': 0.3701544657660245, 'RETRY_LATER': 0.5150705684185359, 'SWITCH_METHOD': 0.441005734935916, 'SEND_NOTIFICATION': 0.6201702114790499, 'STOP': 0.11773814545150076}",SEND_NOTIFICATION,267.29336114747053,SUCCESS,431.0,,0
PAY_005976,4801,BLOCKED_METHOD,HARD,0,HARD,"{'RETRY_NOW': 0.047911409043583465, 'RETRY_LATER': 0.058394893745702954, 'SWITCH_METHOD': 0.1677714106338379, 'SEND_NOTIFICATION': 0.1986781068507305, 'STOP': 0.9695528615911335}",SEND_NOTIFICATION,953.8535909903571,FAILED,0.0,,0
PAY_005976,4801,BLOCKED_METHOD,HARD,1,HARD,"{'RETRY_NOW': 0.047911409043583465, 'RETRY_LATER': 0.058394893745702954, 'SWITCH_METHOD': 0.1677714106338379, 'SEND_NOTIFICATION': 0.1986781068507305, 'STOP': 0.9695528615911335}",SEND_NOTIFICATION,953.8535909903571,SUCCESS,4801.0,,1
PAY_003573,4540,BANK_TIMEOUT,TEMPORARY,0,TEMPORARY,"{'RETRY_NOW': 0.5760026385441538, 'RETRY_LATER': 0.8481138177475984, 'SWITCH_METHOD': 0.6353097701479866, 'SEND_NOTIFICATION': 0.22707899959391206, 'STOP': 0.02702637440004829}",RETRY_LATER,3850.436732574097,SUCCESS,4540.0,,0
PAY_005300,798,INSUFFICIENT_FUNDS,CUSTOMER,0,CUSTOMER,"{'RETRY_NOW': 0.197970589242154, 'RETRY_LATER': 0.4510106641070189, 'SWITCH_METHOD': 0.5935190086034701, 'SEND_NOTIFICATION': 0.7247901993565987, 'STOP': 0.06085302969682901}",SEND_NOTIFICATION,578.3825790865658,SUCCESS,798.0,,0
PAY_001991,1913,UPI_TECHNICAL_ERROR,TEMPORARY,0,TEMPORARY,"{'RETRY_NOW': 0.506734574675427, 'RETRY_LATER': 0.7938554373404992, 'SWITCH_METHOD': 0.6630903100571852, 'SEND_NOTIFICATION': 0.1916913411466118, 'STOP': 0.016558260453445862}",RETRY_LATER,1518.645451632375,SUCCESS,1913.0,,0
PAY_001206,1185,CARD_EXPIRED,CUSTOMER,0,CUSTOMER,"{'RETRY_NOW': 0.08527828923736423, 'RETRY_LATER': 0.1277042494059501, 'SWITCH_METHOD': 0.5499756886889968, 'SEND_NOTIFICATION': 0.6492244992891623, 'STOP': 0.15299417235385793}",SEND_NOTIFICATION,769.3310316576573,FAILED,0.0,,0
PAY_001206,1185,CARD_EXPIRED,CUSTOMER,1,CUSTOMER,"{'RETRY_NOW': 0.08527828923736423, 'RETRY_LATER': 0.1277042494059501, 'SWITCH_METHOD': 0.5499756886889968, 'SEND_NOTIFICATION': 0.6492244992891623, 'STOP': 0.15299417235385793}",SEND_NOTIFICATION,769.3310316576573,SUCCESS,1185.0,,1
PAY_004972,3938,UPI_TECHNICAL_ERROR,TEMPORARY,0,TEMPORARY,"{'RETRY_NOW': 0.5110772229262469, 'RETRY_LATER': 0.8008764824810973, 'SWITCH_METHOD': 0.6675824069497995, 'SEND_NOTIFICATION': 0.1983825398301838, 'STOP': 0.021206551698736024}",RETRY_LATER,3153.8515880105615,SUCCESS,3938.0,,0
PAY_006784,664,BANK_TIMEOUT,TEMPORARY,0,TEMPORARY,"{'RETRY_NOW': 0.5485501018429818, 'RETRY_LATER': 0.8278252880358226, 'SWITCH_METHOD': 0.6160730048575507, 'SEND_NOTIFICATION': 0.20748237964013003, 'STOP': 0.006008559936693242}",RETRY_LATER,549.6759912557861,SUCCESS,664.0,,0
PAY_003601,2914,LIMIT_EXCEEDED,CUSTOMER,0,CUSTOMER,"{'RETRY_NOW': 0.2412116452595457, 'RETRY_LATER': 0.4083432848362429, 'SWITCH_METHOD': 0.5105835404293677, 'SEND_NOTIFICATION': 0.5932698100305471, 'STOP': 0.10960263835191332}",SEND_NOTIFICATION,1728.7882264290142,SUCCESS,2914.0,,0
PAY_006491,272,INVALID_ACCOUNT,HARD,0,HARD,"{'RETRY_NOW': 0.051085694246313436, 'RETRY_LATER': 0.06098288946177725, 'SWITCH_METHOD': 0.1273084436456885, 'SEND_NOTIFICATION': 0.14492843980996636, 'STOP': 0.99}",SEND_NOTIFICATION,39.42053562831085,FAILED,0.0,,0
PAY_006491,272,INVALID_ACCOUNT,HARD,1,HARD,"{'RETRY_NOW': 0.051085694246313436, 'RETRY_LATER': 0.06098288946177725, 'SWITCH_METHOD': 0.1273084436456885, 'SEND_NOTIFICATION': 0.14492843980996636, 'STOP': 0.99}",SEND_NOTIFICATION,39.42053562831085,FAILED,0.0,,1
PAY_006491,272,INVALID_ACCOUNT,HARD,2,HARD,{},STOP,0.0,STOPPED,0.0,MAX_RETRIES_REACHED,2
PAY_008610,99,LIMIT_EXCEEDED,CUSTOMER,0,CUSTOMER,"{'RETRY_NOW': 0.24046848018714542, 'RETRY_LATER': 0.4117783181581418, 'SWITCH_METHOD': 0.514655719302398, 'SEND_NOTIFICATION': 0.6021239268200854, 'STOP': 0.11263699966310457}",SEND_NOTIFICATION,59.61026875518846,SUCCESS,99.0,,0
PAY_009979,3124,INSUFFICIENT_FUNDS,CUSTOMER,0,CUSTOMER,"{'RETRY_NOW': 0.17934593907799906, 'RETRY_LATER': 0.43074434019305063, 'SWITCH_METHOD': 0.5828660771875396, 'SEND_NOTIFICATION': 0.7093710001511813, 'STOP': 0.047858204585953905}",SEND_NOTIFICATION,2216.0750044722904,SUCCESS,3124.0,,0
PAY_008071,269,INSUFFICIENT_FUNDS,CUSTOMER,0,CUSTOMER,"{'RETRY_NOW': 0.1713713136681697, 'RETRY_LATER': 0.42742902401621696, 'SWITCH_METHOD': 0.5787283812160907, 'SEND_NOTIFICATION': 0.7147282448488866, 'STOP': 0.04634622451823712}",SEND_NOTIFICATION,192.26189786435052,SUCCESS,269.0,,0
PAY_008578,511,BANK_TIMEOUT,TEMPORARY,0,TEMPORARY,"{'RETRY_NOW': 0.5780061904791973, 'RETRY_LATER': 0.8531322867174927, 'SWITCH_METHOD': 0.6423667953759395, 'SEND_NOTIFICATION': 0.23106464820244738, 'STOP': 0.03150091080640833}",RETRY_LATER,435.9505985126388,SUCCESS,511.0,,0
PAY_007974,509,BANK_TIMEOUT,TEMPORARY,0,TEMPORARY,"{'RETRY_NOW': 0.5841704094432499, 'RETRY_LATER': 0.8504659739531624, 'SWITCH_METHOD': 0.6397868942063464, 'SEND_NOTIFICATION': 0.22854201803188318, 'STOP': 0.03000694746721721}",RETRY_LATER,432.88718074215967,SUCCESS,509.0,,0
PAY_001626,635,INSUFFICIENT_FUNDS,CUSTOMER,0,CUSTOMER,"{'RETRY_NOW': 0.20356664227828297, 'RETRY_LATER': 0.4711957501405762, 'SWITCH_METHOD': 0.6060141885505025, 'SEND_NOTIFICATION': 0.7374314275118824, 'STOP': 0.07240685230195118}",SEND_NOTIFICATION,468.26895647004534,FAILED,0.0,,0
PAY_001626,635,INSUFFICIENT_FUNDS,CUSTOMER,1,CUSTOMER,"{'RETRY_NOW': 0.20356664227828297, 'RETRY_LATER': 0.4711957501405762, 'SWITCH_METHOD': 0.6060141885505025, 'SEND_NOTIFICATION': 0.7374314275118824, 'STOP': 0.07240685230195118}",SEND_NOTIFICATION,468.26895647004534,SUCCESS,635.0,,1
PAY_000537,136,GATEWAY_TIMEOUT,TEMPORARY,0,TEMPORARY,"{'RETRY_NOW': 0.5149614404804004, 'RETRY_LATER': 0.807829639409678, 'SWITCH_METHOD': 0.6076755041347341, 'SEND_NOTIFICATION': 0.19413146089991365, 'STOP': 0.007559616576496005}",RETRY_LATER,109.86483095971622,FAILED,0.0,,0
PAY_000537,136,GATEWAY_TIMEOUT,TEMPORARY,1,TEMPORARY,"{'RETRY_NOW': 0.5149614404804004, 'RETRY_LATER': 0.807829639409678, 'SWITCH_METHOD': 0.6076755041347341, 'SEND_NOTIFICATION': 0.19413146089991365, 'STOP': 0.007559616576496005}",RETRY_LATER,109.86483095971622,SUCCESS,136.0,,1
PAY_008767,311,NETWORK_ERROR,TEMPORARY,0,TEMPORARY,"{'RETRY_NOW': 0.5221493806498482, 'RETRY_LATER': 0.7900524144841858, 'SWITCH_METHOD': 0.6162453359984201, 'SEND_NOTIFICATION': 0.18465808618273105, 'STOP': 0.03734888435863067}",RETRY_LATER,245.7063009045818,FAILED,0.0,,0
PAY_008767,311,NETWORK_ERROR,TEMPORARY,1,TEMPORARY,"{'RETRY_NOW': 0.5221493806498482, 'RETRY_LATER': 0.7900524144841858, 'SWITCH_METHOD': 0.6162453359984201, 'SEND_NOTIFICATION': 0.18465808618273105, 'STOP': 0.03734888435863067}",RETRY_LATER,245.7063009045818,SUCCESS,311.0,,1
PAY_007971,1017,CARD_EXPIRED,CUSTOMER,0,CUSTOMER,"{'RETRY_NOW': 0.09415795569259248, 'RETRY_LATER': 0.14029650212518407, 'SWITCH_METHOD': 0.5673376532474599, 'SEND_NOTIFICATION': 0.6601268791849643, 'STOP': 0.16454866634980778}",SEND_NOTIFICATION,671.3490361311086,SUCCESS,1017.0,,0
PAY_004213,416,BLOCKED_METHOD,HARD,0,HARD,"{'RETRY_NOW': 0.06945815175154763, 'RETRY_LATER': 0.07977362580471634, 'SWITCH_METHOD': 0.19200065866265378, 'SEND_NOTIFICATION': 0.22192710670363056, 'STOP': 0.9899605190974043}",SEND_NOTIFICATION,92.32167638871032,FAILED,0.0,,0
PAY_004213,416,BLOCKED_METHOD,HARD,1,HARD,"{'RETRY_NOW': 0.06945815175154763, 'RETRY_LATER': 0.07977362580471634, 'SWITCH_METHOD': 0.19200065866265378, 'SEND_NOTIFICATION': 0.22192710670363056, 'STOP': 0.9899605190974043}",SEND_NOTIFICATION,92.32167638871032,FAILED,0.0,,1
PAY_004213,416,BLOCKED_METHOD,HARD,2,HARD,{},STOP,0.0,STOPPED,0.0,MAX_RETRIES_REACHED,2
PAY_006457,3879,BANK_TIMEOUT,TEMPORARY,0,TEMPORARY,"{'RETRY_NOW': 0.5737249575298882, 'RETRY_LATER': 0.8385408547895308, 'SWITCH_METHOD': 0.6291498179397597, 'SEND_NOTIFICATION': 0.21721758805919064, 'STOP': 0.019306697773583903}",RETRY_LATER,3252.69997572859,SUCCESS,3879.0,,0
PAY_003508,99,INSUFFICIENT_FUNDS,CUSTOMER,0,CUSTOMER,"{'RETRY_NOW': 0.1798982304722809, 'RETRY_LATER': 0.4326186751213166, 'SWITCH_METHOD': 0.5877753038073465, 'SEND_NOTIFICATION': 0.7137877886959354, 'STOP': 0.05031981256751793}",SEND_NOTIFICATION,70.66499108089761,FAILED,0.0,,0
PAY_003508,99,INSUFFICIENT_FUNDS,CUSTOMER,1,CUSTOMER,"{'RETRY_NOW': 0.1798982304722809, 'RETRY_LATER': 0.4326186751213166, 'SWITCH_METHOD': 0.5877753038073465, 'SEND_NOTIFICATION': 0.7137877886959354, 'STOP': 0.05031981256751793}",SEND_NOTIFICATION,70.66499108089761,SUCCESS,99.0,,1
PAY_008394,569,INSUFFICIENT_FUNDS,CUSTOMER,0,CUSTOMER,"{'RETRY_NOW': 0.20356664227828297, 'RETRY_LATER': 0.4711957501405762, 'SWITCH_METHOD': 0.6060141885505025, 'SEND_NOTIFICATION': 0.7374314275118824, 'STOP': 0.07240685230195118}",SEND_NOTIFICATION,419.59848225426106,SUCCESS,569.0,,0
PAY_007113,362,GATEWAY_TIMEOUT,TEMPORARY,0,TEMPORARY,"{'RETRY_NOW': 0.5507707544914408, 'RETRY_LATER': 0.8316800659803456, 'SWITCH_METHOD': 0.6339064213442815, 'SEND_NOTIFICATION': 0.21481558554396052, 'STOP': 0.0330674011709359}",RETRY_LATER,301.0681838848851,SUCCESS,362.0,,0
PAY_002709,660,AUTHENTICATION_FAILED,CUSTOMER,0,CUSTOMER,"{'RETRY_NOW': 0.3625677276457382, 'RETRY_LATER': 0.4994617340546077, 'SWITCH_METHOD': 0.42858940253193945, 'SEND_NOTIFICATION': 0.6031826890117266, 'STOP': 0.10563627168477294}",SEND_NOTIFICATION,398.10057474773953,FAILED,0.0,,0
PAY_002709,660,AUTHENTICATION_FAILED,CUSTOMER,1,CUSTOMER,"{'RETRY_NOW': 0.3625677276457382, 'RETRY_LATER': 0.4994617340546077, 'SWITCH_METHOD': 0.42858940253193945, 'SEND_NOTIFICATION': 0.6031826890117266, 'STOP': 0.10563627168477294}",SEND_NOTIFICATION,398.10057474773953,SUCCESS,660.0,,1
PAY_005032,888,CARD_EXPIRED,CUSTOMER,0,CUSTOMER,"{'RETRY_NOW': 0.11547390042660058, 'RETRY_LATER': 0.14787983172833616, 'SWITCH_METHOD': 0.5752173401581567, 'SEND_NOTIFICATION': 0.6752095009527201, 'STOP': 0.17785107801239725}",SEND_NOTIFICATION,599.5860368460155,SUCCESS,888.0,,0
PAY_006515,1093,NETWORK_ERROR,TEMPORARY,0,TEMPORARY,"{'RETRY_NOW': 0.5003481664705942, 'RETRY_LATER': 0.7668000316384543, 'SWITCH_METHOD': 0.6034187882708808, 'SEND_NOTIFICATION': 0.16791702795491556, 'STOP': 0.018012261349316813}",RETRY_LATER,838.1124345808306,FAILED,0.0,,0
PAY_006515,1093,NETWORK_ERROR,TEMPORARY,1,TEMPORARY,"{'RETRY_NOW': 0.5003481664705942, 'RETRY_LATER': 0.7668000316384543, 'SWITCH_METHOD': 0.6034187882708808, 'SEND_NOTIFICATION': 0.16791702795491556, 'STOP': 0.018012261349316813}",RETRY_LATER,838.1124345808306,FAILED,0.0,,1
PAY_006515,1093,NETWORK_ERROR,TEMPORARY,2,TEMPORARY,{},STOP,0.0,STOPPED,0.0,MAX_RETRIES_REACHED,2
PAY_004663,643,BLOCKED_METHOD,HARD,0,HARD,"{'RETRY_NOW': 0.046923408999295424, 'RETRY_LATER': 0.05588614310037299, 'SWITCH_METHOD': 0.16467307671275652, 'SEND_NOTIFICATION': 0.19656702497803427, 'STOP': 0.9666076634414865}",SEND_NOTIFICATION,126.39259706087604,FAILED,0.0,,0
PAY_004663,643,BLOCKED_METHOD,HARD,1,HARD,"{'RETRY_NOW': 0.046923408999295424, 'RETRY_LATER': 0.05588614310037299, 'SWITCH_METHOD': 0.16467307671275652, 'SEND_NOTIFICATION': 0.19656702497803427, 'STOP': 0.9666076634414865}",SEND_NOTIFICATION,126.39259706087604,FAILED,0.0,,1
PAY_004663,643,BLOCKED_METHOD,HARD,2,HARD,{},STOP,0.0,STOPPED,0.0,MAX_RETRIES_REACHED,2
PAY_004022,743,UPI_TECHNICAL_ERROR,TEMPORARY,0,TEMPORARY,"{'RETRY_NOW': 0.502720830729119, 'RETRY_LATER': 0.7819956868934353, 'SWITCH_METHOD': 0.6500310676782893, 'SEND_NOTIFICATION': 0.1773421125833555, 'STOP': 0.0030439231667800156}",RETRY_LATER,581.0227953618224,SUCCESS,743.0,,0
PAY_001855,437,GATEWAY_TIMEOUT,TEMPORARY,0,TEMPORARY,"{'RETRY_NOW': 0.5293823070611737, 'RETRY_LATER': 0.8204736823965143, 'SWITCH_METHOD': 0.6227250037118731, 'SEND_NOTIFICATION': 0.2066759756998412, 'STOP': 0.021332910643010787}",RETRY_LATER,358.54699920727677,FAILED,0.0,,0
PAY_001855,437,GATEWAY_TIMEOUT,TEMPORARY,1,TEMPORARY,"{'RETRY_NOW': 0.5293823070611737, 'RETRY_LATER': 0.8204736823965143, 'SWITCH_METHOD': 0.6227250037118731, 'SEND_NOTIFICATION': 0.2066759756998412, 'STOP': 0.021332910643010787}",RETRY_LATER,358.54699920727677,SUCCESS,437.0,,1
PAY_009426,99,CARD_EXPIRED,CUSTOMER,0,CUSTOMER,"{'RETRY_NOW': 0.09419860839894821, 'RETRY_LATER': 0.14126562099955234, 'SWITCH_METHOD': 0.5694507647841095, 'SEND_NOTIFICATION': 0.6499303150480881, 'STOP': 0.16509484816430678}",SEND_NOTIFICATION,64.34310118976072,SUCCESS,99.0,,0
PAY_002873,429,GATEWAY_TIMEOUT,TEMPORARY,0,TEMPORARY,"{'RETRY_NOW': 0.5273209488770064, 'RETRY_LATER': 0.8118416227451749, 'SWITCH_METHOD': 0.6142998643674613, 'SEND_NOTIFICATION': 0.19803510160242946, 'STOP': 0.01365748145960463}",RETRY_LATER,348.28005615768,SUCCESS,429.0,,0
PAY_003031,667,BANK_TIMEOUT,TEMPORARY,0,TEMPORARY,"{'RETRY_NOW': 0.5626807146146182, 'RETRY_LATER': 0.8316267105950554, 'SWITCH_METHOD': 0.6220347063747707, 'SEND_NOTIFICATION': 0.21537464425590355, 'STOP': 0.013502318171210387}",RETRY_LATER,554.695015966902,SUCCESS,667.0,,0
PAY_001646,3231,INSUFFICIENT_FUNDS,CUSTOMER,0,CUSTOMER,"{'RETRY_NOW': 0.21912422395505574, 'RETRY_LATER': 0.48444381767143446, 'SWITCH_METHOD': 0.6244683876838839, 'SEND_NOTIFICATION': 0.7700041913272311, 'STOP': 0.09054291564980634}",SEND_NOTIFICATION,2487.8835421782837,FAILED,0.0,,0
PAY_001646,3231,INSUFFICIENT_FUNDS,CUSTOMER,1,CUSTOMER,"{'RETRY_NOW': 0.21912422395505574, 'RETRY_LATER': 0.48444381767143446, 'SWITCH_METHOD': 0.6244683876838839, 'SEND_NOTIFICATION': 0.7700041913272311, 'STOP': 0.09054291564980634}",SEND_NOTIFICATION,2487.8835421782837,SUCCESS,3231.0,,1
PAY_003418,2737,GATEWAY_TIMEOUT,TEMPORARY,0,TEMPORARY,"{'RETRY_NOW': 0.5403072367212997, 'RETRY_LATER': 0.8236351095596709, 'SWITCH_METHOD': 0.624682397955857, 'SEND_NOTIFICATION': 0.206431164526727, 'STOP': 0.025827528946643336}",RETRY_LATER,2254.289294864819,SUCCESS,2737.0,,0
PAY_003477,146,UPI_TECHNICAL_ERROR,TEMPORARY,0,TEMPORARY,"{'RETRY_NOW': 0.512210861615233, 'RETRY_LATER': 0.7954582701571247, 'SWITCH_METHOD': 0.6652811854804807, 'SEND_NOTIFICATION': 0.19517399930742227, 'STOP': 0.018162388201534378}",RETRY_LATER,116.1369074429402,FAILED,0.0,,0
PAY_003477,146,UPI_TECHNICAL_ERROR,TEMPORARY,1,TEMPORARY,"{'RETRY_NOW': 0.512210861615233, 'RETRY_LATER': 0.7954582701571247, 'SWITCH_METHOD': 0.6652811854804807, 'SEND_NOTIFICATION': 0.19517399930742227, 'STOP': 0.018162388201534378}",RETRY_LATER,116.1369074429402,SUCCESS,146.0,,1
PAY_009553,255,AUTHENTICATION_FAILED,CUSTOMER,0,CUSTOMER,"{'RETRY_NOW': 0.375014224677593, 'RETRY_LATER': 0.5266953752322588, 'SWITCH_METHOD': 0.451394191144732, 'SEND_NOTIFICATION': 0.6361861208672253, 'STOP': 0.13034241687113768}",SEND_NOTIFICATION,162.22746082114244,SUCCESS,255.0,,0
PAY_001793,11182,BANK_TIMEOUT,TEMPORARY,0,TEMPORARY,"{'RETRY_NOW': 0.5661783690233633, 'RETRY_LATER': 0.8349171495601808, 'SWITCH_METHOD': 0.6253618255163048, 'SEND_NOTIFICATION': 0.21664618704195027, 'STOP': 0.014955556658415598}",RETRY_LATER,9336.043566381943,SUCCESS,11182.0,,0
PAY_003798,99,GATEWAY_TIMEOUT,TEMPORARY,0,TEMPORARY,"{'RETRY_NOW': 0.5305124918837583, 'RETRY_LATER': 0.8177406025094297, 'SWITCH_METHOD': 0.6208221579900054, 'SEND_NOTIFICATION': 0.20336733053742942, 'STOP': 0.01954237197609204}",RETRY_LATER,80.95631964843354,SUCCESS,99.0,,0
PAY_003369,309,CARD_EXPIRED,CUSTOMER,0,CUSTOMER,"{'RETRY_NOW': 0.0905026365232794, 'RETRY_LATER': 0.13252612398632652, 'SWITCH_METHOD': 0.5637464613476143, 'SEND_NOTIFICATION': 0.6592898468045452, 'STOP': 0.15775110159442232}",SEND_NOTIFICATION,203.72056266260446,SUCCESS,309.0,,0
PAY_007197,419,UPI_TECHNICAL_ERROR,TEMPORARY,0,TEMPORARY,"{'RETRY_NOW': 0.504601626317343, 'RETRY_LATER': 0.7921213448572219, 'SWITCH_METHOD': 0.659947432294796, 'SEND_NOTIFICATION': 0.18298776344375575, 'STOP': 0.010562111234492876}",RETRY_LATER,331.898843495176,FAILED,0.0,,0
PAY_007197,419,UPI_TECHNICAL_ERROR,TEMPORARY,1,TEMPORARY,"{'RETRY_NOW': 0.504601626317343, 'RETRY_LATER': 0.7921213448572219, 'SWITCH_METHOD': 0.659947432294796, 'SEND_NOTIFICATION': 0.18298776344375575, 'STOP': 0.010562111234492876}",RETRY_LATER,331.898843495176,SUCCESS,419.0,,1
PAY_009642,794,BLOCKED_METHOD,HARD,0,HARD,"{'RETRY_NOW': 0.04038555401724955, 'RETRY_LATER': 0.04900783502456857, 'SWITCH_METHOD': 0.15844520637416942, 'SEND_NOTIFICATION': 0.19054942271777178, 'STOP': 0.9586729956903174}",SEND_NOTIFICATION,151.29624163791078,FAILED,0.0,,0
PAY_009642,794,BLOCKED_METHOD,HARD,1,HARD,"{'RETRY_NOW': 0.04038555401724955, 'RETRY_LATER': 0.04900783502456857, 'SWITCH_METHOD': 0.15844520637416942, 'SEND_NOTIFICATION': 0.19054942271777178, 'STOP': 0.9586729956903174}",SEND_NOTIFICATION,151.29624163791078,SUCCESS,794.0,,1
PAY_005110,236,INSUFFICIENT_FUNDS,CUSTOMER,0,CUSTOMER,"{'RETRY_NOW': 0.17232725130464632, 'RETRY_LATER': 0.41828619784628635, 'SWITCH_METHOD': 0.5712212776503104, 'SEND_NOTIFICATION': 0.7072844662912474, 'STOP': 0.04453122274320142}",SEND_NOTIFICATION,166.9191340447344,SUCCESS,236.0,,0
PAY_006025,139,CARD_EXPIRED,CUSTOMER,0,CUSTOMER,"{'RETRY_NOW': 0.10732780353370794, 'RETRY_LATER': 0.14513930896539987, 'SWITCH_METHOD': 0.5729492744637297, 'SEND_NOTIFICATION': 0.674856379820178, 'STOP': 0.17448562564415004}",SEND_NOTIFICATION,93.80503679500474,SUCCESS,139.0,,0
PAY_008796,188,PAYMENT_EXPIRED,HARD,0,HARD,"{'RETRY_NOW': 0.022110591435016674, 'RETRY_LATER': 0.03215504587326592, 'SWITCH_METHOD': 0.06404493353078217, 'SEND_NOTIFICATION': 0.09356139046224958, 'STOP': 0.9889844026348931}",SEND_NOTIFICATION,17.58954140690292,FAILED,0.0,,0
PAY_008796,188,PAYMENT_EXPIRED,HARD,1,HARD,"{'RETRY_NOW': 0.022110591435016674, 'RETRY_LATER': 0.03215504587326592, 'SWITCH_METHOD': 0.06404493353078217, 'SEND_NOTIFICATION': 0.09356139046224958, 'STOP': 0.9889844026348931}",SEND_NOTIFICATION,17.58954140690292,FAILED,0.0,,1
PAY_008796,188,PAYMENT_EXPIRED,HARD,2,HARD,{},STOP,0.0,STOPPED,0.0,MAX_RETRIES_REACHED,2
PAY_009295,743,CARD_EXPIRED,CUSTOMER,0,CUSTOMER,"{'RETRY_NOW': 0.11803394505937058, 'RETRY_LATER': 0.15471010729963303, 'SWITCH_METHOD': 0.5828268031164789, 'SEND_NOTIFICATION': 0.6863321166948629, 'STOP': 0.19033161063782014}",SEND_NOTIFICATION,509.94476270428316,SUCCESS,743.0,,0
PAY_000127,2379,INSUFFICIENT_FUNDS,CUSTOMER,0,CUSTOMER,"{'RETRY_NOW': 0.19976177918894553, 'RETRY_LATER': 0.45175142087217285, 'SWITCH_METHOD': 0.5912024929739254, 'SEND_NOTIFICATION': 0.7262050128300418, 'STOP': 0.06290968148528578}",SEND_NOTIFICATION,1727.6417255226695,FAILED,0.0,,0
PAY_000127,2379,INSUFFICIENT_FUNDS,CUSTOMER,1,CUSTOMER,"{'RETRY_NOW': 0.19976177918894553, 'RETRY_LATER': 0.45175142087217285, 'SWITCH_METHOD': 0.5912024929739254, 'SEND_NOTIFICATION': 0.7262050128300418, 'STOP': 0.06290968148528578}",SEND_NOTIFICATION,1727.6417255226695,SUCCESS,2379.0,,1
PAY_005960,759,GATEWAY_TIMEOUT,TEMPORARY,0,TEMPORARY,"{'RETRY_NOW': 0.5293823070611737, 'RETRY_LATER': 0.8204736823965143, 'SWITCH_METHOD': 0.6227250037118731, 'SEND_NOTIFICATION': 0.2066759756998412, 'STOP': 0.021332910643010787}",RETRY_LATER,622.7395249389543,SUCCESS,759.0,,0
PAY_003877,390,NETWORK_ERROR,TEMPORARY,0,TEMPORARY,"{'RETRY_NOW': 0.5221493806498482, 'RETRY_LATER': 0.7900524144841858, 'SWITCH_METHOD': 0.6162453359984201, 'SEND_NOTIFICATION': 0.18465808618273105, 'STOP': 0.03734888435863067}",RETRY_LATER,308.12044164883247,SUCCESS,390.0,,0
PAY_004452,775,UPI_TECHNICAL_ERROR,TEMPORARY,0,TEMPORARY,"{'RETRY_NOW': 0.5046469370816181, 'RETRY_LATER': 0.7826900958272864, 'SWITCH_METHOD': 0.6484045092768476, 'SEND_NOTIFICATION': 0.17341423591776123, 'STOP': 0.0015014239530806903}",RETRY_LATER,606.5848242661469,SUCCESS,775.0,,0
PAY_007148,4610,INSUFFICIENT_FUNDS,CUSTOMER,0,CUSTOMER,"{'RETRY_NOW': 0.20485022348877158, 'RETRY_LATER': 0.4608565036895651, 'SWITCH_METHOD': 0.598541721968187, 'SEND_NOTIFICATION': 0.7312700717928297, 'STOP': 0.06851587697489009}",SEND_NOTIFICATION,3371.1550309649447,SUCCESS,4610.0,,0
PAY_003532,2256,NETWORK_ERROR,TEMPORARY,0,TEMPORARY,"{'RETRY_NOW': 0.4806516604592702, 'RETRY_LATER': 0.7474324111058788, 'SWITCH_METHOD': 0.5784265531292194, 'SEND_NOTIFICATION': 0.15171991249343483, 'STOP': 0.001003953252546974}",RETRY_LATER,1686.2075194548624,SUCCESS,2256.0,,0
PAY_000828,908,INVALID_ACCOUNT,HARD,0,HARD,"{'RETRY_NOW': 0.04851911694744984, 'RETRY_LATER': 0.05790924979011418, 'SWITCH_METHOD': 0.12641749083800116, 'SEND_NOTIFICATION': 0.1442981364165107, 'STOP': 0.9899993156150864}",SEND_NOTIFICATION,131.02270786619172,FAILED,0.0,,0
PAY_000828,908,INVALID_ACCOUNT,HARD,1,HARD,"{'RETRY_NOW': 0.04851911694744984, 'RETRY_LATER': 0.05790924979011418, 'SWITCH_METHOD': 0.12641749083800116, 'SEND_NOTIFICATION': 0.1442981364165107, 'STOP': 0.9899993156150864}",SEND_NOTIFICATION,131.02270786619172,FAILED,0.0,,1
PAY_000828,908,INVALID_ACCOUNT,HARD,2,HARD,{},STOP,0.0,STOPPED,0.0,MAX_RETRIES_REACHED,2
PAY_007791,2013,GATEWAY_TIMEOUT,TEMPORARY,0,TEMPORARY,"{'RETRY_NOW': 0.5677304295722985, 'RETRY_LATER': 0.8440388405112508, 'SWITCH_METHOD': 0.6442872333247875, 'SEND_NOTIFICATION': 0.21869849130503174, 'STOP': 0.04348779568859494}",RETRY_LATER,1699.0501859491478,SUCCESS,2013.0,,0
PAY_000985,1020,CARD_EXPIRED,CUSTOMER,0,CUSTOMER,"{'RETRY_NOW': 0.1183829582578626, 'RETRY_LATER': 0.15124987594567185, 'SWITCH_METHOD': 0.5744663066493662, 'SEND_NOTIFICATION': 0.6807553468298113, 'STOP': 0.1821199994762826}",SEND_NOTIFICATION,694.3704537664075,FAILED,0.0,,0
PAY_000985,1020,CARD_EXPIRED,CUSTOMER,1,CUSTOMER,"{'RETRY_NOW': 0.1183829582578626, 'RETRY_LATER': 0.15124987594567185, 'SWITCH_METHOD': 0.5744663066493662, 'SEND_NOTIFICATION': 0.6807553468298113, 'STOP': 0.1821199994762826}",SEND_NOTIFICATION,694.3704537664075,SUCCESS,1020.0,,1
PAY_007784,394,BANK_TIMEOUT,TEMPORARY,0,TEMPORARY,"{'RETRY_NOW': 0.5619233506293959, 'RETRY_LATER': 0.8317783806614386, 'SWITCH_METHOD': 0.6203312138735437, 'SEND_NOTIFICATION': 0.21437534612107462, 'STOP': 0.011986612676497995}",RETRY_LATER,327.7206819806068,SUCCESS,394.0,,0
PAY_002444,521,CUSTOMER_DECLINED,HARD,0,HARD,"{'RETRY_NOW': 0.039702298029252535, 'RETRY_LATER': 0.03809426720875026, 'SWITCH_METHOD': 0.06039687425408297, 'SEND_NOTIFICATION': 0.07842692160918888, 'STOP': 0.9899533484553144}",SEND_NOTIFICATION,40.860426158387405,FAILED,0.0,,0
PAY_002444,521,CUSTOMER_DECLINED,HARD,1,HARD,"{'RETRY_NOW': 0.039702298029252535, 'RETRY_LATER': 0.03809426720875026, 'SWITCH_METHOD': 0.06039687425408297, 'SEND_NOTIFICATION': 0.07842692160918888, 'STOP': 0.9899533484553144}",SEND_NOTIFICATION,40.860426158387405,FAILED,0.0,,1
PAY_002444,521,CUSTOMER_DECLINED,HARD,2,HARD,{},STOP,0.0,STOPPED,0.0,MAX_RETRIES_REACHED,2
PAY_008555,2469,UPI_TECHNICAL_ERROR,TEMPORARY,0,TEMPORARY,"{'RETRY_NOW': 0.5176301868795886, 'RETRY_LATER': 0.8008341761119462, 'SWITCH_METHOD': 0.6677431929625364, 'SEND_NOTIFICATION': 0.19948001461370504, 'STOP': 0.022443367153466905}",RETRY_LATER,1977.259580820395,SUCCESS,2469.0,,0
PAY_000346,3415,AUTHENTICATION_FAILED,CUSTOMER,0,CUSTOMER,"{'RETRY_NOW': 0.3701544657660245, 'RETRY_LATER': 0.5150705684185359, 'SWITCH_METHOD': 0.441005734935916, 'SEND_NOTIFICATION': 0.6201702114790499, 'STOP': 0.11773814545150076}",SEND_NOTIFICATION,2117.8812722009557,FAILED,0.0,,0
PAY_000346,3415,AUTHENTICATION_FAILED,CUSTOMER,1,CUSTOMER,"{'RETRY_NOW': 0.3701544657660245, 'RETRY_LATER': 0.5150705684185359, 'SWITCH_METHOD': 0.441005734935916, 'SEND_NOTIFICATION': 0.6201702114790499, 'STOP': 0.11773814545150076}",SEND_NOTIFICATION,2117.8812722009557,SUCCESS,3415.0,,1
PAY_000815,433,LIMIT_EXCEEDED,CUSTOMER,0,CUSTOMER,"{'RETRY_NOW': 0.2412116452595457, 'RETRY_LATER': 0.4083432848362429, 'SWITCH_METHOD': 0.5105835404293677, 'SEND_NOTIFICATION': 0.5932698100305471, 'STOP': 0.10960263835191332}",SEND_NOTIFICATION,256.8858277432269,SUCCESS,433.0,,0
PAY_006167,1529,AUTHENTICATION_FAILED,CUSTOMER,0,CUSTOMER,"{'RETRY_NOW': 0.3802123843678639, 'RETRY_LATER': 0.5386370424022601, 'SWITCH_METHOD': 0.46090008844775365, 'SEND_NOTIFICATION': 0.6446895069008303, 'STOP': 0.13941450624408377}",SEND_NOTIFICATION,985.7302560513695,FAILED,0.0,,0
PAY_006167,1529,AUTHENTICATION_FAILED,CUSTOMER,1,CUSTOMER,"{'RETRY_NOW': 0.3802123843678639, 'RETRY_LATER': 0.5386370424022601, 'SWITCH_METHOD': 0.46090008844775365, 'SEND_NOTIFICATION': 0.6446895069008303, 'STOP': 0.13941450624408377}",SEND_NOTIFICATION,985.7302560513695,SUCCESS,1529.0,,1
PAY_005780,2284,GATEWAY_TIMEOUT,TEMPORARY,0,TEMPORARY,"{'RETRY_NOW': 0.5403072367212997, 'RETRY_LATER': 0.8236351095596709, 'SWITCH_METHOD': 0.624682397955857, 'SEND_NOTIFICATION': 0.206431164526727, 'STOP': 0.025827528946643336}",RETRY_LATER,1881.1825902342882,SUCCESS,2284.0,,0
PAY_002117,660,GATEWAY_TIMEOUT,TEMPORARY,0,TEMPORARY,"{'RETRY_NOW': 0.5613533703086748, 'RETRY_LATER': 0.8412229329463196, 'SWITCH_METHOD': 0.6385008318350974, 'SEND_NOTIFICATION': 0.2162091955247975, 'STOP': 0.039222482841691844}",RETRY_LATER,555.2071357445709,SUCCESS,660.0,,0
PAY_000794,142,NETWORK_ERROR,TEMPORARY,0,TEMPORARY,"{'RETRY_NOW': 0.4940136302306294, 'RETRY_LATER': 0.7622559540597124, 'SWITCH_METHOD': 0.5975590832415938, 'SEND_NOTIFICATION': 0.16427177041121502, 'STOP': 0.013499300027796106}",RETRY_LATER,108.24034547647915,SUCCESS,142.0,,0
PAY_006899,1380,INSUFFICIENT_FUNDS,CUSTOMER,0,CUSTOMER,"{'RETRY_NOW': 0.21150967391679906, 'RETRY_LATER': 0.47707099474808795, 'SWITCH_METHOD': 0.6169296423089065, 'SEND_NOTIFICATION': 0.7596978253932085, 'STOP': 0.08827495411948162}",SEND_NOTIFICATION,1048.3829990426277,SUCCESS,1380.0,,0
PAY_002675,209,BANK_TIMEOUT,TEMPORARY,0,TEMPORARY,"{'RETRY_NOW': 0.5541429048333965, 'RETRY_LATER': 0.824683541980495, 'SWITCH_METHOD': 0.6142038341621717, 'SEND_NOTIFICATION': 0.2055844652133299, 'STOP': 0.004511347605105997}",RETRY_LATER,172.35886027392345,SUCCESS,209.0,,0
PAY_000095,2197,LIMIT_EXCEEDED,CUSTOMER,0,CUSTOMER,"{'RETRY_NOW': 0.24174034970290556, 'RETRY_LATER': 0.4123819489014801, 'SWITCH_METHOD': 0.5189925166223333, 'SEND_NOTIFICATION': 0.6071519827178382, 'STOP': 0.11845581391245219}",SEND_NOTIFICATION,1333.9129060310906,FAILED,0.0,,0
PAY_000095,2197,LIMIT_EXCEEDED,CUSTOMER,1,CUSTOMER,"{'RETRY_NOW': 0.24174034970290556, 'RETRY_LATER': 0.4123819489014801, 'SWITCH_METHOD': 0.5189925166223333, 'SEND_NOTIFICATION': 0.6071519827178382, 'STOP': 0.11845581391245219}",SEND_NOTIFICATION,1333.9129060310906,FAILED,0.0,,1
PAY_000095,2197,LIMIT_EXCEEDED,CUSTOMER,2,CUSTOMER,{},STOP,0.0,STOPPED,0.0,MAX_RETRIES_REACHED,2
PAY_004226,1130,BANK_TIMEOUT,TEMPORARY,0,TEMPORARY,"{'RETRY_NOW': 0.5787323086585725, 'RETRY_LATER': 0.8409871919362351, 'SWITCH_METHOD': 0.6319963755641068, 'SEND_NOTIFICATION': 0.2220028136051772, 'STOP': 0.022339809277451692}",RETRY_LATER,950.3155268879456,FAILED,0.0,,0
PAY_004226,1130,BANK_TIMEOUT,TEMPORARY,1,TEMPORARY,"{'RETRY_NOW': 0.5787323086585725, 'RETRY_LATER': 0.8409871919362351, 'SWITCH_METHOD': 0.6319963755641068, 'SEND_NOTIFICATION': 0.2220028136051772, 'STOP': 0.022339809277451692}",RETRY_LATER,950.3155268879456,SUCCESS,1130.0,,1
PAY_003757,1582,AUTHENTICATION_FAILED,CUSTOMER,0,CUSTOMER,"{'RETRY_NOW': 0.37982839816952724, 'RETRY_LATER': 0.5305663321737645, 'SWITCH_METHOD': 0.4527875757110825, 'SEND_NOTIFICATION': 0.6374870892710163, 'STOP': 0.13043608395269948}",SEND_NOTIFICATION,1008.5045752267478,SUCCESS,1582.0,,0
PAY_002892,716,BANK_TIMEOUT,TEMPORARY,0,TEMPORARY,"{'RETRY_NOW': 0.5696330875458853, 'RETRY_LATER': 0.835896994338851, 'SWITCH_METHOD': 0.6267842313168004, 'SEND_NOTIFICATION': 0.21369597636977036, 'STOP': 0.016458093859235613}",RETRY_LATER,598.5022479466173,FAILED,0.0,,0
PAY_002892,716,BANK_TIMEOUT,TEMPORARY,1,TEMPORARY,"{'RETRY_NOW': 0.5696330875458853, 'RETRY_LATER': 0.835896994338851, 'SWITCH_METHOD': 0.6267842313168004, 'SEND_NOTIFICATION': 0.21369597636977036, 'STOP': 0.016458093859235613}",RETRY_LATER,598.5022479466173,SUCCESS,716.0,,1
PAY_002372,259,NETWORK_ERROR,TEMPORARY,0,TEMPORARY,"{'RETRY_NOW': 0.5288730073189586, 'RETRY_LATER': 0.7942130966294413, 'SWITCH_METHOD': 0.6214079911542477, 'SEND_NOTIFICATION': 0.18957182359764252, 'STOP': 0.04341682454902593}",RETRY_LATER,205.7011920270253,FAILED,0.0,,0
PAY_002372,259,NETWORK_ERROR,TEMPORARY,1,TEMPORARY,"{'RETRY_NOW': 0.5288730073189586, 'RETRY_LATER': 0.7942130966294413, 'SWITCH_METHOD': 0.6214079911542477, 'SEND_NOTIFICATION': 0.18957182359764252, 'STOP': 0.04341682454902593}",RETRY_LATER,205.7011920270253,SUCCESS,259.0,,1
PAY_009389,243,INVALID_ACCOUNT,HARD,0,HARD,"{'RETRY_NOW': 0.057450923424240935, 'RETRY_LATER': 0.06758696274244062, 'SWITCH_METHOD': 0.1395510657713747, 'SEND_NOTIFICATION': 0.15697633009352216, 'STOP': 0.99}",SEND_NOTIFICATION,38.14524821272588,FAILED,0.0,,0
PAY_009389,243,INVALID_ACCOUNT,HARD,1,HARD,"{'RETRY_NOW': 0.057450923424240935, 'RETRY_LATER': 0.06758696274244062, 'SWITCH_METHOD': 0.1395510657713747, 'SEND_NOTIFICATION': 0.15697633009352216, 'STOP': 0.99}",SEND_NOTIFICATION,38.14524821272588,FAILED,0.0,,1
PAY_009389,243,INVALID_ACCOUNT,HARD,2,HARD,{},STOP,0.0,STOPPED,0.0,MAX_RETRIES_REACHED,2
PAY_003229,1217,UPI_TECHNICAL_ERROR,TEMPORARY,0,TEMPORARY,"{'RETRY_NOW': 0.5085910122359021, 'RETRY_LATER': 0.7929130585251545, 'SWITCH_METHOD': 0.6600561050416156, 'SEND_NOTIFICATION': 0.18476178223518602, 'STOP': 0.01366490350335244}",RETRY_LATER,964.975192225113,FAILED,0.0,,0
PAY_003229,1217,UPI_TECHNICAL_ERROR,TEMPORARY,1,TEMPORARY,"{'RETRY_NOW': 0.5085910122359021, 'RETRY_LATER': 0.7929130585251545, 'SWITCH_METHOD': 0.6600561050416156, 'SEND_NOTIFICATION': 0.18476178223518602, 'STOP': 0.01366490350335244}",RETRY_LATER,964.975192225113,SUCCESS,1217.0,,1
PAY_007864,612,NETWORK_ERROR,TEMPORARY,0,TEMPORARY,"{'RETRY_NOW': 0.5277500066376665, 'RETRY_LATER': 0.7925553025551133, 'SWITCH_METHOD': 0.6194831459985412, 'SEND_NOTIFICATION': 0.18777964441123204, 'STOP': 0.04194612791738492}",RETRY_LATER,485.0438451637293,SUCCESS,612.0,,0
PAY_006360,908,BANK_TIMEOUT,TEMPORARY,0,TEMPORARY,"{'RETRY_NOW': 0.5558028337849814, 'RETRY_LATER': 0.8283451071729658, 'SWITCH_METHOD': 0.616633844027687, 'SEND_NOTIFICATION': 0.21025288980905013, 'STOP': 0.007495748527374103}",RETRY_LATER,752.137357313053,SUCCESS,908.0,,0
PAY_009197,201,INSUFFICIENT_FUNDS,CUSTOMER,0,CUSTOMER,"{'RETRY_NOW': 0.21912422395505574, 'RETRY_LATER': 0.48444381767143446, 'SWITCH_METHOD': 0.6244683876838839, 'SEND_NOTIFICATION': 0.7700041913272311, 'STOP': 0.09054291564980634}",SEND_NOTIFICATION,154.77084245677344,FAILED,0.0,,0
PAY_009197,201,INSUFFICIENT_FUNDS,CUSTOMER,1,CUSTOMER,"{'RETRY_NOW': 0.21912422395505574, 'RETRY_LATER': 0.48444381767143446, 'SWITCH_METHOD': 0.6244683876838839, 'SEND_NOTIFICATION': 0.7700041913272311, 'STOP': 0.09054291564980634}",SEND_NOTIFICATION,154.77084245677344,FAILED,0.0,,1
PAY_009197,201,INSUFFICIENT_FUNDS,CUSTOMER,2,CUSTOMER,{},STOP,0.0,STOPPED,0.0,MAX_RETRIES_REACHED,2
PAY_007327,2830,LIMIT_EXCEEDED,CUSTOMER,0,CUSTOMER,"{'RETRY_NOW': 0.24498144271798544, 'RETRY_LATER': 0.4121017642553665, 'SWITCH_METHOD': 0.5119891198682397, 'SEND_NOTIFICATION': 0.5946264566294958, 'STOP': 0.10960263835191332}",SEND_NOTIFICATION,1682.792872261473,SUCCESS,2830.0,,0
PAY_006029,246,NETWORK_ERROR,TEMPORARY,0,TEMPORARY,"{'RETRY_NOW': 0.48450835719444374, 'RETRY_LATER': 0.7503370320842248, 'SWITCH_METHOD': 0.5812160405866459, 'SEND_NOTIFICATION': 0.15099695051578071, 'STOP': 0.0014826507301231035}",RETRY_LATER,184.5829098927193,SUCCESS,246.0,,0
PAY_001866,291,AUTHENTICATION_FAILED,CUSTOMER,0,CUSTOMER,"{'RETRY_NOW': 0.3700253001366116, 'RETRY_LATER': 0.5205270619926281, 'SWITCH_METHOD': 0.44444369140166473, 'SEND_NOTIFICATION': 0.6253524020116614, 'STOP': 0.12322693756507609}",SEND_NOTIFICATION,181.97754898539347,SUCCESS,291.0,,0
PAY_004613,99,BANK_TIMEOUT,TEMPORARY,0,TEMPORARY,"{'RETRY_NOW': 0.5619233506293959, 'RETRY_LATER': 0.8317783806614386, 'SWITCH_METHOD': 0.6203312138735437, 'SEND_NOTIFICATION': 0.21437534612107462, 'STOP': 0.011986612676497995}",RETRY_LATER,82.34605968548242,SUCCESS,99.0,,0
PAY_002646,428,UPI_TECHNICAL_ERROR,TEMPORARY,0,TEMPORARY,"{'RETRY_NOW': 0.4991754324679233, 'RETRY_LATER': 0.778123409669301, 'SWITCH_METHOD': 0.6442227347431124, 'SEND_NOTIFICATION': 0.16962756542985705, 'STOP': 0.001012308855820977}",RETRY_LATER,333.0368193384609,SUCCESS,428.0,,0
PAY_002244,615,NETWORK_ERROR,TEMPORARY,0,TEMPORARY,"{'RETRY_NOW': 0.5221493806498482, 'RETRY_LATER': 0.7900524144841858, 'SWITCH_METHOD': 0.6162453359984201, 'SEND_NOTIFICATION': 0.18465808618273105, 'STOP': 0.03734888435863067}",RETRY_LATER,485.8822349077743,SUCCESS,615.0,,0
PAY_005374,422,CARD_EXPIRED,CUSTOMER,0,CUSTOMER,"{'RETRY_NOW': 0.10319067916576136, 'RETRY_LATER': 0.14432946327140797, 'SWITCH_METHOD': 0.5703592492824251, 'SEND_NOTIFICATION': 0.6665589127419148, 'STOP': 0.17434247288125093}",SEND_NOTIFICATION,281.2878611770881,FAILED,0.0,,0
PAY_005374,422,CARD_EXPIRED,CUSTOMER,1,CUSTOMER,"{'RETRY_NOW': 0.10319067916576136, 'RETRY_LATER': 0.14432946327140797, 'SWITCH_METHOD': 0.5703592492824251, 'SEND_NOTIFICATION': 0.6665589127419148, 'STOP': 0.17434247288125093}",SEND_NOTIFICATION,281.2878611770881,SUCCESS,422.0,,1
PAY_002337,943,BANK_TIMEOUT,TEMPORARY,0,TEMPORARY,"{'RETRY_NOW': 0.5626807146146182, 'RETRY_LATER': 0.8316267105950554, 'SWITCH_METHOD': 0.6220347063747707, 'SEND_NOTIFICATION': 0.21537464425590355, 'STOP': 0.013502318171210387}",RETRY_LATER,784.2239880911372,SUCCESS,943.0,,0
PAY_000951,860,NETWORK_ERROR,TEMPORARY,0,TEMPORARY,"{'RETRY_NOW': 0.5003481664705942, 'RETRY_LATER': 0.7668000316384543, 'SWITCH_METHOD': 0.6034187882708808, 'SEND_NOTIFICATION': 0.16791702795491556, 'STOP': 0.018012261349316813}",RETRY_LATER,659.4480272090707,SUCCESS,860.0,,0
PAY_001121,2292,GATEWAY_TIMEOUT,TEMPORARY,0,TEMPORARY,"{'RETRY_NOW': 0.5468199724049952, 'RETRY_LATER': 0.820335721871917, 'SWITCH_METHOD': 0.6225049969868637, 'SEND_NOTIFICATION': 0.2076969848411377, 'STOP': 0.024222941378888273}",RETRY_LATER,1880.2094745304337,SUCCESS,2292.0,,0
PAY_002205,99,INSUFFICIENT_FUNDS,CUSTOMER,0,CUSTOMER,"{'RETRY_NOW': 0.2102122615955355, 'RETRY_LATER': 0.46889637936991696, 'SWITCH_METHOD': 0.6046750058587255, 'SEND_NOTIFICATION': 0.7488416374981446, 'STOP': 0.0797179975048469}",SEND_NOTIFICATION,74.13532211231632,SUCCESS,99.0,,0
PAY_000420,1124,UPI_TECHNICAL_ERROR,TEMPORARY,0,TEMPORARY,"{'RETRY_NOW': 0.5003982997132768, 'RETRY_LATER': 0.7870663216095729, 'SWITCH_METHOD': 0.6529454084847301, 'SEND_NOTIFICATION': 0.18023350212997166, 'STOP': 0.0060276568853919665}",RETRY_LATER,884.6625454891599,SUCCESS,1124.0,,0
PAY_000923,1193,BLOCKED_METHOD,HARD,0,HARD,"{'RETRY_NOW': 0.046923408999295424, 'RETRY_LATER': 0.05588614310037299, 'SWITCH_METHOD': 0.16467307671275652, 'SEND_NOTIFICATION': 0.19656702497803427, 'STOP': 0.9666076634414865}",SEND_NOTIFICATION,234.5044607987949,FAILED,0.0,,0
PAY_000923,1193,BLOCKED_METHOD,HARD,1,HARD,"{'RETRY_NOW': 0.046923408999295424, 'RETRY_LATER': 0.05588614310037299, 'SWITCH_METHOD': 0.16467307671275652, 'SEND_NOTIFICATION': 0.19656702497803427, 'STOP': 0.9666076634414865}",SEND_NOTIFICATION,234.5044607987949,FAILED,0.0,,1
PAY_000923,1193,BLOCKED_METHOD,HARD,2,HARD,{},STOP,0.0,STOPPED,0.0,MAX_RETRIES_REACHED,2
PAY_008670,267,LIMIT_EXCEEDED,CUSTOMER,0,CUSTOMER,"{'RETRY_NOW': 0.24046848018714542, 'RETRY_LATER': 0.4117783181581418, 'SWITCH_METHOD': 0.514655719302398, 'SEND_NOTIFICATION': 0.6021239268200854, 'STOP': 0.11263699966310457}",SEND_NOTIFICATION,160.7670884609628,SUCCESS,267.0,,0
PAY_005409,8575,INSUFFICIENT_FUNDS,CUSTOMER,0,CUSTOMER,"{'RETRY_NOW': 0.21379256000984154, 'RETRY_LATER': 0.4791163224241055, 'SWITCH_METHOD': 0.6120803380466574, 'SEND_NOTIFICATION': 0.7523212502857335, 'STOP': 0.08162557890390694}",SEND_NOTIFICATION,6451.154721200165,SUCCESS,8575.0,,0
PAY_005789,1484,INSUFFICIENT_FUNDS,CUSTOMER,0,CUSTOMER,"{'RETRY_NOW': 0.20485022348877158, 'RETRY_LATER': 0.4608565036895651, 'SWITCH_METHOD': 0.598541721968187, 'SEND_NOTIFICATION': 0.7312700717928297, 'STOP': 0.06851587697489009}",SEND_NOTIFICATION,1085.204786540559,SUCCESS,1484.0,,0
PAY_005743,1346,BANK_TIMEOUT,TEMPORARY,0,TEMPORARY,"{'RETRY_NOW': 0.5335013977372234, 'RETRY_LATER': 0.8136042144487011, 'SWITCH_METHOD': 0.6029401172815185, 'SEND_NOTIFICATION': 0.19321140464970904, 'STOP': 0.000999976951144578}",RETRY_LATER,1095.1112726479516,SUCCESS,1346.0,,0
PAY_007668,550,BLOCKED_METHOD,HARD,0,HARD,"{'RETRY_NOW': 0.04038555401724955, 'RETRY_LATER': 0.04900783502456857, 'SWITCH_METHOD': 0.15844520637416942, 'SEND_NOTIFICATION': 0.19054942271777178, 'STOP': 0.9586729956903174}",SEND_NOTIFICATION,104.80218249477448,FAILED,0.0,,0
PAY_007668,550,BLOCKED_METHOD,HARD,1,HARD,"{'RETRY_NOW': 0.04038555401724955, 'RETRY_LATER': 0.04900783502456857, 'SWITCH_METHOD': 0.15844520637416942, 'SEND_NOTIFICATION': 0.19054942271777178, 'STOP': 0.9586729956903174}",SEND_NOTIFICATION,104.80218249477448,FAILED,0.0,,1
PAY_007668,550,BLOCKED_METHOD,HARD,2,HARD,{},STOP,0.0,STOPPED,0.0,MAX_RETRIES_REACHED,2
PAY_005568,889,LIMIT_EXCEEDED,CUSTOMER,0,CUSTOMER,"{'RETRY_NOW': 0.23063776682223727, 'RETRY_LATER': 0.39809457514950186, 'SWITCH_METHOD': 0.5011140909180986, 'SEND_NOTIFICATION': 0.568761081042148, 'STOP': 0.09677011638676662}",SEND_NOTIFICATION,505.62860104646956,FAILED,0.0,,0
PAY_005568,889,LIMIT_EXCEEDED,CUSTOMER,1,CUSTOMER,"{'RETRY_NOW': 0.23063776682223727, 'RETRY_LATER': 0.39809457514950186, 'SWITCH_METHOD': 0.5011140909180986, 'SEND_NOTIFICATION': 0.568761081042148, 'STOP': 0.09677011638676662}",SEND_NOTIFICATION,505.62860104646956,FAILED,0.0,,1
PAY_005568,889,LIMIT_EXCEEDED,CUSTOMER,2,CUSTOMER,{},STOP,0.0,STOPPED,0.0,MAX_RETRIES_REACHED,2
PAY_008136,819,UPI_TECHNICAL_ERROR,TEMPORARY,0,TEMPORARY,"{'RETRY_NOW': 0.5033516699558643, 'RETRY_LATER': 0.7834852923783715, 'SWITCH_METHOD': 0.6550433639857476, 'SEND_NOTIFICATION': 0.17862365672692626, 'STOP': 0.004541097262583619}",RETRY_LATER,641.6744544578862,SUCCESS,819.0,,0
PAY_001203,361,NETWORK_ERROR,TEMPORARY,0,TEMPORARY,"{'RETRY_NOW': 0.4957782929680135, 'RETRY_LATER': 0.7654717237925582, 'SWITCH_METHOD': 0.601065803949111, 'SEND_NOTIFICATION': 0.16482113532500858, 'STOP': 0.016460126667813123}",RETRY_LATER,276.3352922891135,SUCCESS,361.0,,0
PAY_005766,1222,BANK_TIMEOUT,TEMPORARY,0,TEMPORARY,"{'RETRY_NOW': 0.5619233506293959, 'RETRY_LATER': 0.8317783806614386, 'SWITCH_METHOD': 0.6203312138735437, 'SEND_NOTIFICATION': 0.21437534612107462, 'STOP': 0.011986612676497995}",RETRY_LATER,1016.433181168278,SUCCESS,1222.0,,0
PAY_008390,677,INSUFFICIENT_FUNDS,CUSTOMER,0,CUSTOMER,"{'RETRY_NOW': 0.18321780919605912, 'RETRY_LATER': 0.41452683025022025, 'SWITCH_METHOD': 0.5715973804144899, 'SEND_NOTIFICATION': 0.704472332886178, 'STOP': 0.04387138321364865}",SEND_NOTIFICATION,476.92776936394256,SUCCESS,677.0,,0
PAY_001971,365,AUTHENTICATION_FAILED,CUSTOMER,0,CUSTOMER,"{'RETRY_NOW': 0.37982839816952724, 'RETRY_LATER': 0.5305663321737645, 'SWITCH_METHOD': 0.4527875757110825, 'SEND_NOTIFICATION': 0.6374870892710163, 'STOP': 0.13043608395269948}",SEND_NOTIFICATION,232.68278758392094,SUCCESS,365.0,,0
PAY_004019,1241,BANK_TIMEOUT,TEMPORARY,0,TEMPORARY,"{'RETRY_NOW': 0.5787323086585725, 'RETRY_LATER': 0.8409871919362351, 'SWITCH_METHOD': 0.6319963755641068, 'SEND_NOTIFICATION': 0.2220028136051772, 'STOP': 0.022339809277451692}",RETRY_LATER,1043.6651051928677,SUCCESS,1241.0,,0
PAY_003688,327,NETWORK_ERROR,TEMPORARY,0,TEMPORARY,"{'RETRY_NOW': 0.4957782929680135, 'RETRY_LATER': 0.7654717237925582, 'SWITCH_METHOD': 0.601065803949111, 'SEND_NOTIFICATION': 0.16482113532500858, 'STOP': 0.016460126667813123}",RETRY_LATER,250.30925368016653,SUCCESS,327.0,,0
PAY_001998,854,LIMIT_EXCEEDED,CUSTOMER,0,CUSTOMER,"{'RETRY_NOW': 0.23451039241824795, 'RETRY_LATER': 0.4094731618244604, 'SWITCH_METHOD': 0.5103407580628158, 'SEND_NOTIFICATION': 0.5753471898598397, 'STOP': 0.10221918855111252}",SEND_NOTIFICATION,491.3465001403031,SUCCESS,854.0,,0
PAY_004034,542,NETWORK_ERROR,TEMPORARY,0,TEMPORARY,"{'RETRY_NOW': 0.5166158253941568, 'RETRY_LATER': 0.7849628123009635, 'SWITCH_METHOD': 0.6123132712860397, 'SEND_NOTIFICATION': 0.18307106761083225, 'STOP': 0.034337100212347246}",RETRY_LATER,425.4498442671222,SUCCESS,542.0,,0
PAY_001249,382,INSUFFICIENT_FUNDS,CUSTOMER,0,CUSTOMER,"{'RETRY_NOW': 0.19186333994168384, 'RETRY_LATER': 0.44178375710473894, 'SWITCH_METHOD': 0.5830322623171431, 'SEND_NOTIFICATION': 0.7182954167148514, 'STOP': 0.05679986278366041}",SEND_NOTIFICATION,274.38884918507324,SUCCESS,382.0,,0
PAY_002193,193,BANK_TIMEOUT,TEMPORARY,0,TEMPORARY,"{'RETRY_NOW': 0.5787323086585725, 'RETRY_LATER': 0.8409871919362351, 'SWITCH_METHOD': 0.6319963755641068, 'SEND_NOTIFICATION': 0.2220028136051772, 'STOP': 0.022339809277451692}",RETRY_LATER,162.31052804369335,SUCCESS,193.0,,0
PAY_002713,1917,CUSTOMER_DECLINED,HARD,0,HARD,"{'RETRY_NOW': 0.001175782933209426, 'RETRY_LATER': 0.001226266835822218, 'SWITCH_METHOD': 0.018789670955741442, 'SEND_NOTIFICATION': 0.03796709385786562, 'STOP': 0.981157483311552}",SEND_NOTIFICATION,72.78291892552839,FAILED,0.0,,0
PAY_002713,1917,CUSTOMER_DECLINED,HARD,1,HARD,"{'RETRY_NOW': 0.001175782933209426, 'RETRY_LATER': 0.001226266835822218, 'SWITCH_METHOD': 0.018789670955741442, 'SEND_NOTIFICATION': 0.03796709385786562, 'STOP': 0.981157483311552}",SEND_NOTIFICATION,72.78291892552839,FAILED,0.0,,1
PAY_002713,1917,CUSTOMER_DECLINED,HARD,2,HARD,{},STOP,0.0,STOPPED,0.0,MAX_RETRIES_REACHED,2
PAY_002191,617,BANK_TIMEOUT,TEMPORARY,0,TEMPORARY,"{'RETRY_NOW': 0.5558028337849814, 'RETRY_LATER': 0.8283451071729658, 'SWITCH_METHOD': 0.6175410298628353, 'SEND_NOTIFICATION': 0.21025288980905013, 'STOP': 0.009006052388608863}",RETRY_LATER,511.0889311257199,SUCCESS,617.0,,0
PAY_004671,904,INSUFFICIENT_FUNDS,CUSTOMER,0,CUSTOMER,"{'RETRY_NOW': 0.18076507156422347, 'RETRY_LATER': 0.43522889400142156, 'SWITCH_METHOD': 0.585133584330875, 'SEND_NOTIFICATION': 0.7159537830351016, 'STOP': 0.05264599782018359}",SEND_NOTIFICATION,647.2222198637319,SUCCESS,904.0,,0
PAY_005143,1067,INSUFFICIENT_FUNDS,CUSTOMER,0,CUSTOMER,"{'RETRY_NOW': 0.19989743716049668, 'RETRY_LATER': 0.47925585901406426, 'SWITCH_METHOD': 0.6137040427668068, 'SEND_NOTIFICATION': 0.7416480321062215, 'STOP': 0.07427705786704658}",SEND_NOTIFICATION,791.3384502573384,SUCCESS,1067.0,,0
PAY_005985,527,BLOCKED_METHOD,HARD,0,HARD,"{'RETRY_NOW': 0.03709510048114342, 'RETRY_LATER': 0.046511524372581596, 'SWITCH_METHOD': 0.157860536279021, 'SEND_NOTIFICATION': 0.18750907865897007, 'STOP': 0.957444413866796}",SEND_NOTIFICATION,98.81728445327722,FAILED,0.0,,0
PAY_005985,527,BLOCKED_METHOD,HARD,1,HARD,"{'RETRY_NOW': 0.03709510048114342, 'RETRY_LATER': 0.046511524372581596, 'SWITCH_METHOD': 0.157860536279021, 'SEND_NOTIFICATION': 0.18750907865897007, 'STOP': 0.957444413866796}",SEND_NOTIFICATION,98.81728445327722,FAILED,0.0,,1
PAY_005985,527,BLOCKED_METHOD,HARD,2,HARD,{},STOP,0.0,STOPPED,0.0,MAX_RETRIES_REACHED,2
PAY_006566,1171,NETWORK_ERROR,TEMPORARY,0,TEMPORARY,"{'RETRY_NOW': 0.48258423217616997, 'RETRY_LATER': 0.7495723179980411, 'SWITCH_METHOD': 0.5850717433246501, 'SEND_NOTIFICATION': 0.15477973980462267, 'STOP': 0.0030059211935449174}",RETRY_LATER,877.7491843757061,SUCCESS,1171.0,,0
PAY_007805,628,GATEWAY_TIMEOUT,TEMPORARY,0,TEMPORARY,"{'RETRY_NOW': 0.5677304295722985, 'RETRY_LATER': 0.8440388405112508, 'SWITCH_METHOD': 0.6442872333247875, 'SEND_NOTIFICATION': 0.21869849130503174, 'STOP': 0.04348779568859494}",RETRY_LATER,530.0563918410655,SUCCESS,628.0,,0
PAY_006944,762,BLOCKED_METHOD,HARD,0,HARD,"{'RETRY_NOW': 0.032381857156169834, 'RETRY_LATER': 0.04257671968267733, 'SWITCH_METHOD': 0.14817697180173847, 'SEND_NOTIFICATION': 0.18095521828949612, 'STOP': 0.9524152243279764}",SEND_NOTIFICATION,137.88787633659604,FAILED,0.0,,0
PAY_006944,762,BLOCKED_METHOD,HARD,1,HARD,"{'RETRY_NOW': 0.032381857156169834, 'RETRY_LATER': 0.04257671968267733, 'SWITCH_METHOD': 0.14817697180173847, 'SEND_NOTIFICATION': 0.18095521828949612, 'STOP': 0.9524152243279764}",SEND_NOTIFICATION,137.88787633659604,FAILED,0.0,,1
PAY_006944,762,BLOCKED_METHOD,HARD,2,HARD,{},STOP,0.0,STOPPED,0.0,MAX_RETRIES_REACHED,2
PAY_002137,1673,UPI_TECHNICAL_ERROR,TEMPORARY,0,TEMPORARY,"{'RETRY_NOW': 0.4962096499315957, 'RETRY_LATER': 0.7899820649047393, 'SWITCH_METHOD': 0.6570368740581093, 'SEND_NOTIFICATION': 0.18106071214190847, 'STOP': 0.007554509232412972}",RETRY_LATER,1321.639994585629,SUCCESS,1673.0,,0
PAY_001066,9043,UPI_TECHNICAL_ERROR,TEMPORARY,0,TEMPORARY,"{'RETRY_NOW': 0.5176301868795886, 'RETRY_LATER': 0.8008341761119462, 'SWITCH_METHOD': 0.6677431929625364, 'SEND_NOTIFICATION': 0.19948001461370504, 'STOP': 0.022443367153466905}",RETRY_LATER,7241.94345458033,SUCCESS,9043.0,,0
PAY_000601,116,AUTHENTICATION_FAILED,CUSTOMER,0,CUSTOMER,"{'RETRY_NOW': 0.37087290021393327, 'RETRY_LATER': 0.5240348649296817, 'SWITCH_METHOD': 0.44578902544217325, 'SEND_NOTIFICATION': 0.6251951661505848, 'STOP': 0.12322693756507609}",SEND_NOTIFICATION,72.52263927346783,SUCCESS,116.0,,0
PAY_004228,206,GATEWAY_TIMEOUT,TEMPORARY,0,TEMPORARY,"{'RETRY_NOW': 0.5305124918837583, 'RETRY_LATER': 0.8177406025094297, 'SWITCH_METHOD': 0.6208221579900054, 'SEND_NOTIFICATION': 0.20336733053742942, 'STOP': 0.01954237197609204}",RETRY_LATER,168.45456411694252,SUCCESS,206.0,,0
PAY_007578,473,CARD_EXPIRED,CUSTOMER,0,CUSTOMER,"{'RETRY_NOW': 0.11626129117406157, 'RETRY_LATER': 0.15027070066274154, 'SWITCH_METHOD': 0.5730906300775256, 'SEND_NOTIFICATION': 0.6795315977768597, 'STOP': 0.180717152264653}",SEND_NOTIFICATION,321.41844574845464,SUCCESS,473.0,,0
PAY_000078,99,NETWORK_ERROR,TEMPORARY,0,TEMPORARY,"{'RETRY_NOW': 0.4758877471768393, 'RETRY_LATER': 0.7456945188803457, 'SWITCH_METHOD': 0.5789350365032172, 'SEND_NOTIFICATION': 0.15045868151226527, 'STOP': 0.0010012496022614422}",RETRY_LATER,73.82375736915422,FAILED,0.0,,0
PAY_000078,99,NETWORK_ERROR,TEMPORARY,1,TEMPORARY,"{'RETRY_NOW': 0.4758877471768393, 'RETRY_LATER': 0.7456945188803457, 'SWITCH_METHOD': 0.5789350365032172, 'SEND_NOTIFICATION': 0.15045868151226527, 'STOP': 0.0010012496022614422}",RETRY_LATER,73.82375736915422,SUCCESS,99.0,,1
PAY_007547,131,UPI_TECHNICAL_ERROR,TEMPORARY,0,TEMPORARY,"{'RETRY_NOW': 0.5479540148869984, 'RETRY_LATER': 0.8235771659149232, 'SWITCH_METHOD': 0.6902470658318978, 'SEND_NOTIFICATION': 0.21234645470434035, 'STOP': 0.043262285512572565}",RETRY_LATER,107.88860873485494,SUCCESS,131.0,,0
PAY_002899,713,INSUFFICIENT_FUNDS,CUSTOMER,0,CUSTOMER,"{'RETRY_NOW': 0.18076507156422347, 'RETRY_LATER': 0.43522889400142156, 'SWITCH_METHOD': 0.585133584330875, 'SEND_NOTIFICATION': 0.7159537830351016, 'STOP': 0.05264599782018359}",SEND_NOTIFICATION,510.47504730402744,SUCCESS,713.0,,0
PAY_004821,6240,BANK_TIMEOUT,TEMPORARY,0,TEMPORARY,"{'RETRY_NOW': 0.5841704094432499, 'RETRY_LATER': 0.8504659739531624, 'SWITCH_METHOD': 0.6397868942063464, 'SEND_NOTIFICATION': 0.22854201803188318, 'STOP': 0.03000694746721721}",RETRY_LATER,5306.907677467733,SUCCESS,6240.0,,0
PAY_009303,2695,INVALID_ACCOUNT,HARD,0,HARD,"{'RETRY_NOW': 0.05169167787858407, 'RETRY_LATER': 0.06209987939446029, 'SWITCH_METHOD': 0.1286959627376639, 'SEND_NOTIFICATION': 0.1464757646817679, 'STOP': 0.99}",SEND_NOTIFICATION,394.7521858173645,FAILED,0.0,,0
PAY_009303,2695,INVALID_ACCOUNT,HARD,1,HARD,"{'RETRY_NOW': 0.05169167787858407, 'RETRY_LATER': 0.06209987939446029, 'SWITCH_METHOD': 0.1286959627376639, 'SEND_NOTIFICATION': 0.1464757646817679, 'STOP': 0.99}",SEND_NOTIFICATION,394.7521858173645,FAILED,0.0,,1
PAY_009303,2695,INVALID_ACCOUNT,HARD,2,HARD,{},STOP,0.0,STOPPED,0.0,MAX_RETRIES_REACHED,2
PAY_006414,440,GATEWAY_TIMEOUT,TEMPORARY,0,TEMPORARY,"{'RETRY_NOW': 0.5207058096204813, 'RETRY_LATER': 0.8027461273792322, 'SWITCH_METHOD': 0.5971525393862722, 'SEND_NOTIFICATION': 0.1835529286153833, 'STOP': 0.001505671790945997}",RETRY_LATER,353.2082960468622,SUCCESS,440.0,,0
PAY_009065,1578,BANK_TIMEOUT,TEMPORARY,0,TEMPORARY,"{'RETRY_NOW': 0.5737249575298882, 'RETRY_LATER': 0.8364737912659488, 'SWITCH_METHOD': 0.6291498179397597, 'SEND_NOTIFICATION': 0.21721758805919064, 'STOP': 0.018052695820066345}",RETRY_LATER,1319.955642617667,SUCCESS,1578.0,,0
PAY_008008,188,CUSTOMER_DECLINED,HARD,0,HARD,"{'RETRY_NOW': 0.021012542751393443, 'RETRY_LATER': 0.022723291447438357, 'SWITCH_METHOD': 0.043110892232279756, 'SEND_NOTIFICATION': 0.061723294616396474, 'STOP': 0.9897659866096168}",SEND_NOTIFICATION,11.603979387882537,FAILED,0.0,,0
PAY_008008,188,CUSTOMER_DECLINED,HARD,1,HARD,"{'RETRY_NOW': 0.021012542751393443, 'RETRY_LATER': 0.022723291447438357, 'SWITCH_METHOD': 0.043110892232279756, 'SEND_NOTIFICATION': 0.061723294616396474, 'STOP': 0.9897659866096168}",SEND_NOTIFICATION,11.603979387882537,FAILED,0.0,,1
PAY_008008,188,CUSTOMER_DECLINED,HARD,2,HARD,{},STOP,0.0,STOPPED,0.0,MAX_RETRIES_REACHED,2
PAY_005469,326,INSUFFICIENT_FUNDS,CUSTOMER,0,CUSTOMER,"{'RETRY_NOW': 0.21012230934509168, 'RETRY_LATER': 0.47112042802820936, 'SWITCH_METHOD': 0.6070717354180725, 'SEND_NOTIFICATION': 0.7428422221283849, 'STOP': 0.07336239956135257}",SEND_NOTIFICATION,242.16656441385348,SUCCESS,326.0,,0
PAY_005952,99,NETWORK_ERROR,TEMPORARY,0,TEMPORARY,"{'RETRY_NOW': 0.499213912852919, 'RETRY_LATER': 0.7727605217045811, 'SWITCH_METHOD': 0.6053534519676705, 'SEND_NOTIFICATION': 0.17077255845876768, 'STOP': 0.021031801370860685}",RETRY_LATER,76.50329164875353,FAILED,0.0,,0
PAY_005952,99,NETWORK_ERROR,TEMPORARY,1,TEMPORARY,"{'RETRY_NOW': 0.499213912852919, 'RETRY_LATER': 0.7727605217045811, 'SWITCH_METHOD': 0.6053534519676705, 'SEND_NOTIFICATION': 0.17077255845876768, 'STOP': 0.021031801370860685}",RETRY_LATER,76.50329164875353,SUCCESS,99.0,,1
PAY_003392,398,BANK_TIMEOUT,TEMPORARY,0,TEMPORARY,"{'RETRY_NOW': 0.5488020082010227, 'RETRY_LATER': 0.8184059591290519, 'SWITCH_METHOD': 0.6061635412405711, 'SEND_NOTIFICATION': 0.19677879444890053, 'STOP': 0.0010003633700457933}",RETRY_LATER,325.72557173336264,SUCCESS,398.0,,0
PAY_005416,1334,UPI_TECHNICAL_ERROR,TEMPORARY,0,TEMPORARY,"{'RETRY_NOW': 0.5285891622512133, 'RETRY_LATER': 0.8007271197713204, 'SWITCH_METHOD': 0.6675942913020436, 'SEND_NOTIFICATION': 0.19937287470080145, 'STOP': 0.02407988541488185}",RETRY_LATER,1068.1699777749413,SUCCESS,1334.0,,0
PAY_002561,1618,NETWORK_ERROR,TEMPORARY,0,TEMPORARY,"{'RETRY_NOW': 0.5277500066376665, 'RETRY_LATER': 0.7925553025551133, 'SWITCH_METHOD': 0.6194831459985412, 'SEND_NOTIFICATION': 0.18777964441123204, 'STOP': 0.04194612791738492}",RETRY_LATER,1282.3544795341734,SUCCESS,1618.0,,0
PAY_008163,757,BANK_TIMEOUT,TEMPORARY,0,TEMPORARY,"{'RETRY_NOW': 0.5517356481386309, 'RETRY_LATER': 0.8201610894154179, 'SWITCH_METHOD': 0.6079514907183527, 'SEND_NOTIFICATION': 0.19865920406322554, 'STOP': 0.0010042994249323369}",RETRY_LATER,620.8619446874714,SUCCESS,757.0,,0
PAY_002636,8906,INSUFFICIENT_FUNDS,CUSTOMER,0,CUSTOMER,"{'RETRY_NOW': 0.21912422395505574, 'RETRY_LATER': 0.48444381767143446, 'SWITCH_METHOD': 0.6244683876838839, 'SEND_NOTIFICATION': 0.7700041913272311, 'STOP': 0.09054291564980634}",SEND_NOTIFICATION,6857.65732796032,SUCCESS,8906.0,,0
PAY_005257,1188,AUTHENTICATION_FAILED,CUSTOMER,0,CUSTOMER,"{'RETRY_NOW': 0.3461820783485191, 'RETRY_LATER': 0.4964371588078376, 'SWITCH_METHOD': 0.42364892479987487, 'SEND_NOTIFICATION': 0.6019506175029296, 'STOP': 0.10036895361227754}",SEND_NOTIFICATION,715.1173335934803,FAILED,0.0,,0
PAY_005257,1188,AUTHENTICATION_FAILED,CUSTOMER,1,CUSTOMER,"{'RETRY_NOW': 0.3461820783485191, 'RETRY_LATER': 0.4964371588078376, 'SWITCH_METHOD': 0.42364892479987487, 'SEND_NOTIFICATION': 0.6019506175029296, 'STOP': 0.10036895361227754}",SEND_NOTIFICATION,715.1173335934803,FAILED,0.0,,1
PAY_005257,1188,AUTHENTICATION_FAILED,CUSTOMER,2,CUSTOMER,{},STOP,0.0,STOPPED,0.0,MAX_RETRIES_REACHED,2
PAY_003531,613,CARD_EXPIRED,CUSTOMER,0,CUSTOMER,"{'RETRY_NOW': 0.11713710544084315, 'RETRY_LATER': 0.15477694828158714, 'SWITCH_METHOD': 0.5794606675332371, 'SEND_NOTIFICATION': 0.6845270088333381, 'STOP': 0.18761724102536204}",SEND_NOTIFICATION,419.6150564148362,SUCCESS,613.0,,0
PAY_008568,2088,LIMIT_EXCEEDED,CUSTOMER,0,CUSTOMER,"{'RETRY_NOW': 0.23964704912377613, 'RETRY_LATER': 0.41253565855793545, 'SWITCH_METHOD': 0.512436513573263, 'SEND_NOTIFICATION': 0.5950580104878127, 'STOP': 0.11119355804928448}",SEND_NOTIFICATION,1242.4811258985528,SUCCESS,2088.0,,0
PAY_001909,1485,NETWORK_ERROR,TEMPORARY,0,TEMPORARY,"{'RETRY_NOW': 0.512744638162444, 'RETRY_LATER': 0.7723567936254166, 'SWITCH_METHOD': 0.6057444980453591, 'SEND_NOTIFICATION': 0.17118824555499235, 'STOP': 0.02390363323436958}",RETRY_LATER,1146.9498385337438,SUCCESS,1485.0,,0
PAY_000236,1184,GATEWAY_TIMEOUT,TEMPORARY,0,TEMPORARY,"{'RETRY_NOW': 0.5189008381425456, 'RETRY_LATER': 0.8007690838501523, 'SWITCH_METHOD': 0.6010758226883762, 'SEND_NOTIFICATION': 0.18743150926881305, 'STOP': 0.0030539633602988904}",RETRY_LATER,948.1105952785804,SUCCESS,1184.0,,0
PAY_001605,185,INSUFFICIENT_FUNDS,CUSTOMER,0,CUSTOMER,"{'RETRY_NOW': 0.19963178641699175, 'RETRY_LATER': 0.45186371449726825, 'SWITCH_METHOD': 0.5905929021445472, 'SEND_NOTIFICATION': 0.72547677868139, 'STOP': 0.06242481780313803}",SEND_NOTIFICATION,134.21320405605715,SUCCESS,185.0,,0
PAY_007985,1914,GATEWAY_TIMEOUT,TEMPORARY,0,TEMPORARY,"{'RETRY_NOW': 0.5189008381425456, 'RETRY_LATER': 0.8007690838501523, 'SWITCH_METHOD': 0.6010758226883762, 'SEND_NOTIFICATION': 0.18743150926881305, 'STOP': 0.0030539633602988904}",RETRY_LATER,1532.6720264891915,SUCCESS,1914.0,,0
PAY_003491,200,INVALID_ACCOUNT,HARD,0,HARD,"{'RETRY_NOW': 0.03418263606897206, 'RETRY_LATER': 0.045228350408834814, 'SWITCH_METHOD': 0.10824080793677468, 'SEND_NOTIFICATION': 0.1387937006451137, 'STOP': 0.9899012753127272}",SEND_NOTIFICATION,27.75874012902274,FAILED,0.0,,0
PAY_003491,200,INVALID_ACCOUNT,HARD,1,HARD,"{'RETRY_NOW': 0.03418263606897206, 'RETRY_LATER': 0.045228350408834814, 'SWITCH_METHOD': 0.10824080793677468, 'SEND_NOTIFICATION': 0.1387937006451137, 'STOP': 0.9899012753127272}",SEND_NOTIFICATION,27.75874012902274,FAILED,0.0,,1
PAY_003491,200,INVALID_ACCOUNT,HARD,2,HARD,{},STOP,0.0,STOPPED,0.0,MAX_RETRIES_REACHED,2
PAY_001995,10277,INSUFFICIENT_FUNDS,CUSTOMER,0,CUSTOMER,"{'RETRY_NOW': 0.19976177918894553, 'RETRY_LATER': 0.45175142087217285, 'SWITCH_METHOD': 0.5912024929739254, 'SEND_NOTIFICATION': 0.7262050128300418, 'STOP': 0.06290968148528578}",SEND_NOTIFICATION,7463.20891685434,SUCCESS,10277.0,,0
PAY_002825,179,BANK_TIMEOUT,TEMPORARY,0,TEMPORARY,"{'RETRY_NOW': 0.5762228890843711, 'RETRY_LATER': 0.8482659911525241, 'SWITCH_METHOD': 0.6355341919289966, 'SEND_NOTIFICATION': 0.22796501193503213, 'STOP': 0.028648971054813354}",RETRY_LATER,151.8396124163018,SUCCESS,179.0,,0
PAY_009286,383,NETWORK_ERROR,TEMPORARY,0,TEMPORARY,"{'RETRY_NOW': 0.5221493806498482, 'RETRY_LATER': 0.7900524144841858, 'SWITCH_METHOD': 0.6162453359984201, 'SEND_NOTIFICATION': 0.18465808618273105, 'STOP': 0.03734888435863067}",RETRY_LATER,302.59007474744317,SUCCESS,383.0,,0
PAY_001343,165,GATEWAY_TIMEOUT,TEMPORARY,0,TEMPORARY,"{'RETRY_NOW': 0.5250511521969814, 'RETRY_LATER': 0.8139831351479027, 'SWITCH_METHOD': 0.6185071496911009, 'SEND_NOTIFICATION': 0.19977476178240478, 'STOP': 0.016675883987799223}",RETRY_LATER,134.30721729940393,SUCCESS,165.0,,0
PAY_008513,99,BANK_TIMEOUT,TEMPORARY,0,TEMPORARY,"{'RETRY_NOW': 0.5726149942038414, 'RETRY_LATER': 0.8410226622640326, 'SWITCH_METHOD': 0.6310357096715916, 'SEND_NOTIFICATION': 0.22068914355862468, 'STOP': 0.021076107340725396}",RETRY_LATER,83.26124356413922,SUCCESS,99.0,,0
PAY_001620,1556,BLOCKED_METHOD,HARD,0,HARD,"{'RETRY_NOW': 0.04206883484170363, 'RETRY_LATER': 0.052414991753257485, 'SWITCH_METHOD': 0.16069238173198783, 'SEND_NOTIFICATION': 0.19248680263244675, 'STOP': 0.9618835162368888}",SEND_NOTIFICATION,299.50946489608714,FAILED,0.0,,0
PAY_001620,1556,BLOCKED_METHOD,HARD,1,HARD,"{'RETRY_NOW': 0.04206883484170363, 'RETRY_LATER': 0.052414991753257485, 'SWITCH_METHOD': 0.16069238173198783, 'SEND_NOTIFICATION': 0.19248680263244675, 'STOP': 0.9618835162368888}",SEND_NOTIFICATION,299.50946489608714,FAILED,0.0,,1
PAY_001620,1556,BLOCKED_METHOD,HARD,2,HARD,{},STOP,0.0,STOPPED,0.0,MAX_RETRIES_REACHED,2
PAY_005288,829,GATEWAY_TIMEOUT,TEMPORARY,0,TEMPORARY,"{'RETRY_NOW': 0.5250511521969814, 'RETRY_LATER': 0.8139831351479027, 'SWITCH_METHOD': 0.6185071496911009, 'SEND_NOTIFICATION': 0.19977476178240478, 'STOP': 0.016675883987799223}",RETRY_LATER,674.7920190376113,FAILED,0.0,,0
PAY_005288,829,GATEWAY_TIMEOUT,TEMPORARY,1,TEMPORARY,"{'RETRY_NOW': 0.5250511521969814, 'RETRY_LATER': 0.8139831351479027, 'SWITCH_METHOD': 0.6185071496911009, 'SEND_NOTIFICATION': 0.19977476178240478, 'STOP': 0.016675883987799223}",RETRY_LATER,674.7920190376113,SUCCESS,829.0,,1
PAY_002061,188,CARD_EXPIRED,CUSTOMER,0,CUSTOMER,"{'RETRY_NOW': 0.09229966895254829, 'RETRY_LATER': 0.13677405683111724, 'SWITCH_METHOD': 0.5578591546197532, 'SEND_NOTIFICATION': 0.6568845692613963, 'STOP': 0.16329793058737951}",SEND_NOTIFICATION,123.4942990211425,SUCCESS,188.0,,0
PAY_009956,1851,GATEWAY_TIMEOUT,TEMPORARY,0,TEMPORARY,"{'RETRY_NOW': 0.5549116096836801, 'RETRY_LATER': 0.8331497295597982, 'SWITCH_METHOD': 0.634412081128945, 'SEND_NOTIFICATION': 0.21557776860119088, 'STOP': 0.03480978054755394}",RETRY_LATER,1542.1601494151864,SUCCESS,1851.0,,0
PAY_002220,1185,GATEWAY_TIMEOUT,TEMPORARY,0,TEMPORARY,"{'RETRY_NOW': 0.5233411097702672, 'RETRY_LATER': 0.8098308844171033, 'SWITCH_METHOD': 0.6107567989746907, 'SEND_NOTIFICATION': 0.19616430326267012, 'STOP': 0.010556356424544939}",RETRY_LATER,959.6495980342673,SUCCESS,1185.0,,0
PAY_006039,290,BANK_TIMEOUT,TEMPORARY,0,TEMPORARY,"{'RETRY_NOW': 0.5726149942038414, 'RETRY_LATER': 0.8410226622640326, 'SWITCH_METHOD': 0.6310357096715916, 'SEND_NOTIFICATION': 0.22068914355862468, 'STOP': 0.021076107340725396}",RETRY_LATER,243.89657205656943,SUCCESS,290.0,,0
PAY_000261,128,GATEWAY_TIMEOUT,TEMPORARY,0,TEMPORARY,"{'RETRY_NOW': 0.5403072367212997, 'RETRY_LATER': 0.8236351095596709, 'SWITCH_METHOD': 0.624682397955857, 'SEND_NOTIFICATION': 0.206431164526727, 'STOP': 0.025827528946643336}",RETRY_LATER,105.42529402363787,SUCCESS,128.0,,0
PAY_009366,170,INSUFFICIENT_FUNDS,CUSTOMER,0,CUSTOMER,"{'RETRY_NOW': 0.1798982304722809, 'RETRY_LATER': 0.4326186751213166, 'SWITCH_METHOD': 0.5877753038073465, 'SEND_NOTIFICATION': 0.7137877886959354, 'STOP': 0.05031981256751793}",SEND_NOTIFICATION,121.34392407830902,SUCCESS,170.0,,0
PAY_009094,104,NETWORK_ERROR,TEMPORARY,0,TEMPORARY,"{'RETRY_NOW': 0.5288730073189586, 'RETRY_LATER': 0.7942130966294413, 'SWITCH_METHOD': 0.6214079911542477, 'SEND_NOTIFICATION': 0.18957182359764252, 'STOP': 0.04341682454902593}",RETRY_LATER,82.59816204946189,SUCCESS,104.0,,0
PAY_003745,434,NETWORK_ERROR,TEMPORARY,0,TEMPORARY,"{'RETRY_NOW': 0.4806516604592702, 'RETRY_LATER': 0.7474324111058788, 'SWITCH_METHOD': 0.5784265531292194, 'SEND_NOTIFICATION': 0.15171991249343483, 'STOP': 0.001003953252546974}",RETRY_LATER,324.3856664199514,SUCCESS,434.0,,0
PAY_002027,314,AUTHENTICATION_FAILED,CUSTOMER,0,CUSTOMER,"{'RETRY_NOW': 0.3618314174006806, 'RETRY_LATER': 0.5074810612163164, 'SWITCH_METHOD': 0.43317275985321596, 'SEND_NOTIFICATION': 0.6075299020894724, 'STOP': 0.11113148300909065}",SEND_NOTIFICATION,190.76438925609435,FAILED,0.0,,0
PAY_002027,314,AUTHENTICATION_FAILED,CUSTOMER,1,CUSTOMER,"{'RETRY_NOW': 0.3618314174006806, 'RETRY_LATER': 0.5074810612163164, 'SWITCH_METHOD': 0.43317275985321596, 'SEND_NOTIFICATION': 0.6075299020894724, 'STOP': 0.11113148300909065}",SEND_NOTIFICATION,190.76438925609435,SUCCESS,314.0,,1
PAY_006989,99,BLOCKED_METHOD,HARD,0,HARD,"{'RETRY_NOW': 0.04887197170444676, 'RETRY_LATER': 0.061892523939383375, 'SWITCH_METHOD': 0.16932966995622267, 'SEND_NOTIFICATION': 0.20235173006758, 'STOP': 0.9726095022001903}",SEND_NOTIFICATION,20.03282127669042,FAILED,0.0,,0
PAY_006989,99,BLOCKED_METHOD,HARD,1,HARD,"{'RETRY_NOW': 0.04887197170444676, 'RETRY_LATER': 0.061892523939383375, 'SWITCH_METHOD': 0.16932966995622267, 'SEND_NOTIFICATION': 0.20235173006758, 'STOP': 0.9726095022001903}",SEND_NOTIFICATION,20.03282127669042,FAILED,0.0,,1
PAY_006989,99,BLOCKED_METHOD,HARD,2,HARD,{},STOP,0.0,STOPPED,0.0,MAX_RETRIES_REACHED,2
PAY_004235,373,INSUFFICIENT_FUNDS,CUSTOMER,0,CUSTOMER,"{'RETRY_NOW': 0.21320791903019476, 'RETRY_LATER': 0.4703213900001933, 'SWITCH_METHOD': 0.6080488418565584, 'SEND_NOTIFICATION': 0.7451829001312937, 'STOP': 0.07679878172440113}",SEND_NOTIFICATION,277.95322174897257,FAILED,0.0,,0
PAY_004235,373,INSUFFICIENT_FUNDS,CUSTOMER,1,CUSTOMER,"{'RETRY_NOW': 0.21320791903019476, 'RETRY_LATER': 0.4703213900001933, 'SWITCH_METHOD': 0.6080488418565584, 'SEND_NOTIFICATION': 0.7451829001312937, 'STOP': 0.07679878172440113}",SEND_NOTIFICATION,277.95322174897257,SUCCESS,373.0,,1
PAY_001918,970,AUTHENTICATION_FAILED,CUSTOMER,0,CUSTOMER,"{'RETRY_NOW': 0.38599673826845793, 'RETRY_LATER': 0.5456828603108634, 'SWITCH_METHOD': 0.4650705063886304, 'SEND_NOTIFICATION': 0.6498692801717164, 'STOP': 0.14362370670984778}",SEND_NOTIFICATION,630.3732017665649,SUCCESS,970.0,,0
PAY_001829,988,INVALID_ACCOUNT,HARD,0,HARD,"{'RETRY_NOW': 0.035731008923985265, 'RETRY_LATER': 0.04563589784289463, 'SWITCH_METHOD': 0.10840659824066162, 'SEND_NOTIFICATION': 0.14022871180402882, 'STOP': 0.9899950917360852}",SEND_NOTIFICATION,138.5459672623805,SUCCESS,988.0,,0
PAY_006234,99,BANK_TIMEOUT,TEMPORARY,0,TEMPORARY,"{'RETRY_NOW': 0.5726149942038414, 'RETRY_LATER': 0.8410226622640326, 'SWITCH_METHOD': 0.6310357096715916, 'SEND_NOTIFICATION': 0.22068914355862468, 'STOP': 0.021076107340725396}",RETRY_LATER,83.26124356413922,SUCCESS,99.0,,0
PAY_009333,1701,INSUFFICIENT_FUNDS,CUSTOMER,0,CUSTOMER,"{'RETRY_NOW': 0.18550339255205156, 'RETRY_LATER': 0.44457889836731546, 'SWITCH_METHOD': 0.58960945948188, 'SEND_NOTIFICATION': 0.718469489782771, 'STOP': 0.056102272166695576}",SEND_NOTIFICATION,1222.1166021204936,FAILED,0.0,,0
PAY_009333,1701,INSUFFICIENT_FUNDS,CUSTOMER,1,CUSTOMER,"{'RETRY_NOW': 0.18550339255205156, 'RETRY_LATER': 0.44457889836731546, 'SWITCH_METHOD': 0.58960945948188, 'SEND_NOTIFICATION': 0.718469489782771, 'STOP': 0.056102272166695576}",SEND_NOTIFICATION,1222.1166021204936,SUCCESS,1701.0,,1
PAY_006284,365,GATEWAY_TIMEOUT,TEMPORARY,0,TEMPORARY,"{'RETRY_NOW': 0.5178253002308308, 'RETRY_LATER': 0.7928968823843522, 'SWITCH_METHOD': 0.5893897317452582, 'SEND_NOTIFICATION': 0.17470017578563796, 'STOP': 0.001006325921481945}",RETRY_LATER,289.40736207028857,SUCCESS,365.0,,0
PAY_004209,1073,LIMIT_EXCEEDED,CUSTOMER,0,CUSTOMER,"{'RETRY_NOW': 0.23964704912377613, 'RETRY_LATER': 0.41253565855793545, 'SWITCH_METHOD': 0.512436513573263, 'SEND_NOTIFICATION': 0.5950580104878127, 'STOP': 0.11119355804928448}",SEND_NOTIFICATION,638.497245253423,SUCCESS,1073.0,,0
PAY_000225,3712,NETWORK_ERROR,TEMPORARY,0,TEMPORARY,"{'RETRY_NOW': 0.4806516604592702, 'RETRY_LATER': 0.7474324111058788, 'SWITCH_METHOD': 0.5784265531292194, 'SEND_NOTIFICATION': 0.15171991249343483, 'STOP': 0.001003953252546974}",RETRY_LATER,2774.469110025022,SUCCESS,3712.0,,0
PAY_008916,767,UPI_TECHNICAL_ERROR,TEMPORARY,0,TEMPORARY,"{'RETRY_NOW': 0.512210861615233, 'RETRY_LATER': 0.7954582701571247, 'SWITCH_METHOD': 0.6652811854804807, 'SEND_NOTIFICATION': 0.19517399930742227, 'STOP': 0.018162388201534378}",RETRY_LATER,610.1164932105146,SUCCESS,767.0,,0
PAY_006470,371,INSUFFICIENT_FUNDS,CUSTOMER,0,CUSTOMER,"{'RETRY_NOW': 0.2021202347325381, 'RETRY_LATER': 0.44094827234725265, 'SWITCH_METHOD': 0.5827915694581012, 'SEND_NOTIFICATION': 0.7158686598458089, 'STOP': 0.059385789620743396}",SEND_NOTIFICATION,265.5872728027951,SUCCESS,371.0,,0
PAY_009414,1489,BLOCKED_METHOD,HARD,0,HARD,"{'RETRY_NOW': 0.055652368203661935, 'RETRY_LATER': 0.064945511606514, 'SWITCH_METHOD': 0.17403787585458017, 'SEND_NOTIFICATION': 0.2047987602452302, 'STOP': 0.9755197130250365}",SEND_NOTIFICATION,304.94535400514775,FAILED,0.0,,0
PAY_009414,1489,BLOCKED_METHOD,HARD,1,HARD,"{'RETRY_NOW': 0.055652368203661935, 'RETRY_LATER': 0.064945511606514, 'SWITCH_METHOD': 0.17403787585458017, 'SEND_NOTIFICATION': 0.2047987602452302, 'STOP': 0.9755197130250365}",SEND_NOTIFICATION,304.94535400514775,FAILED,0.0,,1
PAY_009414,1489,BLOCKED_METHOD,HARD,2,HARD,{},STOP,0.0,STOPPED,0.0,MAX_RETRIES_REACHED,2
PAY_000847,2787,CARD_EXPIRED,CUSTOMER,0,CUSTOMER,"{'RETRY_NOW': 0.09229966895254829, 'RETRY_LATER': 0.13677405683111724, 'SWITCH_METHOD': 0.5578591546197532, 'SEND_NOTIFICATION': 0.6568845692613963, 'STOP': 0.16329793058737951}",SEND_NOTIFICATION,1830.7372945315115,SUCCESS,2787.0,,0
PAY_004290,1562,LIMIT_EXCEEDED,CUSTOMER,0,CUSTOMER,"{'RETRY_NOW': 0.2573906729543748, 'RETRY_LATER': 0.4243998958004709, 'SWITCH_METHOD': 0.5248639046360701, 'SEND_NOTIFICATION': 0.6014815491720027, 'STOP': 0.12261397389091247}",SEND_NOTIFICATION,939.5141798066682,FAILED,0.0,,0
PAY_004290,1562,LIMIT_EXCEEDED,CUSTOMER,1,CUSTOMER,"{'RETRY_NOW': 0.2573906729543748, 'RETRY_LATER': 0.4243998958004709, 'SWITCH_METHOD': 0.5248639046360701, 'SEND_NOTIFICATION': 0.6014815491720027, 'STOP': 0.12261397389091247}",SEND_NOTIFICATION,939.5141798066682,FAILED,0.0,,1
PAY_004290,1562,LIMIT_EXCEEDED,CUSTOMER,2,CUSTOMER,{},STOP,0.0,STOPPED,0.0,MAX_RETRIES_REACHED,2
PAY_005561,486,CARD_EXPIRED,CUSTOMER,0,CUSTOMER,"{'RETRY_NOW': 0.1172384811664494, 'RETRY_LATER': 0.15341296257514325, 'SWITCH_METHOD': 0.5770735200149154, 'SEND_NOTIFICATION': 0.6832013596724443, 'STOP': 0.18519664353665902}",SEND_NOTIFICATION,332.03586080080794,SUCCESS,486.0,,0
PAY_002552,237,NETWORK_ERROR,TEMPORARY,0,TEMPORARY,"{'RETRY_NOW': 0.4957782929680135, 'RETRY_LATER': 0.7654717237925582, 'SWITCH_METHOD': 0.601065803949111, 'SEND_NOTIFICATION': 0.16482113532500858, 'STOP': 0.016460126667813123}",RETRY_LATER,181.4167985388363,SUCCESS,237.0,,0
PAY_000118,1901,INSUFFICIENT_FUNDS,CUSTOMER,0,CUSTOMER,"{'RETRY_NOW': 0.197970589242154, 'RETRY_LATER': 0.4510106641070189, 'SWITCH_METHOD': 0.5935190086034701, 'SEND_NOTIFICATION': 0.7247901993565987, 'STOP': 0.06085302969682901}",SEND_NOTIFICATION,1377.8261689768942,SUCCESS,1901.0,,0
PAY_008838,427,BANK_TIMEOUT,TEMPORARY,0,TEMPORARY,"{'RETRY_NOW': 0.5849013246583841, 'RETRY_LATER': 0.8531274506320325, 'SWITCH_METHOD': 0.642861702039728, 'SEND_NOTIFICATION': 0.23214446660573096, 'STOP': 0.03285377588910976}",RETRY_LATER,364.2854214198779,SUCCESS,427.0,,0
PAY_005967,782,NETWORK_ERROR,TEMPORARY,0,TEMPORARY,"{'RETRY_NOW': 0.4940136302306294, 'RETRY_LATER': 0.7622559540597124, 'SWITCH_METHOD': 0.5975590832415938, 'SEND_NOTIFICATION': 0.16427177041121502, 'STOP': 0.013499300027796106}",RETRY_LATER,596.0841560746951,SUCCESS,782.0,,0
PAY_008196,274,INSUFFICIENT_FUNDS,CUSTOMER,0,CUSTOMER,"{'RETRY_NOW': 0.19963178641699175, 'RETRY_LATER': 0.45186371449726825, 'SWITCH_METHOD': 0.5905929021445472, 'SEND_NOTIFICATION': 0.72547677868139, 'STOP': 0.06242481780313803}",SEND_NOTIFICATION,198.78063735870086,SUCCESS,274.0,,0
PAY_008660,538,NETWORK_ERROR,TEMPORARY,0,TEMPORARY,"{'RETRY_NOW': 0.485146249591102, 'RETRY_LATER': 0.7514930955350051, 'SWITCH_METHOD': 0.5873732490105927, 'SEND_NOTIFICATION': 0.1521958068645105, 'STOP': 0.004484487840900737}",RETRY_LATER,404.3032853978327,SUCCESS,538.0,,0
PAY_007490,1130,LIMIT_EXCEEDED,CUSTOMER,0,CUSTOMER,"{'RETRY_NOW': 0.2412116452595457, 'RETRY_LATER': 0.4083432848362429, 'SWITCH_METHOD': 0.5105835404293677, 'SEND_NOTIFICATION': 0.5932698100305471, 'STOP': 0.10960263835191332}",SEND_NOTIFICATION,670.3948853345182,SUCCESS,1130.0,,0
PAY_000006,406,INSUFFICIENT_FUNDS,CUSTOMER,0,CUSTOMER,"{'RETRY_NOW': 0.20130392957610446, 'RETRY_LATER': 0.45841684084532897, 'SWITCH_METHOD': 0.5961791660844497, 'SEND_NOTIFICATION': 0.7268607316986306, 'STOP': 0.06617957106946074}",SEND_NOTIFICATION,295.10545706964405,SUCCESS,406.0,,0
PAY_005343,985,PAYMENT_EXPIRED,HARD,0,HARD,"{'RETRY_NOW': 0.04719898553185486, 'RETRY_LATER': 0.055804451923778066, 'SWITCH_METHOD': 0.09387876505128144, 'SEND_NOTIFICATION': 0.11937230219412236, 'STOP': 0.99}",SEND_NOTIFICATION,117.58171766121052,FAILED,0.0,,0
PAY_005343,985,PAYMENT_EXPIRED,HARD,1,HARD,"{'RETRY_NOW': 0.04719898553185486, 'RETRY_LATER': 0.055804451923778066, 'SWITCH_METHOD': 0.09387876505128144, 'SEND_NOTIFICATION': 0.11937230219412236, 'STOP': 0.99}",SEND_NOTIFICATION,117.58171766121052,FAILED,0.0,,1
PAY_005343,985,PAYMENT_EXPIRED,HARD,2,HARD,{},STOP,0.0,STOPPED,0.0,MAX_RETRIES_REACHED,2
PAY_009112,248,GATEWAY_TIMEOUT,TEMPORARY,0,TEMPORARY,"{'RETRY_NOW': 0.5197997959803476, 'RETRY_LATER': 0.8055116617632886, 'SWITCH_METHOD': 0.605384506346381, 'SEND_NOTIFICATION': 0.1904493145233856, 'STOP': 0.006047479042267828}",RETRY_LATER,199.76689211729558,SUCCESS,248.0,,0
PAY_004325,2046,INSUFFICIENT_FUNDS,CUSTOMER,0,CUSTOMER,"{'RETRY_NOW': 0.21539550308731886, 'RETRY_LATER': 0.4896145927725433, 'SWITCH_METHOD': 0.6253318452430843, 'SEND_NOTIFICATION': 0.7652837896913456, 'STOP': 0.08965558951181045}",SEND_NOTIFICATION,1565.770633708493,FAILED,0.0,,0
PAY_004325,2046,INSUFFICIENT_FUNDS,CUSTOMER,1,CUSTOMER,"{'RETRY_NOW': 0.21539550308731886, 'RETRY_LATER': 0.4896145927725433, 'SWITCH_METHOD': 0.6253318452430843, 'SEND_NOTIFICATION': 0.7652837896913456, 'STOP': 0.08965558951181045}",SEND_NOTIFICATION,1565.770633708493,FAILED,0.0,,1
PAY_004325,2046,INSUFFICIENT_FUNDS,CUSTOMER,2,CUSTOMER,{},STOP,0.0,STOPPED,0.0,MAX_RETRIES_REACHED,2
PAY_001064,16187,UPI_TECHNICAL_ERROR,TEMPORARY,0,TEMPORARY,"{'RETRY_NOW': 0.5046469370816181, 'RETRY_LATER': 0.7826900958272864, 'SWITCH_METHOD': 0.6484045092768476, 'SEND_NOTIFICATION': 0.17341423591776123, 'STOP': 0.0015014239530806903}",RETRY_LATER,12669.404581156286,SUCCESS,16187.0,,0
PAY_002591,2093,PAYMENT_EXPIRED,HARD,0,HARD,"{'RETRY_NOW': 0.04719898553185486, 'RETRY_LATER': 0.055804451923778066, 'SWITCH_METHOD': 0.09387876505128144, 'SEND_NOTIFICATION': 0.11937230219412236, 'STOP': 0.99}",SEND_NOTIFICATION,249.84622849229808,FAILED,0.0,,0
PAY_002591,2093,PAYMENT_EXPIRED,HARD,1,HARD,"{'RETRY_NOW': 0.04719898553185486, 'RETRY_LATER': 0.055804451923778066, 'SWITCH_METHOD': 0.09387876505128144, 'SEND_NOTIFICATION': 0.11937230219412236, 'STOP': 0.99}",SEND_NOTIFICATION,249.84622849229808,FAILED,0.0,,1
PAY_002591,2093,PAYMENT_EXPIRED,HARD,2,HARD,{},STOP,0.0,STOPPED,0.0,MAX_RETRIES_REACHED,2
PAY_008435,383,NETWORK_ERROR,TEMPORARY,0,TEMPORARY,"{'RETRY_NOW': 0.5288730073189586, 'RETRY_LATER': 0.7942130966294413, 'SWITCH_METHOD': 0.6214079911542477, 'SEND_NOTIFICATION': 0.18957182359764252, 'STOP': 0.04341682454902593}",RETRY_LATER,304.183616009076,FAILED,0.0,,0
PAY_008435,383,NETWORK_ERROR,TEMPORARY,1,TEMPORARY,"{'RETRY_NOW': 0.5288730073189586, 'RETRY_LATER': 0.7942130966294413, 'SWITCH_METHOD': 0.6214079911542477, 'SEND_NOTIFICATION': 0.18957182359764252, 'STOP': 0.04341682454902593}",RETRY_LATER,304.183616009076,SUCCESS,383.0,,1
PAY_003736,215,NETWORK_ERROR,TEMPORARY,0,TEMPORARY,"{'RETRY_NOW': 0.5003481664705942, 'RETRY_LATER': 0.7695051248351832, 'SWITCH_METHOD': 0.6034187882708808, 'SEND_NOTIFICATION': 0.16791702795491556, 'STOP': 0.01926603823229155}",RETRY_LATER,165.4436018395644,SUCCESS,215.0,,0
PAY_003518,1128,CUSTOMER_DECLINED,HARD,0,HARD,"{'RETRY_NOW': 0.01576774552581387, 'RETRY_LATER': 0.01642043987240526, 'SWITCH_METHOD': 0.038609437208240754, 'SEND_NOTIFICATION': 0.05613513501942363, 'STOP': 0.9894438423583446}",SEND_NOTIFICATION,63.320432301909854,FAILED,0.0,,0
PAY_003518,1128,CUSTOMER_DECLINED,HARD,1,HARD,"{'RETRY_NOW': 0.01576774552581387, 'RETRY_LATER': 0.01642043987240526, 'SWITCH_METHOD': 0.038609437208240754, 'SEND_NOTIFICATION': 0.05613513501942363, 'STOP': 0.9894438423583446}",SEND_NOTIFICATION,63.320432301909854,FAILED,0.0,,1
PAY_003518,1128,CUSTOMER_DECLINED,HARD,2,HARD,{},STOP,0.0,STOPPED,0.0,MAX_RETRIES_REACHED,2
PAY_006987,99,AUTHENTICATION_FAILED,CUSTOMER,0,CUSTOMER,"{'RETRY_NOW': 0.3672109048960562, 'RETRY_LATER': 0.5045077390280865, 'SWITCH_METHOD': 0.4299976606629388, 'SEND_NOTIFICATION': 0.6044396068038961, 'STOP': 0.11113148300909065}",SEND_NOTIFICATION,59.839521073585715,SUCCESS,99.0,,0
PAY_006768,1633,UPI_TECHNICAL_ERROR,TEMPORARY,0,TEMPORARY,"{'RETRY_NOW': 0.5044488188618932, 'RETRY_LATER': 0.7940079439585197, 'SWITCH_METHOD': 0.6615535931941101, 'SEND_NOTIFICATION': 0.18915010044264607, 'STOP': 0.01513305685696593}",RETRY_LATER,1296.6149724842626,SUCCESS,1633.0,,0
PAY_005623,1350,BANK_TIMEOUT,TEMPORARY,0,TEMPORARY,"{'RETRY_NOW': 0.5923509835877822, 'RETRY_LATER': 0.8587252353586929, 'SWITCH_METHOD': 0.6472663479489635, 'SEND_NOTIFICATION': 0.2311219233304094, 'STOP': 0.03739432207086676}",RETRY_LATER,1159.2790677342355,SUCCESS,1350.0,,0
PAY_001606,672,BANK_TIMEOUT,TEMPORARY,0,TEMPORARY,"{'RETRY_NOW': 0.5978890604380045, 'RETRY_LATER': 0.8621506012643568, 'SWITCH_METHOD': 0.6541276875281906, 'SEND_NOTIFICATION': 0.24079583174282118, 'STOP': 0.04347481316962946}",RETRY_LATER,579.3652040496478,FAILED,0.0,,0
PAY_001606,672,BANK_TIMEOUT,TEMPORARY,1,TEMPORARY,"{'RETRY_NOW': 0.5978890604380045, 'RETRY_LATER': 0.8621506012643568, 'SWITCH_METHOD': 0.6541276875281906, 'SEND_NOTIFICATION': 0.24079583174282118, 'STOP': 0.04347481316962946}",RETRY_LATER,579.3652040496478,SUCCESS,672.0,,1
PAY_001734,235,CARD_EXPIRED,CUSTOMER,0,CUSTOMER,"{'RETRY_NOW': 0.09604367913197817, 'RETRY_LATER': 0.14359214579818105, 'SWITCH_METHOD': 0.56974717149383, 'SEND_NOTIFICATION': 0.6651171790225807, 'STOP': 0.16535769589126573}",SEND_NOTIFICATION,156.30253707030647,FAILED,0.0,,0
PAY_001734,235,CARD_EXPIRED,CUSTOMER,1,CUSTOMER,"{'RETRY_NOW': 0.09604367913197817, 'RETRY_LATER': 0.14359214579818105, 'SWITCH_METHOD': 0.56974717149383, 'SEND_NOTIFICATION': 0.6651171790225807, 'STOP': 0.16535769589126573}",SEND_NOTIFICATION,156.30253707030647,SUCCESS,235.0,,1
PAY_009342,1838,INSUFFICIENT_FUNDS,CUSTOMER,0,CUSTOMER,"{'RETRY_NOW': 0.2144046870367305, 'RETRY_LATER': 0.47833627643930077, 'SWITCH_METHOD': 0.6141874729186443, 'SEND_NOTIFICATION': 0.7551458501773496, 'STOP': 0.08381566648043251}",SEND_NOTIFICATION,1387.9580726259685,SUCCESS,1838.0,,0
PAY_003813,118,UPI_TECHNICAL_ERROR,TEMPORARY,0,TEMPORARY,"{'RETRY_NOW': 0.522659048617694, 'RETRY_LATER': 0.8028218382728833, 'SWITCH_METHOD': 0.6748072274262328, 'SEND_NOTIFICATION': 0.19683920478671196, 'STOP': 0.025737042727012275}",RETRY_LATER,94.73297691620023,SUCCESS,118.0,,0
PAY_009625,4048,UPI_TECHNICAL_ERROR,TEMPORARY,0,TEMPORARY,"{'RETRY_NOW': 0.5421882715011785, 'RETRY_LATER': 0.8147725433277231, 'SWITCH_METHOD': 0.6833584418077688, 'SEND_NOTIFICATION': 0.20544601263058776, 'STOP': 0.035624752875046115}",RETRY_LATER,3298.199255390623,SUCCESS,4048.0,,0
PAY_001762,1507,INSUFFICIENT_FUNDS,CUSTOMER,0,CUSTOMER,"{'RETRY_NOW': 0.21150967391679906, 'RETRY_LATER': 0.47707099474808795, 'SWITCH_METHOD': 0.6169296423089065, 'SEND_NOTIFICATION': 0.7596978253932085, 'STOP': 0.08827495411948162}",SEND_NOTIFICATION,1144.8646228675652,SUCCESS,1507.0,,0
PAY_005402,1161,CARD_EXPIRED,CUSTOMER,0,CUSTOMER,"{'RETRY_NOW': 0.10531844718185354, 'RETRY_LATER': 0.14363862467794725, 'SWITCH_METHOD': 0.5705236867366029, 'SEND_NOTIFICATION': 0.6646029522929868, 'STOP': 0.17241137501885437}",SEND_NOTIFICATION,771.6040276121577,SUCCESS,1161.0,,0
PAY_002740,982,CARD_EXPIRED,CUSTOMER,0,CUSTOMER,"{'RETRY_NOW': 0.09419860839894821, 'RETRY_LATER': 0.14126562099955234, 'SWITCH_METHOD': 0.5694507647841095, 'SEND_NOTIFICATION': 0.6499303150480881, 'STOP': 0.16509484816430678}",SEND_NOTIFICATION,638.2315693772225,SUCCESS,982.0,,0
PAY_002473,312,BANK_TIMEOUT,TEMPORARY,0,TEMPORARY,"{'RETRY_NOW': 0.5511778866468485, 'RETRY_LATER': 0.822032345782785, 'SWITCH_METHOD': 0.6114504793744828, 'SEND_NOTIFICATION': 0.2026232680982858, 'STOP': 0.0029976924631428445}",RETRY_LATER,256.4740918842289,SUCCESS,312.0,,0
PAY_006739,528,NETWORK_ERROR,TEMPORARY,0,TEMPORARY,"{'RETRY_NOW': 0.5003481664705942, 'RETRY_LATER': 0.7668000316384543, 'SWITCH_METHOD': 0.6034187882708808, 'SEND_NOTIFICATION': 0.16791702795491556, 'STOP': 0.018012261349316813}",RETRY_LATER,404.8704167051039,SUCCESS,528.0,,0
PAY_006892,1926,UPI_TECHNICAL_ERROR,TEMPORARY,0,TEMPORARY,"{'RETRY_NOW': 0.5021390230382551, 'RETRY_LATER': 0.7801632942868052, 'SWITCH_METHOD': 0.6459388244189908, 'SEND_NOTIFICATION': 0.17130385353257196, 'STOP': 0.0010173332899943784}",RETRY_LATER,1502.594504796387,SUCCESS,1926.0,,0
PAY_007944,2142,NETWORK_ERROR,TEMPORARY,0,TEMPORARY,"{'RETRY_NOW': 0.5150670983368959, 'RETRY_LATER': 0.7842063232446957, 'SWITCH_METHOD': 0.6120497232353374, 'SEND_NOTIFICATION': 0.18082735999393668, 'STOP': 0.032681559546687576}",RETRY_LATER,1679.7699443901383,SUCCESS,2142.0,,0
PAY_004207,3600,INSUFFICIENT_FUNDS,CUSTOMER,0,CUSTOMER,"{'RETRY_NOW': 0.20130392957610446, 'RETRY_LATER': 0.45841684084532897, 'SWITCH_METHOD': 0.5961791660844497, 'SEND_NOTIFICATION': 0.7268607316986306, 'STOP': 0.06617957106946074}",SEND_NOTIFICATION,2616.6986341150705,FAILED,0.0,,0
PAY_004207,3600,INSUFFICIENT_FUNDS,CUSTOMER,1,CUSTOMER,"{'RETRY_NOW': 0.20130392957610446, 'RETRY_LATER': 0.45841684084532897, 'SWITCH_METHOD': 0.5961791660844497, 'SEND_NOTIFICATION': 0.7268607316986306, 'STOP': 0.06617957106946074}",SEND_NOTIFICATION,2616.6986341150705,FAILED,0.0,,1
PAY_004207,3600,INSUFFICIENT_FUNDS,CUSTOMER,2,CUSTOMER,{},STOP,0.0,STOPPED,0.0,MAX_RETRIES_REACHED,2
PAY_006372,502,BLOCKED_METHOD,HARD,0,HARD,"{'RETRY_NOW': 0.046208752224348934, 'RETRY_LATER': 0.05453039974227893, 'SWITCH_METHOD': 0.16288117213671624, 'SEND_NOTIFICATION': 0.19665290749378586, 'STOP': 0.9649971432371746}",SEND_NOTIFICATION,98.71975956188051,SUCCESS,502.0,,0
PAY_000233,465,GATEWAY_TIMEOUT,TEMPORARY,0,TEMPORARY,"{'RETRY_NOW': 0.5099580174462239, 'RETRY_LATER': 0.7952973133302063, 'SWITCH_METHOD': 0.5910874179915728, 'SEND_NOTIFICATION': 0.17871130481081787, 'STOP': 0.001013680678564772}",RETRY_LATER,369.8132506985459,SUCCESS,465.0,,0
PAY_008259,1862,INSUFFICIENT_FUNDS,CUSTOMER,0,CUSTOMER,"{'RETRY_NOW': 0.2102122615955355, 'RETRY_LATER': 0.46889637936991696, 'SWITCH_METHOD': 0.6046750058587255, 'SEND_NOTIFICATION': 0.7488416374981446, 'STOP': 0.0797179975048469}",SEND_NOTIFICATION,1394.343129021545,SUCCESS,1862.0,,0
PAY_007562,548,BANK_TIMEOUT,TEMPORARY,0,TEMPORARY,"{'RETRY_NOW': 0.5696330875458853, 'RETRY_LATER': 0.835896994338851, 'SWITCH_METHOD': 0.6267842313168004, 'SEND_NOTIFICATION': 0.21369597636977036, 'STOP': 0.016458093859235613}",RETRY_LATER,458.07155289769037,SUCCESS,548.0,,0
PAY_006169,4825,NETWORK_ERROR,TEMPORARY,0,TEMPORARY,"{'RETRY_NOW': 0.5003481664705942, 'RETRY_LATER': 0.7695051248351832, 'SWITCH_METHOD': 0.6034187882708808, 'SEND_NOTIFICATION': 0.16791702795491556, 'STOP': 0.01926603823229155}",RETRY_LATER,3712.8622273297588,SUCCESS,4825.0,,0
PAY_003597,402,BANK_TIMEOUT,TEMPORARY,0,TEMPORARY,"{'RETRY_NOW': 0.5780061904791973, 'RETRY_LATER': 0.8531322867174927, 'SWITCH_METHOD': 0.6423667953759395, 'SEND_NOTIFICATION': 0.23106464820244738, 'STOP': 0.03150091080640833}",RETRY_LATER,342.9591792604321,SUCCESS,402.0,,0
PAY_006289,2309,GATEWAY_TIMEOUT,TEMPORARY,0,TEMPORARY,"{'RETRY_NOW': 0.5233411097702672, 'RETRY_LATER': 0.8098308844171033, 'SWITCH_METHOD': 0.6107567989746907, 'SEND_NOTIFICATION': 0.19616430326267012, 'STOP': 0.010556356424544939}",RETRY_LATER,1869.8995121190915,SUCCESS,2309.0,,0
PAY_004633,146,BANK_TIMEOUT,TEMPORARY,0,TEMPORARY,"{'RETRY_NOW': 0.5517356481386309, 'RETRY_LATER': 0.8201610894154179, 'SWITCH_METHOD': 0.6079514907183527, 'SEND_NOTIFICATION': 0.19865920406322554, 'STOP': 0.0010042994249323369}",RETRY_LATER,119.74351905465102,SUCCESS,146.0,,0
PAY_000126,747,LIMIT_EXCEEDED,CUSTOMER,0,CUSTOMER,"{'RETRY_NOW': 0.22557267333133968, 'RETRY_LATER': 0.38872257960950474, 'SWITCH_METHOD': 0.4922907387864806, 'SEND_NOTIFICATION': 0.5615432240365298, 'STOP': 0.0905755136377806}",SEND_NOTIFICATION,419.4727883552878,SUCCESS,747.0,,0
PAY_007642,490,UPI_TECHNICAL_ERROR,TEMPORARY,0,TEMPORARY,"{'RETRY_NOW': 0.4962096499315957, 'RETRY_LATER': 0.7899820649047393, 'SWITCH_METHOD': 0.6570368740581093, 'SEND_NOTIFICATION': 0.18106071214190847, 'STOP': 0.00906845116527039}",RETRY_LATER,387.09121180332227,SUCCESS,490.0,,0
PAY_006230,252,BANK_TIMEOUT,TEMPORARY,0,TEMPORARY,"{'RETRY_NOW': 0.5696330875458853, 'RETRY_LATER': 0.835896994338851, 'SWITCH_METHOD': 0.6267842313168004, 'SEND_NOTIFICATION': 0.21369597636977036, 'STOP': 0.016458093859235613}",RETRY_LATER,210.64604257339045,SUCCESS,252.0,,0
PAY_001297,373,BANK_TIMEOUT,TEMPORARY,0,TEMPORARY,"{'RETRY_NOW': 0.5901690544587485, 'RETRY_LATER': 0.8572548944418964, 'SWITCH_METHOD': 0.6445748920528869, 'SEND_NOTIFICATION': 0.23419297675421302, 'STOP': 0.035799839628748165}",RETRY_LATER,319.75607562682734,SUCCESS,373.0,,0
PAY_001977,172,LIMIT_EXCEEDED,CUSTOMER,0,CUSTOMER,"{'RETRY_NOW': 0.23680432061756776, 'RETRY_LATER': 0.407589475998325, 'SWITCH_METHOD': 0.5110468738585292, 'SEND_NOTIFICATION': 0.5874314793518616, 'STOP': 0.1054050200913086}",SEND_NOTIFICATION,101.0382144485202,SUCCESS,172.0,,0
PAY_009481,99,NETWORK_ERROR,TEMPORARY,0,TEMPORARY,"{'RETRY_NOW': 0.5054795460670634, 'RETRY_LATER': 0.777498176691792, 'SWITCH_METHOD': 0.6074782110423097, 'SEND_NOTIFICATION': 0.17509896148576348, 'STOP': 0.026959419091106104}",RETRY_LATER,76.9723194924874,FAILED,0.0,,0
PAY_009481,99,NETWORK_ERROR,TEMPORARY,1,TEMPORARY,"{'RETRY_NOW': 0.5054795460670634, 'RETRY_LATER': 0.777498176691792, 'SWITCH_METHOD': 0.6074782110423097, 'SEND_NOTIFICATION': 0.17509896148576348, 'STOP': 0.026959419091106104}",RETRY_LATER,76.9723194924874,SUCCESS,99.0,,1
PAY_009582,1272,BANK_TIMEOUT,TEMPORARY,0,TEMPORARY,"{'RETRY_NOW': 0.5752727942608009, 'RETRY_LATER': 0.8459959852561703, 'SWITCH_METHOD': 0.6346172550826932, 'SEND_NOTIFICATION': 0.22286984585585035, 'STOP': 0.025599252584954414}",RETRY_LATER,1076.1068932458486,SUCCESS,1272.0,,0
PAY_005751,106,BANK_TIMEOUT,TEMPORARY,0,TEMPORARY,"{'RETRY_NOW': 0.5916354398295579, 'RETRY_LATER': 0.8553086511216905, 'SWITCH_METHOD': 0.6429611314217215, 'SEND_NOTIFICATION': 0.23301664035205327, 'STOP': 0.034585301590541226}",RETRY_LATER,90.6627170188992,SUCCESS,106.0,,0
PAY_008153,1991,NETWORK_ERROR,TEMPORARY,0,TEMPORARY,"{'RETRY_NOW': 0.5045002834854875, 'RETRY_LATER': 0.7785125482911412, 'SWITCH_METHOD': 0.6085921050508901, 'SEND_NOTIFICATION': 0.17578792044511196, 'STOP': 0.02868115064427444}",RETRY_LATER,1550.0184836476622,SUCCESS,1991.0,,0
PAY_003087,605,UPI_TECHNICAL_ERROR,TEMPORARY,0,TEMPORARY,"{'RETRY_NOW': 0.5509233464783473, 'RETRY_LATER': 0.8222840958700443, 'SWITCH_METHOD': 0.6841734679676751, 'SEND_NOTIFICATION': 0.20667130729120173, 'STOP': 0.04047868225933406}",RETRY_LATER,497.4818780013768,SUCCESS,605.0,,0
PAY_009277,130,UPI_TECHNICAL_ERROR,TEMPORARY,0,TEMPORARY,"{'RETRY_NOW': 0.5421882715011785, 'RETRY_LATER': 0.8147725433277231, 'SWITCH_METHOD': 0.6833584418077688, 'SEND_NOTIFICATION': 0.20544601263058776, 'STOP': 0.035624752875046115}",RETRY_LATER,105.920430632604,SUCCESS,130.0,,0
PAY_006883,260,INSUFFICIENT_FUNDS,CUSTOMER,0,CUSTOMER,"{'RETRY_NOW': 0.17232725130464632, 'RETRY_LATER': 0.41828619784628635, 'SWITCH_METHOD': 0.5712212776503104, 'SEND_NOTIFICATION': 0.7072844662912474, 'STOP': 0.04453122274320142}",SEND_NOTIFICATION,183.89396123572433,SUCCESS,260.0,,0
PAY_009306,1021,GATEWAY_TIMEOUT,TEMPORARY,0,TEMPORARY,"{'RETRY_NOW': 0.5195307688555612, 'RETRY_LATER': 0.8021628650867205, 'SWITCH_METHOD': 0.6028354963385155, 'SEND_NOTIFICATION': 0.1887692332659307, 'STOP': 0.0045560532248368835}",RETRY_LATER,819.0082852535417,SUCCESS,1021.0,,0
PAY_007674,1145,NETWORK_ERROR,TEMPORARY,0,TEMPORARY,"{'RETRY_NOW': 0.5221493806498482, 'RETRY_LATER': 0.7900524144841858, 'SWITCH_METHOD': 0.6162453359984201, 'SEND_NOTIFICATION': 0.18465808618273105, 'STOP': 0.03734888435863067}",RETRY_LATER,904.6100145843927,SUCCESS,1145.0,,0
PAY_003346,142,NETWORK_ERROR,TEMPORARY,0,TEMPORARY,"{'RETRY_NOW': 0.5225671092245296, 'RETRY_LATER': 0.7936117291561596, 'SWITCH_METHOD': 0.6177186274678128, 'SEND_NOTIFICATION': 0.18647360764225457, 'STOP': 0.03885480004717468}",RETRY_LATER,112.69286554017467,SUCCESS,142.0,,0
PAY_008173,126,AUTHENTICATION_FAILED,CUSTOMER,0,CUSTOMER,"{'RETRY_NOW': 0.38072328717147785, 'RETRY_LATER': 0.5366708335203934, 'SWITCH_METHOD': 0.45530927547372113, 'SEND_NOTIFICATION': 0.6423831887173568, 'STOP': 0.1339604454418207}",SEND_NOTIFICATION,80.94028177838696,SUCCESS,126.0,,0
PAY_009422,1367,BANK_TIMEOUT,TEMPORARY,0,TEMPORARY,"{'RETRY_NOW': 0.5488020082010227, 'RETRY_LATER': 0.8184059591290519, 'SWITCH_METHOD': 0.6061635412405711, 'SEND_NOTIFICATION': 0.19677879444890053, 'STOP': 0.0010003633700457933}",RETRY_LATER,1118.760946129414,SUCCESS,1367.0,,0
PAY_005871,121,BLOCKED_METHOD,HARD,0,HARD,"{'RETRY_NOW': 0.06086749790419998, 'RETRY_LATER': 0.06985634738614098, 'SWITCH_METHOD': 0.17856862228551984, 'SEND_NOTIFICATION': 0.20699160146013978, 'STOP': 0.9801871674153709}",SEND_NOTIFICATION,25.045983776676913,FAILED,0.0,,0
PAY_005871,121,BLOCKED_METHOD,HARD,1,HARD,"{'RETRY_NOW': 0.06086749790419998, 'RETRY_LATER': 0.06985634738614098, 'SWITCH_METHOD': 0.17856862228551984, 'SEND_NOTIFICATION': 0.20699160146013978, 'STOP': 0.9801871674153709}",SEND_NOTIFICATION,25.045983776676913,SUCCESS,121.0,,1
PAY_006507,711,INVALID_ACCOUNT,HARD,0,HARD,"{'RETRY_NOW': 0.016862235672513222, 'RETRY_LATER': 0.024926521662099466, 'SWITCH_METHOD': 0.09259562034204713, 'SEND_NOTIFICATION': 0.11916418220792234, 'STOP': 0.9857356295303816}",SEND_NOTIFICATION,84.72573354983278,FAILED,0.0,,0
PAY_006507,711,INVALID_ACCOUNT,HARD,1,HARD,"{'RETRY_NOW': 0.016862235672513222, 'RETRY_LATER': 0.024926521662099466, 'SWITCH_METHOD': 0.09259562034204713, 'SEND_NOTIFICATION': 0.11916418220792234, 'STOP': 0.9857356295303816}",SEND_NOTIFICATION,84.72573354983278,FAILED,0.0,,1
PAY_006507,711,INVALID_ACCOUNT,HARD,2,HARD,{},STOP,0.0,STOPPED,0.0,MAX_RETRIES_REACHED,2
PAY_002798,2181,BANK_TIMEOUT,TEMPORARY,0,TEMPORARY,"{'RETRY_NOW': 0.5797298286475617, 'RETRY_LATER': 0.8444226281204142, 'SWITCH_METHOD': 0.6322527160259589, 'SEND_NOTIFICATION': 0.2215461388051978, 'STOP': 0.023968961488623184}",RETRY_LATER,1841.6857519306234,SUCCESS,2181.0,,0
PAY_000919,99,AUTHENTICATION_FAILED,CUSTOMER,0,CUSTOMER,"{'RETRY_NOW': 0.3650603101739369, 'RETRY_LATER': 0.5126167849108241, 'SWITCH_METHOD': 0.43858567194942616, 'SEND_NOTIFICATION': 0.6172753853403206, 'STOP': 0.1171294037484171}",SEND_NOTIFICATION,61.110263148691736,SUCCESS,99.0,,0
PAY_001647,2490,CARD_EXPIRED,CUSTOMER,0,CUSTOMER,"{'RETRY_NOW': 0.0982741331276089, 'RETRY_LATER': 0.14359214579818105, 'SWITCH_METHOD': 0.56974717149383, 'SEND_NOTIFICATION': 0.6651171790225807, 'STOP': 0.16737971160863502}",SEND_NOTIFICATION,1656.141775766226,SUCCESS,2490.0,,0
PAY_005123,4226,BANK_TIMEOUT,TEMPORARY,0,TEMPORARY,"{'RETRY_NOW': 0.5984394658668035, 'RETRY_LATER': 0.861469039262026, 'SWITCH_METHOD': 0.6499747292770568, 'SEND_NOTIFICATION': 0.23349990203870502, 'STOP': 0.04041982662131906}",RETRY_LATER,3640.5681599213217,FAILED,0.0,,0
PAY_005123,4226,BANK_TIMEOUT,TEMPORARY,1,TEMPORARY,"{'RETRY_NOW': 0.5984394658668035, 'RETRY_LATER': 0.861469039262026, 'SWITCH_METHOD': 0.6499747292770568, 'SEND_NOTIFICATION': 0.23349990203870502, 'STOP': 0.04041982662131906}",RETRY_LATER,3640.5681599213217,SUCCESS,4226.0,,1
PAY_005127,2309,PAYMENT_EXPIRED,HARD,0,HARD,"{'RETRY_NOW': 0.022275128388292837, 'RETRY_LATER': 0.032173644384555035, 'SWITCH_METHOD': 0.0639540231701278, 'SEND_NOTIFICATION': 0.0936120711366232, 'STOP': 0.9893101000992379}",SEND_NOTIFICATION,216.15027225446298,FAILED,0.0,,0
PAY_005127,2309,PAYMENT_EXPIRED,HARD,1,HARD,"{'RETRY_NOW': 0.022275128388292837, 'RETRY_LATER': 0.032173644384555035, 'SWITCH_METHOD': 0.0639540231701278, 'SEND_NOTIFICATION': 0.0936120711366232, 'STOP': 0.9893101000992379}",SEND_NOTIFICATION,216.15027225446298,FAILED,0.0,,1
PAY_005127,2309,PAYMENT_EXPIRED,HARD,2,HARD,{},STOP,0.0,STOPPED,0.0,MAX_RETRIES_REACHED,2
PAY_004622,868,INVALID_ACCOUNT,HARD,0,HARD,"{'RETRY_NOW': 0.025605215014814813, 'RETRY_LATER': 0.035537303890459136, 'SWITCH_METHOD': 0.10061732907127298, 'SEND_NOTIFICATION': 0.12893241052542612, 'STOP': 0.9890105670634023}",SEND_NOTIFICATION,111.91333233606987,FAILED,0.0,,0
PAY_004622,868,INVALID_ACCOUNT,HARD,1,HARD,"{'RETRY_NOW': 0.025605215014814813, 'RETRY_LATER': 0.035537303890459136, 'SWITCH_METHOD': 0.10061732907127298, 'SEND_NOTIFICATION': 0.12893241052542612, 'STOP': 0.9890105670634023}",SEND_NOTIFICATION,111.91333233606987,FAILED,0.0,,1
PAY_004622,868,INVALID_ACCOUNT,HARD,2,HARD,{},STOP,0.0,STOPPED,0.0,MAX_RETRIES_REACHED,2
PAY_006810,1744,BANK_TIMEOUT,TEMPORARY,0,TEMPORARY,"{'RETRY_NOW': 0.5752727942608009, 'RETRY_LATER': 0.8459959852561703, 'SWITCH_METHOD': 0.6346172550826932, 'SEND_NOTIFICATION': 0.22286984585585035, 'STOP': 0.025599252584954414}",RETRY_LATER,1475.4169982867609,SUCCESS,1744.0,,0
PAY_000365,6504,GATEWAY_TIMEOUT,TEMPORARY,0,TEMPORARY,"{'RETRY_NOW': 0.5610570527992716, 'RETRY_LATER': 0.83839839817943, 'SWITCH_METHOD': 0.6371694611158878, 'SEND_NOTIFICATION': 0.21647948216182034, 'STOP': 0.03771996653179893}",RETRY_LATER,5452.943181759012,SUCCESS,6504.0,,0
PAY_002126,1279,NETWORK_ERROR,TEMPORARY,0,TEMPORARY,"{'RETRY_NOW': 0.485146249591102, 'RETRY_LATER': 0.7514930955350051, 'SWITCH_METHOD': 0.5873732490105927, 'SEND_NOTIFICATION': 0.1521958068645105, 'STOP': 0.004484487840900737}",RETRY_LATER,961.1596691892715,SUCCESS,1279.0,,0
PAY_008151,1093,GATEWAY_TIMEOUT,TEMPORARY,0,TEMPORARY,"{'RETRY_NOW': 0.5152412956239563, 'RETRY_LATER': 0.798492401585454, 'SWITCH_METHOD': 0.5927440570135984, 'SEND_NOTIFICATION': 0.17959297102110086, 'STOP': 0.0010147807837068252}",RETRY_LATER,872.7521949329011,SUCCESS,1093.0,,0
PAY_008718,513,NETWORK_ERROR,TEMPORARY,0,TEMPORARY,"{'RETRY_NOW': 0.5104112320238245, 'RETRY_LATER': 0.780490393412274, 'SWITCH_METHOD': 0.613549437274326, 'SEND_NOTIFICATION': 0.1802729433713542, 'STOP': 0.02991079406841157}",RETRY_LATER,400.39157182049655,SUCCESS,513.0,,0
PAY_000056,541,CARD_EXPIRED,CUSTOMER,0,CUSTOMER,"{'RETRY_NOW': 0.11803394505937058, 'RETRY_LATER': 0.15471010729963303, 'SWITCH_METHOD': 0.5828268031164789, 'SEND_NOTIFICATION': 0.6863321166948629, 'STOP': 0.19033161063782014}",SEND_NOTIFICATION,371.30567513192085,FAILED,0.0,,0
PAY_000056,541,CARD_EXPIRED,CUSTOMER,1,CUSTOMER,"{'RETRY_NOW': 0.11803394505937058, 'RETRY_LATER': 0.15471010729963303, 'SWITCH_METHOD': 0.5828268031164789, 'SEND_NOTIFICATION': 0.6863321166948629, 'STOP': 0.19033161063782014}",SEND_NOTIFICATION,371.30567513192085,FAILED,0.0,,1
PAY_000056,541,CARD_EXPIRED,CUSTOMER,2,CUSTOMER,{},STOP,0.0,STOPPED,0.0,MAX_RETRIES_REACHED,2
PAY_000639,904,UPI_TECHNICAL_ERROR,TEMPORARY,0,TEMPORARY,"{'RETRY_NOW': 0.5414223900991777, 'RETRY_LATER': 0.812442631004282, 'SWITCH_METHOD': 0.680845227705028, 'SEND_NOTIFICATION': 0.2050147953599731, 'STOP': 0.034540185220621404}",RETRY_LATER,734.448138427871,FAILED,0.0,,0
PAY_000639,904,UPI_TECHNICAL_ERROR,TEMPORARY,1,TEMPORARY,"{'RETRY_NOW': 0.5414223900991777, 'RETRY_LATER': 0.812442631004282, 'SWITCH_METHOD': 0.680845227705028, 'SEND_NOTIFICATION': 0.2050147953599731, 'STOP': 0.034540185220621404}",RETRY_LATER,734.448138427871,SUCCESS,904.0,,1
PAY_000303,470,GATEWAY_TIMEOUT,TEMPORARY,0,TEMPORARY,"{'RETRY_NOW': 0.5473522484779172, 'RETRY_LATER': 0.829190486344726, 'SWITCH_METHOD': 0.6321837335805042, 'SEND_NOTIFICATION': 0.2111091763534946, 'STOP': 0.030237132534999826}",RETRY_LATER,389.7195285820212,SUCCESS,470.0,,0
PAY_005812,1440,BANK_TIMEOUT,TEMPORARY,0,TEMPORARY,"{'RETRY_NOW': 0.5624450626343493, 'RETRY_LATER': 0.8319800725861933, 'SWITCH_METHOD': 0.617283079418032, 'SEND_NOTIFICATION': 0.21007162124688525, 'STOP': 0.010499523380395035}",RETRY_LATER,1198.0513045241184,FAILED,0.0,,0
PAY_005812,1440,BANK_TIMEOUT,TEMPORARY,1,TEMPORARY,"{'RETRY_NOW': 0.5624450626343493, 'RETRY_LATER': 0.8319800725861933, 'SWITCH_METHOD': 0.617283079418032, 'SEND_NOTIFICATION': 0.21007162124688525, 'STOP': 0.010499523380395035}",RETRY_LATER,1198.0513045241184,SUCCESS,1440.0,,1
PAY_001277,282,BANK_TIMEOUT,TEMPORARY,0,TEMPORARY,"{'RETRY_NOW': 0.5696330875458853, 'RETRY_LATER': 0.835896994338851, 'SWITCH_METHOD': 0.6267842313168004, 'SEND_NOTIFICATION': 0.21369597636977036, 'STOP': 0.016458093859235613}",RETRY_LATER,235.72295240355598,SUCCESS,282.0,,0
PAY_004433,149,CARD_EXPIRED,CUSTOMER,0,CUSTOMER,"{'RETRY_NOW': 0.11713710544084315, 'RETRY_LATER': 0.15477694828158714, 'SWITCH_METHOD': 0.5794606675332371, 'SEND_NOTIFICATION': 0.6845270088333381, 'STOP': 0.18761724102536204}",SEND_NOTIFICATION,101.99452431616737,SUCCESS,149.0,,0
PAY_003645,2104,CARD_EXPIRED,CUSTOMER,0,CUSTOMER,"{'RETRY_NOW': 0.0982741331276089, 'RETRY_LATER': 0.14359214579818105, 'SWITCH_METHOD': 0.56974717149383, 'SEND_NOTIFICATION': 0.6651171790225807, 'STOP': 0.16737971160863502}",SEND_NOTIFICATION,1399.4065446635097,FAILED,0.0,,0
PAY_003645,2104,CARD_EXPIRED,CUSTOMER,1,CUSTOMER,"{'RETRY_NOW': 0.0982741331276089, 'RETRY_LATER': 0.14359214579818105, 'SWITCH_METHOD': 0.56974717149383, 'SEND_NOTIFICATION': 0.6651171790225807, 'STOP': 0.16737971160863502}",SEND_NOTIFICATION,1399.4065446635097,SUCCESS,2104.0,,1
PAY_004144,1714,UPI_TECHNICAL_ERROR,TEMPORARY,0,TEMPORARY,"{'RETRY_NOW': 0.4991754324679233, 'RETRY_LATER': 0.778123409669301, 'SWITCH_METHOD': 0.6442227347431124, 'SEND_NOTIFICATION': 0.16962756542985705, 'STOP': 0.001012308855820977}",RETRY_LATER,1333.703524173182,SUCCESS,1714.0,,0
PAY_002879,1522,LIMIT_EXCEEDED,CUSTOMER,0,CUSTOMER,"{'RETRY_NOW': 0.2573906729543748, 'RETRY_LATER': 0.4243998958004709, 'SWITCH_METHOD': 0.5248639046360701, 'SEND_NOTIFICATION': 0.6014815491720027, 'STOP': 0.12261397389091247}",SEND_NOTIFICATION,915.4549178397881,SUCCESS,1522.0,,0
PAY_006494,6150,NETWORK_ERROR,TEMPORARY,0,TEMPORARY,"{'RETRY_NOW': 0.48450835719444374, 'RETRY_LATER': 0.7503370320842248, 'SWITCH_METHOD': 0.5812160405866459, 'SEND_NOTIFICATION': 0.15099695051578071, 'STOP': 0.0014826507301231035}",RETRY_LATER,4614.572747317982,FAILED,0.0,,0
PAY_006494,6150,NETWORK_ERROR,TEMPORARY,1,TEMPORARY,"{'RETRY_NOW': 0.48450835719444374, 'RETRY_LATER': 0.7503370320842248, 'SWITCH_METHOD': 0.5812160405866459, 'SEND_NOTIFICATION': 0.15099695051578071, 'STOP': 0.0014826507301231035}",RETRY_LATER,4614.572747317982,FAILED,0.0,,1
PAY_006494,6150,NETWORK_ERROR,TEMPORARY,2,TEMPORARY,{},STOP,0.0,STOPPED,0.0,MAX_RETRIES_REACHED,2
PAY_005241,698,GATEWAY_TIMEOUT,TEMPORARY,0,TEMPORARY,"{'RETRY_NOW': 0.5495420137465893, 'RETRY_LATER': 0.831379504050903, 'SWITCH_METHOD': 0.6334907688745225, 'SEND_NOTIFICATION': 0.212555992702287, 'STOP': 0.03172268323732836}",RETRY_LATER,580.3028938275303,SUCCESS,698.0,,0
PAY_009409,369,UPI_TECHNICAL_ERROR,TEMPORARY,0,TEMPORARY,"{'RETRY_NOW': 0.5414223900991777, 'RETRY_LATER': 0.812442631004282, 'SWITCH_METHOD': 0.680845227705028, 'SEND_NOTIFICATION': 0.2050147953599731, 'STOP': 0.034540185220621404}",RETRY_LATER,299.7913308405801,SUCCESS,369.0,,0
PAY_006938,3029,CARD_EXPIRED,CUSTOMER,0,CUSTOMER,"{'RETRY_NOW': 0.10319067916576136, 'RETRY_LATER': 0.14432946327140797, 'SWITCH_METHOD': 0.5703592492824251, 'SEND_NOTIFICATION': 0.6665589127419148, 'STOP': 0.17434247288125093}",SEND_NOTIFICATION,2019.00694669526,SUCCESS,3029.0,,0
PAY_007241,329,AUTHENTICATION_FAILED,CUSTOMER,0,CUSTOMER,"{'RETRY_NOW': 0.37371662193890687, 'RETRY_LATER': 0.5265166054738106, 'SWITCH_METHOD': 0.4487562128439716, 'SEND_NOTIFICATION': 0.6304948983722269, 'STOP': 0.12683579047195012}",SEND_NOTIFICATION,207.43282156446267,FAILED,0.0,,0
PAY_007241,329,AUTHENTICATION_FAILED,CUSTOMER,1,CUSTOMER,"{'RETRY_NOW': 0.37371662193890687, 'RETRY_LATER': 0.5265166054738106, 'SWITCH_METHOD': 0.4487562128439716, 'SEND_NOTIFICATION': 0.6304948983722269, 'STOP': 0.12683579047195012}",SEND_NOTIFICATION,207.43282156446267,FAILED,0.0,,1
PAY_007241,329,AUTHENTICATION_FAILED,CUSTOMER,2,CUSTOMER,{},STOP,0.0,STOPPED,0.0,MAX_RETRIES_REACHED,2
PAY_002594,6009,GATEWAY_TIMEOUT,TEMPORARY,0,TEMPORARY,"{'RETRY_NOW': 0.5507707544914408, 'RETRY_LATER': 0.8316800659803456, 'SWITCH_METHOD': 0.6339064213442815, 'SEND_NOTIFICATION': 0.21481558554396052, 'STOP': 0.0330674011709359}",RETRY_LATER,4997.565516475896,SUCCESS,6009.0,,0
PAY_002394,99,CUSTOMER_DECLINED,HARD,0,HARD,"{'RETRY_NOW': 0.016812390957775064, 'RETRY_LATER': 0.017464059980245063, 'SWITCH_METHOD': 0.03864770057687787, 'SEND_NOTIFICATION': 0.055687109175425506, 'STOP': 0.9896284051269646}",RETRY_LATER,1.7289419380442612,FAILED,0.0,,0
PAY_002394,99,CUSTOMER_DECLINED,HARD,1,HARD,"{'RETRY_NOW': 0.016812390957775064, 'RETRY_LATER': 0.017464059980245063, 'SWITCH_METHOD': 0.03864770057687787, 'SEND_NOTIFICATION': 0.055687109175425506, 'STOP': 0.9896284051269646}",STOP,0.0,STOPPED,0.0,NO_POSITIVE_EV,1
PAY_000524,132,UPI_TECHNICAL_ERROR,TEMPORARY,0,TEMPORARY,"{'RETRY_NOW': 0.5085910122359021, 'RETRY_LATER': 0.7929130585251545, 'SWITCH_METHOD': 0.6600561050416156, 'SEND_NOTIFICATION': 0.18476178223518602, 'STOP': 0.01366490350335244}",RETRY_LATER,104.6645237253204,SUCCESS,132.0,,0
PAY_006377,99,INSUFFICIENT_FUNDS,CUSTOMER,0,CUSTOMER,"{'RETRY_NOW': 0.21912422395505574, 'RETRY_LATER': 0.48444381767143446, 'SWITCH_METHOD': 0.6244683876838839, 'SEND_NOTIFICATION': 0.7700041913272311, 'STOP': 0.09054291564980634}",SEND_NOTIFICATION,76.23041494139588,SUCCESS,99.0,,0
PAY_006982,386,NETWORK_ERROR,TEMPORARY,0,TEMPORARY,"{'RETRY_NOW': 0.5088655520654068, 'RETRY_LATER': 0.774572953718274, 'SWITCH_METHOD': 0.6084189140120244, 'SEND_NOTIFICATION': 0.17400301069985225, 'STOP': 0.02553574004556391}",RETRY_LATER,298.98516013525375,FAILED,0.0,,0
PAY_006982,386,NETWORK_ERROR,TEMPORARY,1,TEMPORARY,"{'RETRY_NOW': 0.5088655520654068, 'RETRY_LATER': 0.774572953718274, 'SWITCH_METHOD': 0.6084189140120244, 'SEND_NOTIFICATION': 0.17400301069985225, 'STOP': 0.02553574004556391}",RETRY_LATER,298.98516013525375,SUCCESS,386.0,,1
PAY_006678,1042,UPI_TECHNICAL_ERROR,TEMPORARY,0,TEMPORARY,"{'RETRY_NOW': 0.506734574675427, 'RETRY_LATER': 0.7938554373404992, 'SWITCH_METHOD': 0.6630903100571852, 'SEND_NOTIFICATION': 0.1916913411466118, 'STOP': 0.016558260453445862}",RETRY_LATER,827.1973657088002,SUCCESS,1042.0,,0
PAY_003901,412,AUTHENTICATION_FAILED,CUSTOMER,0,CUSTOMER,"{'RETRY_NOW': 0.37371662193890687, 'RETRY_LATER': 0.5265166054738106, 'SWITCH_METHOD': 0.4487562128439716, 'SEND_NOTIFICATION': 0.6304948983722269, 'STOP': 0.12683579047195012}",SEND_NOTIFICATION,259.7638981293575,SUCCESS,412.0,,0
PAY_009635,1370,INSUFFICIENT_FUNDS,CUSTOMER,0,CUSTOMER,"{'RETRY_NOW': 0.17934593907799906, 'RETRY_LATER': 0.43074434019305063, 'SWITCH_METHOD': 0.5828660771875396, 'SEND_NOTIFICATION': 0.7093710001511813, 'STOP': 0.047858204585953905}",SEND_NOTIFICATION,971.8382702071183,FAILED,0.0,,0
PAY_009635,1370,INSUFFICIENT_FUNDS,CUSTOMER,1,CUSTOMER,"{'RETRY_NOW': 0.17934593907799906, 'RETRY_LATER': 0.43074434019305063, 'SWITCH_METHOD': 0.5828660771875396, 'SEND_NOTIFICATION': 0.7093710001511813, 'STOP': 0.047858204585953905}",SEND_NOTIFICATION,971.8382702071183,SUCCESS,1370.0,,1
PAY_005586,15103,AUTHENTICATION_FAILED,CUSTOMER,0,CUSTOMER,"{'RETRY_NOW': 0.3777128491414211, 'RETRY_LATER': 0.5389376124548778, 'SWITCH_METHOD': 0.4631904840062866, 'SEND_NOTIFICATION': 0.6481277317130149, 'STOP': 0.14165109082371002}",SEND_NOTIFICATION,9788.673132061664,FAILED,0.0,,0
PAY_005586,15103,AUTHENTICATION_FAILED,CUSTOMER,1,CUSTOMER,"{'RETRY_NOW': 0.3777128491414211, 'RETRY_LATER': 0.5389376124548778, 'SWITCH_METHOD': 0.4631904840062866, 'SEND_NOTIFICATION': 0.6481277317130149, 'STOP': 0.14165109082371002}",SEND_NOTIFICATION,9788.673132061664,SUCCESS,15103.0,,1
PAY_009361,5185,CUSTOMER_DECLINED,HARD,0,HARD,"{'RETRY_NOW': 0.019260381558828834, 'RETRY_LATER': 0.020005007041033692, 'SWITCH_METHOD': 0.041735419521296106, 'SEND_NOTIFICATION': 0.05979109054435454, 'STOP': 0.9897107555728691}",SEND_NOTIFICATION,310.01680447247827,FAILED,0.0,,0
PAY_009361,5185,CUSTOMER_DECLINED,HARD,1,HARD,"{'RETRY_NOW': 0.019260381558828834, 'RETRY_LATER': 0.020005007041033692, 'SWITCH_METHOD': 0.041735419521296106, 'SEND_NOTIFICATION': 0.05979109054435454, 'STOP': 0.9897107555728691}",SEND_NOTIFICATION,310.01680447247827,FAILED,0.0,,1
PAY_009361,5185,CUSTOMER_DECLINED,HARD,2,HARD,{},STOP,0.0,STOPPED,0.0,MAX_RETRIES_REACHED,2
PAY_007957,182,CARD_EXPIRED,CUSTOMER,0,CUSTOMER,"{'RETRY_NOW': 0.1057952272315436, 'RETRY_LATER': 0.14274407585848245, 'SWITCH_METHOD': 0.5705886829066809, 'SEND_NOTIFICATION': 0.6630660899160958, 'STOP': 0.16963724907703853}",SEND_NOTIFICATION,120.67802836472944,SUCCESS,182.0,,0
PAY_007571,2593,AUTHENTICATION_FAILED,CUSTOMER,0,CUSTOMER,"{'RETRY_NOW': 0.3539981309718656, 'RETRY_LATER': 0.499171712570673, 'SWITCH_METHOD': 0.4263776120009063, 'SEND_NOTIFICATION': 0.6022024958331149, 'STOP': 0.10463332065103109}",SEND_NOTIFICATION,1561.511071695267,FAILED,0.0,,0
PAY_007571,2593,AUTHENTICATION_FAILED,CUSTOMER,1,CUSTOMER,"{'RETRY_NOW': 0.3539981309718656, 'RETRY_LATER': 0.499171712570673, 'SWITCH_METHOD': 0.4263776120009063, 'SEND_NOTIFICATION': 0.6022024958331149, 'STOP': 0.10463332065103109}",SEND_NOTIFICATION,1561.511071695267,FAILED,0.0,,1
PAY_007571,2593,AUTHENTICATION_FAILED,CUSTOMER,2,CUSTOMER,{},STOP,0.0,STOPPED,0.0,MAX_RETRIES_REACHED,2
PAY_006778,99,NETWORK_ERROR,TEMPORARY,0,TEMPORARY,"{'RETRY_NOW': 0.48367564065460483, 'RETRY_LATER': 0.7556907758450928, 'SWITCH_METHOD': 0.5902849292419635, 'SEND_NOTIFICATION': 0.15577223666510945, 'STOP': 0.005960728063831844}",RETRY_LATER,74.81338680866419,SUCCESS,99.0,,0
PAY_000672,3971,AUTHENTICATION_FAILED,CUSTOMER,0,CUSTOMER,"{'RETRY_NOW': 0.3672109048960562, 'RETRY_LATER': 0.5045077390280865, 'SWITCH_METHOD': 0.4299976606629388, 'SEND_NOTIFICATION': 0.6044396068038961, 'STOP': 0.11113148300909065}",SEND_NOTIFICATION,2400.2296786182715,SUCCESS,3971.0,,0
PAY_004189,1441,CUSTOMER_DECLINED,HARD,0,HARD,"{'RETRY_NOW': 0.016812390957775064, 'RETRY_LATER': 0.017464059980245063, 'SWITCH_METHOD': 0.03864770057687787, 'SEND_NOTIFICATION': 0.055687109175425506, 'STOP': 0.9896519971687068}",SEND_NOTIFICATION,80.24512432178815,FAILED,0.0,,0
PAY_004189,1441,CUSTOMER_DECLINED,HARD,1,HARD,"{'RETRY_NOW': 0.016812390957775064, 'RETRY_LATER': 0.017464059980245063, 'SWITCH_METHOD': 0.03864770057687787, 'SEND_NOTIFICATION': 0.055687109175425506, 'STOP': 0.9896519971687068}",SEND_NOTIFICATION,80.24512432178815,FAILED,0.0,,1
PAY_004189,1441,CUSTOMER_DECLINED,HARD,2,HARD,{},STOP,0.0,STOPPED,0.0,MAX_RETRIES_REACHED,2
PAY_000667,2660,LIMIT_EXCEEDED,CUSTOMER,0,CUSTOMER,"{'RETRY_NOW': 0.22557267333133968, 'RETRY_LATER': 0.38872257960950474, 'SWITCH_METHOD': 0.4922907387864806, 'SEND_NOTIFICATION': 0.5615432240365298, 'STOP': 0.0905755136377806}",SEND_NOTIFICATION,1493.7049759371691,FAILED,0.0,,0
PAY_000667,2660,LIMIT_EXCEEDED,CUSTOMER,1,CUSTOMER,"{'RETRY_NOW': 0.22557267333133968, 'RETRY_LATER': 0.38872257960950474, 'SWITCH_METHOD': 0.4922907387864806, 'SEND_NOTIFICATION': 0.5615432240365298, 'STOP': 0.0905755136377806}",SEND_NOTIFICATION,1493.7049759371691,SUCCESS,2660.0,,1
PAY_003267,773,AUTHENTICATION_FAILED,CUSTOMER,0,CUSTOMER,"{'RETRY_NOW': 0.38599673826845793, 'RETRY_LATER': 0.5456828603108634, 'SWITCH_METHOD': 0.4650705063886304, 'SEND_NOTIFICATION': 0.6498692801717164, 'STOP': 0.14362370670984778}",SEND_NOTIFICATION,502.3489535727368,SUCCESS,773.0,,0
PAY_001888,1504,GATEWAY_TIMEOUT,TEMPORARY,0,TEMPORARY,"{'RETRY_NOW': 0.5207058096204813, 'RETRY_LATER': 0.8027461273792322, 'SWITCH_METHOD': 0.5971525393862722, 'SEND_NOTIFICATION': 0.1835529286153833, 'STOP': 0.001505671790945997}",RETRY_LATER,1207.3301755783652,SUCCESS,1504.0,,0
PAY_008473,122,BANK_TIMEOUT,TEMPORARY,0,TEMPORARY,"{'RETRY_NOW': 0.5901690544587485, 'RETRY_LATER': 0.8572548944418964, 'SWITCH_METHOD': 0.6445748920528869, 'SEND_NOTIFICATION': 0.23419297675421302, 'STOP': 0.035799839628748165}",RETRY_LATER,104.58509712191136,SUCCESS,122.0,,0
PAY_009092,680,NETWORK_ERROR,TEMPORARY,0,TEMPORARY,"{'RETRY_NOW': 0.5003481664705942, 'RETRY_LATER': 0.7668000316384543, 'SWITCH_METHOD': 0.6034187882708808, 'SEND_NOTIFICATION': 0.16791702795491556, 'STOP': 0.018012261349316813}",RETRY_LATER,521.424021514149,SUCCESS,680.0,,0
PAY_007688,1277,BANK_TIMEOUT,TEMPORARY,0,TEMPORARY,"{'RETRY_NOW': 0.5696330875458853, 'RETRY_LATER': 0.835896994338851, 'SWITCH_METHOD': 0.6267842313168004, 'SEND_NOTIFICATION': 0.21369597636977036, 'STOP': 0.016458093859235613}",RETRY_LATER,1067.4404617707128,SUCCESS,1277.0,,0
PAY_006032,746,INVALID_ACCOUNT,HARD,0,HARD,"{'RETRY_NOW': 0.057450923424240935, 'RETRY_LATER': 0.06758696274244062, 'SWITCH_METHOD': 0.1395510657713747, 'SEND_NOTIFICATION': 0.15697633009352216, 'STOP': 0.99}",SEND_NOTIFICATION,117.10434224976753,FAILED,0.0,,0
PAY_006032,746,INVALID_ACCOUNT,HARD,1,HARD,"{'RETRY_NOW': 0.057450923424240935, 'RETRY_LATER': 0.06758696274244062, 'SWITCH_METHOD': 0.1395510657713747, 'SEND_NOTIFICATION': 0.15697633009352216, 'STOP': 0.99}",SEND_NOTIFICATION,117.10434224976753,FAILED,0.0,,1
PAY_006032,746,INVALID_ACCOUNT,HARD,2,HARD,{},STOP,0.0,STOPPED,0.0,MAX_RETRIES_REACHED,2
PAY_006091,359,UPI_TECHNICAL_ERROR,TEMPORARY,0,TEMPORARY,"{'RETRY_NOW': 0.5072086346014828, 'RETRY_LATER': 0.7926879956352586, 'SWITCH_METHOD': 0.6595519316410757, 'SEND_NOTIFICATION': 0.18350331938407907, 'STOP': 0.012086476111129852}",RETRY_LATER,284.57499043305785,FAILED,0.0,,0
PAY_006091,359,UPI_TECHNICAL_ERROR,TEMPORARY,1,TEMPORARY,"{'RETRY_NOW': 0.5072086346014828, 'RETRY_LATER': 0.7926879956352586, 'SWITCH_METHOD': 0.6595519316410757, 'SEND_NOTIFICATION': 0.18350331938407907, 'STOP': 0.012086476111129852}",RETRY_LATER,284.57499043305785,SUCCESS,359.0,,1
PAY_006239,815,NETWORK_ERROR,TEMPORARY,0,TEMPORARY,"{'RETRY_NOW': 0.48138936127151255, 'RETRY_LATER': 0.7582761582299571, 'SWITCH_METHOD': 0.5907750176163885, 'SEND_NOTIFICATION': 0.15844249748521957, 'STOP': 0.00746119185627448}",RETRY_LATER,617.995068957415,SUCCESS,815.0,,0
PAY_007351,1073,INVALID_ACCOUNT,HARD,0,HARD,"{'RETRY_NOW': 0.027287294520990754, 'RETRY_LATER': 0.03640080103961731, 'SWITCH_METHOD': 0.10119009877552607, 'SEND_NOTIFICATION': 0.12860383394126937, 'STOP': 0.9895383769997287}",SEND_NOTIFICATION,137.99191381898203,FAILED,0.0,,0
PAY_007351,1073,INVALID_ACCOUNT,HARD,1,HARD,"{'RETRY_NOW': 0.027287294520990754, 'RETRY_LATER': 0.03640080103961731, 'SWITCH_METHOD': 0.10119009877552607, 'SEND_NOTIFICATION': 0.12860383394126937, 'STOP': 0.9895383769997287}",SEND_NOTIFICATION,137.99191381898203,FAILED,0.0,,1
PAY_007351,1073,INVALID_ACCOUNT,HARD,2,HARD,{},STOP,0.0,STOPPED,0.0,MAX_RETRIES_REACHED,2
PAY_007831,1010,AUTHENTICATION_FAILED,CUSTOMER,0,CUSTOMER,"{'RETRY_NOW': 0.3461820783485191, 'RETRY_LATER': 0.4964371588078376, 'SWITCH_METHOD': 0.42364892479987487, 'SEND_NOTIFICATION': 0.6019506175029296, 'STOP': 0.10036895361227754}",SEND_NOTIFICATION,607.9701236779589,FAILED,0.0,,0
PAY_007831,1010,AUTHENTICATION_FAILED,CUSTOMER,1,CUSTOMER,"{'RETRY_NOW': 0.3461820783485191, 'RETRY_LATER': 0.4964371588078376, 'SWITCH_METHOD': 0.42364892479987487, 'SEND_NOTIFICATION': 0.6019506175029296, 'STOP': 0.10036895361227754}",SEND_NOTIFICATION,607.9701236779589,SUCCESS,1010.0,,1
PAY_000761,2201,NETWORK_ERROR,TEMPORARY,0,TEMPORARY,"{'RETRY_NOW': 0.499213912852919, 'RETRY_LATER': 0.7727605217045811, 'SWITCH_METHOD': 0.6053534519676705, 'SEND_NOTIFICATION': 0.17077255845876768, 'STOP': 0.021031801370860685}",RETRY_LATER,1700.845908271783,SUCCESS,2201.0,,0
PAY_006255,249,AUTHENTICATION_FAILED,CUSTOMER,0,CUSTOMER,"{'RETRY_NOW': 0.3701544657660245, 'RETRY_LATER': 0.5150705684185359, 'SWITCH_METHOD': 0.441005734935916, 'SEND_NOTIFICATION': 0.6201702114790499, 'STOP': 0.11773814545150076}",SEND_NOTIFICATION,154.42238265828342,SUCCESS,249.0,,0
PAY_001907,99,GATEWAY_TIMEOUT,TEMPORARY,0,TEMPORARY,"{'RETRY_NOW': 0.5507707544914408, 'RETRY_LATER': 0.8316800659803456, 'SWITCH_METHOD': 0.6339064213442815, 'SEND_NOTIFICATION': 0.21481558554396052, 'STOP': 0.0330674011709359}",RETRY_LATER,82.33632653205422,FAILED,0.0,,0
PAY_001907,99,GATEWAY_TIMEOUT,TEMPORARY,1,TEMPORARY,"{'RETRY_NOW': 0.5507707544914408, 'RETRY_LATER': 0.8316800659803456, 'SWITCH_METHOD': 0.6339064213442815, 'SEND_NOTIFICATION': 0.21481558554396052, 'STOP': 0.0330674011709359}",RETRY_LATER,82.33632653205422,SUCCESS,99.0,,1
PAY_003819,6387,UPI_TECHNICAL_ERROR,TEMPORARY,0,TEMPORARY,"{'RETRY_NOW': 0.550293047462843, 'RETRY_LATER': 0.8214552454950431, 'SWITCH_METHOD': 0.6870143781123158, 'SEND_NOTIFICATION': 0.21149707420485261, 'STOP': 0.041867015454206}",RETRY_LATER,5246.634652976841,SUCCESS,6387.0,,0
PAY_006270,402,AUTHENTICATION_FAILED,CUSTOMER,0,CUSTOMER,"{'RETRY_NOW': 0.3650603101739369, 'RETRY_LATER': 0.5126167849108241, 'SWITCH_METHOD': 0.43858567194942616, 'SEND_NOTIFICATION': 0.6172753853403206, 'STOP': 0.1171294037484171}",SEND_NOTIFICATION,248.14470490680887,FAILED,0.0,,0
PAY_006270,402,AUTHENTICATION_FAILED,CUSTOMER,1,CUSTOMER,"{'RETRY_NOW': 0.3650603101739369, 'RETRY_LATER': 0.5126167849108241, 'SWITCH_METHOD': 0.43858567194942616, 'SEND_NOTIFICATION': 0.6172753853403206, 'STOP': 0.1171294037484171}",SEND_NOTIFICATION,248.14470490680887,FAILED,0.0,,1
PAY_006270,402,AUTHENTICATION_FAILED,CUSTOMER,2,CUSTOMER,{},STOP,0.0,STOPPED,0.0,MAX_RETRIES_REACHED,2
PAY_004301,1541,PAYMENT_EXPIRED,HARD,0,HARD,"{'RETRY_NOW': 0.040106148455618745, 'RETRY_LATER': 0.048211324192904484, 'SWITCH_METHOD': 0.08246657805105312, 'SEND_NOTIFICATION': 0.10773061044423617, 'STOP': 0.9897963021156069}",SEND_NOTIFICATION,166.01287069456794,FAILED,0.0,,0
PAY_004301,1541,PAYMENT_EXPIRED,HARD,1,HARD,"{'RETRY_NOW': 0.040106148455618745, 'RETRY_LATER': 0.048211324192904484, 'SWITCH_METHOD': 0.08246657805105312, 'SEND_NOTIFICATION': 0.10773061044423617, 'STOP': 0.9897963021156069}",SEND_NOTIFICATION,166.01287069456794,FAILED,0.0,,1
PAY_004301,1541,PAYMENT_EXPIRED,HARD,2,HARD,{},STOP,0.0,STOPPED,0.0,MAX_RETRIES_REACHED,2
PAY_005570,869,BANK_TIMEOUT,TEMPORARY,0,TEMPORARY,"{'RETRY_NOW': 0.5737249575298882, 'RETRY_LATER': 0.8385408547895308, 'SWITCH_METHOD': 0.6291498179397597, 'SEND_NOTIFICATION': 0.21721758805919064, 'STOP': 0.019306697773583903}",RETRY_LATER,728.6920028121023,SUCCESS,869.0,,0
PAY_007942,581,BANK_TIMEOUT,TEMPORARY,0,TEMPORARY,"{'RETRY_NOW': 0.5541429048333965, 'RETRY_LATER': 0.824683541980495, 'SWITCH_METHOD': 0.6142038341621717, 'SEND_NOTIFICATION': 0.2055844652133299, 'STOP': 0.004511347605105997}",RETRY_LATER,479.1411378906676,SUCCESS,581.0,,0
PAY_004165,561,NETWORK_ERROR,TEMPORARY,0,TEMPORARY,"{'RETRY_NOW': 0.5054795460670634, 'RETRY_LATER': 0.777498176691792, 'SWITCH_METHOD': 0.6074782110423097, 'SEND_NOTIFICATION': 0.17509896148576348, 'STOP': 0.026959419091106104}",RETRY_LATER,436.1764771240953,SUCCESS,561.0,,0
PAY_005972,1819,BANK_TIMEOUT,TEMPORARY,0,TEMPORARY,"{'RETRY_NOW': 0.5726149942038414, 'RETRY_LATER': 0.8410226622640326, 'SWITCH_METHOD': 0.6310357096715916, 'SEND_NOTIFICATION': 0.22068914355862468, 'STOP': 0.021076107340725396}",RETRY_LATER,1529.8202226582753,SUCCESS,1819.0,,0
PAY_003580,99,LIMIT_EXCEEDED,CUSTOMER,0,CUSTOMER,"{'RETRY_NOW': 0.2573906729543748, 'RETRY_LATER': 0.4243998958004709, 'SWITCH_METHOD': 0.5248639046360701, 'SEND_NOTIFICATION': 0.6014815491720027, 'STOP': 0.12261397389091247}",SEND_NOTIFICATION,59.546673368028266,SUCCESS,99.0,,0
PAY_002833,1669,GATEWAY_TIMEOUT,TEMPORARY,0,TEMPORARY,"{'RETRY_NOW': 0.5273209488770064, 'RETRY_LATER': 0.8118416227451749, 'SWITCH_METHOD': 0.6142998643674613, 'SEND_NOTIFICATION': 0.19803510160242946, 'STOP': 0.01365748145960463}",RETRY_LATER,1354.9636683616968,SUCCESS,1669.0,,0
PAY_005450,687,LIMIT_EXCEEDED,CUSTOMER,0,CUSTOMER,"{'RETRY_NOW': 0.22557267333133968, 'RETRY_LATER': 0.38872257960950474, 'SWITCH_METHOD': 0.4922907387864806, 'SEND_NOTIFICATION': 0.5615432240365298, 'STOP': 0.0905755136377806}",SEND_NOTIFICATION,385.78019491309595,FAILED,0.0,,0
PAY_005450,687,LIMIT_EXCEEDED,CUSTOMER,1,CUSTOMER,"{'RETRY_NOW': 0.22557267333133968, 'RETRY_LATER': 0.38872257960950474, 'SWITCH_METHOD': 0.4922907387864806, 'SEND_NOTIFICATION': 0.5615432240365298, 'STOP': 0.0905755136377806}",SEND_NOTIFICATION,385.78019491309595,FAILED,0.0,,1
PAY_005450,687,LIMIT_EXCEEDED,CUSTOMER,2,CUSTOMER,{},STOP,0.0,STOPPED,0.0,MAX_RETRIES_REACHED,2
PAY_003473,110,BLOCKED_METHOD,HARD,0,HARD,"{'RETRY_NOW': 0.04887197170444676, 'RETRY_LATER': 0.061821620760603775, 'SWITCH_METHOD': 0.16932966995622267, 'SEND_NOTIFICATION': 0.20235173006758, 'STOP': 0.9726095022001903}",SEND_NOTIFICATION,22.2586903074338,FAILED,0.0,,0
PAY_003473,110,BLOCKED_METHOD,HARD,1,HARD,"{'RETRY_NOW': 0.04887197170444676, 'RETRY_LATER': 0.061821620760603775, 'SWITCH_METHOD': 0.16932966995622267, 'SEND_NOTIFICATION': 0.20235173006758, 'STOP': 0.9726095022001903}",SEND_NOTIFICATION,22.2586903074338,FAILED,0.0,,1
PAY_003473,110,BLOCKED_METHOD,HARD,2,HARD,{},STOP,0.0,STOPPED,0.0,MAX_RETRIES_REACHED,2
PAY_006328,434,CARD_EXPIRED,CUSTOMER,0,CUSTOMER,"{'RETRY_NOW': 0.08527828923736423, 'RETRY_LATER': 0.1277042494059501, 'SWITCH_METHOD': 0.5499756886889968, 'SEND_NOTIFICATION': 0.6492244992891623, 'STOP': 0.15299417235385793}",SEND_NOTIFICATION,281.7634326914964,SUCCESS,434.0,,0
PAY_000138,406,AUTHENTICATION_FAILED,CUSTOMER,0,CUSTOMER,"{'RETRY_NOW': 0.3618314174006806, 'RETRY_LATER': 0.5074810612163164, 'SWITCH_METHOD': 0.43317275985321596, 'SEND_NOTIFICATION': 0.6075299020894724, 'STOP': 0.11113148300909065}",SEND_NOTIFICATION,246.65714024832582,FAILED,0.0,,0
PAY_000138,406,AUTHENTICATION_FAILED,CUSTOMER,1,CUSTOMER,"{'RETRY_NOW': 0.3618314174006806, 'RETRY_LATER': 0.5074810612163164, 'SWITCH_METHOD': 0.43317275985321596, 'SEND_NOTIFICATION': 0.6075299020894724, 'STOP': 0.11113148300909065}",SEND_NOTIFICATION,246.65714024832582,SUCCESS,406.0,,1
PAY_007044,313,BANK_TIMEOUT,TEMPORARY,0,TEMPORARY,"{'RETRY_NOW': 0.5661783690233633, 'RETRY_LATER': 0.8349171495601808, 'SWITCH_METHOD': 0.6253618255163048, 'SEND_NOTIFICATION': 0.21664618704195027, 'STOP': 0.014955556658415598}",RETRY_LATER,261.3290678123366,SUCCESS,313.0,,0
PAY_004893,1291,UPI_TECHNICAL_ERROR,TEMPORARY,0,TEMPORARY,"{'RETRY_NOW': 0.4900868692109142, 'RETRY_LATER': 0.7720563653650094, 'SWITCH_METHOD': 0.6374801753532238, 'SEND_NOTIFICATION': 0.1633008360240944, 'STOP': 0.000995124135355941}",RETRY_LATER,996.7247676862272,SUCCESS,1291.0,,0
PAY_002181,147,NETWORK_ERROR,TEMPORARY,0,TEMPORARY,"{'RETRY_NOW': 0.48138936127151255, 'RETRY_LATER': 0.7582761582299571, 'SWITCH_METHOD': 0.5907750176163885, 'SEND_NOTIFICATION': 0.1585934562470963, 'STOP': 0.008956601533766947}",RETRY_LATER,111.4665952598037,SUCCESS,147.0,,0
PAY_007731,262,BLOCKED_METHOD,HARD,0,HARD,"{'RETRY_NOW': 0.04206883484170363, 'RETRY_LATER': 0.052414991753257485, 'SWITCH_METHOD': 0.16069238173198783, 'SEND_NOTIFICATION': 0.19248680263244675, 'STOP': 0.9618835162368888}",SEND_NOTIFICATION,50.43154228970105,FAILED,0.0,,0
PAY_007731,262,BLOCKED_METHOD,HARD,1,HARD,"{'RETRY_NOW': 0.04206883484170363, 'RETRY_LATER': 0.052414991753257485, 'SWITCH_METHOD': 0.16069238173198783, 'SEND_NOTIFICATION': 0.19248680263244675, 'STOP': 0.9618835162368888}",SEND_NOTIFICATION,50.43154228970105,FAILED,0.0,,1
PAY_007731,262,BLOCKED_METHOD,HARD,2,HARD,{},STOP,0.0,STOPPED,0.0,MAX_RETRIES_REACHED,2
PAY_003178,3256,NETWORK_ERROR,TEMPORARY,0,TEMPORARY,"{'RETRY_NOW': 0.48138936127151255, 'RETRY_LATER': 0.7582761582299571, 'SWITCH_METHOD': 0.5907750176163885, 'SEND_NOTIFICATION': 0.1585934562470963, 'STOP': 0.008956601533766947}",RETRY_LATER,2468.9471711967403,FAILED,0.0,,0
PAY_003178,3256,NETWORK_ERROR,TEMPORARY,1,TEMPORARY,"{'RETRY_NOW': 0.48138936127151255, 'RETRY_LATER': 0.7582761582299571, 'SWITCH_METHOD': 0.5907750176163885, 'SEND_NOTIFICATION': 0.1585934562470963, 'STOP': 0.008956601533766947}",RETRY_LATER,2468.9471711967403,SUCCESS,3256.0,,1
PAY_004855,867,INSUFFICIENT_FUNDS,CUSTOMER,0,CUSTOMER,"{'RETRY_NOW': 0.19989743716049668, 'RETRY_LATER': 0.47925585901406426, 'SWITCH_METHOD': 0.6137040427668068, 'SEND_NOTIFICATION': 0.7416480321062215, 'STOP': 0.07427705786704658}",SEND_NOTIFICATION,643.0088438360941,SUCCESS,867.0,,0
PAY_004638,160,AUTHENTICATION_FAILED,CUSTOMER,0,CUSTOMER,"{'RETRY_NOW': 0.3816301050781433, 'RETRY_LATER': 0.5413224221613353, 'SWITCH_METHOD': 0.46465645086780805, 'SEND_NOTIFICATION': 0.64365086642513, 'STOP': 0.14230354384304764}",SEND_NOTIFICATION,102.9841386280208,FAILED,0.0,,0
PAY_004638,160,AUTHENTICATION_FAILED,CUSTOMER,1,CUSTOMER,"{'RETRY_NOW': 0.3816301050781433, 'RETRY_LATER': 0.5413224221613353, 'SWITCH_METHOD': 0.46465645086780805, 'SEND_NOTIFICATION': 0.64365086642513, 'STOP': 0.14230354384304764}",SEND_NOTIFICATION,102.9841386280208,SUCCESS,160.0,,1
PAY_005116,593,CARD_EXPIRED,CUSTOMER,0,CUSTOMER,"{'RETRY_NOW': 0.12195790930012544, 'RETRY_LATER': 0.16054982721496808, 'SWITCH_METHOD': 0.5894312132240509, 'SEND_NOTIFICATION': 0.691446738315662, 'STOP': 0.19420678815267853}",SEND_NOTIFICATION,410.02791582118755,SUCCESS,593.0,,0
PAY_007649,540,BANK_TIMEOUT,TEMPORARY,0,TEMPORARY,"{'RETRY_NOW': 0.5978890604380045, 'RETRY_LATER': 0.8621506012643568, 'SWITCH_METHOD': 0.6541276875281906, 'SEND_NOTIFICATION': 0.24079583174282118, 'STOP': 0.04347481316962946}",RETRY_LATER,465.5613246827527,SUCCESS,540.0,,0
PAY_004262,285,INSUFFICIENT_FUNDS,CUSTOMER,0,CUSTOMER,"{'RETRY_NOW': 0.20356664227828297, 'RETRY_LATER': 0.4711957501405762, 'SWITCH_METHOD': 0.6060141885505025, 'SEND_NOTIFICATION': 0.7374314275118824, 'STOP': 0.07240685230195118}",SEND_NOTIFICATION,210.1679568408865,SUCCESS,285.0,,0
PAY_001332,4078,AUTHENTICATION_FAILED,CUSTOMER,0,CUSTOMER,"{'RETRY_NOW': 0.3693751731767503, 'RETRY_LATER': 0.5184895554790345, 'SWITCH_METHOD': 0.44357517109701106, 'SEND_NOTIFICATION': 0.6237375090581583, 'STOP': 0.11965647636795643}",SEND_NOTIFICATION,2543.6015619391696,SUCCESS,4078.0,,0
PAY_007003,611,GATEWAY_TIMEOUT,TEMPORARY,0,TEMPORARY,"{'RETRY_NOW': 0.5149614404804004, 'RETRY_LATER': 0.807829639409678, 'SWITCH_METHOD': 0.6076755041347341, 'SEND_NOTIFICATION': 0.19413146089991365, 'STOP': 0.007559616576496005}",RETRY_LATER,493.58390967931325,FAILED,0.0,,0
PAY_007003,611,GATEWAY_TIMEOUT,TEMPORARY,1,TEMPORARY,"{'RETRY_NOW': 0.5149614404804004, 'RETRY_LATER': 0.807829639409678, 'SWITCH_METHOD': 0.6076755041347341, 'SEND_NOTIFICATION': 0.19413146089991365, 'STOP': 0.007559616576496005}",RETRY_LATER,493.58390967931325,FAILED,0.0,,1
PAY_007003,611,GATEWAY_TIMEOUT,TEMPORARY,2,TEMPORARY,{},STOP,0.0,STOPPED,0.0,MAX_RETRIES_REACHED,2
PAY_006942,365,GATEWAY_TIMEOUT,TEMPORARY,0,TEMPORARY,"{'RETRY_NOW': 0.5613533703086748, 'RETRY_LATER': 0.8412229329463196, 'SWITCH_METHOD': 0.6385008318350974, 'SEND_NOTIFICATION': 0.2162091955247975, 'STOP': 0.039222482841691844}",RETRY_LATER,307.04637052540664,FAILED,0.0,,0
PAY_006942,365,GATEWAY_TIMEOUT,TEMPORARY,1,TEMPORARY,"{'RETRY_NOW': 0.5613533703086748, 'RETRY_LATER': 0.8412229329463196, 'SWITCH_METHOD': 0.6385008318350974, 'SEND_NOTIFICATION': 0.2162091955247975, 'STOP': 0.039222482841691844}",RETRY_LATER,307.04637052540664,SUCCESS,365.0,,1
PAY_008018,958,BANK_TIMEOUT,TEMPORARY,0,TEMPORARY,"{'RETRY_NOW': 0.5485501018429818, 'RETRY_LATER': 0.8278252880358226, 'SWITCH_METHOD': 0.6160730048575507, 'SEND_NOTIFICATION': 0.20748237964013003, 'STOP': 0.006008559936693242}",RETRY_LATER,793.056625938318,SUCCESS,958.0,,0
PAY_006242,1483,CARD_EXPIRED,CUSTOMER,0,CUSTOMER,"{'RETRY_NOW': 0.09604367913197817, 'RETRY_LATER': 0.14359214579818105, 'SWITCH_METHOD': 0.56974717149383, 'SEND_NOTIFICATION': 0.6651171790225807, 'STOP': 0.16535769589126573}",SEND_NOTIFICATION,986.3687764904872,SUCCESS,1483.0,,0
PAY_009988,778,GATEWAY_TIMEOUT,TEMPORARY,0,TEMPORARY,"{'RETRY_NOW': 0.5305124918837583, 'RETRY_LATER': 0.8154658479514914, 'SWITCH_METHOD': 0.6208221579900054, 'SEND_NOTIFICATION': 0.20336733053742942, 'STOP': 0.01829119490493792}",RETRY_LATER,634.4324297062602,SUCCESS,778.0,,0
PAY_006882,444,GATEWAY_TIMEOUT,TEMPORARY,0,TEMPORARY,"{'RETRY_NOW': 0.5233411097702672, 'RETRY_LATER': 0.8098308844171033, 'SWITCH_METHOD': 0.6107567989746907, 'SEND_NOTIFICATION': 0.19616430326267012, 'STOP': 0.010556356424544939}",RETRY_LATER,359.56491268119385,FAILED,0.0,,0
PAY_006882,444,GATEWAY_TIMEOUT,TEMPORARY,1,TEMPORARY,"{'RETRY_NOW': 0.5233411097702672, 'RETRY_LATER': 0.8098308844171033, 'SWITCH_METHOD': 0.6107567989746907, 'SEND_NOTIFICATION': 0.19616430326267012, 'STOP': 0.010556356424544939}",RETRY_LATER,359.56491268119385,FAILED,0.0,,1
PAY_006882,444,GATEWAY_TIMEOUT,TEMPORARY,2,TEMPORARY,{},STOP,0.0,STOPPED,0.0,MAX_RETRIES_REACHED,2
PAY_004531,1249,BANK_TIMEOUT,TEMPORARY,0,TEMPORARY,"{'RETRY_NOW': 0.5901690544587485, 'RETRY_LATER': 0.8572548944418964, 'SWITCH_METHOD': 0.6445748920528869, 'SEND_NOTIFICATION': 0.23419297675421302, 'STOP': 0.035799839628748165}",RETRY_LATER,1070.7113631579286,FAILED,0.0,,0
PAY_004531,1249,BANK_TIMEOUT,TEMPORARY,1,TEMPORARY,"{'RETRY_NOW': 0.5901690544587485, 'RETRY_LATER': 0.8572548944418964, 'SWITCH_METHOD': 0.6445748920528869, 'SEND_NOTIFICATION': 0.23419297675421302, 'STOP': 0.035799839628748165}",RETRY_LATER,1070.7113631579286,SUCCESS,1249.0,,1
PAY_004674,148,BANK_TIMEOUT,TEMPORARY,0,TEMPORARY,"{'RETRY_NOW': 0.5752727942608009, 'RETRY_LATER': 0.8459959852561703, 'SWITCH_METHOD': 0.6346172550826932, 'SEND_NOTIFICATION': 0.22286984585585035, 'STOP': 0.025599252584954414}",RETRY_LATER,125.2074058179132,SUCCESS,148.0,,0
PAY_006997,99,NETWORK_ERROR,TEMPORARY,0,TEMPORARY,"{'RETRY_NOW': 0.4758877471768393, 'RETRY_LATER': 0.7456945188803457, 'SWITCH_METHOD': 0.5789350365032172, 'SEND_NOTIFICATION': 0.15045868151226527, 'STOP': 0.0010012496022614422}",RETRY_LATER,73.82375736915422,FAILED,0.0,,0
PAY_006997,99,NETWORK_ERROR,TEMPORARY,1,TEMPORARY,"{'RETRY_NOW': 0.4758877471768393, 'RETRY_LATER': 0.7456945188803457, 'SWITCH_METHOD': 0.5789350365032172, 'SEND_NOTIFICATION': 0.15045868151226527, 'STOP': 0.0010012496022614422}",RETRY_LATER,73.82375736915422,SUCCESS,99.0,,1
PAY_001253,2189,UPI_TECHNICAL_ERROR,TEMPORARY,0,TEMPORARY,"{'RETRY_NOW': 0.5360004471976364, 'RETRY_LATER': 0.8111515791970056, 'SWITCH_METHOD': 0.6802169755388845, 'SEND_NOTIFICATION': 0.20455216057799588, 'STOP': 0.0329160434912559}",RETRY_LATER,1775.6108068622455,SUCCESS,2189.0,,0
PAY_003375,3587,CUSTOMER_DECLINED,HARD,0,HARD,"{'RETRY_NOW': 0.0241278644045896, 'RETRY_LATER': 0.024778564268315227, 'SWITCH_METHOD': 0.04582214625995132, 'SEND_NOTIFICATION': 0.06304556039357091, 'STOP': 0.9898546389127574}",SEND_NOTIFICATION,226.14442513173887,SUCCESS,3587.0,,0
PAY_002815,267,AUTHENTICATION_FAILED,CUSTOMER,0,CUSTOMER,"{'RETRY_NOW': 0.36346573699172446, 'RETRY_LATER': 0.5123802917839023, 'SWITCH_METHOD': 0.4364822441727755, 'SEND_NOTIFICATION': 0.6155926349573334, 'STOP': 0.11504232871365742}",SEND_NOTIFICATION,164.36323353360802,FAILED,0.0,,0
PAY_002815,267,AUTHENTICATION_FAILED,CUSTOMER,1,CUSTOMER,"{'RETRY_NOW': 0.36346573699172446, 'RETRY_LATER': 0.5123802917839023, 'SWITCH_METHOD': 0.4364822441727755, 'SEND_NOTIFICATION': 0.6155926349573334, 'STOP': 0.11504232871365742}",SEND_NOTIFICATION,164.36323353360802,SUCCESS,267.0,,1
PAY_004720,342,UPI_TECHNICAL_ERROR,TEMPORARY,0,TEMPORARY,"{'RETRY_NOW': 0.5414223900991777, 'RETRY_LATER': 0.812442631004282, 'SWITCH_METHOD': 0.680845227705028, 'SEND_NOTIFICATION': 0.2050147953599731, 'STOP': 0.034540185220621404}",RETRY_LATER,277.8553798034645,SUCCESS,342.0,,0
PAY_006545,294,BANK_TIMEOUT,TEMPORARY,0,TEMPORARY,"{'RETRY_NOW': 0.5737249575298882, 'RETRY_LATER': 0.8364737912659488, 'SWITCH_METHOD': 0.6291498179397597, 'SEND_NOTIFICATION': 0.21721758805919064, 'STOP': 0.018052695820066345}",RETRY_LATER,245.92329463218894,SUCCESS,294.0,,0
PAY_004859,184,GATEWAY_TIMEOUT,TEMPORARY,0,TEMPORARY,"{'RETRY_NOW': 0.5468199724049952, 'RETRY_LATER': 0.820335721871917, 'SWITCH_METHOD': 0.6225049969868637, 'SEND_NOTIFICATION': 0.2076969848411377, 'STOP': 0.024222941378888273}",RETRY_LATER,150.94177282443272,SUCCESS,184.0,,0
PAY_007902,1104,LIMIT_EXCEEDED,CUSTOMER,0,CUSTOMER,"{'RETRY_NOW': 0.23445663221062926, 'RETRY_LATER': 0.400450579696428, 'SWITCH_METHOD': 0.5035697030524707, 'SEND_NOTIFICATION': 0.5742276356970519, 'STOP': 0.09745804609077517}",SEND_NOTIFICATION,633.9473098095453,SUCCESS,1104.0,,0
PAY_008581,1560,CARD_EXPIRED,CUSTOMER,0,CUSTOMER,"{'RETRY_NOW': 0.12201388117281793, 'RETRY_LATER': 0.16327289041021786, 'SWITCH_METHOD': 0.5894839825514514, 'SEND_NOTIFICATION': 0.6980349829396476, 'STOP': 0.19663199481364171}",SEND_NOTIFICATION,1088.9345733858502,SUCCESS,1560.0,,0
PAY_008428,2104,LIMIT_EXCEEDED,CUSTOMER,0,CUSTOMER,"{'RETRY_NOW': 0.23451039241824795, 'RETRY_LATER': 0.4094731618244604, 'SWITCH_METHOD': 0.5103407580628158, 'SEND_NOTIFICATION': 0.5753471898598397, 'STOP': 0.10221918855111252}",SEND_NOTIFICATION,1210.5304874651026,SUCCESS,2104.0,,0
PAY_001078,220,INSUFFICIENT_FUNDS,CUSTOMER,0,CUSTOMER,"{'RETRY_NOW': 0.21423968287619102, 'RETRY_LATER': 0.47719848372983464, 'SWITCH_METHOD': 0.6126865733252412, 'SEND_NOTIFICATION': 0.7573834633378266, 'STOP': 0.0861914215045725}",SEND_NOTIFICATION,166.62436193432185,SUCCESS,220.0,,0
PAY_004364,547,BANK_TIMEOUT,TEMPORARY,0,TEMPORARY,"{'RETRY_NOW': 0.5696330875458853, 'RETRY_LATER': 0.835896994338851, 'SWITCH_METHOD': 0.6267842313168004, 'SEND_NOTIFICATION': 0.21369597636977036, 'STOP': 0.016458093859235613}",RETRY_LATER,457.2356559033515,FAILED,0.0,,0
PAY_004364,547,BANK_TIMEOUT,TEMPORARY,1,TEMPORARY,"{'RETRY_NOW': 0.5696330875458853, 'RETRY_LATER': 0.835896994338851, 'SWITCH_METHOD': 0.6267842313168004, 'SEND_NOTIFICATION': 0.21369597636977036, 'STOP': 0.016458093859235613}",RETRY_LATER,457.2356559033515,SUCCESS,547.0,,1
PAY_000771,398,UPI_TECHNICAL_ERROR,TEMPORARY,0,TEMPORARY,"{'RETRY_NOW': 0.5321745423753039, 'RETRY_LATER': 0.8112845288022631, 'SWITCH_METHOD': 0.6796290536521106, 'SEND_NOTIFICATION': 0.2027659968943511, 'STOP': 0.03158426447223368}",RETRY_LATER,322.8912424633007,SUCCESS,398.0,,0
PAY_008866,535,GATEWAY_TIMEOUT,TEMPORARY,0,TEMPORARY,"{'RETRY_NOW': 0.5273209488770064, 'RETRY_LATER': 0.8118416227451749, 'SWITCH_METHOD': 0.6142998643674613, 'SEND_NOTIFICATION': 0.19803510160242946, 'STOP': 0.01365748145960463}",RETRY_LATER,434.33526816866856,SUCCESS,535.0,,0
PAY_000250,113,NETWORK_ERROR,TEMPORARY,0,TEMPORARY,"{'RETRY_NOW': 0.5150670983368959, 'RETRY_LATER': 0.7842063232446957, 'SWITCH_METHOD': 0.6120497232353374, 'SEND_NOTIFICATION': 0.18082735999393668, 'STOP': 0.032681559546687576}",RETRY_LATER,88.61531452665062,SUCCESS,113.0,,0
PAY_007240,7088,LIMIT_EXCEEDED,CUSTOMER,0,CUSTOMER,"{'RETRY_NOW': 0.2573906729543748, 'RETRY_LATER': 0.4243998958004709, 'SWITCH_METHOD': 0.5248639046360701, 'SEND_NOTIFICATION': 0.6014815491720027, 'STOP': 0.12261397389091247}",SEND_NOTIFICATION,4263.301220531155,FAILED,0.0,,0
PAY_007240,7088,LIMIT_EXCEEDED,CUSTOMER,1,CUSTOMER,"{'RETRY_NOW': 0.2573906729543748, 'RETRY_LATER': 0.4243998958004709, 'SWITCH_METHOD': 0.5248639046360701, 'SEND_NOTIFICATION': 0.6014815491720027, 'STOP': 0.12261397389091247}",SEND_NOTIFICATION,4263.301220531155,FAILED,0.0,,1
PAY_007240,7088,LIMIT_EXCEEDED,CUSTOMER,2,CUSTOMER,{},STOP,0.0,STOPPED,0.0,MAX_RETRIES_REACHED,2
PAY_003420,5390,GATEWAY_TIMEOUT,TEMPORARY,0,TEMPORARY,"{'RETRY_NOW': 0.5678124168493498, 'RETRY_LATER': 0.8420809215598802, 'SWITCH_METHOD': 0.6405301277060621, 'SEND_NOTIFICATION': 0.21648355678696243, 'STOP': 0.04073687691609079}",RETRY_LATER,4538.816167207755,FAILED,0.0,,0
PAY_003420,5390,GATEWAY_TIMEOUT,TEMPORARY,1,TEMPORARY,"{'RETRY_NOW': 0.5678124168493498, 'RETRY_LATER': 0.8420809215598802, 'SWITCH_METHOD': 0.6405301277060621, 'SEND_NOTIFICATION': 0.21648355678696243, 'STOP': 0.04073687691609079}",RETRY_LATER,4538.816167207755,SUCCESS,5390.0,,1
PAY_004977,939,BANK_TIMEOUT,TEMPORARY,0,TEMPORARY,"{'RETRY_NOW': 0.5696330875458853, 'RETRY_LATER': 0.835896994338851, 'SWITCH_METHOD': 0.6267842313168004, 'SEND_NOTIFICATION': 0.21369597636977036, 'STOP': 0.016458093859235613}",RETRY_LATER,784.907277684181,SUCCESS,939.0,,0
PAY_004545,1517,LIMIT_EXCEEDED,CUSTOMER,0,CUSTOMER,"{'RETRY_NOW': 0.22862282465599817, 'RETRY_LATER': 0.38565162069592834, 'SWITCH_METHOD': 0.48905618533130313, 'SEND_NOTIFICATION': 0.558354059286041, 'STOP': 0.0905755136377806}",SEND_NOTIFICATION,847.0231079369241,SUCCESS,1517.0,,0
PAY_005566,364,BLOCKED_METHOD,HARD,0,HARD,"{'RETRY_NOW': 0.04973565664272221, 'RETRY_LATER': 0.06059290097615836, 'SWITCH_METHOD': 0.1680162096501436, 'SEND_NOTIFICATION': 0.20084405594189064, 'STOP': 0.971007640958659}",SEND_NOTIFICATION,73.1072363628482,FAILED,0.0,,0
PAY_005566,364,BLOCKED_METHOD,HARD,1,HARD,"{'RETRY_NOW': 0.04973565664272221, 'RETRY_LATER': 0.06059290097615836, 'SWITCH_METHOD': 0.1680162096501436, 'SEND_NOTIFICATION': 0.20084405594189064, 'STOP': 0.971007640958659}",SEND_NOTIFICATION,73.1072363628482,FAILED,0.0,,1
PAY_005566,364,BLOCKED_METHOD,HARD,2,HARD,{},STOP,0.0,STOPPED,0.0,MAX_RETRIES_REACHED,2
PAY_007940,2608,GATEWAY_TIMEOUT,TEMPORARY,0,TEMPORARY,"{'RETRY_NOW': 0.5305124918837583, 'RETRY_LATER': 0.8177406025094297, 'SWITCH_METHOD': 0.6208221579900054, 'SEND_NOTIFICATION': 0.20336733053742942, 'STOP': 0.01954237197609204}",RETRY_LATER,2132.6674913445927,SUCCESS,2608.0,,0
PAY_000717,2501,GATEWAY_TIMEOUT,TEMPORARY,0,TEMPORARY,"{'RETRY_NOW': 0.520691214629535, 'RETRY_LATER': 0.8128600510369736, 'SWITCH_METHOD': 0.6158816154787332, 'SEND_NOTIFICATION': 0.20352296249321322, 'STOP': 0.015124849618930822}",RETRY_LATER,2032.9629876434708,SUCCESS,2501.0,,0
PAY_009653,1107,CARD_EXPIRED,CUSTOMER,0,CUSTOMER,"{'RETRY_NOW': 0.11547390042660058, 'RETRY_LATER': 0.14787983172833616, 'SWITCH_METHOD': 0.5752173401581567, 'SEND_NOTIFICATION': 0.6752095009527201, 'STOP': 0.17785107801239725}",SEND_NOTIFICATION,747.4569175546612,FAILED,0.0,,0
PAY_009653,1107,CARD_EXPIRED,CUSTOMER,1,CUSTOMER,"{'RETRY_NOW': 0.11547390042660058, 'RETRY_LATER': 0.14787983172833616, 'SWITCH_METHOD': 0.5752173401581567, 'SEND_NOTIFICATION': 0.6752095009527201, 'STOP': 0.17785107801239725}",SEND_NOTIFICATION,747.4569175546612,SUCCESS,1107.0,,1
PAY_002049,2304,CARD_EXPIRED,CUSTOMER,0,CUSTOMER,"{'RETRY_NOW': 0.09116149688110772, 'RETRY_LATER': 0.12965027883060642, 'SWITCH_METHOD': 0.5575271737399651, 'SEND_NOTIFICATION': 0.6535956838705612, 'STOP': 0.15486928950029705}",SEND_NOTIFICATION,1505.884455637773,SUCCESS,2304.0,,0
PAY_005998,860,INSUFFICIENT_FUNDS,CUSTOMER,0,CUSTOMER,"{'RETRY_NOW': 0.1841816517084788, 'RETRY_LATER': 0.4408761198919302, 'SWITCH_METHOD': 0.5876739582925663, 'SEND_NOTIFICATION': 0.7154238561178758, 'STOP': 0.05387627949456366}",SEND_NOTIFICATION,615.2645162613733,FAILED,0.0,,0
PAY_005998,860,INSUFFICIENT_FUNDS,CUSTOMER,1,CUSTOMER,"{'RETRY_NOW': 0.1841816517084788, 'RETRY_LATER': 0.4408761198919302, 'SWITCH_METHOD': 0.5876739582925663, 'SEND_NOTIFICATION': 0.7154238561178758, 'STOP': 0.05387627949456366}",SEND_NOTIFICATION,615.2645162613733,SUCCESS,860.0,,1
PAY_006601,99,UPI_TECHNICAL_ERROR,TEMPORARY,0,TEMPORARY,"{'RETRY_NOW': 0.5285891622512133, 'RETRY_LATER': 0.8007271197713204, 'SWITCH_METHOD': 0.6675942913020436, 'SEND_NOTIFICATION': 0.19937287470080145, 'STOP': 0.02407988541488185}",RETRY_LATER,79.27198485736072,SUCCESS,99.0,,0
PAY_007246,1793,GATEWAY_TIMEOUT,TEMPORARY,0,TEMPORARY,"{'RETRY_NOW': 0.5178253002308308, 'RETRY_LATER': 0.7928968823843522, 'SWITCH_METHOD': 0.5893897317452582, 'SEND_NOTIFICATION': 0.17470017578563796, 'STOP': 0.001006325921481945}",RETRY_LATER,1421.6641101151436,SUCCESS,1793.0,,0
PAY_004179,1557,CARD_EXPIRED,CUSTOMER,0,CUSTOMER,"{'RETRY_NOW': 0.09604367913197817, 'RETRY_LATER': 0.14359214579818105, 'SWITCH_METHOD': 0.56974717149383, 'SEND_NOTIFICATION': 0.6651171790225807, 'STOP': 0.16535769589126573}",SEND_NOTIFICATION,1035.5874477381583,SUCCESS,1557.0,,0
PAY_004810,332,AUTHENTICATION_FAILED,CUSTOMER,0,CUSTOMER,"{'RETRY_NOW': 0.3651145397672239, 'RETRY_LATER': 0.5107109354757949, 'SWITCH_METHOD': 0.4348396533927834, 'SEND_NOTIFICATION': 0.6097684148053724, 'STOP': 0.11371599023060872}",SEND_NOTIFICATION,202.44311371538362,SUCCESS,332.0,,0
PAY_009483,2490,GATEWAY_TIMEOUT,TEMPORARY,0,TEMPORARY,"{'RETRY_NOW': 0.5507707544914408, 'RETRY_LATER': 0.8316800659803456, 'SWITCH_METHOD': 0.6339064213442815, 'SEND_NOTIFICATION': 0.21481558554396052, 'STOP': 0.0330674011709359}",RETRY_LATER,2070.8833642910604,SUCCESS,2490.0,,0
PAY_007141,558,AUTHENTICATION_FAILED,CUSTOMER,0,CUSTOMER,"{'RETRY_NOW': 0.3651145397672239, 'RETRY_LATER': 0.5107109354757949, 'SWITCH_METHOD': 0.4348396533927834, 'SEND_NOTIFICATION': 0.6097684148053724, 'STOP': 0.11371599023060872}",SEND_NOTIFICATION,340.2507754613978,SUCCESS,558.0,,0
PAY_007191,1223,BLOCKED_METHOD,HARD,0,HARD,"{'RETRY_NOW': 0.046208752224348934, 'RETRY_LATER': 0.05453039974227893, 'SWITCH_METHOD': 0.16288117213671624, 'SEND_NOTIFICATION': 0.19665290749378586, 'STOP': 0.9649971432371746}",SEND_NOTIFICATION,240.5065058649001,SUCCESS,1223.0,,0
PAY_001461,99,BANK_TIMEOUT,TEMPORARY,0,TEMPORARY,"{'RETRY_NOW': 0.5558028337849814, 'RETRY_LATER': 0.8283451071729658, 'SWITCH_METHOD': 0.616633844027687, 'SEND_NOTIFICATION': 0.21025288980905013, 'STOP': 0.007495748527374103}",RETRY_LATER,82.00616561012362,SUCCESS,99.0,,0
PAY_005990,143,BANK_TIMEOUT,TEMPORARY,0,TEMPORARY,"{'RETRY_NOW': 0.5619233506293959, 'RETRY_LATER': 0.8317783806614386, 'SWITCH_METHOD': 0.6203312138735437, 'SEND_NOTIFICATION': 0.21437534612107462, 'STOP': 0.011986612676497995}",RETRY_LATER,118.94430843458572,SUCCESS,143.0,,0
PAY_002001,99,GATEWAY_TIMEOUT,TEMPORARY,0,TEMPORARY,"{'RETRY_NOW': 0.5121399267178589, 'RETRY_LATER': 0.7864483161929848, 'SWITCH_METHOD': 0.5856102450324067, 'SEND_NOTIFICATION': 0.15949808316595226, 'STOP': 0.0010001498144869105}",RETRY_LATER,77.8583833031055,SUCCESS,99.0,,0
PAY_008176,521,INSUFFICIENT_FUNDS,CUSTOMER,0,CUSTOMER,"{'RETRY_NOW': 0.21912422395505574, 'RETRY_LATER': 0.48444381767143446, 'SWITCH_METHOD': 0.6244683876838839, 'SEND_NOTIFICATION': 0.7700041913272311, 'STOP': 0.09054291564980634}",SEND_NOTIFICATION,401.1721836814874,SUCCESS,521.0,,0
PAY_000405,145,UPI_TECHNICAL_ERROR,TEMPORARY,0,TEMPORARY,"{'RETRY_NOW': 0.5224085658861238, 'RETRY_LATER': 0.8073742093046153, 'SWITCH_METHOD': 0.6780683088771787, 'SEND_NOTIFICATION': 0.20007465488102727, 'STOP': 0.02895635323938477}",RETRY_LATER,117.06926034916923,SUCCESS,145.0,,0
PAY_000385,710,BANK_TIMEOUT,TEMPORARY,0,TEMPORARY,"{'RETRY_NOW': 0.5760026385441538, 'RETRY_LATER': 0.8481138177475984, 'SWITCH_METHOD': 0.6353097701479866, 'SEND_NOTIFICATION': 0.22707899959391206, 'STOP': 0.02702637440004829}",RETRY_LATER,602.1608106007949,SUCCESS,710.0,,0
PAY_009449,199,NETWORK_ERROR,TEMPORARY,0,TEMPORARY,"{'RETRY_NOW': 0.5088655520654068, 'RETRY_LATER': 0.774572953718274, 'SWITCH_METHOD': 0.6084189140120244, 'SEND_NOTIFICATION': 0.17400301069985225, 'STOP': 0.02553574004556391}",RETRY_LATER,154.1400177899365,SUCCESS,199.0,,0
PAY_009488,665,BANK_TIMEOUT,TEMPORARY,0,TEMPORARY,"{'RETRY_NOW': 0.5619233506293959, 'RETRY_LATER': 0.8317783806614386, 'SWITCH_METHOD': 0.6203312138735437, 'SEND_NOTIFICATION': 0.21437534612107462, 'STOP': 0.011986612676497995}",RETRY_LATER,553.1326231398567,FAILED,0.0,,0
PAY_009488,665,BANK_TIMEOUT,TEMPORARY,1,TEMPORARY,"{'RETRY_NOW': 0.5619233506293959, 'RETRY_LATER': 0.8317783806614386, 'SWITCH_METHOD': 0.6203312138735437, 'SEND_NOTIFICATION': 0.21437534612107462, 'STOP': 0.011986612676497995}",RETRY_LATER,553.1326231398567,SUCCESS,665.0,,1
PAY_001634,964,CARD_EXPIRED,CUSTOMER,0,CUSTOMER,"{'RETRY_NOW': 0.11538392939058391, 'RETRY_LATER': 0.15192906445148918, 'SWITCH_METHOD': 0.5749039794563835, 'SEND_NOTIFICATION': 0.6811443768401126, 'STOP': 0.18394899305809498}",SEND_NOTIFICATION,656.6231792738686,SUCCESS,964.0,,0
PAY_009854,1883,INSUFFICIENT_FUNDS,CUSTOMER,0,CUSTOMER,"{'RETRY_NOW': 0.20356664227828297, 'RETRY_LATER': 0.4711957501405762, 'SWITCH_METHOD': 0.6060141885505025, 'SEND_NOTIFICATION': 0.7374314275118824, 'STOP': 0.07240685230195118}",SEND_NOTIFICATION,1388.5833780048745,SUCCESS,1883.0,,0
PAY_004785,657,CARD_EXPIRED,CUSTOMER,0,CUSTOMER,"{'RETRY_NOW': 0.09116149688110772, 'RETRY_LATER': 0.12965027883060642, 'SWITCH_METHOD': 0.5575271737399651, 'SEND_NOTIFICATION': 0.6535956838705612, 'STOP': 0.15486928950029705}",SEND_NOTIFICATION,429.41236430295874,SUCCESS,657.0,,0
PAY_009457,1156,BANK_TIMEOUT,TEMPORARY,0,TEMPORARY,"{'RETRY_NOW': 0.5737249575298882, 'RETRY_LATER': 0.8385408547895308, 'SWITCH_METHOD': 0.6291498179397597, 'SEND_NOTIFICATION': 0.21721758805919064, 'STOP': 0.019306697773583903}",RETRY_LATER,969.3532281366976,SUCCESS,1156.0,,0
PAY_006971,264,GATEWAY_TIMEOUT,TEMPORARY,0,TEMPORARY,"{'RETRY_NOW': 0.5610570527992716, 'RETRY_LATER': 0.83839839817943, 'SWITCH_METHOD': 0.6371694611158878, 'SEND_NOTIFICATION': 0.21647948216182034, 'STOP': 0.03771996653179893}",RETRY_LATER,221.3371771193695,SUCCESS,264.0,,0
PAY_003926,5906,NETWORK_ERROR,TEMPORARY,0,TEMPORARY,"{'RETRY_NOW': 0.512744638162444, 'RETRY_LATER': 0.7723567936254166, 'SWITCH_METHOD': 0.6057444980453591, 'SEND_NOTIFICATION': 0.17118824555499235, 'STOP': 0.02390363323436958}",RETRY_LATER,4561.539223151711,SUCCESS,5906.0,,0
PAY_004159,707,INSUFFICIENT_FUNDS,CUSTOMER,0,CUSTOMER,"{'RETRY_NOW': 0.21320791903019476, 'RETRY_LATER': 0.4703213900001933, 'SWITCH_METHOD': 0.6080488418565584, 'SEND_NOTIFICATION': 0.7451829001312937, 'STOP': 0.07679878172440113}",SEND_NOTIFICATION,526.8443103928247,FAILED,0.0,,0
PAY_004159,707,INSUFFICIENT_FUNDS,CUSTOMER,1,CUSTOMER,"{'RETRY_NOW': 0.21320791903019476, 'RETRY_LATER': 0.4703213900001933, 'SWITCH_METHOD': 0.6080488418565584, 'SEND_NOTIFICATION': 0.7451829001312937, 'STOP': 0.07679878172440113}",SEND_NOTIFICATION,526.8443103928247,SUCCESS,707.0,,1
PAY_007450,960,GATEWAY_TIMEOUT,TEMPORARY,0,TEMPORARY,"{'RETRY_NOW': 0.5152412956239563, 'RETRY_LATER': 0.798492401585454, 'SWITCH_METHOD': 0.5927440570135984, 'SEND_NOTIFICATION': 0.17959297102110086, 'STOP': 0.0010147807837068252}",RETRY_LATER,766.5527055220358,SUCCESS,960.0,,0
PAY_008416,1192,CARD_EXPIRED,CUSTOMER,0,CUSTOMER,"{'RETRY_NOW': 0.11803394505937058, 'RETRY_LATER': 0.15471010729963303, 'SWITCH_METHOD': 0.5828268031164789, 'SEND_NOTIFICATION': 0.6863321166948629, 'STOP': 0.19033161063782014}",SEND_NOTIFICATION,818.1078831002766,SUCCESS,1192.0,,0
PAY_002194,1170,GATEWAY_TIMEOUT,TEMPORARY,0,TEMPORARY,"{'RETRY_NOW': 0.5197997959803476, 'RETRY_LATER': 0.8055116617632886, 'SWITCH_METHOD': 0.605384506346381, 'SEND_NOTIFICATION': 0.1904493145233856, 'STOP': 0.006047479042267828}",RETRY_LATER,942.4486442630476,SUCCESS,1170.0,,0
PAY_001016,315,GATEWAY_TIMEOUT,TEMPORARY,0,TEMPORARY,"{'RETRY_NOW': 0.5259421488078453, 'RETRY_LATER': 0.8107073584382917, 'SWITCH_METHOD': 0.6125832230598234, 'SEND_NOTIFICATION': 0.19670804506229322, 'STOP': 0.012079900884821842}",RETRY_LATER,255.37281790806188,SUCCESS,315.0,,0
PAY_005125,153,NETWORK_ERROR,TEMPORARY,0,TEMPORARY,"{'RETRY_NOW': 0.48258423217616997, 'RETRY_LATER': 0.7495723179980411, 'SWITCH_METHOD': 0.5850717433246501, 'SEND_NOTIFICATION': 0.15477973980462267, 'STOP': 0.0030059211935449174}",RETRY_LATER,114.68456465370029,SUCCESS,153.0,,0
PAY_007419,221,INSUFFICIENT_FUNDS,CUSTOMER,0,CUSTOMER,"{'RETRY_NOW': 0.1798982304722809, 'RETRY_LATER': 0.4326186751213166, 'SWITCH_METHOD': 0.5877753038073465, 'SEND_NOTIFICATION': 0.7137877886959354, 'STOP': 0.05031981256751793}",SEND_NOTIFICATION,157.74710130180173,FAILED,0.0,,0
PAY_007419,221,INSUFFICIENT_FUNDS,CUSTOMER,1,CUSTOMER,"{'RETRY_NOW': 0.1798982304722809, 'RETRY_LATER': 0.4326186751213166, 'SWITCH_METHOD': 0.5877753038073465, 'SEND_NOTIFICATION': 0.7137877886959354, 'STOP': 0.05031981256751793}",SEND_NOTIFICATION,157.74710130180173,SUCCESS,221.0,,1
PAY_007410,1053,NETWORK_ERROR,TEMPORARY,0,TEMPORARY,"{'RETRY_NOW': 0.48258423217616997, 'RETRY_LATER': 0.7495723179980411, 'SWITCH_METHOD': 0.5850717433246501, 'SEND_NOTIFICATION': 0.15477973980462267, 'STOP': 0.0030059211935449174}",RETRY_LATER,789.2996508519374,SUCCESS,1053.0,,0
PAY_008990,748,GATEWAY_TIMEOUT,TEMPORARY,0,TEMPORARY,"{'RETRY_NOW': 0.5613533703086748, 'RETRY_LATER': 0.8412229329463196, 'SWITCH_METHOD': 0.6385008318350974, 'SEND_NOTIFICATION': 0.2162091955247975, 'STOP': 0.039222482841691844}",RETRY_LATER,629.234753843847,SUCCESS,748.0,,0
PAY_002872,197,NETWORK_ERROR,TEMPORARY,0,TEMPORARY,"{'RETRY_NOW': 0.5277500066376665, 'RETRY_LATER': 0.7925553025551133, 'SWITCH_METHOD': 0.6194831459985412, 'SEND_NOTIFICATION': 0.18777964441123204, 'STOP': 0.04194612791738492}",RETRY_LATER,156.13339460335732,SUCCESS,197.0,,0
PAY_000010,3574,NETWORK_ERROR,TEMPORARY,0,TEMPORARY,"{'RETRY_NOW': 0.48875680387309556, 'RETRY_LATER': 0.7604593645383668, 'SWITCH_METHOD': 0.5936603740988328, 'SEND_NOTIFICATION': 0.1619654378028644, 'STOP': 0.010432032850922117}",RETRY_LATER,2717.881768860123,SUCCESS,3574.0,,0
PAY_001839,1366,INSUFFICIENT_FUNDS,CUSTOMER,0,CUSTOMER,"{'RETRY_NOW': 0.17330254881056428, 'RETRY_LATER': 0.4198289668127987, 'SWITCH_METHOD': 0.5727727165421875, 'SEND_NOTIFICATION': 0.7079695846747144, 'STOP': 0.04480163695220134}",SEND_NOTIFICATION,967.0864526656599,FAILED,0.0,,0
PAY_001839,1366,INSUFFICIENT_FUNDS,CUSTOMER,1,CUSTOMER,"{'RETRY_NOW': 0.17330254881056428, 'RETRY_LATER': 0.4198289668127987, 'SWITCH_METHOD': 0.5727727165421875, 'SEND_NOTIFICATION': 0.7079695846747144, 'STOP': 0.04480163695220134}",SEND_NOTIFICATION,967.0864526656599,SUCCESS,1366.0,,1
PAY_004805,278,INSUFFICIENT_FUNDS,CUSTOMER,0,CUSTOMER,"{'RETRY_NOW': 0.20356664227828297, 'RETRY_LATER': 0.4711957501405762, 'SWITCH_METHOD': 0.6060141885505025, 'SEND_NOTIFICATION': 0.7374314275118824, 'STOP': 0.07240685230195118}",SEND_NOTIFICATION,205.0059368483033,SUCCESS,278.0,,0
PAY_000256,619,AUTHENTICATION_FAILED,CUSTOMER,0,CUSTOMER,"{'RETRY_NOW': 0.3672109048960562, 'RETRY_LATER': 0.5045077390280865, 'SWITCH_METHOD': 0.4299976606629388, 'SEND_NOTIFICATION': 0.6044396068038961, 'STOP': 0.11113148300909065}",SEND_NOTIFICATION,374.14811661161167,FAILED,0.0,,0
PAY_000256,619,AUTHENTICATION_FAILED,CUSTOMER,1,CUSTOMER,"{'RETRY_NOW': 0.3672109048960562, 'RETRY_LATER': 0.5045077390280865, 'SWITCH_METHOD': 0.4299976606629388, 'SEND_NOTIFICATION': 0.6044396068038961, 'STOP': 0.11113148300909065}",SEND_NOTIFICATION,374.14811661161167,FAILED,0.0,,1
PAY_000256,619,AUTHENTICATION_FAILED,CUSTOMER,2,CUSTOMER,{},STOP,0.0,STOPPED,0.0,MAX_RETRIES_REACHED,2
PAY_007027,1074,BANK_TIMEOUT,TEMPORARY,0,TEMPORARY,"{'RETRY_NOW': 0.5737249575298882, 'RETRY_LATER': 0.8364737912659488, 'SWITCH_METHOD': 0.6291498179397597, 'SEND_NOTIFICATION': 0.21721758805919064, 'STOP': 0.018052695820066345}",RETRY_LATER,898.372851819629,SUCCESS,1074.0,,0
PAY_005714,1876,AUTHENTICATION_FAILED,CUSTOMER,0,CUSTOMER,"{'RETRY_NOW': 0.37852194137798306, 'RETRY_LATER': 0.5310122954609185, 'SWITCH_METHOD': 0.45338454561549496, 'SEND_NOTIFICATION': 0.6384544510789224, 'STOP': 0.13228448060519027}",SEND_NOTIFICATION,1197.7405502240583,FAILED,0.0,,0
PAY_005714,1876,AUTHENTICATION_FAILED,CUSTOMER,1,CUSTOMER,"{'RETRY_NOW': 0.37852194137798306, 'RETRY_LATER': 0.5310122954609185, 'SWITCH_METHOD': 0.45338454561549496, 'SEND_NOTIFICATION': 0.6384544510789224, 'STOP': 0.13228448060519027}",SEND_NOTIFICATION,1197.7405502240583,FAILED,0.0,,1
PAY_005714,1876,AUTHENTICATION_FAILED,CUSTOMER,2,CUSTOMER,{},STOP,0.0,STOPPED,0.0,MAX_RETRIES_REACHED,2
PAY_003325,140,LIMIT_EXCEEDED,CUSTOMER,0,CUSTOMER,"{'RETRY_NOW': 0.23626477508493202, 'RETRY_LATER': 0.4082898872795011, 'SWITCH_METHOD': 0.5103002768389522, 'SEND_NOTIFICATION': 0.5837670004755872, 'STOP': 0.10360584053889446}",SEND_NOTIFICATION,81.7273800665822,SUCCESS,140.0,,0
PAY_007715,1110,CARD_EXPIRED,CUSTOMER,0,CUSTOMER,"{'RETRY_NOW': 0.0982741331276089, 'RETRY_LATER': 0.14359214579818105, 'SWITCH_METHOD': 0.56974717149383, 'SEND_NOTIFICATION': 0.6651171790225807, 'STOP': 0.16737971160863502}",SEND_NOTIFICATION,738.2800687150645,FAILED,0.0,,0
PAY_007715,1110,CARD_EXPIRED,CUSTOMER,1,CUSTOMER,"{'RETRY_NOW': 0.0982741331276089, 'RETRY_LATER': 0.14359214579818105, 'SWITCH_METHOD': 0.56974717149383, 'SEND_NOTIFICATION': 0.6651171790225807, 'STOP': 0.16737971160863502}",SEND_NOTIFICATION,738.2800687150645,FAILED,0.0,,1
PAY_007715,1110,CARD_EXPIRED,CUSTOMER,2,CUSTOMER,{},STOP,0.0,STOPPED,0.0,MAX_RETRIES_REACHED,2
PAY_001582,456,GATEWAY_TIMEOUT,TEMPORARY,0,TEMPORARY,"{'RETRY_NOW': 0.5399586701231865, 'RETRY_LATER': 0.827152291815821, 'SWITCH_METHOD': 0.6263661192179011, 'SEND_NOTIFICATION': 0.21112735722566964, 'STOP': 0.028994474200321006}",RETRY_LATER,377.18144506801434,SUCCESS,456.0,,0
PAY_000925,1377,AUTHENTICATION_FAILED,CUSTOMER,0,CUSTOMER,"{'RETRY_NOW': 0.3285324714900889, 'RETRY_LATER': 0.48851574498922334, 'SWITCH_METHOD': 0.40735352823298704, 'SEND_NOTIFICATION': 0.5935343694272075, 'STOP': 0.08564698208010263}",SEND_NOTIFICATION,817.2968267012648,SUCCESS,1377.0,,0
PAY_002780,474,CARD_EXPIRED,CUSTOMER,0,CUSTOMER,"{'RETRY_NOW': 0.08283964800480945, 'RETRY_LATER': 0.12175444850570144, 'SWITCH_METHOD': 0.5502610875226079, 'SEND_NOTIFICATION': 0.6503471072380023, 'STOP': 0.1502438408237855}",SEND_NOTIFICATION,308.26452883081305,FAILED,0.0,,0
PAY_002780,474,CARD_EXPIRED,CUSTOMER,1,CUSTOMER,"{'RETRY_NOW': 0.08283964800480945, 'RETRY_LATER': 0.12175444850570144, 'SWITCH_METHOD': 0.5502610875226079, 'SEND_NOTIFICATION': 0.6503471072380023, 'STOP': 0.1502438408237855}",SEND_NOTIFICATION,308.26452883081305,SUCCESS,474.0,,1
PAY_007892,99,INVALID_ACCOUNT,HARD,0,HARD,"{'RETRY_NOW': 0.023775782713592264, 'RETRY_LATER': 0.03410148863724506, 'SWITCH_METHOD': 0.09361453808716985, 'SEND_NOTIFICATION': 0.12393393268662388, 'STOP': 0.9882875353127376}",SEND_NOTIFICATION,12.269459335975764,FAILED,0.0,,0
PAY_007892,99,INVALID_ACCOUNT,HARD,1,HARD,"{'RETRY_NOW': 0.023775782713592264, 'RETRY_LATER': 0.03410148863724506, 'SWITCH_METHOD': 0.09361453808716985, 'SEND_NOTIFICATION': 0.12393393268662388, 'STOP': 0.9882875353127376}",SEND_NOTIFICATION,12.269459335975764,FAILED,0.0,,1
PAY_007892,99,INVALID_ACCOUNT,HARD,2,HARD,{},STOP,0.0,STOPPED,0.0,MAX_RETRIES_REACHED,2
PAY_006133,476,LIMIT_EXCEEDED,CUSTOMER,0,CUSTOMER,"{'RETRY_NOW': 0.2412116452595457, 'RETRY_LATER': 0.4083432848362429, 'SWITCH_METHOD': 0.5105835404293677, 'SEND_NOTIFICATION': 0.5932698100305471, 'STOP': 0.10960263835191332}",SEND_NOTIFICATION,282.39642957454043,SUCCESS,476.0,,0
PAY_005321,362,AUTHENTICATION_FAILED,CUSTOMER,0,CUSTOMER,"{'RETRY_NOW': 0.3701544657660245, 'RETRY_LATER': 0.5150705684185359, 'SWITCH_METHOD': 0.4415790206128863, 'SEND_NOTIFICATION': 0.6201702114790499, 'STOP': 0.11965647636795643}",SEND_NOTIFICATION,224.50161655541606,SUCCESS,362.0,,0
PAY_007313,1486,BANK_TIMEOUT,TEMPORARY,0,TEMPORARY,"{'RETRY_NOW': 0.5624450626343493, 'RETRY_LATER': 0.8319800725861933, 'SWITCH_METHOD': 0.617283079418032, 'SEND_NOTIFICATION': 0.21007162124688525, 'STOP': 0.010499523380395035}",RETRY_LATER,1236.3223878630833,FAILED,0.0,,0
PAY_007313,1486,BANK_TIMEOUT,TEMPORARY,1,TEMPORARY,"{'RETRY_NOW': 0.5624450626343493, 'RETRY_LATER': 0.8319800725861933, 'SWITCH_METHOD': 0.617283079418032, 'SEND_NOTIFICATION': 0.21007162124688525, 'STOP': 0.010499523380395035}",RETRY_LATER,1236.3223878630833,SUCCESS,1486.0,,1
PAY_007103,1574,INSUFFICIENT_FUNDS,CUSTOMER,0,CUSTOMER,"{'RETRY_NOW': 0.18550339255205156, 'RETRY_LATER': 0.44457889836731546, 'SWITCH_METHOD': 0.58960945948188, 'SEND_NOTIFICATION': 0.718469489782771, 'STOP': 0.056102272166695576}",SEND_NOTIFICATION,1130.8709769180816,FAILED,0.0,,0
PAY_007103,1574,INSUFFICIENT_FUNDS,CUSTOMER,1,CUSTOMER,"{'RETRY_NOW': 0.18550339255205156, 'RETRY_LATER': 0.44457889836731546, 'SWITCH_METHOD': 0.58960945948188, 'SEND_NOTIFICATION': 0.718469489782771, 'STOP': 0.056102272166695576}",SEND_NOTIFICATION,1130.8709769180816,SUCCESS,1574.0,,1
PAY_006043,5637,AUTHENTICATION_FAILED,CUSTOMER,0,CUSTOMER,"{'RETRY_NOW': 0.3625677276457382, 'RETRY_LATER': 0.4994617340546077, 'SWITCH_METHOD': 0.42858940253193945, 'SEND_NOTIFICATION': 0.6031826890117266, 'STOP': 0.10563627168477294}",SEND_NOTIFICATION,3400.1408179591026,SUCCESS,5637.0,,0
PAY_003776,2390,LIMIT_EXCEEDED,CUSTOMER,0,CUSTOMER,"{'RETRY_NOW': 0.21634092548243816, 'RETRY_LATER': 0.3746827443063364, 'SWITCH_METHOD': 0.477995743714301, 'SEND_NOTIFICATION': 0.5357914937879606, 'STOP': 0.07382255271351479}",SEND_NOTIFICATION,1280.541670153226,SUCCESS,2390.0,,0
PAY_004836,417,AUTHENTICATION_FAILED,CUSTOMER,0,CUSTOMER,"{'RETRY_NOW': 0.36615122818861495, 'RETRY_LATER': 0.5121442613571775, 'SWITCH_METHOD': 0.43310831484615997, 'SEND_NOTIFICATION': 0.6101546287389888, 'STOP': 0.11330269420731917}",SEND_NOTIFICATION,254.43448018415836,SUCCESS,417.0,,0
PAY_004965,99,INSUFFICIENT_FUNDS,CUSTOMER,0,CUSTOMER,"{'RETRY_NOW': 0.20411219368751476, 'RETRY_LATER': 0.46544286738347806, 'SWITCH_METHOD': 0.600484425316945, 'SEND_NOTIFICATION': 0.7352405937084365, 'STOP': 0.07181202829276298}",SEND_NOTIFICATION,72.78881877713522,SUCCESS,99.0,,0
PAY_000540,187,CARD_EXPIRED,CUSTOMER,0,CUSTOMER,"{'RETRY_NOW': 0.11803394505937058, 'RETRY_LATER': 0.15471010729963303, 'SWITCH_METHOD': 0.5828268031164789, 'SEND_NOTIFICATION': 0.6863321166948629, 'STOP': 0.19033161063782014}",SEND_NOTIFICATION,128.34410582193937,SUCCESS,187.0,,0
PAY_007484,1620,GATEWAY_TIMEOUT,TEMPORARY,0,TEMPORARY,"{'RETRY_NOW': 0.5259421488078453, 'RETRY_LATER': 0.8107073584382917, 'SWITCH_METHOD': 0.6125832230598234, 'SEND_NOTIFICATION': 0.19670804506229322, 'STOP': 0.012079900884821842}",RETRY_LATER,1313.3459206700325,SUCCESS,1620.0,,0
PAY_002746,1023,GATEWAY_TIMEOUT,TEMPORARY,0,TEMPORARY,"{'RETRY_NOW': 0.5403072367212997, 'RETRY_LATER': 0.8236351095596709, 'SWITCH_METHOD': 0.624682397955857, 'SEND_NOTIFICATION': 0.206431164526727, 'STOP': 0.025827528946643336}",RETRY_LATER,842.5787170795434,FAILED,0.0,,0
PAY_002746,1023,GATEWAY_TIMEOUT,TEMPORARY,1,TEMPORARY,"{'RETRY_NOW': 0.5403072367212997, 'RETRY_LATER': 0.8236351095596709, 'SWITCH_METHOD': 0.624682397955857, 'SEND_NOTIFICATION': 0.206431164526727, 'STOP': 0.025827528946643336}",RETRY_LATER,842.5787170795434,FAILED,0.0,,1
PAY_002746,1023,GATEWAY_TIMEOUT,TEMPORARY,2,TEMPORARY,{},STOP,0.0,STOPPED,0.0,MAX_RETRIES_REACHED,2
PAY_003720,367,CARD_EXPIRED,CUSTOMER,0,CUSTOMER,"{'RETRY_NOW': 0.10319067916576136, 'RETRY_LATER': 0.14432946327140797, 'SWITCH_METHOD': 0.5703592492824251, 'SEND_NOTIFICATION': 0.6665589127419148, 'STOP': 0.17434247288125093}",SEND_NOTIFICATION,244.62712097628273,SUCCESS,367.0,,0
PAY_006820,1265,GATEWAY_TIMEOUT,TEMPORARY,0,TEMPORARY,"{'RETRY_NOW': 0.5197997959803476, 'RETRY_LATER': 0.8055116617632886, 'SWITCH_METHOD': 0.605384506346381, 'SEND_NOTIFICATION': 0.1904493145233856, 'STOP': 0.006047479042267828}",RETRY_LATER,1018.97225213056,SUCCESS,1265.0,,0
PAY_009338,505,BLOCKED_METHOD,HARD,0,HARD,"{'RETRY_NOW': 0.046923408999295424, 'RETRY_LATER': 0.05588614310037299, 'SWITCH_METHOD': 0.16467307671275652, 'SEND_NOTIFICATION': 0.19656702497803427, 'STOP': 0.9666076634414865}",SEND_NOTIFICATION,99.26634761390731,FAILED,0.0,,0
PAY_009338,505,BLOCKED_METHOD,HARD,1,HARD,"{'RETRY_NOW': 0.046923408999295424, 'RETRY_LATER': 0.05588614310037299, 'SWITCH_METHOD': 0.16467307671275652, 'SEND_NOTIFICATION': 0.19656702497803427, 'STOP': 0.9666076634414865}",SEND_NOTIFICATION,99.26634761390731,FAILED,0.0,,1
PAY_009338,505,BLOCKED_METHOD,HARD,2,HARD,{},STOP,0.0,STOPPED,0.0,MAX_RETRIES_REACHED,2
PAY_004469,286,BLOCKED_METHOD,HARD,0,HARD,"{'RETRY_NOW': 0.06034310040378024, 'RETRY_LATER': 0.06847549752173968, 'SWITCH_METHOD': 0.17890683916412664, 'SEND_NOTIFICATION': 0.2090992140153797, 'STOP': 0.9784708553261284}",SEND_NOTIFICATION,59.802375208398594,FAILED,0.0,,0
PAY_004469,286,BLOCKED_METHOD,HARD,1,HARD,"{'RETRY_NOW': 0.06034310040378024, 'RETRY_LATER': 0.06847549752173968, 'SWITCH_METHOD': 0.17890683916412664, 'SEND_NOTIFICATION': 0.2090992140153797, 'STOP': 0.9784708553261284}",SEND_NOTIFICATION,59.802375208398594,FAILED,0.0,,1
PAY_004469,286,BLOCKED_METHOD,HARD,2,HARD,{},STOP,0.0,STOPPED,0.0,MAX_RETRIES_REACHED,2
PAY_000668,808,INSUFFICIENT_FUNDS,CUSTOMER,0,CUSTOMER,"{'RETRY_NOW': 0.20411219368751476, 'RETRY_LATER': 0.46544286738347806, 'SWITCH_METHOD': 0.600484425316945, 'SEND_NOTIFICATION': 0.7352405937084365, 'STOP': 0.07181202829276298}",SEND_NOTIFICATION,594.0743997164167,SUCCESS,808.0,,0
PAY_007576,244,NETWORK_ERROR,TEMPORARY,0,TEMPORARY,"{'RETRY_NOW': 0.5003481664705942, 'RETRY_LATER': 0.7695051248351832, 'SWITCH_METHOD': 0.6034187882708808, 'SEND_NOTIFICATION': 0.16791702795491556, 'STOP': 0.01926603823229155}",RETRY_LATER,187.7592504597847,SUCCESS,244.0,,0
PAY_008550,198,CUSTOMER_DECLINED,HARD,0,HARD,"{'RETRY_NOW': 0.053656799343007724, 'RETRY_LATER': 0.051214223243038565, 'SWITCH_METHOD': 0.07424561962013856, 'SEND_NOTIFICATION': 0.0926364228462907, 'STOP': 0.99}",SEND_NOTIFICATION,18.34201172356556,FAILED,0.0,,0
PAY_008550,198,CUSTOMER_DECLINED,HARD,1,HARD,"{'RETRY_NOW': 0.053656799343007724, 'RETRY_LATER': 0.051214223243038565, 'SWITCH_METHOD': 0.07424561962013856, 'SEND_NOTIFICATION': 0.0926364228462907, 'STOP': 0.99}",SEND_NOTIFICATION,18.34201172356556,FAILED,0.0,,1
PAY_008550,198,CUSTOMER_DECLINED,HARD,2,HARD,{},STOP,0.0,STOPPED,0.0,MAX_RETRIES_REACHED,2
PAY_005064,714,CARD_EXPIRED,CUSTOMER,0,CUSTOMER,"{'RETRY_NOW': 0.09415795569259248, 'RETRY_LATER': 0.14029650212518407, 'SWITCH_METHOD': 0.5673376532474599, 'SEND_NOTIFICATION': 0.6601268791849643, 'STOP': 0.16454866634980778}",SEND_NOTIFICATION,471.33059173806447,FAILED,0.0,,0
PAY_005064,714,CARD_EXPIRED,CUSTOMER,1,CUSTOMER,"{'RETRY_NOW': 0.09415795569259248, 'RETRY_LATER': 0.14029650212518407, 'SWITCH_METHOD': 0.5673376532474599, 'SEND_NOTIFICATION': 0.6601268791849643, 'STOP': 0.16454866634980778}",SEND_NOTIFICATION,471.33059173806447,SUCCESS,714.0,,1
PAY_001354,4856,INSUFFICIENT_FUNDS,CUSTOMER,0,CUSTOMER,"{'RETRY_NOW': 0.19963178641699175, 'RETRY_LATER': 0.45186371449726825, 'SWITCH_METHOD': 0.5905929021445472, 'SEND_NOTIFICATION': 0.72547677868139, 'STOP': 0.06242481780313803}",SEND_NOTIFICATION,3522.91523727683,SUCCESS,4856.0,,0
PAY_007115,310,CUSTOMER_DECLINED,HARD,0,HARD,"{'RETRY_NOW': 0.025803552880159616, 'RETRY_LATER': 0.02652462975483088, 'SWITCH_METHOD': 0.04689818597014803, 'SEND_NOTIFICATION': 0.06668948016643403, 'STOP': 0.9899755284970403}",SEND_NOTIFICATION,20.67373885159455,FAILED,0.0,,0
PAY_007115,310,CUSTOMER_DECLINED,HARD,1,HARD,"{'RETRY_NOW': 0.025803552880159616, 'RETRY_LATER': 0.02652462975483088, 'SWITCH_METHOD': 0.04689818597014803, 'SEND_NOTIFICATION': 0.06668948016643403, 'STOP': 0.9899755284970403}",SEND_NOTIFICATION,20.67373885159455,FAILED,0.0,,1
PAY_007115,310,CUSTOMER_DECLINED,HARD,2,HARD,{},STOP,0.0,STOPPED,0.0,MAX_RETRIES_REACHED,2
PAY_009774,2501,UPI_TECHNICAL_ERROR,TEMPORARY,0,TEMPORARY,"{'RETRY_NOW': 0.512210861615233, 'RETRY_LATER': 0.7979185398066513, 'SWITCH_METHOD': 0.6657843810273621, 'SEND_NOTIFICATION': 0.19517399930742227, 'STOP': 0.019426408215872756}",RETRY_LATER,1995.5942680564349,SUCCESS,2501.0,,0
PAY_008663,1216,AUTHENTICATION_FAILED,CUSTOMER,0,CUSTOMER,"{'RETRY_NOW': 0.37852194137798306, 'RETRY_LATER': 0.5310122954609185, 'SWITCH_METHOD': 0.45338454561549496, 'SEND_NOTIFICATION': 0.6384544510789224, 'STOP': 0.13228448060519027}",SEND_NOTIFICATION,776.3606125119696,SUCCESS,1216.0,,0
PAY_002704,1155,AUTHENTICATION_FAILED,CUSTOMER,0,CUSTOMER,"{'RETRY_NOW': 0.3701544657660245, 'RETRY_LATER': 0.5150705684185359, 'SWITCH_METHOD': 0.4415790206128863, 'SEND_NOTIFICATION': 0.6201702114790499, 'STOP': 0.11965647636795643}",SEND_NOTIFICATION,716.2965942583027,SUCCESS,1155.0,,0
PAY_003331,496,BANK_TIMEOUT,TEMPORARY,0,TEMPORARY,"{'RETRY_NOW': 0.5726149942038414, 'RETRY_LATER': 0.8410226622640326, 'SWITCH_METHOD': 0.6310357096715916, 'SEND_NOTIFICATION': 0.22068914355862468, 'STOP': 0.021076107340725396}",RETRY_LATER,417.14724048296017,SUCCESS,496.0,,0
PAY_008054,1216,NETWORK_ERROR,TEMPORARY,0,TEMPORARY,"{'RETRY_NOW': 0.5003481664705942, 'RETRY_LATER': 0.7695051248351832, 'SWITCH_METHOD': 0.6034187882708808, 'SEND_NOTIFICATION': 0.16791702795491556, 'STOP': 0.01926603823229155}",RETRY_LATER,935.7182317995828,SUCCESS,1216.0,,0
PAY_003585,4485,GATEWAY_TIMEOUT,TEMPORARY,0,TEMPORARY,"{'RETRY_NOW': 0.5117148539921608, 'RETRY_LATER': 0.7964627627817277, 'SWITCH_METHOD': 0.593288719110089, 'SEND_NOTIFICATION': 0.17992571963352466, 'STOP': 0.0010170711451712039}",RETRY_LATER,3572.1354910760488,FAILED,0.0,,0
PAY_003585,4485,GATEWAY_TIMEOUT,TEMPORARY,1,TEMPORARY,"{'RETRY_NOW': 0.5117148539921608, 'RETRY_LATER': 0.7964627627817277, 'SWITCH_METHOD': 0.593288719110089, 'SEND_NOTIFICATION': 0.17992571963352466, 'STOP': 0.0010170711451712039}",RETRY_LATER,3572.1354910760488,SUCCESS,4485.0,,1
PAY_009442,834,GATEWAY_TIMEOUT,TEMPORARY,0,TEMPORARY,"{'RETRY_NOW': 0.5149614404804004, 'RETRY_LATER': 0.807829639409678, 'SWITCH_METHOD': 0.6076755041347341, 'SEND_NOTIFICATION': 0.19413146089991365, 'STOP': 0.007559616576496005}",RETRY_LATER,673.7299192676714,SUCCESS,834.0,,0
PAY_005646,159,LIMIT_EXCEEDED,CUSTOMER,0,CUSTOMER,"{'RETRY_NOW': 0.23451039241824795, 'RETRY_LATER': 0.4094731618244604, 'SWITCH_METHOD': 0.5103407580628158, 'SEND_NOTIFICATION': 0.5753471898598397, 'STOP': 0.10221918855111252}",SEND_NOTIFICATION,91.48020318771451,FAILED,0.0,,0
PAY_005646,159,LIMIT_EXCEEDED,CUSTOMER,1,CUSTOMER,"{'RETRY_NOW': 0.23451039241824795, 'RETRY_LATER': 0.4094731618244604, 'SWITCH_METHOD': 0.5103407580628158, 'SEND_NOTIFICATION': 0.5753471898598397, 'STOP': 0.10221918855111252}",SEND_NOTIFICATION,91.48020318771451,SUCCESS,159.0,,1
PAY_003377,858,NETWORK_ERROR,TEMPORARY,0,TEMPORARY,"{'RETRY_NOW': 0.5225671092245296, 'RETRY_LATER': 0.7936117291561596, 'SWITCH_METHOD': 0.6177186274678128, 'SEND_NOTIFICATION': 0.18647360764225457, 'STOP': 0.03885480004717468}",RETRY_LATER,680.918863615985,SUCCESS,858.0,,0
PAY_001257,790,BANK_TIMEOUT,TEMPORARY,0,TEMPORARY,"{'RETRY_NOW': 0.5752727942608009, 'RETRY_LATER': 0.8459959852561703, 'SWITCH_METHOD': 0.6346172550826932, 'SEND_NOTIFICATION': 0.22286984585585035, 'STOP': 0.025599252584954414}",RETRY_LATER,668.3368283523745,FAILED,0.0,,0
PAY_001257,790,BANK_TIMEOUT,TEMPORARY,1,TEMPORARY,"{'RETRY_NOW': 0.5752727942608009, 'RETRY_LATER': 0.8459959852561703, 'SWITCH_METHOD': 0.6346172550826932, 'SEND_NOTIFICATION': 0.22286984585585035, 'STOP': 0.025599252584954414}",RETRY_LATER,668.3368283523745,SUCCESS,790.0,,1
PAY_006191,3278,BLOCKED_METHOD,HARD,0,HARD,"{'RETRY_NOW': 0.04206883484170363, 'RETRY_LATER': 0.052414991753257485, 'SWITCH_METHOD': 0.16069238173198783, 'SEND_NOTIFICATION': 0.19248680263244675, 'STOP': 0.9618835162368888}",SEND_NOTIFICATION,630.9717390291604,FAILED,0.0,,0
PAY_006191,3278,BLOCKED_METHOD,HARD,1,HARD,"{'RETRY_NOW': 0.04206883484170363, 'RETRY_LATER': 0.052414991753257485, 'SWITCH_METHOD': 0.16069238173198783, 'SEND_NOTIFICATION': 0.19248680263244675, 'STOP': 0.9618835162368888}",SEND_NOTIFICATION,630.9717390291604,FAILED,0.0,,1
PAY_006191,3278,BLOCKED_METHOD,HARD,2,HARD,{},STOP,0.0,STOPPED,0.0,MAX_RETRIES_REACHED,2
PAY_005349,360,NETWORK_ERROR,TEMPORARY,0,TEMPORARY,"{'RETRY_NOW': 0.5123314089392572, 'RETRY_LATER': 0.782347352792562, 'SWITCH_METHOD': 0.6119970449271697, 'SEND_NOTIFICATION': 0.17975603288750108, 'STOP': 0.03135202348082933}",RETRY_LATER,281.6450470053223,FAILED,0.0,,0
PAY_005349,360,NETWORK_ERROR,TEMPORARY,1,TEMPORARY,"{'RETRY_NOW': 0.5123314089392572, 'RETRY_LATER': 0.782347352792562, 'SWITCH_METHOD': 0.6119970449271697, 'SEND_NOTIFICATION': 0.17975603288750108, 'STOP': 0.03135202348082933}",RETRY_LATER,281.6450470053223,SUCCESS,360.0,,1
PAY_004176,1318,GATEWAY_TIMEOUT,TEMPORARY,0,TEMPORARY,"{'RETRY_NOW': 0.5468199724049952, 'RETRY_LATER': 0.820335721871917, 'SWITCH_METHOD': 0.6225049969868637, 'SEND_NOTIFICATION': 0.2076969848411377, 'STOP': 0.024222941378888273}",RETRY_LATER,1081.2024814271865,FAILED,0.0,,0
PAY_004176,1318,GATEWAY_TIMEOUT,TEMPORARY,1,TEMPORARY,"{'RETRY_NOW': 0.5468199724049952, 'RETRY_LATER': 0.820335721871917, 'SWITCH_METHOD': 0.6225049969868637, 'SEND_NOTIFICATION': 0.2076969848411377, 'STOP': 0.024222941378888273}",RETRY_LATER,1081.2024814271865,FAILED,0.0,,1
PAY_004176,1318,GATEWAY_TIMEOUT,TEMPORARY,2,TEMPORARY,{},STOP,0.0,STOPPED,0.0,MAX_RETRIES_REACHED,2
PAY_004911,360,PAYMENT_EXPIRED,HARD,0,HARD,"{'RETRY_NOW': 0.03492401681003296, 'RETRY_LATER': 0.04424129388242818, 'SWITCH_METHOD': 0.0768686540328004, 'SEND_NOTIFICATION': 0.1051942017214198, 'STOP': 0.9897738369041332}",SEND_NOTIFICATION,37.86991261971113,FAILED,0.0,,0
PAY_004911,360,PAYMENT_EXPIRED,HARD,1,HARD,"{'RETRY_NOW': 0.03492401681003296, 'RETRY_LATER': 0.04424129388242818, 'SWITCH_METHOD': 0.0768686540328004, 'SEND_NOTIFICATION': 0.1051942017214198, 'STOP': 0.9897738369041332}",SEND_NOTIFICATION,37.86991261971113,SUCCESS,360.0,,1
PAY_001853,717,INSUFFICIENT_FUNDS,CUSTOMER,0,CUSTOMER,"{'RETRY_NOW': 0.2021202347325381, 'RETRY_LATER': 0.44094827234725265, 'SWITCH_METHOD': 0.5827915694581012, 'SEND_NOTIFICATION': 0.7158686598458089, 'STOP': 0.058116784963516535}",SEND_NOTIFICATION,513.2778291094451,SUCCESS,717.0,,0
PAY_006317,478,PAYMENT_EXPIRED,HARD,0,HARD,"{'RETRY_NOW': 0.03492401681003296, 'RETRY_LATER': 0.04424129388242818, 'SWITCH_METHOD': 0.0768686540328004, 'SEND_NOTIFICATION': 0.1051942017214198, 'STOP': 0.9897593067164647}",SEND_NOTIFICATION,50.28282842283866,FAILED,0.0,,0
PAY_006317,478,PAYMENT_EXPIRED,HARD,1,HARD,"{'RETRY_NOW': 0.03492401681003296, 'RETRY_LATER': 0.04424129388242818, 'SWITCH_METHOD': 0.0768686540328004, 'SEND_NOTIFICATION': 0.1051942017214198, 'STOP': 0.9897593067164647}",SEND_NOTIFICATION,50.28282842283866,FAILED,0.0,,1
PAY_006317,478,PAYMENT_EXPIRED,HARD,2,HARD,{},STOP,0.0,STOPPED,0.0,MAX_RETRIES_REACHED,2
PAY_009855,261,GATEWAY_TIMEOUT,TEMPORARY,0,TEMPORARY,"{'RETRY_NOW': 0.5613533703086748, 'RETRY_LATER': 0.8412229329463196, 'SWITCH_METHOD': 0.6385008318350974, 'SEND_NOTIFICATION': 0.2162091955247975, 'STOP': 0.039222482841691844}",RETRY_LATER,219.5591854989894,FAILED,0.0,,0
PAY_009855,261,GATEWAY_TIMEOUT,TEMPORARY,1,TEMPORARY,"{'RETRY_NOW': 0.5613533703086748, 'RETRY_LATER': 0.8412229329463196, 'SWITCH_METHOD': 0.6385008318350974, 'SEND_NOTIFICATION': 0.2162091955247975, 'STOP': 0.039222482841691844}",RETRY_LATER,219.5591854989894,SUCCESS,261.0,,1
PAY_002106,345,LIMIT_EXCEEDED,CUSTOMER,0,CUSTOMER,"{'RETRY_NOW': 0.23626477508493202, 'RETRY_LATER': 0.4082898872795011, 'SWITCH_METHOD': 0.5103002768389522, 'SEND_NOTIFICATION': 0.5837670004755872, 'STOP': 0.10360584053889446}",SEND_NOTIFICATION,201.39961516407757,FAILED,0.0,,0
PAY_002106,345,LIMIT_EXCEEDED,CUSTOMER,1,CUSTOMER,"{'RETRY_NOW': 0.23626477508493202, 'RETRY_LATER': 0.4082898872795011, 'SWITCH_METHOD': 0.5103002768389522, 'SEND_NOTIFICATION': 0.5837670004755872, 'STOP': 0.10360584053889446}",SEND_NOTIFICATION,201.39961516407757,FAILED,0.0,,1
PAY_002106,345,LIMIT_EXCEEDED,CUSTOMER,2,CUSTOMER,{},STOP,0.0,STOPPED,0.0,MAX_RETRIES_REACHED,2
PAY_000134,267,UPI_TECHNICAL_ERROR,TEMPORARY,0,TEMPORARY,"{'RETRY_NOW': 0.502720830729119, 'RETRY_LATER': 0.7819956868934353, 'SWITCH_METHOD': 0.6500310676782893, 'SEND_NOTIFICATION': 0.1773421125833555, 'STOP': 0.0030439231667800156}",RETRY_LATER,208.79284840054723,FAILED,0.0,,0
PAY_000134,267,UPI_TECHNICAL_ERROR,TEMPORARY,1,TEMPORARY,"{'RETRY_NOW': 0.502720830729119, 'RETRY_LATER': 0.7819956868934353, 'SWITCH_METHOD': 0.6500310676782893, 'SEND_NOTIFICATION': 0.1773421125833555, 'STOP': 0.0030439231667800156}",RETRY_LATER,208.79284840054723,SUCCESS,267.0,,1
PAY_005030,225,GATEWAY_TIMEOUT,TEMPORARY,0,TEMPORARY,"{'RETRY_NOW': 0.5468199724049952, 'RETRY_LATER': 0.820335721871917, 'SWITCH_METHOD': 0.6225049969868637, 'SEND_NOTIFICATION': 0.2076969848411377, 'STOP': 0.024222941378888273}",RETRY_LATER,184.5755374211813,SUCCESS,225.0,,0
PAY_000929,477,CARD_EXPIRED,CUSTOMER,0,CUSTOMER,"{'RETRY_NOW': 0.11593301561405536, 'RETRY_LATER': 0.14714202917018462, 'SWITCH_METHOD': 0.5736577117172679, 'SEND_NOTIFICATION': 0.6750400303947381, 'STOP': 0.17448562564415004}",SEND_NOTIFICATION,321.9940944982901,FAILED,0.0,,0
PAY_000929,477,CARD_EXPIRED,CUSTOMER,1,CUSTOMER,"{'RETRY_NOW': 0.11593301561405536, 'RETRY_LATER': 0.14714202917018462, 'SWITCH_METHOD': 0.5736577117172679, 'SEND_NOTIFICATION': 0.6750400303947381, 'STOP': 0.17448562564415004}",SEND_NOTIFICATION,321.9940944982901,SUCCESS,477.0,,1
PAY_000824,2785,BANK_TIMEOUT,TEMPORARY,0,TEMPORARY,"{'RETRY_NOW': 0.5978890604380045, 'RETRY_LATER': 0.8621506012643568, 'SWITCH_METHOD': 0.6541276875281906, 'SEND_NOTIFICATION': 0.24079583174282118, 'STOP': 0.04347481316962946}",RETRY_LATER,2401.089424521234,SUCCESS,2785.0,,0
PAY_007577,568,GATEWAY_TIMEOUT,TEMPORARY,0,TEMPORARY,"{'RETRY_NOW': 0.5495420137465893, 'RETRY_LATER': 0.831379504050903, 'SWITCH_METHOD': 0.6334907688745225, 'SEND_NOTIFICATION': 0.212555992702287, 'STOP': 0.03172268323732836}",RETRY_LATER,472.2235583009129,SUCCESS,568.0,,0
PAY_001532,278,NETWORK_ERROR,TEMPORARY,0,TEMPORARY,"{'RETRY_NOW': 0.5225671092245296, 'RETRY_LATER': 0.7936117291561596, 'SWITCH_METHOD': 0.6177186274678128, 'SEND_NOTIFICATION': 0.18647360764225457, 'STOP': 0.03885480004717468}",RETRY_LATER,220.62406070541238,SUCCESS,278.0,,0
PAY_001215,2576,UPI_TECHNICAL_ERROR,TEMPORARY,0,TEMPORARY,"{'RETRY_NOW': 0.5285891622512133, 'RETRY_LATER': 0.8007271197713204, 'SWITCH_METHOD': 0.6675942913020436, 'SEND_NOTIFICATION': 0.19937287470080145, 'STOP': 0.02407988541488185}",RETRY_LATER,2062.6730605309212,SUCCESS,2576.0,,0
PAY_000505,766,INSUFFICIENT_FUNDS,CUSTOMER,0,CUSTOMER,"{'RETRY_NOW': 0.20130392957610446, 'RETRY_LATER': 0.45841684084532897, 'SWITCH_METHOD': 0.5961791660844497, 'SEND_NOTIFICATION': 0.7268607316986306, 'STOP': 0.06617957106946074}",SEND_NOTIFICATION,556.7753204811511,FAILED,0.0,,0
PAY_000505,766,INSUFFICIENT_FUNDS,CUSTOMER,1,CUSTOMER,"{'RETRY_NOW': 0.20130392957610446, 'RETRY_LATER': 0.45841684084532897, 'SWITCH_METHOD': 0.5961791660844497, 'SEND_NOTIFICATION': 0.7268607316986306, 'STOP': 0.06617957106946074}",SEND_NOTIFICATION,556.7753204811511,SUCCESS,766.0,,1
PAY_006531,669,NETWORK_ERROR,TEMPORARY,0,TEMPORARY,"{'RETRY_NOW': 0.5054795460670634, 'RETRY_LATER': 0.777498176691792, 'SWITCH_METHOD': 0.6074782110423097, 'SEND_NOTIFICATION': 0.17509896148576348, 'STOP': 0.026959419091106104}",RETRY_LATER,520.1462802068088,SUCCESS,669.0,,0
PAY_003073,1001,INSUFFICIENT_FUNDS,CUSTOMER,0,CUSTOMER,"{'RETRY_NOW': 0.2021202347325381, 'RETRY_LATER': 0.44094827234725265, 'SWITCH_METHOD': 0.5827915694581012, 'SEND_NOTIFICATION': 0.7158686598458089, 'STOP': 0.058116784963516535}",SEND_NOTIFICATION,716.5845285056547,FAILED,0.0,,0
PAY_003073,1001,INSUFFICIENT_FUNDS,CUSTOMER,1,CUSTOMER,"{'RETRY_NOW': 0.2021202347325381, 'RETRY_LATER': 0.44094827234725265, 'SWITCH_METHOD': 0.5827915694581012, 'SEND_NOTIFICATION': 0.7158686598458089, 'STOP': 0.058116784963516535}",SEND_NOTIFICATION,716.5845285056547,SUCCESS,1001.0,,1
PAY_009087,1493,INSUFFICIENT_FUNDS,CUSTOMER,0,CUSTOMER,"{'RETRY_NOW': 0.21320791903019476, 'RETRY_LATER': 0.4703213900001933, 'SWITCH_METHOD': 0.6080488418565584, 'SEND_NOTIFICATION': 0.7451829001312937, 'STOP': 0.07679878172440113}",SEND_NOTIFICATION,1112.5580698960216,SUCCESS,1493.0,,0
PAY_008648,2747,LIMIT_EXCEEDED,CUSTOMER,0,CUSTOMER,"{'RETRY_NOW': 0.23445663221062926, 'RETRY_LATER': 0.400450579696428, 'SWITCH_METHOD': 0.5035697030524707, 'SEND_NOTIFICATION': 0.5742276356970519, 'STOP': 0.09908305825273221}",SEND_NOTIFICATION,1577.4033152598017,SUCCESS,2747.0,,0
PAY_006620,1072,AUTHENTICATION_FAILED,CUSTOMER,0,CUSTOMER,"{'RETRY_NOW': 0.3409953402894143, 'RETRY_LATER': 0.4912656543615893, 'SWITCH_METHOD': 0.413462739094021, 'SEND_NOTIFICATION': 0.5948387548644222, 'STOP': 0.08973878487939}",SEND_NOTIFICATION,637.6671452146605,SUCCESS,1072.0,,0
PAY_009274,535,INSUFFICIENT_FUNDS,CUSTOMER,0,CUSTOMER,"{'RETRY_NOW': 0.16477605692243574, 'RETRY_LATER': 0.41599794150953384, 'SWITCH_METHOD': 0.5654179706031568, 'SEND_NOTIFICATION': 0.7064936303123709, 'STOP': 0.043834296193876965}",SEND_NOTIFICATION,377.9740922171184,SUCCESS,535.0,,0
PAY_003710,422,NETWORK_ERROR,TEMPORARY,0,TEMPORARY,"{'RETRY_NOW': 0.5193962338250041, 'RETRY_LATER': 0.7876638577001868, 'SWITCH_METHOD': 0.6139823894501459, 'SEND_NOTIFICATION': 0.18385313212121146, 'STOP': 0.035647898673197904}",RETRY_LATER,332.3941479494788,FAILED,0.0,,0
PAY_003710,422,NETWORK_ERROR,TEMPORARY,1,TEMPORARY,"{'RETRY_NOW': 0.5193962338250041, 'RETRY_LATER': 0.7876638577001868, 'SWITCH_METHOD': 0.6139823894501459, 'SEND_NOTIFICATION': 0.18385313212121146, 'STOP': 0.035647898673197904}",RETRY_LATER,332.3941479494788,SUCCESS,422.0,,1
PAY_004850,4627,AUTHENTICATION_FAILED,CUSTOMER,0,CUSTOMER,"{'RETRY_NOW': 0.3700253001366116, 'RETRY_LATER': 0.5205270619926281, 'SWITCH_METHOD': 0.44444369140166473, 'SEND_NOTIFICATION': 0.6253524020116614, 'STOP': 0.12322693756507609}",SEND_NOTIFICATION,2893.5055641079575,FAILED,0.0,,0
PAY_004850,4627,AUTHENTICATION_FAILED,CUSTOMER,1,CUSTOMER,"{'RETRY_NOW': 0.3700253001366116, 'RETRY_LATER': 0.5205270619926281, 'SWITCH_METHOD': 0.44444369140166473, 'SEND_NOTIFICATION': 0.6253524020116614, 'STOP': 0.12322693756507609}",SEND_NOTIFICATION,2893.5055641079575,FAILED,0.0,,1
PAY_004850,4627,AUTHENTICATION_FAILED,CUSTOMER,2,CUSTOMER,{},STOP,0.0,STOPPED,0.0,MAX_RETRIES_REACHED,2
PAY_004749,876,NETWORK_ERROR,TEMPORARY,0,TEMPORARY,"{'RETRY_NOW': 0.48367564065460483, 'RETRY_LATER': 0.7556907758450928, 'SWITCH_METHOD': 0.5902849292419635, 'SEND_NOTIFICATION': 0.15577223666510945, 'STOP': 0.005960728063831844}",RETRY_LATER,661.9851196403013,SUCCESS,876.0,,0
PAY_004269,2332,INVALID_ACCOUNT,HARD,0,HARD,"{'RETRY_NOW': 0.03125072855504511, 'RETRY_LATER': 0.04329519131143951, 'SWITCH_METHOD': 0.10624552518678863, 'SEND_NOTIFICATION': 0.1349937650910933, 'STOP': 0.9898419155344036}",SEND_NOTIFICATION,314.80546019242956,SUCCESS,2332.0,,0
PAY_009879,8218,INSUFFICIENT_FUNDS,CUSTOMER,0,CUSTOMER,"{'RETRY_NOW': 0.21150967391679906, 'RETRY_LATER': 0.47707099474808795, 'SWITCH_METHOD': 0.6169296423089065, 'SEND_NOTIFICATION': 0.7596978253932085, 'STOP': 0.08827495411948162}",SEND_NOTIFICATION,6243.196729081387,SUCCESS,8218.0,,0
PAY_008906,619,LIMIT_EXCEEDED,CUSTOMER,0,CUSTOMER,"{'RETRY_NOW': 0.23680432061756776, 'RETRY_LATER': 0.407589475998325, 'SWITCH_METHOD': 0.5110468738585292, 'SEND_NOTIFICATION': 0.5874314793518616, 'STOP': 0.1054050200913086}",SEND_NOTIFICATION,363.62008571880233,FAILED,0.0,,0
PAY_008906,619,LIMIT_EXCEEDED,CUSTOMER,1,CUSTOMER,"{'RETRY_NOW': 0.23680432061756776, 'RETRY_LATER': 0.407589475998325, 'SWITCH_METHOD': 0.5110468738585292, 'SEND_NOTIFICATION': 0.5874314793518616, 'STOP': 0.1054050200913086}",SEND_NOTIFICATION,363.62008571880233,SUCCESS,619.0,,1
PAY_004187,861,LIMIT_EXCEEDED,CUSTOMER,0,CUSTOMER,"{'RETRY_NOW': 0.2348562218934044, 'RETRY_LATER': 0.4048872466158258, 'SWITCH_METHOD': 0.5055923640882738, 'SEND_NOTIFICATION': 0.5791832275490231, 'STOP': 0.09918855929894783}",SEND_NOTIFICATION,498.67675891970885,FAILED,0.0,,0
PAY_004187,861,LIMIT_EXCEEDED,CUSTOMER,1,CUSTOMER,"{'RETRY_NOW': 0.2348562218934044, 'RETRY_LATER': 0.4048872466158258, 'SWITCH_METHOD': 0.5055923640882738, 'SEND_NOTIFICATION': 0.5791832275490231, 'STOP': 0.09918855929894783}",SEND_NOTIFICATION,498.67675891970885,FAILED,0.0,,1
PAY_004187,861,LIMIT_EXCEEDED,CUSTOMER,2,CUSTOMER,{},STOP,0.0,STOPPED,0.0,MAX_RETRIES_REACHED,2
PAY_005302,2270,CUSTOMER_DECLINED,HARD,0,HARD,"{'RETRY_NOW': 0.034020745539629506, 'RETRY_LATER': 0.033982919319889046, 'SWITCH_METHOD': 0.05495168116422814, 'SEND_NOTIFICATION': 0.07525306822086664, 'STOP': 0.9899316479170415}",SEND_NOTIFICATION,170.82446486136726,FAILED,0.0,,0
PAY_005302,2270,CUSTOMER_DECLINED,HARD,1,HARD,"{'RETRY_NOW': 0.034020745539629506, 'RETRY_LATER': 0.033982919319889046, 'SWITCH_METHOD': 0.05495168116422814, 'SEND_NOTIFICATION': 0.07525306822086664, 'STOP': 0.9899316479170415}",SEND_NOTIFICATION,170.82446486136726,FAILED,0.0,,1
PAY_005302,2270,CUSTOMER_DECLINED,HARD,2,HARD,{},STOP,0.0,STOPPED,0.0,MAX_RETRIES_REACHED,2
PAY_002924,1015,GATEWAY_TIMEOUT,TEMPORARY,0,TEMPORARY,"{'RETRY_NOW': 0.5468199724049952, 'RETRY_LATER': 0.820335721871917, 'SWITCH_METHOD': 0.6225049969868637, 'SEND_NOTIFICATION': 0.2076969848411377, 'STOP': 0.024222941378888273}",RETRY_LATER,832.6407576999957,FAILED,0.0,,0
PAY_002924,1015,GATEWAY_TIMEOUT,TEMPORARY,1,TEMPORARY,"{'RETRY_NOW': 0.5468199724049952, 'RETRY_LATER': 0.820335721871917, 'SWITCH_METHOD': 0.6225049969868637, 'SEND_NOTIFICATION': 0.2076969848411377, 'STOP': 0.024222941378888273}",RETRY_LATER,832.6407576999957,SUCCESS,1015.0,,1
PAY_006589,1462,CARD_EXPIRED,CUSTOMER,0,CUSTOMER,"{'RETRY_NOW': 0.12201388117281793, 'RETRY_LATER': 0.16327289041021786, 'SWITCH_METHOD': 0.5894839825514514, 'SEND_NOTIFICATION': 0.6980349829396476, 'STOP': 0.19663199481364171}",SEND_NOTIFICATION,1020.5271450577648,SUCCESS,1462.0,,0
PAY_001811,1039,PAYMENT_EXPIRED,HARD,0,HARD,"{'RETRY_NOW': 0.022275128388292837, 'RETRY_LATER': 0.032173644384555035, 'SWITCH_METHOD': 0.0639540231701278, 'SEND_NOTIFICATION': 0.0936120711366232, 'STOP': 0.9893252607775137}",SEND_NOTIFICATION,97.26294191095151,FAILED,0.0,,0
PAY_001811,1039,PAYMENT_EXPIRED,HARD,1,HARD,"{'RETRY_NOW': 0.022275128388292837, 'RETRY_LATER': 0.032173644384555035, 'SWITCH_METHOD': 0.0639540231701278, 'SEND_NOTIFICATION': 0.0936120711366232, 'STOP': 0.9893252607775137}",SEND_NOTIFICATION,97.26294191095151,FAILED,0.0,,1
PAY_001811,1039,PAYMENT_EXPIRED,HARD,2,HARD,{},STOP,0.0,STOPPED,0.0,MAX_RETRIES_REACHED,2
PAY_003487,293,UPI_TECHNICAL_ERROR,TEMPORARY,0,TEMPORARY,"{'RETRY_NOW': 0.504601626317343, 'RETRY_LATER': 0.7921213448572219, 'SWITCH_METHOD': 0.659947432294796, 'SEND_NOTIFICATION': 0.18298776344375575, 'STOP': 0.010562111234492876}",RETRY_LATER,232.091554043166,FAILED,0.0,,0
PAY_003487,293,UPI_TECHNICAL_ERROR,TEMPORARY,1,TEMPORARY,"{'RETRY_NOW': 0.504601626317343, 'RETRY_LATER': 0.7921213448572219, 'SWITCH_METHOD': 0.659947432294796, 'SEND_NOTIFICATION': 0.18298776344375575, 'STOP': 0.010562111234492876}",RETRY_LATER,232.091554043166,FAILED,0.0,,1
PAY_003487,293,UPI_TECHNICAL_ERROR,TEMPORARY,2,TEMPORARY,{},STOP,0.0,STOPPED,0.0,MAX_RETRIES_REACHED,2
PAY_007420,1300,BANK_TIMEOUT,TEMPORARY,0,TEMPORARY,"{'RETRY_NOW': 0.5797298286475617, 'RETRY_LATER': 0.8444226281204142, 'SWITCH_METHOD': 0.6322527160259589, 'SEND_NOTIFICATION': 0.2215461388051978, 'STOP': 0.023968961488623184}",RETRY_LATER,1097.7494165565386,SUCCESS,1300.0,,0
PAY_003142,360,LIMIT_EXCEEDED,CUSTOMER,0,CUSTOMER,"{'RETRY_NOW': 0.23451039241824795, 'RETRY_LATER': 0.4094731618244604, 'SWITCH_METHOD': 0.5103407580628158, 'SEND_NOTIFICATION': 0.5753471898598397, 'STOP': 0.10221918855111252}",SEND_NOTIFICATION,207.1249883495423,FAILED,0.0,,0
PAY_003142,360,LIMIT_EXCEEDED,CUSTOMER,1,CUSTOMER,"{'RETRY_NOW': 0.23451039241824795, 'RETRY_LATER': 0.4094731618244604, 'SWITCH_METHOD': 0.5103407580628158, 'SEND_NOTIFICATION': 0.5753471898598397, 'STOP': 0.10221918855111252}",SEND_NOTIFICATION,207.1249883495423,SUCCESS,360.0,,1
PAY_009348,254,INSUFFICIENT_FUNDS,CUSTOMER,0,CUSTOMER,"{'RETRY_NOW': 0.16477605692243574, 'RETRY_LATER': 0.41599794150953384, 'SWITCH_METHOD': 0.5654179706031568, 'SEND_NOTIFICATION': 0.7064936303123709, 'STOP': 0.043834296193876965}",SEND_NOTIFICATION,179.44938209934222,SUCCESS,254.0,,0
PAY_001325,204,LIMIT_EXCEEDED,CUSTOMER,0,CUSTOMER,"{'RETRY_NOW': 0.23680432061756776, 'RETRY_LATER': 0.407589475998325, 'SWITCH_METHOD': 0.5110468738585292, 'SEND_NOTIFICATION': 0.5874314793518616, 'STOP': 0.1054050200913086}",SEND_NOTIFICATION,119.83602178777976,FAILED,0.0,,0
PAY_001325,204,LIMIT_EXCEEDED,CUSTOMER,1,CUSTOMER,"{'RETRY_NOW': 0.23680432061756776, 'RETRY_LATER': 0.407589475998325, 'SWITCH_METHOD': 0.5110468738585292, 'SEND_NOTIFICATION': 0.5874314793518616, 'STOP': 0.1054050200913086}",SEND_NOTIFICATION,119.83602178777976,FAILED,0.0,,1
PAY_001325,204,LIMIT_EXCEEDED,CUSTOMER,2,CUSTOMER,{},STOP,0.0,STOPPED,0.0,MAX_RETRIES_REACHED,2
PAY_004313,2787,LIMIT_EXCEEDED,CUSTOMER,0,CUSTOMER,"{'RETRY_NOW': 0.2412116452595457, 'RETRY_LATER': 0.4083432848362429, 'SWITCH_METHOD': 0.5105835404293677, 'SEND_NOTIFICATION': 0.5932698100305471, 'STOP': 0.10960263835191332}",SEND_NOTIFICATION,1653.442960555135,SUCCESS,2787.0,,0
PAY_007495,327,UPI_TECHNICAL_ERROR,TEMPORARY,0,TEMPORARY,"{'RETRY_NOW': 0.5321745423753039, 'RETRY_LATER': 0.8112845288022631, 'SWITCH_METHOD': 0.6796290536521106, 'SEND_NOTIFICATION': 0.2027659968943511, 'STOP': 0.03158426447223368}",RETRY_LATER,265.29004091834,SUCCESS,327.0,,0
PAY_008703,987,BANK_TIMEOUT,TEMPORARY,0,TEMPORARY,"{'RETRY_NOW': 0.5841704094432499, 'RETRY_LATER': 0.8504659739531624, 'SWITCH_METHOD': 0.6397868942063464, 'SEND_NOTIFICATION': 0.22854201803188318, 'STOP': 0.03000694746721721}",RETRY_LATER,839.4099162917713,SUCCESS,987.0,,0
PAY_008692,151,UPI_TECHNICAL_ERROR,TEMPORARY,0,TEMPORARY,"{'RETRY_NOW': 0.4989661513933846, 'RETRY_LATER': 0.7756482723522022, 'SWITCH_METHOD': 0.6395719995637186, 'SEND_NOTIFICATION': 0.16530159559885463, 'STOP': 0.0010040475806159489}",RETRY_LATER,117.12288912518254,SUCCESS,151.0,,0
PAY_009504,238,INSUFFICIENT_FUNDS,CUSTOMER,0,CUSTOMER,"{'RETRY_NOW': 0.2021202347325381, 'RETRY_LATER': 0.44094827234725265, 'SWITCH_METHOD': 0.5827915694581012, 'SEND_NOTIFICATION': 0.7158686598458089, 'STOP': 0.059385789620743396}",SEND_NOTIFICATION,170.37674104330253,SUCCESS,238.0,,0
PAY_005542,1010,NETWORK_ERROR,TEMPORARY,0,TEMPORARY,"{'RETRY_NOW': 0.4957782929680135, 'RETRY_LATER': 0.7654717237925582, 'SWITCH_METHOD': 0.601065803949111, 'SEND_NOTIFICATION': 0.16482113532500858, 'STOP': 0.016460126667813123}",RETRY_LATER,773.1264410304838,SUCCESS,1010.0,,0
PAY_006173,283,PAYMENT_EXPIRED,HARD,0,HARD,"{'RETRY_NOW': 0.01996545086464819, 'RETRY_LATER': 0.029116985407498876, 'SWITCH_METHOD': 0.061783532892586174, 'SEND_NOTIFICATION': 0.09035839248498242, 'STOP': 0.9888107549652638}",SEND_NOTIFICATION,25.571425073250026,FAILED,0.0,,0
PAY_006173,283,PAYMENT_EXPIRED,HARD,1,HARD,"{'RETRY_NOW': 0.01996545086464819, 'RETRY_LATER': 0.029116985407498876, 'SWITCH_METHOD': 0.061783532892586174, 'SEND_NOTIFICATION': 0.09035839248498242, 'STOP': 0.9888107549652638}",SEND_NOTIFICATION,25.571425073250026,SUCCESS,283.0,,1
PAY_001541,1557,UPI_TECHNICAL_ERROR,TEMPORARY,0,TEMPORARY,"{'RETRY_NOW': 0.5072086346014828, 'RETRY_LATER': 0.7926879956352586, 'SWITCH_METHOD': 0.6595519316410757, 'SEND_NOTIFICATION': 0.18350331938407907, 'STOP': 0.012086476111129852}",RETRY_LATER,1234.2152092040976,SUCCESS,1557.0,,0
PAY_009410,99,BANK_TIMEOUT,TEMPORARY,0,TEMPORARY,"{'RETRY_NOW': 0.5952818958789751, 'RETRY_LATER': 0.8610823193701427, 'SWITCH_METHOD': 0.6473974870381346, 'SEND_NOTIFICATION': 0.23147324891947793, 'STOP': 0.03890199578260285}",RETRY_LATER,85.24714961764413,SUCCESS,99.0,,0
PAY_002682,1324,LIMIT_EXCEEDED,CUSTOMER,0,CUSTOMER,"{'RETRY_NOW': 0.23445663221062926, 'RETRY_LATER': 0.400450579696428, 'SWITCH_METHOD': 0.5035697030524707, 'SEND_NOTIFICATION': 0.5742276356970519, 'STOP': 0.09745804609077517}",SEND_NOTIFICATION,760.2773896628968,SUCCESS,1324.0,,0
PAY_009883,99,UPI_TECHNICAL_ERROR,TEMPORARY,0,TEMPORARY,"{'RETRY_NOW': 0.522659048617694, 'RETRY_LATER': 0.8028218382728833, 'SWITCH_METHOD': 0.6748072274262328, 'SEND_NOTIFICATION': 0.19683920478671196, 'STOP': 0.025737042727012275}",RETRY_LATER,79.47936198901544,SUCCESS,99.0,,0
PAY_006314,1348,UPI_TECHNICAL_ERROR,TEMPORARY,0,TEMPORARY,"{'RETRY_NOW': 0.5044488188618932, 'RETRY_LATER': 0.7940079439585197, 'SWITCH_METHOD': 0.6615535931941101, 'SEND_NOTIFICATION': 0.18915010044264607, 'STOP': 0.01513305685696593}",RETRY_LATER,1070.3227084560845,SUCCESS,1348.0,,0
PAY_001192,435,UPI_TECHNICAL_ERROR,TEMPORARY,0,TEMPORARY,"{'RETRY_NOW': 0.5072086346014828, 'RETRY_LATER': 0.7926879956352586, 'SWITCH_METHOD': 0.6595519316410757, 'SEND_NOTIFICATION': 0.18350331938407907, 'STOP': 0.012086476111129852}",RETRY_LATER,344.8192781013375,FAILED,0.0,,0
PAY_001192,435,UPI_TECHNICAL_ERROR,TEMPORARY,1,TEMPORARY,"{'RETRY_NOW': 0.5072086346014828, 'RETRY_LATER': 0.7926879956352586, 'SWITCH_METHOD': 0.6595519316410757, 'SEND_NOTIFICATION': 0.18350331938407907, 'STOP': 0.012086476111129852}",RETRY_LATER,344.8192781013375,SUCCESS,435.0,,1
PAY_005294,414,LIMIT_EXCEEDED,CUSTOMER,0,CUSTOMER,"{'RETRY_NOW': 0.23149598217034387, 'RETRY_LATER': 0.39729078412936436, 'SWITCH_METHOD': 0.5018370969046726, 'SEND_NOTIFICATION': 0.5653967295412555, 'STOP': 0.09408764605711135}",SEND_NOTIFICATION,234.0742460300798,FAILED,0.0,,0
PAY_005294,414,LIMIT_EXCEEDED,CUSTOMER,1,CUSTOMER,"{'RETRY_NOW': 0.23149598217034387, 'RETRY_LATER': 0.39729078412936436, 'SWITCH_METHOD': 0.5018370969046726, 'SEND_NOTIFICATION': 0.5653967295412555, 'STOP': 0.09408764605711135}",SEND_NOTIFICATION,234.0742460300798,SUCCESS,414.0,,1
PAY_001543,6194,INVALID_ACCOUNT,HARD,0,HARD,"{'RETRY_NOW': 0.027287294520990754, 'RETRY_LATER': 0.03640080103961731, 'SWITCH_METHOD': 0.10119009877552607, 'SEND_NOTIFICATION': 0.12860383394126937, 'STOP': 0.9895383769997287}",SEND_NOTIFICATION,796.5721474322224,FAILED,0.0,,0
PAY_001543,6194,INVALID_ACCOUNT,HARD,1,HARD,"{'RETRY_NOW': 0.027287294520990754, 'RETRY_LATER': 0.03640080103961731, 'SWITCH_METHOD': 0.10119009877552607, 'SEND_NOTIFICATION': 0.12860383394126937, 'STOP': 0.9895383769997287}",SEND_NOTIFICATION,796.5721474322224,FAILED,0.0,,1
PAY_001543,6194,INVALID_ACCOUNT,HARD,2,HARD,{},STOP,0.0,STOPPED,0.0,MAX_RETRIES_REACHED,2
PAY_007057,5146,BANK_TIMEOUT,TEMPORARY,0,TEMPORARY,"{'RETRY_NOW': 0.5696330875458853, 'RETRY_LATER': 0.835896994338851, 'SWITCH_METHOD': 0.6267842313168004, 'SEND_NOTIFICATION': 0.21369597636977036, 'STOP': 0.016458093859235613}",RETRY_LATER,4301.5259328677275,SUCCESS,5146.0,,0
PAY_002540,99,LIMIT_EXCEEDED,CUSTOMER,0,CUSTOMER,"{'RETRY_NOW': 0.22898149398366466, 'RETRY_LATER': 0.3850294003676392, 'SWITCH_METHOD': 0.4878004653645835, 'SEND_NOTIFICATION': 0.5598198724730225, 'STOP': 0.08538781616434653}",SEND_NOTIFICATION,55.42216737482922,FAILED,0.0,,0
PAY_002540,99,LIMIT_EXCEEDED,CUSTOMER,1,CUSTOMER,"{'RETRY_NOW': 0.22898149398366466, 'RETRY_LATER': 0.3850294003676392, 'SWITCH_METHOD': 0.4878004653645835, 'SEND_NOTIFICATION': 0.5598198724730225, 'STOP': 0.08538781616434653}",SEND_NOTIFICATION,55.42216737482922,SUCCESS,99.0,,1
PAY_000954,1525,INVALID_ACCOUNT,HARD,0,HARD,"{'RETRY_NOW': 0.03963211882768747, 'RETRY_LATER': 0.05030282759156487, 'SWITCH_METHOD': 0.116105112935982, 'SEND_NOTIFICATION': 0.14003643206488192, 'STOP': 0.99}",SEND_NOTIFICATION,213.55555889894492,SUCCESS,1525.0,,0
PAY_007242,1327,GATEWAY_TIMEOUT,TEMPORARY,0,TEMPORARY,"{'RETRY_NOW': 0.520691214629535, 'RETRY_LATER': 0.8128600510369736, 'SWITCH_METHOD': 0.6158816154787332, 'SEND_NOTIFICATION': 0.20352296249321322, 'STOP': 0.015124849618930822}",RETRY_LATER,1078.665287726064,SUCCESS,1327.0,,0
PAY_006732,1158,BANK_TIMEOUT,TEMPORARY,0,TEMPORARY,"{'RETRY_NOW': 0.5305448325251273, 'RETRY_LATER': 0.8108120372741092, 'SWITCH_METHOD': 0.6011003160362749, 'SEND_NOTIFICATION': 0.18809121415182456, 'STOP': 0.001009453977368152}",RETRY_LATER,938.9203391634185,FAILED,0.0,,0
PAY_006732,1158,BANK_TIMEOUT,TEMPORARY,1,TEMPORARY,"{'RETRY_NOW': 0.5305448325251273, 'RETRY_LATER': 0.8108120372741092, 'SWITCH_METHOD': 0.6011003160362749, 'SEND_NOTIFICATION': 0.18809121415182456, 'STOP': 0.001009453977368152}",RETRY_LATER,938.9203391634185,SUCCESS,1158.0,,1
PAY_004847,2382,GATEWAY_TIMEOUT,TEMPORARY,0,TEMPORARY,"{'RETRY_NOW': 0.5149614404804004, 'RETRY_LATER': 0.807829639409678, 'SWITCH_METHOD': 0.6076755041347341, 'SEND_NOTIFICATION': 0.19413146089991365, 'STOP': 0.007559616576496005}",RETRY_LATER,1924.250201073853,SUCCESS,2382.0,,0
PAY_006802,1248,UPI_TECHNICAL_ERROR,TEMPORARY,0,TEMPORARY,"{'RETRY_NOW': 0.5224085658861238, 'RETRY_LATER': 0.8073742093046153, 'SWITCH_METHOD': 0.6780683088771787, 'SEND_NOTIFICATION': 0.20007465488102727, 'STOP': 0.02895635323938477}",RETRY_LATER,1007.6030132121599,SUCCESS,1248.0,,0
PAY_008011,226,BANK_TIMEOUT,TEMPORARY,0,TEMPORARY,"{'RETRY_NOW': 0.5797298286475617, 'RETRY_LATER': 0.8444226281204142, 'SWITCH_METHOD': 0.6322527160259589, 'SEND_NOTIFICATION': 0.2215461388051978, 'STOP': 0.023968961488623184}",RETRY_LATER,190.83951395521362,SUCCESS,226.0,,0
PAY_004331,347,INSUFFICIENT_FUNDS,CUSTOMER,0,CUSTOMER,"{'RETRY_NOW': 0.21912422395505574, 'RETRY_LATER': 0.48444381767143446, 'SWITCH_METHOD': 0.6244683876838839, 'SEND_NOTIFICATION': 0.7700041913272311, 'STOP': 0.09054291564980634}",SEND_NOTIFICATION,267.1914543905492,SUCCESS,347.0,,0
PAY_008925,1027,GATEWAY_TIMEOUT,TEMPORARY,0,TEMPORARY,"{'RETRY_NOW': 0.5293823070611737, 'RETRY_LATER': 0.8204736823965143, 'SWITCH_METHOD': 0.6227250037118731, 'SEND_NOTIFICATION': 0.2066759756998412, 'STOP': 0.021332910643010787}",RETRY_LATER,842.6264718212202,SUCCESS,1027.0,,0
PAY_005335,2428,GATEWAY_TIMEOUT,TEMPORARY,0,TEMPORARY,"{'RETRY_NOW': 0.5259421488078453, 'RETRY_LATER': 0.8107073584382917, 'SWITCH_METHOD': 0.6125832230598234, 'SEND_NOTIFICATION': 0.19670804506229322, 'STOP': 0.012079900884821842}",RETRY_LATER,1968.3974662881722,SUCCESS,2428.0,,0
PAY_007331,4777,BANK_TIMEOUT,TEMPORARY,0,TEMPORARY,"{'RETRY_NOW': 0.5978890604380045, 'RETRY_LATER': 0.8621506012643568, 'SWITCH_METHOD': 0.6541276875281906, 'SEND_NOTIFICATION': 0.24079583174282118, 'STOP': 0.04347481316962946}",RETRY_LATER,4118.493422239832,SUCCESS,4777.0,,0
PAY_009349,248,NETWORK_ERROR,TEMPORARY,0,TEMPORARY,"{'RETRY_NOW': 0.5003481664705942, 'RETRY_LATER': 0.7668000316384543, 'SWITCH_METHOD': 0.6034187882708808, 'SEND_NOTIFICATION': 0.16791702795491556, 'STOP': 0.018012261349316813}",RETRY_LATER,190.16640784633668,SUCCESS,248.0,,0
PAY_004730,726,GATEWAY_TIMEOUT,TEMPORARY,0,TEMPORARY,"{'RETRY_NOW': 0.5473522484779172, 'RETRY_LATER': 0.829190486344726, 'SWITCH_METHOD': 0.6321837335805042, 'SEND_NOTIFICATION': 0.2111091763534946, 'STOP': 0.030237132534999826}",RETRY_LATER,601.992293086271,SUCCESS,726.0,,0
PAY_006542,99,AUTHENTICATION_FAILED,CUSTOMER,0,CUSTOMER,"{'RETRY_NOW': 0.37371662193890687, 'RETRY_LATER': 0.5265166054738106, 'SWITCH_METHOD': 0.4487562128439716, 'SEND_NOTIFICATION': 0.6304948983722269, 'STOP': 0.12683579047195012}",SEND_NOTIFICATION,62.41899493885047,FAILED,0.0,,0
PAY_006542,99,AUTHENTICATION_FAILED,CUSTOMER,1,CUSTOMER,"{'RETRY_NOW': 0.37371662193890687, 'RETRY_LATER': 0.5265166054738106, 'SWITCH_METHOD': 0.4487562128439716, 'SEND_NOTIFICATION': 0.6304948983722269, 'STOP': 0.12683579047195012}",SEND_NOTIFICATION,62.41899493885047,SUCCESS,99.0,,1
PAY_005306,110,BANK_TIMEOUT,TEMPORARY,0,TEMPORARY,"{'RETRY_NOW': 0.5485501018429818, 'RETRY_LATER': 0.8278252880358226, 'SWITCH_METHOD': 0.6160730048575507, 'SEND_NOTIFICATION': 0.20748237964013003, 'STOP': 0.006008559936693242}",RETRY_LATER,91.06078168394048,SUCCESS,110.0,,0
PAY_005162,320,BANK_TIMEOUT,TEMPORARY,0,TEMPORARY,"{'RETRY_NOW': 0.5787323086585725, 'RETRY_LATER': 0.8409871919362351, 'SWITCH_METHOD': 0.6319963755641068, 'SEND_NOTIFICATION': 0.2220028136051772, 'STOP': 0.022339809277451692}",RETRY_LATER,269.1159014195952,SUCCESS,320.0,,0
PAY_007861,553,LIMIT_EXCEEDED,CUSTOMER,0,CUSTOMER,"{'RETRY_NOW': 0.23445663221062926, 'RETRY_LATER': 0.400450579696428, 'SWITCH_METHOD': 0.5035697030524707, 'SEND_NOTIFICATION': 0.5742276356970519, 'STOP': 0.09745804609077517}",SEND_NOTIFICATION,317.54788254046974,SUCCESS,553.0,,0
PAY_002157,1897,BANK_TIMEOUT,TEMPORARY,0,TEMPORARY,"{'RETRY_NOW': 0.5762228890843711, 'RETRY_LATER': 0.8482659911525241, 'SWITCH_METHOD': 0.6355341919289966, 'SEND_NOTIFICATION': 0.22796501193503213, 'STOP': 0.028648971054813354}",RETRY_LATER,1609.1605852163382,SUCCESS,1897.0,,0
PAY_001063,1599,LIMIT_EXCEEDED,CUSTOMER,0,CUSTOMER,"{'RETRY_NOW': 0.21863218177655644, 'RETRY_LATER': 0.37721887808111204, 'SWITCH_METHOD': 0.4800480617081656, 'SEND_NOTIFICATION': 0.5426099255135649, 'STOP': 0.07579069410932485}",SEND_NOTIFICATION,867.6332708961903,SUCCESS,1599.0,,0
PAY_001168,396,NETWORK_ERROR,TEMPORARY,0,TEMPORARY,"{'RETRY_NOW': 0.48875680387309556, 'RETRY_LATER': 0.7604593645383668, 'SWITCH_METHOD': 0.5936603740988328, 'SEND_NOTIFICATION': 0.1619654378028644, 'STOP': 0.010432032850922117}",RETRY_LATER,301.14190835719324,SUCCESS,396.0,,0
PAY_003637,441,INVALID_ACCOUNT,HARD,0,HARD,"{'RETRY_NOW': 0.035731008923985265, 'RETRY_LATER': 0.04563589784289463, 'SWITCH_METHOD': 0.10840659824066162, 'SEND_NOTIFICATION': 0.14022871180402882, 'STOP': 0.99}",SEND_NOTIFICATION,61.84086190557671,SUCCESS,441.0,,0
PAY_007652,653,AUTHENTICATION_FAILED,CUSTOMER,0,CUSTOMER,"{'RETRY_NOW': 0.38072328717147785, 'RETRY_LATER': 0.5366708335203934, 'SWITCH_METHOD': 0.45530927547372113, 'SEND_NOTIFICATION': 0.6423831887173568, 'STOP': 0.1339604454418207}",SEND_NOTIFICATION,419.476222232434,SUCCESS,653.0,,0
PAY_005589,356,UPI_TECHNICAL_ERROR,TEMPORARY,0,TEMPORARY,"{'RETRY_NOW': 0.522659048617694, 'RETRY_LATER': 0.8028218382728833, 'SWITCH_METHOD': 0.6748072274262328, 'SEND_NOTIFICATION': 0.19683920478671196, 'STOP': 0.025737042727012275}",RETRY_LATER,285.8045744251465,SUCCESS,356.0,,0
PAY_007193,2066,GATEWAY_TIMEOUT,TEMPORARY,0,TEMPORARY,"{'RETRY_NOW': 0.5507707544914408, 'RETRY_LATER': 0.8316800659803456, 'SWITCH_METHOD': 0.6339064213442815, 'SEND_NOTIFICATION': 0.21481558554396052, 'STOP': 0.0330674011709359}",RETRY_LATER,1718.251016315394,SUCCESS,2066.0,,0
PAY_004492,1447,INSUFFICIENT_FUNDS,CUSTOMER,0,CUSTOMER,"{'RETRY_NOW': 0.21320791903019476, 'RETRY_LATER': 0.4703213900001933, 'SWITCH_METHOD': 0.6080488418565584, 'SEND_NOTIFICATION': 0.7451829001312937, 'STOP': 0.07679878172440113}",SEND_NOTIFICATION,1078.279656489982,SUCCESS,1447.0,,0
PAY_007267,986,CARD_EXPIRED,CUSTOMER,0,CUSTOMER,"{'RETRY_NOW': 0.11918159652354125, 'RETRY_LATER': 0.15474985617056036, 'SWITCH_METHOD': 0.5849752003466635, 'SEND_NOTIFICATION': 0.6898436327737695, 'STOP': 0.1922827813056365}",SEND_NOTIFICATION,680.1858219149367,SUCCESS,986.0,,0
PAY_004981,125,BANK_TIMEOUT,TEMPORARY,0,TEMPORARY,"{'RETRY_NOW': 0.5661783690233633, 'RETRY_LATER': 0.8349171495601808, 'SWITCH_METHOD': 0.6253618255163048, 'SEND_NOTIFICATION': 0.21664618704195027, 'STOP': 0.014955556658415598}",RETRY_LATER,104.36464369502261,SUCCESS,125.0,,0
PAY_008336,484,GATEWAY_TIMEOUT,TEMPORARY,0,TEMPORARY,"{'RETRY_NOW': 0.5677304295722985, 'RETRY_LATER': 0.8440388405112508, 'SWITCH_METHOD': 0.6442872333247875, 'SEND_NOTIFICATION': 0.21869849130503174, 'STOP': 0.04348779568859494}",RETRY_LATER,408.5147988074454,SUCCESS,484.0,,0
PAY_009953,1074,GATEWAY_TIMEOUT,TEMPORARY,0,TEMPORARY,"{'RETRY_NOW': 0.5677304295722985, 'RETRY_LATER': 0.8440388405112508, 'SWITCH_METHOD': 0.6442872333247875, 'SEND_NOTIFICATION': 0.21869849130503174, 'STOP': 0.04348779568859494}",RETRY_LATER,906.4977147090833,SUCCESS,1074.0,,0
PAY_004947,350,GATEWAY_TIMEOUT,TEMPORARY,0,TEMPORARY,"{'RETRY_NOW': 0.5577657559159407, 'RETRY_LATER': 0.8359671652066242, 'SWITCH_METHOD': 0.6346015565005966, 'SEND_NOTIFICATION': 0.2165116129988265, 'STOP': 0.03598010905422742}",RETRY_LATER,292.58850782231843,SUCCESS,350.0,,0
PAY_002783,362,GATEWAY_TIMEOUT,TEMPORARY,0,TEMPORARY,"{'RETRY_NOW': 0.5403072367212997, 'RETRY_LATER': 0.8236351095596709, 'SWITCH_METHOD': 0.624682397955857, 'SEND_NOTIFICATION': 0.206431164526727, 'STOP': 0.025827528946643336}",RETRY_LATER,298.15590966060086,SUCCESS,362.0,,0
PAY_000718,550,BLOCKED_METHOD,HARD,0,HARD,"{'RETRY_NOW': 0.06471157800846308, 'RETRY_LATER': 0.07405467161904705, 'SWITCH_METHOD': 0.18400904906258073, 'SEND_NOTIFICATION': 0.214681347901247, 'STOP': 0.9844850882917915}",SEND_NOTIFICATION,118.07474134568584,FAILED,0.0,,0
PAY_000718,550,BLOCKED_METHOD,HARD,1,HARD,"{'RETRY_NOW': 0.06471157800846308, 'RETRY_LATER': 0.07405467161904705, 'SWITCH_METHOD': 0.18400904906258073, 'SEND_NOTIFICATION': 0.214681347901247, 'STOP': 0.9844850882917915}",SEND_NOTIFICATION,118.07474134568584,SUCCESS,550.0,,1
PAY_002503,613,UPI_TECHNICAL_ERROR,TEMPORARY,0,TEMPORARY,"{'RETRY_NOW': 0.5085910122359021, 'RETRY_LATER': 0.7929130585251545, 'SWITCH_METHOD': 0.6600561050416156, 'SEND_NOTIFICATION': 0.18476178223518602, 'STOP': 0.01366490350335244}",RETRY_LATER,486.0557048759197,FAILED,0.0,,0
PAY_002503,613,UPI_TECHNICAL_ERROR,TEMPORARY,1,TEMPORARY,"{'RETRY_NOW': 0.5085910122359021, 'RETRY_LATER': 0.7929130585251545, 'SWITCH_METHOD': 0.6600561050416156, 'SEND_NOTIFICATION': 0.18476178223518602, 'STOP': 0.01366490350335244}",RETRY_LATER,486.0557048759197,SUCCESS,613.0,,1
PAY_004361,290,AUTHENTICATION_FAILED,CUSTOMER,0,CUSTOMER,"{'RETRY_NOW': 0.3672109048960562, 'RETRY_LATER': 0.5045077390280865, 'SWITCH_METHOD': 0.4295051683003865, 'SEND_NOTIFICATION': 0.6044396068038961, 'STOP': 0.10615382191202148}",SEND_NOTIFICATION,175.28748597312986,SUCCESS,290.0,,0
PAY_004172,3677,NETWORK_ERROR,TEMPORARY,0,TEMPORARY,"{'RETRY_NOW': 0.5123314089392572, 'RETRY_LATER': 0.782347352792562, 'SWITCH_METHOD': 0.6119970449271697, 'SEND_NOTIFICATION': 0.17975603288750108, 'STOP': 0.03135202348082933}",RETRY_LATER,2876.6912162182502,FAILED,0.0,,0
PAY_004172,3677,NETWORK_ERROR,TEMPORARY,1,TEMPORARY,"{'RETRY_NOW': 0.5123314089392572, 'RETRY_LATER': 0.782347352792562, 'SWITCH_METHOD': 0.6119970449271697, 'SEND_NOTIFICATION': 0.17975603288750108, 'STOP': 0.03135202348082933}",RETRY_LATER,2876.6912162182502,SUCCESS,3677.0,,1
PAY_008083,283,GATEWAY_TIMEOUT,TEMPORARY,0,TEMPORARY,"{'RETRY_NOW': 0.5259421488078453, 'RETRY_LATER': 0.8107073584382917, 'SWITCH_METHOD': 0.6125832230598234, 'SEND_NOTIFICATION': 0.19670804506229322, 'STOP': 0.012079900884821842}",RETRY_LATER,229.43018243803655,SUCCESS,283.0,,0
PAY_009761,208,AUTHENTICATION_FAILED,CUSTOMER,0,CUSTOMER,"{'RETRY_NOW': 0.3448180106535017, 'RETRY_LATER': 0.4949292123401157, 'SWITCH_METHOD': 0.422176712160173, 'SEND_NOTIFICATION': 0.6005043711108348, 'STOP': 0.0993675180232657}",SEND_NOTIFICATION,124.90490919105363,FAILED,0.0,,0
PAY_009761,208,AUTHENTICATION_FAILED,CUSTOMER,1,CUSTOMER,"{'RETRY_NOW': 0.3448180106535017, 'RETRY_LATER': 0.4949292123401157, 'SWITCH_METHOD': 0.422176712160173, 'SEND_NOTIFICATION': 0.6005043711108348, 'STOP': 0.0993675180232657}",SEND_NOTIFICATION,124.90490919105363,FAILED,0.0,,1
PAY_009761,208,AUTHENTICATION_FAILED,CUSTOMER,2,CUSTOMER,{},STOP,0.0,STOPPED,0.0,MAX_RETRIES_REACHED,2
PAY_000396,559,NETWORK_ERROR,TEMPORARY,0,TEMPORARY,"{'RETRY_NOW': 0.5225671092245296, 'RETRY_LATER': 0.7936117291561596, 'SWITCH_METHOD': 0.6177186274678128, 'SEND_NOTIFICATION': 0.18647360764225457, 'STOP': 0.03885480004717468}",RETRY_LATER,443.62895659829326,SUCCESS,559.0,,0
PAY_007187,1970,CARD_EXPIRED,CUSTOMER,0,CUSTOMER,"{'RETRY_NOW': 0.11547390042660058, 'RETRY_LATER': 0.14787983172833616, 'SWITCH_METHOD': 0.5752173401581567, 'SEND_NOTIFICATION': 0.6752095009527201, 'STOP': 0.17785107801239725}",SEND_NOTIFICATION,1330.1627168768587,SUCCESS,1970.0,,0
PAY_009823,393,CARD_EXPIRED,CUSTOMER,0,CUSTOMER,"{'RETRY_NOW': 0.09419860839894821, 'RETRY_LATER': 0.14126562099955234, 'SWITCH_METHOD': 0.5694507647841095, 'SEND_NOTIFICATION': 0.6499303150480881, 'STOP': 0.16509484816430678}",SEND_NOTIFICATION,255.4226138138986,FAILED,0.0,,0
PAY_009823,393,CARD_EXPIRED,CUSTOMER,1,CUSTOMER,"{'RETRY_NOW': 0.09419860839894821, 'RETRY_LATER': 0.14126562099955234, 'SWITCH_METHOD': 0.5694507647841095, 'SEND_NOTIFICATION': 0.6499303150480881, 'STOP': 0.16509484816430678}",SEND_NOTIFICATION,255.4226138138986,SUCCESS,393.0,,1
PAY_004493,120,BANK_TIMEOUT,TEMPORARY,0,TEMPORARY,"{'RETRY_NOW': 0.5923509835877822, 'RETRY_LATER': 0.8587252353586929, 'SWITCH_METHOD': 0.6472663479489635, 'SEND_NOTIFICATION': 0.2311219233304094, 'STOP': 0.03739432207086676}",RETRY_LATER,103.04702824304316,SUCCESS,120.0,,0
PAY_001366,1650,LIMIT_EXCEEDED,CUSTOMER,0,CUSTOMER,"{'RETRY_NOW': 0.24174034970290556, 'RETRY_LATER': 0.4123819489014801, 'SWITCH_METHOD': 0.5189925166223333, 'SEND_NOTIFICATION': 0.6071519827178382, 'STOP': 0.11845581391245219}",SEND_NOTIFICATION,1001.8007714844331,SUCCESS,1650.0,,0
PAY_009527,370,BANK_TIMEOUT,TEMPORARY,0,TEMPORARY,"{'RETRY_NOW': 0.5916354398295579, 'RETRY_LATER': 0.8553086511216905, 'SWITCH_METHOD': 0.6429611314217215, 'SEND_NOTIFICATION': 0.23301664035205327, 'STOP': 0.034585301590541226}",RETRY_LATER,316.4642009150255,SUCCESS,370.0,,0
PAY_008788,802,GATEWAY_TIMEOUT,TEMPORARY,0,TEMPORARY,"{'RETRY_NOW': 0.5099580174462239, 'RETRY_LATER': 0.7952973133302063, 'SWITCH_METHOD': 0.5910874179915728, 'SEND_NOTIFICATION': 0.17871130481081787, 'STOP': 0.001013680678564772}",RETRY_LATER,637.8284452908255,SUCCESS,802.0,,0
PAY_005918,311,PAYMENT_EXPIRED,HARD,0,HARD,"{'RETRY_NOW': 0.040947659525471254, 'RETRY_LATER': 0.049701575556050114, 'SWITCH_METHOD': 0.08323609552388067, 'SEND_NOTIFICATION': 0.10769593351125323, 'STOP': 0.9899156478580754}",SEND_NOTIFICATION,33.493435321999755,SUCCESS,311.0,,0
PAY_004969,136,GATEWAY_TIMEOUT,TEMPORARY,0,TEMPORARY,"{'RETRY_NOW': 0.5410492302332598, 'RETRY_LATER': 0.8263789458261132, 'SWITCH_METHOD': 0.6253826274555973, 'SEND_NOTIFICATION': 0.210413915175294, 'STOP': 0.027267020724570865}",RETRY_LATER,112.38753663235138,SUCCESS,136.0,,0
PAY_002915,3619,LIMIT_EXCEEDED,CUSTOMER,0,CUSTOMER,"{'RETRY_NOW': 0.22898149398366466, 'RETRY_LATER': 0.3850294003676392, 'SWITCH_METHOD': 0.4878004653645835, 'SEND_NOTIFICATION': 0.5598198724730225, 'STOP': 0.08538781616434653}",SEND_NOTIFICATION,2025.9881184798683,SUCCESS,3619.0,,0
PAY_005645,151,AUTHENTICATION_FAILED,CUSTOMER,0,CUSTOMER,"{'RETRY_NOW': 0.375014224677593, 'RETRY_LATER': 0.5266953752322588, 'SWITCH_METHOD': 0.451394191144732, 'SEND_NOTIFICATION': 0.6361861208672253, 'STOP': 0.13034241687113768}",SEND_NOTIFICATION,96.06410425095102,FAILED,0.0,,0
PAY_005645,151,AUTHENTICATION_FAILED,CUSTOMER,1,CUSTOMER,"{'RETRY_NOW': 0.375014224677593, 'RETRY_LATER': 0.5266953752322588, 'SWITCH_METHOD': 0.451394191144732, 'SEND_NOTIFICATION': 0.6361861208672253, 'STOP': 0.13034241687113768}",SEND_NOTIFICATION,96.06410425095102,SUCCESS,151.0,,1
PAY_003767,427,INSUFFICIENT_FUNDS,CUSTOMER,0,CUSTOMER,"{'RETRY_NOW': 0.21423968287619102, 'RETRY_LATER': 0.47719848372983464, 'SWITCH_METHOD': 0.6126865733252412, 'SEND_NOTIFICATION': 0.7573834633378266, 'STOP': 0.0861914215045725}",SEND_NOTIFICATION,323.402738845252,SUCCESS,427.0,,0
PAY_003441,632,NETWORK_ERROR,TEMPORARY,0,TEMPORARY,"{'RETRY_NOW': 0.5088655520654068, 'RETRY_LATER': 0.774572953718274, 'SWITCH_METHOD': 0.6084189140120244, 'SEND_NOTIFICATION': 0.17400301069985225, 'STOP': 0.02553574004556391}",RETRY_LATER,489.53010674994914,SUCCESS,632.0,,0
PAY_007358,3120,LIMIT_EXCEEDED,CUSTOMER,0,CUSTOMER,"{'RETRY_NOW': 0.2317660878412994, 'RETRY_LATER': 0.4093109038710993, 'SWITCH_METHOD': 0.5101730613621968, 'SEND_NOTIFICATION': 0.5751832240673084, 'STOP': 0.10221918855111252}",SEND_NOTIFICATION,1794.5716590900022,SUCCESS,3120.0,,0
PAY_006807,12435,LIMIT_EXCEEDED,CUSTOMER,0,CUSTOMER,"{'RETRY_NOW': 0.2115108080847818, 'RETRY_LATER': 0.37598739972159906, 'SWITCH_METHOD': 0.47835962931164105, 'SEND_NOTIFICATION': 0.5428892012217976, 'STOP': 0.07468794289683435}",SEND_NOTIFICATION,6750.827217193053,FAILED,0.0,,0
PAY_006807,12435,LIMIT_EXCEEDED,CUSTOMER,1,CUSTOMER,"{'RETRY_NOW': 0.2115108080847818, 'RETRY_LATER': 0.37598739972159906, 'SWITCH_METHOD': 0.47835962931164105, 'SEND_NOTIFICATION': 0.5428892012217976, 'STOP': 0.07468794289683435}",SEND_NOTIFICATION,6750.827217193053,SUCCESS,12435.0,,1
PAY_002144,9946,NETWORK_ERROR,TEMPORARY,0,TEMPORARY,"{'RETRY_NOW': 0.49319377289569144, 'RETRY_LATER': 0.7624155429371483, 'SWITCH_METHOD': 0.597276897543849, 'SEND_NOTIFICATION': 0.16343246369134215, 'STOP': 0.011937850817150302}",RETRY_LATER,7582.984990052877,SUCCESS,9946.0,,0
PAY_005105,445,NETWORK_ERROR,TEMPORARY,0,TEMPORARY,"{'RETRY_NOW': 0.4758877471768393, 'RETRY_LATER': 0.7456945188803457, 'SWITCH_METHOD': 0.5789350365032172, 'SEND_NOTIFICATION': 0.15045868151226527, 'STOP': 0.0010012496022614422}",RETRY_LATER,331.83406090175384,FAILED,0.0,,0
PAY_005105,445,NETWORK_ERROR,TEMPORARY,1,TEMPORARY,"{'RETRY_NOW': 0.4758877471768393, 'RETRY_LATER': 0.7456945188803457, 'SWITCH_METHOD': 0.5789350365032172, 'SEND_NOTIFICATION': 0.15045868151226527, 'STOP': 0.0010012496022614422}",RETRY_LATER,331.83406090175384,SUCCESS,445.0,,1
PAY_005074,718,NETWORK_ERROR,TEMPORARY,0,TEMPORARY,"{'RETRY_NOW': 0.48138936127151255, 'RETRY_LATER': 0.7582761582299571, 'SWITCH_METHOD': 0.5907750176163885, 'SEND_NOTIFICATION': 0.1585934562470963, 'STOP': 0.008956601533766947}",RETRY_LATER,544.4422816091092,FAILED,0.0,,0
PAY_005074,718,NETWORK_ERROR,TEMPORARY,1,TEMPORARY,"{'RETRY_NOW': 0.48138936127151255, 'RETRY_LATER': 0.7582761582299571, 'SWITCH_METHOD': 0.5907750176163885, 'SEND_NOTIFICATION': 0.1585934562470963, 'STOP': 0.008956601533766947}",RETRY_LATER,544.4422816091092,SUCCESS,718.0,,1
PAY_001572,280,INSUFFICIENT_FUNDS,CUSTOMER,0,CUSTOMER,"{'RETRY_NOW': 0.19976177918894553, 'RETRY_LATER': 0.45175142087217285, 'SWITCH_METHOD': 0.5912024929739254, 'SEND_NOTIFICATION': 0.7262050128300418, 'STOP': 0.06290968148528578}",SEND_NOTIFICATION,203.3374035924117,SUCCESS,280.0,,0
PAY_004080,213,LIMIT_EXCEEDED,CUSTOMER,0,CUSTOMER,"{'RETRY_NOW': 0.2491056687877684, 'RETRY_LATER': 0.41628836512224343, 'SWITCH_METHOD': 0.5238571081918754, 'SEND_NOTIFICATION': 0.6014432662613564, 'STOP': 0.12079587682595594}",SEND_NOTIFICATION,128.1074157136689,FAILED,0.0,,0
PAY_004080,213,LIMIT_EXCEEDED,CUSTOMER,1,CUSTOMER,"{'RETRY_NOW': 0.2491056687877684, 'RETRY_LATER': 0.41628836512224343, 'SWITCH_METHOD': 0.5238571081918754, 'SEND_NOTIFICATION': 0.6014432662613564, 'STOP': 0.12079587682595594}",SEND_NOTIFICATION,128.1074157136689,SUCCESS,213.0,,1
PAY_001123,177,BANK_TIMEOUT,TEMPORARY,0,TEMPORARY,"{'RETRY_NOW': 0.5787323086585725, 'RETRY_LATER': 0.8409871919362351, 'SWITCH_METHOD': 0.6319963755641068, 'SEND_NOTIFICATION': 0.2220028136051772, 'STOP': 0.022339809277451692}",RETRY_LATER,148.8547329727136,SUCCESS,177.0,,0
PAY_002787,4422,BLOCKED_METHOD,HARD,0,HARD,"{'RETRY_NOW': 0.046208752224348934, 'RETRY_LATER': 0.05453039974227893, 'SWITCH_METHOD': 0.16288117213671624, 'SEND_NOTIFICATION': 0.19665290749378586, 'STOP': 0.9649971432371746}",SEND_NOTIFICATION,869.5991569375211,FAILED,0.0,,0
PAY_002787,4422,BLOCKED_METHOD,HARD,1,HARD,"{'RETRY_NOW': 0.046208752224348934, 'RETRY_LATER': 0.05453039974227893, 'SWITCH_METHOD': 0.16288117213671624, 'SEND_NOTIFICATION': 0.19665290749378586, 'STOP': 0.9649971432371746}",SEND_NOTIFICATION,869.5991569375211,FAILED,0.0,,1
PAY_002787,4422,BLOCKED_METHOD,HARD,2,HARD,{},STOP,0.0,STOPPED,0.0,MAX_RETRIES_REACHED,2
PAY_002968,364,BANK_TIMEOUT,TEMPORARY,0,TEMPORARY,"{'RETRY_NOW': 0.5558028337849814, 'RETRY_LATER': 0.8283451071729658, 'SWITCH_METHOD': 0.6175410298628353, 'SEND_NOTIFICATION': 0.21025288980905013, 'STOP': 0.009006052388608863}",RETRY_LATER,301.51761901095955,SUCCESS,364.0,,0
PAY_002505,151,GATEWAY_TIMEOUT,TEMPORARY,0,TEMPORARY,"{'RETRY_NOW': 0.5117148539921608, 'RETRY_LATER': 0.7964627627817277, 'SWITCH_METHOD': 0.593288719110089, 'SEND_NOTIFICATION': 0.17992571963352466, 'STOP': 0.0010170711451712039}",RETRY_LATER,120.26587718004087,SUCCESS,151.0,,0
PAY_005989,1594,BANK_TIMEOUT,TEMPORARY,0,TEMPORARY,"{'RETRY_NOW': 0.5619233506293959, 'RETRY_LATER': 0.8317783806614386, 'SWITCH_METHOD': 0.6203312138735437, 'SEND_NOTIFICATION': 0.21437534612107462, 'STOP': 0.011986612676497995}",RETRY_LATER,1325.854738774333,SUCCESS,1594.0,,0
PAY_008868,101,UPI_TECHNICAL_ERROR,TEMPORARY,0,TEMPORARY,"{'RETRY_NOW': 0.506734574675427, 'RETRY_LATER': 0.7938554373404992, 'SWITCH_METHOD': 0.6630903100571852, 'SEND_NOTIFICATION': 0.1916913411466118, 'STOP': 0.016558260453445862}",RETRY_LATER,80.17939917139043,SUCCESS,101.0,,0
PAY_007165,305,NETWORK_ERROR,TEMPORARY,0,TEMPORARY,"{'RETRY_NOW': 0.5003481664705942, 'RETRY_LATER': 0.7695051248351832, 'SWITCH_METHOD': 0.6034187882708808, 'SEND_NOTIFICATION': 0.16791702795491556, 'STOP': 0.01926603823229155}",RETRY_LATER,234.69906307473087,SUCCESS,305.0,,0
PAY_000729,472,CARD_EXPIRED,CUSTOMER,0,CUSTOMER,"{'RETRY_NOW': 0.11626129117406157, 'RETRY_LATER': 0.15027070066274154, 'SWITCH_METHOD': 0.5730906300775256, 'SEND_NOTIFICATION': 0.6795315977768597, 'STOP': 0.180717152264653}",SEND_NOTIFICATION,320.7389141506778,SUCCESS,472.0,,0
PAY_007588,344,GATEWAY_TIMEOUT,TEMPORARY,0,TEMPORARY,"{'RETRY_NOW': 0.520691214629535, 'RETRY_LATER': 0.8128600510369736, 'SWITCH_METHOD': 0.6158816154787332, 'SEND_NOTIFICATION': 0.20352296249321322, 'STOP': 0.015124849618930822}",RETRY_LATER,279.6238575567189,SUCCESS,344.0,,0
PAY_007544,269,GATEWAY_TIMEOUT,TEMPORARY,0,TEMPORARY,"{'RETRY_NOW': 0.5507707544914408, 'RETRY_LATER': 0.8316800659803456, 'SWITCH_METHOD': 0.6339064213442815, 'SEND_NOTIFICATION': 0.21481558554396052, 'STOP': 0.0330674011709359}",RETRY_LATER,223.72193774871297,SUCCESS,269.0,,0
PAY_000413,554,LIMIT_EXCEEDED,CUSTOMER,0,CUSTOMER,"{'RETRY_NOW': 0.2398076479350372, 'RETRY_LATER': 0.40809733036432344, 'SWITCH_METHOD': 0.511272627391789, 'SEND_NOTIFICATION': 0.5869102974204997, 'STOP': 0.10789286575855782}",SEND_NOTIFICATION,325.1483047709568,SUCCESS,554.0,,0
PAY_005746,1204,INSUFFICIENT_FUNDS,CUSTOMER,0,CUSTOMER,"{'RETRY_NOW': 0.20485022348877158, 'RETRY_LATER': 0.4608565036895651, 'SWITCH_METHOD': 0.598541721968187, 'SEND_NOTIFICATION': 0.7312700717928297, 'STOP': 0.06969557396065747}",SEND_NOTIFICATION,880.4491664385669,FAILED,0.0,,0
PAY_005746,1204,INSUFFICIENT_FUNDS,CUSTOMER,1,CUSTOMER,"{'RETRY_NOW': 0.20485022348877158, 'RETRY_LATER': 0.4608565036895651, 'SWITCH_METHOD': 0.598541721968187, 'SEND_NOTIFICATION': 0.7312700717928297, 'STOP': 0.06969557396065747}",SEND_NOTIFICATION,880.4491664385669,SUCCESS,1204.0,,1
PAY_007669,2212,CUSTOMER_DECLINED,HARD,0,HARD,"{'RETRY_NOW': 0.04520011041975857, 'RETRY_LATER': 0.04286380131893227, 'SWITCH_METHOD': 0.06603287284914994, 'SEND_NOTIFICATION': 0.08571375587507116, 'STOP': 0.99}",SEND_NOTIFICATION,189.5988279956574,FAILED,0.0,,0
PAY_007669,2212,CUSTOMER_DECLINED,HARD,1,HARD,"{'RETRY_NOW': 0.04520011041975857, 'RETRY_LATER': 0.04286380131893227, 'SWITCH_METHOD': 0.06603287284914994, 'SEND_NOTIFICATION': 0.08571375587507116, 'STOP': 0.99}",SEND_NOTIFICATION,189.5988279956574,SUCCESS,2212.0,,1
PAY_000826,11172,PAYMENT_EXPIRED,HARD,0,HARD,"{'RETRY_NOW': 0.031090918298990484, 'RETRY_LATER': 0.04046859401866909, 'SWITCH_METHOD': 0.0719234988733009, 'SEND_NOTIFICATION': 0.09962607243814922, 'STOP': 0.9896962671363974}",SEND_NOTIFICATION,1113.0224812790032,FAILED,0.0,,0
PAY_000826,11172,PAYMENT_EXPIRED,HARD,1,HARD,"{'RETRY_NOW': 0.031090918298990484, 'RETRY_LATER': 0.04046859401866909, 'SWITCH_METHOD': 0.0719234988733009, 'SEND_NOTIFICATION': 0.09962607243814922, 'STOP': 0.9896962671363974}",SEND_NOTIFICATION,1113.0224812790032,FAILED,0.0,,1
PAY_000826,11172,PAYMENT_EXPIRED,HARD,2,HARD,{},STOP,0.0,STOPPED,0.0,MAX_RETRIES_REACHED,2
PAY_003268,583,GATEWAY_TIMEOUT,TEMPORARY,0,TEMPORARY,"{'RETRY_NOW': 0.5233411097702672, 'RETRY_LATER': 0.8098308844171033, 'SWITCH_METHOD': 0.6107567989746907, 'SEND_NOTIFICATION': 0.19616430326267012, 'STOP': 0.010556356424544939}",RETRY_LATER,472.1314056151712,SUCCESS,583.0,,0
PAY_003975,680,BANK_TIMEOUT,TEMPORARY,0,TEMPORARY,"{'RETRY_NOW': 0.5737249575298882, 'RETRY_LATER': 0.8385408547895308, 'SWITCH_METHOD': 0.6291498179397597, 'SEND_NOTIFICATION': 0.21721758805919064, 'STOP': 0.019306697773583903}",RETRY_LATER,570.2077812568809,SUCCESS,680.0,,0
PAY_008809,603,CARD_EXPIRED,CUSTOMER,0,CUSTOMER,"{'RETRY_NOW': 0.1172384811664494, 'RETRY_LATER': 0.15341296257514325, 'SWITCH_METHOD': 0.5770735200149154, 'SEND_NOTIFICATION': 0.6832013596724443, 'STOP': 0.18519664353665902}",SEND_NOTIFICATION,411.97041988248395,FAILED,0.0,,0
PAY_008809,603,CARD_EXPIRED,CUSTOMER,1,CUSTOMER,"{'RETRY_NOW': 0.1172384811664494, 'RETRY_LATER': 0.15341296257514325, 'SWITCH_METHOD': 0.5770735200149154, 'SEND_NOTIFICATION': 0.6832013596724443, 'STOP': 0.18519664353665902}",SEND_NOTIFICATION,411.97041988248395,FAILED,0.0,,1
PAY_008809,603,CARD_EXPIRED,CUSTOMER,2,CUSTOMER,{},STOP,0.0,STOPPED,0.0,MAX_RETRIES_REACHED,2
PAY_008307,714,NETWORK_ERROR,TEMPORARY,0,TEMPORARY,"{'RETRY_NOW': 0.5123314089392572, 'RETRY_LATER': 0.782347352792562, 'SWITCH_METHOD': 0.6119970449271697, 'SEND_NOTIFICATION': 0.17975603288750108, 'STOP': 0.03135202348082933}",RETRY_LATER,558.5960098938892,FAILED,0.0,,0
PAY_008307,714,NETWORK_ERROR,TEMPORARY,1,TEMPORARY,"{'RETRY_NOW': 0.5123314089392572, 'RETRY_LATER': 0.782347352792562, 'SWITCH_METHOD': 0.6119970449271697, 'SEND_NOTIFICATION': 0.17975603288750108, 'STOP': 0.03135202348082933}",RETRY_LATER,558.5960098938892,SUCCESS,714.0,,1
PAY_000418,571,INSUFFICIENT_FUNDS,CUSTOMER,0,CUSTOMER,"{'RETRY_NOW': 0.20356664227828297, 'RETRY_LATER': 0.4711957501405762, 'SWITCH_METHOD': 0.6060141885505025, 'SEND_NOTIFICATION': 0.7374314275118824, 'STOP': 0.07240685230195118}",SEND_NOTIFICATION,421.07334510928484,SUCCESS,571.0,,0
PAY_006749,567,BANK_TIMEOUT,TEMPORARY,0,TEMPORARY,"{'RETRY_NOW': 0.5737249575298882, 'RETRY_LATER': 0.8385408547895308, 'SWITCH_METHOD': 0.6291498179397597, 'SEND_NOTIFICATION': 0.21721758805919064, 'STOP': 0.019306697773583903}",RETRY_LATER,475.452664665664,SUCCESS,567.0,,0
PAY_008968,224,GATEWAY_TIMEOUT,TEMPORARY,0,TEMPORARY,"{'RETRY_NOW': 0.5507707544914408, 'RETRY_LATER': 0.8316800659803456, 'SWITCH_METHOD': 0.6339064213442815, 'SEND_NOTIFICATION': 0.21481558554396052, 'STOP': 0.0330674011709359}",RETRY_LATER,186.29633477959743,FAILED,0.0,,0
PAY_008968,224,GATEWAY_TIMEOUT,TEMPORARY,1,TEMPORARY,"{'RETRY_NOW': 0.5507707544914408, 'RETRY_LATER': 0.8316800659803456, 'SWITCH_METHOD': 0.6339064213442815, 'SEND_NOTIFICATION': 0.21481558554396052, 'STOP': 0.0330674011709359}",RETRY_LATER,186.29633477959743,SUCCESS,224.0,,1
PAY_002083,1126,INSUFFICIENT_FUNDS,CUSTOMER,0,CUSTOMER,"{'RETRY_NOW': 0.19976177918894553, 'RETRY_LATER': 0.45175142087217285, 'SWITCH_METHOD': 0.5912024929739254, 'SEND_NOTIFICATION': 0.7262050128300418, 'STOP': 0.06290968148528578}",SEND_NOTIFICATION,817.7068444466271,FAILED,0.0,,0
PAY_002083,1126,INSUFFICIENT_FUNDS,CUSTOMER,1,CUSTOMER,"{'RETRY_NOW': 0.19976177918894553, 'RETRY_LATER': 0.45175142087217285, 'SWITCH_METHOD': 0.5912024929739254, 'SEND_NOTIFICATION': 0.7262050128300418, 'STOP': 0.06290968148528578}",SEND_NOTIFICATION,817.7068444466271,SUCCESS,1126.0,,1
PAY_008946,99,INSUFFICIENT_FUNDS,CUSTOMER,0,CUSTOMER,"{'RETRY_NOW': 0.2144046870367305, 'RETRY_LATER': 0.47833627643930077, 'SWITCH_METHOD': 0.6141874729186443, 'SEND_NOTIFICATION': 0.7551458501773496, 'STOP': 0.08381566648043251}",SEND_NOTIFICATION,74.75943916755762,SUCCESS,99.0,,0
PAY_003374,587,BANK_TIMEOUT,TEMPORARY,0,TEMPORARY,"{'RETRY_NOW': 0.5558028337849814, 'RETRY_LATER': 0.8283451071729658, 'SWITCH_METHOD': 0.6175410298628353, 'SEND_NOTIFICATION': 0.21025288980905013, 'STOP': 0.009006052388608863}",RETRY_LATER,486.2385779105309,SUCCESS,587.0,,0
PAY_005727,3981,BLOCKED_METHOD,HARD,0,HARD,"{'RETRY_NOW': 0.055652368203661935, 'RETRY_LATER': 0.064945511606514, 'SWITCH_METHOD': 0.17403787585458017, 'SEND_NOTIFICATION': 0.2047987602452302, 'STOP': 0.9755197130250365}",SEND_NOTIFICATION,815.3038645362614,FAILED,0.0,,0
PAY_005727,3981,BLOCKED_METHOD,HARD,1,HARD,"{'RETRY_NOW': 0.055652368203661935, 'RETRY_LATER': 0.064945511606514, 'SWITCH_METHOD': 0.17403787585458017, 'SEND_NOTIFICATION': 0.2047987602452302, 'STOP': 0.9755197130250365}",SEND_NOTIFICATION,815.3038645362614,SUCCESS,3981.0,,1
PAY_004108,206,BANK_TIMEOUT,TEMPORARY,0,TEMPORARY,"{'RETRY_NOW': 0.5661783690233633, 'RETRY_LATER': 0.8349171495601808, 'SWITCH_METHOD': 0.6253618255163048, 'SEND_NOTIFICATION': 0.21664618704195027, 'STOP': 0.014955556658415598}",RETRY_LATER,171.99293280939725,SUCCESS,206.0,,0
PAY_004381,2606,NETWORK_ERROR,TEMPORARY,0,TEMPORARY,"{'RETRY_NOW': 0.5193962338250041, 'RETRY_LATER': 0.7876638577001868, 'SWITCH_METHOD': 0.6139823894501459, 'SEND_NOTIFICATION': 0.18385313212121146, 'STOP': 0.035647898673197904}",RETRY_LATER,2052.6520131666866,SUCCESS,2606.0,,0
PAY_007724,838,BANK_TIMEOUT,TEMPORARY,0,TEMPORARY,"{'RETRY_NOW': 0.5923509835877822, 'RETRY_LATER': 0.8587252353586929, 'SWITCH_METHOD': 0.6472663479489635, 'SEND_NOTIFICATION': 0.2311219233304094, 'STOP': 0.03739432207086676}",RETRY_LATER,719.6117472305847,SUCCESS,838.0,,0
PAY_001067,171,BANK_TIMEOUT,TEMPORARY,0,TEMPORARY,"{'RETRY_NOW': 0.5978890604380045, 'RETRY_LATER': 0.8621506012643568, 'SWITCH_METHOD': 0.6541276875281906, 'SEND_NOTIFICATION': 0.24079583174282118, 'STOP': 0.04347481316962946}",RETRY_LATER,147.42775281620501,SUCCESS,171.0,,0
PAY_003914,380,BANK_TIMEOUT,TEMPORARY,0,TEMPORARY,"{'RETRY_NOW': 0.5517356481386309, 'RETRY_LATER': 0.8201610894154179, 'SWITCH_METHOD': 0.6079514907183527, 'SEND_NOTIFICATION': 0.19865920406322554, 'STOP': 0.0010042994249323369}",RETRY_LATER,311.6612139778588,SUCCESS,380.0,,0
PAY_005537,11575,INSUFFICIENT_FUNDS,CUSTOMER,0,CUSTOMER,"{'RETRY_NOW': 0.21912422395505574, 'RETRY_LATER': 0.48444381767143446, 'SWITCH_METHOD': 0.6244683876838839, 'SEND_NOTIFICATION': 0.7700041913272311, 'STOP': 0.09054291564980634}",SEND_NOTIFICATION,8912.7985146127,SUCCESS,11575.0,,0
PAY_008003,643,GATEWAY_TIMEOUT,TEMPORARY,0,TEMPORARY,"{'RETRY_NOW': 0.5293823070611737, 'RETRY_LATER': 0.8204736823965143, 'SWITCH_METHOD': 0.6227250037118731, 'SEND_NOTIFICATION': 0.2066759756998412, 'STOP': 0.021332910643010787}",RETRY_LATER,527.5645777809586,SUCCESS,643.0,,0
PAY_005388,255,INSUFFICIENT_FUNDS,CUSTOMER,0,CUSTOMER,"{'RETRY_NOW': 0.21012230934509168, 'RETRY_LATER': 0.47112042802820936, 'SWITCH_METHOD': 0.6070717354180725, 'SEND_NOTIFICATION': 0.7428422221283849, 'STOP': 0.07336239956135257}",SEND_NOTIFICATION,189.42476664273815,SUCCESS,255.0,,0
PAY_005733,311,LIMIT_EXCEEDED,CUSTOMER,0,CUSTOMER,"{'RETRY_NOW': 0.22217024174274663, 'RETRY_LATER': 0.380542256204102, 'SWITCH_METHOD': 0.4823254816231726, 'SEND_NOTIFICATION': 0.5510864285164996, 'STOP': 0.08310830741020282}",SEND_NOTIFICATION,171.38787926863137,FAILED,0.0,,0
PAY_005733,311,LIMIT_EXCEEDED,CUSTOMER,1,CUSTOMER,"{'RETRY_NOW': 0.22217024174274663, 'RETRY_LATER': 0.380542256204102, 'SWITCH_METHOD': 0.4823254816231726, 'SEND_NOTIFICATION': 0.5510864285164996, 'STOP': 0.08310830741020282}",SEND_NOTIFICATION,171.38787926863137,SUCCESS,311.0,,1
PAY_002739,599,UPI_TECHNICAL_ERROR,TEMPORARY,0,TEMPORARY,"{'RETRY_NOW': 0.5003982997132768, 'RETRY_LATER': 0.7870663216095729, 'SWITCH_METHOD': 0.6529454084847301, 'SEND_NOTIFICATION': 0.18023350212997166, 'STOP': 0.0060276568853919665}",RETRY_LATER,471.45272664413415,SUCCESS,599.0,,0
PAY_005053,234,INSUFFICIENT_FUNDS,CUSTOMER,0,CUSTOMER,"{'RETRY_NOW': 0.20485022348877158, 'RETRY_LATER': 0.4608565036895651, 'SWITCH_METHOD': 0.598541721968187, 'SEND_NOTIFICATION': 0.7312700717928297, 'STOP': 0.06851587697489009}",SEND_NOTIFICATION,171.11719679952213,FAILED,0.0,,0
PAY_005053,234,INSUFFICIENT_FUNDS,CUSTOMER,1,CUSTOMER,"{'RETRY_NOW': 0.20485022348877158, 'RETRY_LATER': 0.4608565036895651, 'SWITCH_METHOD': 0.598541721968187, 'SEND_NOTIFICATION': 0.7312700717928297, 'STOP': 0.06851587697489009}",SEND_NOTIFICATION,171.11719679952213,SUCCESS,234.0,,1
PAY_004001,197,NETWORK_ERROR,TEMPORARY,0,TEMPORARY,"{'RETRY_NOW': 0.5166158253941568, 'RETRY_LATER': 0.7849628123009635, 'SWITCH_METHOD': 0.6123132712860397, 'SEND_NOTIFICATION': 0.18307106761083225, 'STOP': 0.034337100212347246}",RETRY_LATER,154.6376740232898,SUCCESS,197.0,,0
PAY_002428,356,GATEWAY_TIMEOUT,TEMPORARY,0,TEMPORARY,"{'RETRY_NOW': 0.5359127136908339, 'RETRY_LATER': 0.8204346061631976, 'SWITCH_METHOD': 0.6226626802655473, 'SEND_NOTIFICATION': 0.20780743694490453, 'STOP': 0.022576925658920406}",RETRY_LATER,292.07471979409837,SUCCESS,356.0,,0
PAY_006834,1802,PAYMENT_EXPIRED,HARD,0,HARD,"{'RETRY_NOW': 0.01528694033849441, 'RETRY_LATER': 0.024423510366562044, 'SWITCH_METHOD': 0.05608472675360924, 'SEND_NOTIFICATION': 0.08496908862937178, 'STOP': 0.9871069030171213}",SEND_NOTIFICATION,153.11429771012794,FAILED,0.0,,0
PAY_006834,1802,PAYMENT_EXPIRED,HARD,1,HARD,"{'RETRY_NOW': 0.01528694033849441, 'RETRY_LATER': 0.024423510366562044, 'SWITCH_METHOD': 0.05608472675360924, 'SEND_NOTIFICATION': 0.08496908862937178, 'STOP': 0.9871069030171213}",SEND_NOTIFICATION,153.11429771012794,FAILED,0.0,,1
PAY_006834,1802,PAYMENT_EXPIRED,HARD,2,HARD,{},STOP,0.0,STOPPED,0.0,MAX_RETRIES_REACHED,2
PAY_001688,906,INSUFFICIENT_FUNDS,CUSTOMER,0,CUSTOMER,"{'RETRY_NOW': 0.21061861847559038, 'RETRY_LATER': 0.46974603578842017, 'SWITCH_METHOD': 0.6077841918763998, 'SEND_NOTIFICATION': 0.7457884715045082, 'STOP': 0.07619722043345235}",SEND_NOTIFICATION,675.6843551830844,SUCCESS,906.0,,0
PAY_000852,4733,BANK_TIMEOUT,TEMPORARY,0,TEMPORARY,"{'RETRY_NOW': 0.5752727942608009, 'RETRY_LATER': 0.8459959852561703, 'SWITCH_METHOD': 0.6346172550826932, 'SEND_NOTIFICATION': 0.22286984585585035, 'STOP': 0.025599252584954414}",RETRY_LATER,4004.0989982174538,SUCCESS,4733.0,,0
PAY_006304,946,INSUFFICIENT_FUNDS,CUSTOMER,0,CUSTOMER,"{'RETRY_NOW': 0.197970589242154, 'RETRY_LATER': 0.4510106641070189, 'SWITCH_METHOD': 0.5935190086034701, 'SEND_NOTIFICATION': 0.7247901993565987, 'STOP': 0.06085302969682901}",SEND_NOTIFICATION,685.6515285913424,FAILED,0.0,,0
PAY_006304,946,INSUFFICIENT_FUNDS,CUSTOMER,1,CUSTOMER,"{'RETRY_NOW': 0.197970589242154, 'RETRY_LATER': 0.4510106641070189, 'SWITCH_METHOD': 0.5935190086034701, 'SEND_NOTIFICATION': 0.7247901993565987, 'STOP': 0.06085302969682901}",SEND_NOTIFICATION,685.6515285913424,SUCCESS,946.0,,1
PAY_009088,121,GATEWAY_TIMEOUT,TEMPORARY,0,TEMPORARY,"{'RETRY_NOW': 0.5549116096836801, 'RETRY_LATER': 0.8331497295597982, 'SWITCH_METHOD': 0.634412081128945, 'SEND_NOTIFICATION': 0.21557776860119088, 'STOP': 0.03480978054755394}",RETRY_LATER,100.81111727673557,FAILED,0.0,,0
PAY_009088,121,GATEWAY_TIMEOUT,TEMPORARY,1,TEMPORARY,"{'RETRY_NOW': 0.5549116096836801, 'RETRY_LATER': 0.8331497295597982, 'SWITCH_METHOD': 0.634412081128945, 'SEND_NOTIFICATION': 0.21557776860119088, 'STOP': 0.03480978054755394}",RETRY_LATER,100.81111727673557,SUCCESS,121.0,,1
PAY_005879,2455,GATEWAY_TIMEOUT,TEMPORARY,0,TEMPORARY,"{'RETRY_NOW': 0.5149614404804004, 'RETRY_LATER': 0.807829639409678, 'SWITCH_METHOD': 0.6076755041347341, 'SEND_NOTIFICATION': 0.19413146089991365, 'STOP': 0.007559616576496005}",RETRY_LATER,1983.2217647507596,SUCCESS,2455.0,,0
PAY_008528,435,INSUFFICIENT_FUNDS,CUSTOMER,0,CUSTOMER,"{'RETRY_NOW': 0.17232725130464632, 'RETRY_LATER': 0.41828619784628635, 'SWITCH_METHOD': 0.5712212776503104, 'SEND_NOTIFICATION': 0.7072844662912474, 'STOP': 0.04453122274320142}",SEND_NOTIFICATION,307.6687428366926,SUCCESS,435.0,,0
PAY_002840,4857,CARD_EXPIRED,CUSTOMER,0,CUSTOMER,"{'RETRY_NOW': 0.11538392939058391, 'RETRY_LATER': 0.15192906445148918, 'SWITCH_METHOD': 0.5749039794563835, 'SEND_NOTIFICATION': 0.6811443768401126, 'STOP': 0.18394899305809498}",SEND_NOTIFICATION,3308.318238312427,SUCCESS,4857.0,,0
PAY_004612,99,AUTHENTICATION_FAILED,CUSTOMER,0,CUSTOMER,"{'RETRY_NOW': 0.3672109048960562, 'RETRY_LATER': 0.5045077390280865, 'SWITCH_METHOD': 0.4295051683003865, 'SEND_NOTIFICATION': 0.6044396068038961, 'STOP': 0.10615382191202148}",SEND_NOTIFICATION,59.839521073585715,SUCCESS,99.0,,0
PAY_009541,266,BLOCKED_METHOD,HARD,0,HARD,"{'RETRY_NOW': 0.06471157800846308, 'RETRY_LATER': 0.07405467161904705, 'SWITCH_METHOD': 0.18400904906258073, 'SEND_NOTIFICATION': 0.214681347901247, 'STOP': 0.9844850882917915}",SEND_NOTIFICATION,57.1052385417317,FAILED,0.0,,0
PAY_009541,266,BLOCKED_METHOD,HARD,1,HARD,"{'RETRY_NOW': 0.06471157800846308, 'RETRY_LATER': 0.07405467161904705, 'SWITCH_METHOD': 0.18400904906258073, 'SEND_NOTIFICATION': 0.214681347901247, 'STOP': 0.9844850882917915}",SEND_NOTIFICATION,57.1052385417317,FAILED,0.0,,1
PAY_009541,266,BLOCKED_METHOD,HARD,2,HARD,{},STOP,0.0,STOPPED,0.0,MAX_RETRIES_REACHED,2
PAY_009208,486,BLOCKED_METHOD,HARD,0,HARD,"{'RETRY_NOW': 0.04038555401724955, 'RETRY_LATER': 0.04900783502456857, 'SWITCH_METHOD': 0.15844520637416942, 'SEND_NOTIFICATION': 0.19054942271777178, 'STOP': 0.9586729956903174}",SEND_NOTIFICATION,92.60701944083709,FAILED,0.0,,0
PAY_009208,486,BLOCKED_METHOD,HARD,1,HARD,"{'RETRY_NOW': 0.04038555401724955, 'RETRY_LATER': 0.04900783502456857, 'SWITCH_METHOD': 0.15844520637416942, 'SEND_NOTIFICATION': 0.19054942271777178, 'STOP': 0.9586729956903174}",SEND_NOTIFICATION,92.60701944083709,FAILED,0.0,,1
PAY_009208,486,BLOCKED_METHOD,HARD,2,HARD,{},STOP,0.0,STOPPED,0.0,MAX_RETRIES_REACHED,2
PAY_002490,912,CARD_EXPIRED,CUSTOMER,0,CUSTOMER,"{'RETRY_NOW': 0.11538392939058391, 'RETRY_LATER': 0.15192906445148918, 'SWITCH_METHOD': 0.5749039794563835, 'SEND_NOTIFICATION': 0.6811443768401126, 'STOP': 0.18394899305809498}",SEND_NOTIFICATION,621.2036716781827,SUCCESS,912.0,,0
PAY_006906,718,INSUFFICIENT_FUNDS,CUSTOMER,0,CUSTOMER,"{'RETRY_NOW': 0.19963178641699175, 'RETRY_LATER': 0.45186371449726825, 'SWITCH_METHOD': 0.5905929021445472, 'SEND_NOTIFICATION': 0.72547677868139, 'STOP': 0.06242481780313803}",SEND_NOTIFICATION,520.892327093238,SUCCESS,718.0,,0
PAY_007391,1427,INSUFFICIENT_FUNDS,CUSTOMER,0,CUSTOMER,"{'RETRY_NOW': 0.2102122615955355, 'RETRY_LATER': 0.46889637936991696, 'SWITCH_METHOD': 0.6046750058587255, 'SEND_NOTIFICATION': 0.7488416374981446, 'STOP': 0.0797179975048469}",SEND_NOTIFICATION,1068.5970167098524,SUCCESS,1427.0,,0
PAY_002850,632,NETWORK_ERROR,TEMPORARY,0,TEMPORARY,"{'RETRY_NOW': 0.47952091930940166, 'RETRY_LATER': 0.7465762634186142, 'SWITCH_METHOD': 0.5783848122717494, 'SEND_NOTIFICATION': 0.15085774146936273, 'STOP': 0.000998994833995116}",RETRY_LATER,471.8361984805641,SUCCESS,632.0,,0
PAY_006666,265,AUTHENTICATION_FAILED,CUSTOMER,0,CUSTOMER,"{'RETRY_NOW': 0.34694218467745747, 'RETRY_LATER': 0.4957952049364739, 'SWITCH_METHOD': 0.41867963929978685, 'SEND_NOTIFICATION': 0.5980027979488138, 'STOP': 0.09575524401426057}",SEND_NOTIFICATION,158.47074145643566,SUCCESS,265.0,,0
PAY_005882,459,CUSTOMER_DECLINED,HARD,0,HARD,"{'RETRY_NOW': 0.01576774552581387, 'RETRY_LATER': 0.01642043987240526, 'SWITCH_METHOD': 0.038609437208240754, 'SEND_NOTIFICATION': 0.05613513501942363, 'STOP': 0.9894588153810874}",SEND_NOTIFICATION,25.766026973915448,SUCCESS,459.0,,0
PAY_004453,3505,UPI_TECHNICAL_ERROR,TEMPORARY,0,TEMPORARY,"{'RETRY_NOW': 0.5421882715011785, 'RETRY_LATER': 0.8147725433277231, 'SWITCH_METHOD': 0.6833584418077688, 'SEND_NOTIFICATION': 0.20544601263058776, 'STOP': 0.035624752875046115}",RETRY_LATER,2855.7777643636696,SUCCESS,3505.0,,0
PAY_007422,110,LIMIT_EXCEEDED,CUSTOMER,0,CUSTOMER,"{'RETRY_NOW': 0.22557267333133968, 'RETRY_LATER': 0.38872257960950474, 'SWITCH_METHOD': 0.4922907387864806, 'SEND_NOTIFICATION': 0.5615432240365298, 'STOP': 0.0905755136377806}",SEND_NOTIFICATION,61.76975464401828,SUCCESS,110.0,,0
PAY_006485,1799,AUTHENTICATION_FAILED,CUSTOMER,0,CUSTOMER,"{'RETRY_NOW': 0.3650603101739369, 'RETRY_LATER': 0.5126167849108241, 'SWITCH_METHOD': 0.43858567194942616, 'SEND_NOTIFICATION': 0.6172753853403206, 'STOP': 0.1171294037484171}",SEND_NOTIFICATION,1110.4784182272367,FAILED,0.0,,0
PAY_006485,1799,AUTHENTICATION_FAILED,CUSTOMER,1,CUSTOMER,"{'RETRY_NOW': 0.3650603101739369, 'RETRY_LATER': 0.5126167849108241, 'SWITCH_METHOD': 0.43858567194942616, 'SEND_NOTIFICATION': 0.6172753853403206, 'STOP': 0.1171294037484171}",SEND_NOTIFICATION,1110.4784182272367,FAILED,0.0,,1
PAY_006485,1799,AUTHENTICATION_FAILED,CUSTOMER,2,CUSTOMER,{},STOP,0.0,STOPPED,0.0,MAX_RETRIES_REACHED,2
PAY_002480,1003,GATEWAY_TIMEOUT,TEMPORARY,0,TEMPORARY,"{'RETRY_NOW': 0.5473522484779172, 'RETRY_LATER': 0.829190486344726, 'SWITCH_METHOD': 0.6321837335805042, 'SEND_NOTIFICATION': 0.2111091763534946, 'STOP': 0.030237132534999826}",RETRY_LATER,831.6780578037602,SUCCESS,1003.0,,0
PAY_006618,717,INSUFFICIENT_FUNDS,CUSTOMER,0,CUSTOMER,"{'RETRY_NOW': 0.20130392957610446, 'RETRY_LATER': 0.45841684084532897, 'SWITCH_METHOD': 0.5961791660844497, 'SEND_NOTIFICATION': 0.7268607316986306, 'STOP': 0.06617957106946074}",SEND_NOTIFICATION,521.1591446279182,SUCCESS,717.0,,0
PAY_002142,24420,GATEWAY_TIMEOUT,TEMPORARY,0,TEMPORARY,"{'RETRY_NOW': 0.5399586701231865, 'RETRY_LATER': 0.827152291815821, 'SWITCH_METHOD': 0.6263661192179011, 'SEND_NOTIFICATION': 0.21112735722566964, 'STOP': 0.028994474200321006}",RETRY_LATER,20199.058966142347,SUCCESS,24420.0,,0
PAY_005189,99,GATEWAY_TIMEOUT,TEMPORARY,0,TEMPORARY,"{'RETRY_NOW': 0.5507707544914408, 'RETRY_LATER': 0.8316800659803456, 'SWITCH_METHOD': 0.6339064213442815, 'SEND_NOTIFICATION': 0.21481558554396052, 'STOP': 0.0330674011709359}",RETRY_LATER,82.33632653205422,SUCCESS,99.0,,0
PAY_009705,326,GATEWAY_TIMEOUT,TEMPORARY,0,TEMPORARY,"{'RETRY_NOW': 0.5473522484779172, 'RETRY_LATER': 0.829190486344726, 'SWITCH_METHOD': 0.6321837335805042, 'SEND_NOTIFICATION': 0.2111091763534946, 'STOP': 0.030237132534999826}",RETRY_LATER,270.3160985483807,SUCCESS,326.0,,0
PAY_002745,622,INSUFFICIENT_FUNDS,CUSTOMER,0,CUSTOMER,"{'RETRY_NOW': 0.21912422395505574, 'RETRY_LATER': 0.48444381767143446, 'SWITCH_METHOD': 0.6244683876838839, 'SEND_NOTIFICATION': 0.7700041913272311, 'STOP': 0.09054291564980634}",SEND_NOTIFICATION,478.94260700553775,FAILED,0.0,,0
PAY_002745,622,INSUFFICIENT_FUNDS,CUSTOMER,1,CUSTOMER,"{'RETRY_NOW': 0.21912422395505574, 'RETRY_LATER': 0.48444381767143446, 'SWITCH_METHOD': 0.6244683876838839, 'SEND_NOTIFICATION': 0.7700041913272311, 'STOP': 0.09054291564980634}",SEND_NOTIFICATION,478.94260700553775,SUCCESS,622.0,,1
PAY_007254,519,AUTHENTICATION_FAILED,CUSTOMER,0,CUSTOMER,"{'RETRY_NOW': 0.3618314174006806, 'RETRY_LATER': 0.5074810612163164, 'SWITCH_METHOD': 0.43317275985321596, 'SEND_NOTIFICATION': 0.6075299020894724, 'STOP': 0.11113148300909065}",SEND_NOTIFICATION,315.3080191844362,SUCCESS,519.0,,0
PAY_003507,2026,GATEWAY_TIMEOUT,TEMPORARY,0,TEMPORARY,"{'RETRY_NOW': 0.5410492302332598, 'RETRY_LATER': 0.8263789458261132, 'SWITCH_METHOD': 0.6253826274555973, 'SEND_NOTIFICATION': 0.210413915175294, 'STOP': 0.027267020724570865}",RETRY_LATER,1674.2437442437054,SUCCESS,2026.0,,0
PAY_001680,7438,BLOCKED_METHOD,HARD,0,HARD,"{'RETRY_NOW': 0.04887197170444676, 'RETRY_LATER': 0.061821620760603775, 'SWITCH_METHOD': 0.16932966995622267, 'SEND_NOTIFICATION': 0.20235173006758, 'STOP': 0.9726095022001903}",SEND_NOTIFICATION,1505.0921682426601,FAILED,0.0,,0
PAY_001680,7438,BLOCKED_METHOD,HARD,1,HARD,"{'RETRY_NOW': 0.04887197170444676, 'RETRY_LATER': 0.061821620760603775, 'SWITCH_METHOD': 0.16932966995622267, 'SEND_NOTIFICATION': 0.20235173006758, 'STOP': 0.9726095022001903}",SEND_NOTIFICATION,1505.0921682426601,FAILED,0.0,,1
PAY_001680,7438,BLOCKED_METHOD,HARD,2,HARD,{},STOP,0.0,STOPPED,0.0,MAX_RETRIES_REACHED,2
PAY_004250,5221,GATEWAY_TIMEOUT,TEMPORARY,0,TEMPORARY,"{'RETRY_NOW': 0.5149614404804004, 'RETRY_LATER': 0.807829639409678, 'SWITCH_METHOD': 0.6076755041347341, 'SEND_NOTIFICATION': 0.19413146089991365, 'STOP': 0.007559616576496005}",RETRY_LATER,4217.678547357928,FAILED,0.0,,0
PAY_004250,5221,GATEWAY_TIMEOUT,TEMPORARY,1,TEMPORARY,"{'RETRY_NOW': 0.5149614404804004, 'RETRY_LATER': 0.807829639409678, 'SWITCH_METHOD': 0.6076755041347341, 'SEND_NOTIFICATION': 0.19413146089991365, 'STOP': 0.007559616576496005}",RETRY_LATER,4217.678547357928,SUCCESS,5221.0,,1
PAY_003148,239,GATEWAY_TIMEOUT,TEMPORARY,0,TEMPORARY,"{'RETRY_NOW': 0.5293823070611737, 'RETRY_LATER': 0.8204736823965143, 'SWITCH_METHOD': 0.6227250037118731, 'SEND_NOTIFICATION': 0.2066759756998412, 'STOP': 0.021332910643010787}",RETRY_LATER,196.09321009276692,SUCCESS,239.0,,0
PAY_008131,174,GATEWAY_TIMEOUT,TEMPORARY,0,TEMPORARY,"{'RETRY_NOW': 0.5305124918837583, 'RETRY_LATER': 0.8177406025094297, 'SWITCH_METHOD': 0.6208221579900054, 'SEND_NOTIFICATION': 0.20336733053742942, 'STOP': 0.01954237197609204}",RETRY_LATER,142.28686483664077,SUCCESS,174.0,,0
PAY_007005,3729,BANK_TIMEOUT,TEMPORARY,0,TEMPORARY,"{'RETRY_NOW': 0.5696330875458853, 'RETRY_LATER': 0.835896994338851, 'SWITCH_METHOD': 0.6267842313168004, 'SEND_NOTIFICATION': 0.21369597636977036, 'STOP': 0.016458093859235613}",RETRY_LATER,3117.0598918895753,SUCCESS,3729.0,,0
PAY_000581,1454,INSUFFICIENT_FUNDS,CUSTOMER,0,CUSTOMER,"{'RETRY_NOW': 0.21012230934509168, 'RETRY_LATER': 0.47112042802820936, 'SWITCH_METHOD': 0.6070717354180725, 'SEND_NOTIFICATION': 0.7428422221283849, 'STOP': 0.07336239956135257}",SEND_NOTIFICATION,1080.0925909746716,SUCCESS,1454.0,,0
PAY_004071,969,LIMIT_EXCEEDED,CUSTOMER,0,CUSTOMER,"{'RETRY_NOW': 0.23149598217034387, 'RETRY_LATER': 0.39729078412936436, 'SWITCH_METHOD': 0.5018370969046726, 'SEND_NOTIFICATION': 0.5653967295412555, 'STOP': 0.09408764605711135}",SEND_NOTIFICATION,547.8694309254766,FAILED,0.0,,0
PAY_004071,969,LIMIT_EXCEEDED,CUSTOMER,1,CUSTOMER,"{'RETRY_NOW': 0.23149598217034387, 'RETRY_LATER': 0.39729078412936436, 'SWITCH_METHOD': 0.5018370969046726, 'SEND_NOTIFICATION': 0.5653967295412555, 'STOP': 0.09408764605711135}",SEND_NOTIFICATION,547.8694309254766,SUCCESS,969.0,,1
PAY_003344,3032,AUTHENTICATION_FAILED,CUSTOMER,0,CUSTOMER,"{'RETRY_NOW': 0.3701544657660245, 'RETRY_LATER': 0.5150705684185359, 'SWITCH_METHOD': 0.441005734935916, 'SEND_NOTIFICATION': 0.6201702114790499, 'STOP': 0.11773814545150076}",SEND_NOTIFICATION,1880.3560812044793,FAILED,0.0,,0
PAY_003344,3032,AUTHENTICATION_FAILED,CUSTOMER,1,CUSTOMER,"{'RETRY_NOW': 0.3701544657660245, 'RETRY_LATER': 0.5150705684185359, 'SWITCH_METHOD': 0.441005734935916, 'SEND_NOTIFICATION': 0.6201702114790499, 'STOP': 0.11773814545150076}",SEND_NOTIFICATION,1880.3560812044793,SUCCESS,3032.0,,1
PAY_007405,2209,INSUFFICIENT_FUNDS,CUSTOMER,0,CUSTOMER,"{'RETRY_NOW': 0.197970589242154, 'RETRY_LATER': 0.4510106641070189, 'SWITCH_METHOD': 0.5935190086034701, 'SEND_NOTIFICATION': 0.7247901993565987, 'STOP': 0.06085302969682901}",SEND_NOTIFICATION,1601.0615503787267,SUCCESS,2209.0,,0
PAY_003673,306,BANK_TIMEOUT,TEMPORARY,0,TEMPORARY,"{'RETRY_NOW': 0.5323204137945562, 'RETRY_LATER': 0.812883629824283, 'SWITCH_METHOD': 0.6018037168226269, 'SEND_NOTIFICATION': 0.19294361318564832, 'STOP': 0.000995248514644387}",RETRY_LATER,248.74239072623058,SUCCESS,306.0,,0
PAY_000560,1284,INVALID_ACCOUNT,HARD,0,HARD,"{'RETRY_NOW': 0.035731008923985265, 'RETRY_LATER': 0.04563589784289463, 'SWITCH_METHOD': 0.10840659824066162, 'SEND_NOTIFICATION': 0.14022871180402882, 'STOP': 0.99}",SEND_NOTIFICATION,180.053665956373,FAILED,0.0,,0
PAY_000560,1284,INVALID_ACCOUNT,HARD,1,HARD,"{'RETRY_NOW': 0.035731008923985265, 'RETRY_LATER': 0.04563589784289463, 'SWITCH_METHOD': 0.10840659824066162, 'SEND_NOTIFICATION': 0.14022871180402882, 'STOP': 0.99}",SEND_NOTIFICATION,180.053665956373,SUCCESS,1284.0,,1
PAY_005238,1672,CUSTOMER_DECLINED,HARD,0,HARD,"{'RETRY_NOW': 0.034020745539629506, 'RETRY_LATER': 0.033982919319889046, 'SWITCH_METHOD': 0.05495168116422814, 'SEND_NOTIFICATION': 0.07525306822086664, 'STOP': 0.9899316479170415}",SEND_NOTIFICATION,125.82313006528902,FAILED,0.0,,0
PAY_005238,1672,CUSTOMER_DECLINED,HARD,1,HARD,"{'RETRY_NOW': 0.034020745539629506, 'RETRY_LATER': 0.033982919319889046, 'SWITCH_METHOD': 0.05495168116422814, 'SEND_NOTIFICATION': 0.07525306822086664, 'STOP': 0.9899316479170415}",SEND_NOTIFICATION,125.82313006528902,FAILED,0.0,,1
PAY_005238,1672,CUSTOMER_DECLINED,HARD,2,HARD,{},STOP,0.0,STOPPED,0.0,MAX_RETRIES_REACHED,2
PAY_007806,506,UPI_TECHNICAL_ERROR,TEMPORARY,0,TEMPORARY,"{'RETRY_NOW': 0.5046469370816181, 'RETRY_LATER': 0.7826900958272864, 'SWITCH_METHOD': 0.6484045092768476, 'SEND_NOTIFICATION': 0.17341423591776123, 'STOP': 0.0015014239530806903}",RETRY_LATER,396.04118848860696,SUCCESS,506.0,,0
PAY_000513,7824,CARD_EXPIRED,CUSTOMER,0,CUSTOMER,"{'RETRY_NOW': 0.11626129117406157, 'RETRY_LATER': 0.15027070066274154, 'SWITCH_METHOD': 0.5730906300775256, 'SEND_NOTIFICATION': 0.6795315977768597, 'STOP': 0.180717152264653}",SEND_NOTIFICATION,5316.65522100615,SUCCESS,7824.0,,0
PAY_001082,105,BANK_TIMEOUT,TEMPORARY,0,TEMPORARY,"{'RETRY_NOW': 0.5780061904791973, 'RETRY_LATER': 0.8531322867174927, 'SWITCH_METHOD': 0.6423667953759395, 'SEND_NOTIFICATION': 0.23106464820244738, 'STOP': 0.03150091080640833}",RETRY_LATER,89.57889010533674,SUCCESS,105.0,,0
PAY_001665,1203,INSUFFICIENT_FUNDS,CUSTOMER,0,CUSTOMER,"{'RETRY_NOW': 0.20411219368751476, 'RETRY_LATER': 0.46544286738347806, 'SWITCH_METHOD': 0.600484425316945, 'SEND_NOTIFICATION': 0.7352405937084365, 'STOP': 0.07181202829276298}",SEND_NOTIFICATION,884.4944342312491,SUCCESS,1203.0,,0
PAY_009205,3486,GATEWAY_TIMEOUT,TEMPORARY,0,TEMPORARY,"{'RETRY_NOW': 0.5678124168493498, 'RETRY_LATER': 0.8420809215598802, 'SWITCH_METHOD': 0.6405301277060621, 'SEND_NOTIFICATION': 0.21648355678696243, 'STOP': 0.04073687691609079}",RETRY_LATER,2935.4940925577425,SUCCESS,3486.0,,0
PAY_001932,783,INSUFFICIENT_FUNDS,CUSTOMER,0,CUSTOMER,"{'RETRY_NOW': 0.20356664227828297, 'RETRY_LATER': 0.4711957501405762, 'SWITCH_METHOD': 0.6060141885505025, 'SEND_NOTIFICATION': 0.7374314275118824, 'STOP': 0.07240685230195118}",SEND_NOTIFICATION,577.4088077418039,SUCCESS,783.0,,0
PAY_009667,690,LIMIT_EXCEEDED,CUSTOMER,0,CUSTOMER,"{'RETRY_NOW': 0.23964704912377613, 'RETRY_LATER': 0.41253565855793545, 'SWITCH_METHOD': 0.512436513573263, 'SEND_NOTIFICATION': 0.5950580104878127, 'STOP': 0.11119355804928448}",SEND_NOTIFICATION,410.59002723659074,FAILED,0.0,,0
PAY_009667,690,LIMIT_EXCEEDED,CUSTOMER,1,CUSTOMER,"{'RETRY_NOW': 0.23964704912377613, 'RETRY_LATER': 0.41253565855793545, 'SWITCH_METHOD': 0.512436513573263, 'SEND_NOTIFICATION': 0.5950580104878127, 'STOP': 0.11119355804928448}",SEND_NOTIFICATION,410.59002723659074,SUCCESS,690.0,,1
PAY_001151,458,NETWORK_ERROR,TEMPORARY,0,TEMPORARY,"{'RETRY_NOW': 0.5054795460670634, 'RETRY_LATER': 0.777498176691792, 'SWITCH_METHOD': 0.6074782110423097, 'SEND_NOTIFICATION': 0.17509896148576348, 'STOP': 0.026959419091106104}",RETRY_LATER,356.09416492484075,SUCCESS,458.0,,0
PAY_002839,1435,BANK_TIMEOUT,TEMPORARY,0,TEMPORARY,"{'RETRY_NOW': 0.5696330875458853, 'RETRY_LATER': 0.835896994338851, 'SWITCH_METHOD': 0.6267842313168004, 'SEND_NOTIFICATION': 0.21369597636977036, 'STOP': 0.016458093859235613}",RETRY_LATER,1199.5121868762512,SUCCESS,1435.0,,0
PAY_005950,3273,BANK_TIMEOUT,TEMPORARY,0,TEMPORARY,"{'RETRY_NOW': 0.5619233506293959, 'RETRY_LATER': 0.8317783806614386, 'SWITCH_METHOD': 0.6203312138735437, 'SEND_NOTIFICATION': 0.21437534612107462, 'STOP': 0.011986612676497995}",RETRY_LATER,2722.4106399048887,SUCCESS,3273.0,,0
PAY_008309,917,CUSTOMER_DECLINED,HARD,0,HARD,"{'RETRY_NOW': 0.041521252515001314, 'RETRY_LATER': 0.040508838984584385, 'SWITCH_METHOD': 0.062424294731084774, 'SEND_NOTIFICATION': 0.08023005425611883, 'STOP': 0.99}",SEND_NOTIFICATION,73.57095975286097,FAILED,0.0,,0
PAY_008309,917,CUSTOMER_DECLINED,HARD,1,HARD,"{'RETRY_NOW': 0.041521252515001314, 'RETRY_LATER': 0.040508838984584385, 'SWITCH_METHOD': 0.062424294731084774, 'SEND_NOTIFICATION': 0.08023005425611883, 'STOP': 0.99}",SEND_NOTIFICATION,73.57095975286097,FAILED,0.0,,1
PAY_008309,917,CUSTOMER_DECLINED,HARD,2,HARD,{},STOP,0.0,STOPPED,0.0,MAX_RETRIES_REACHED,2
PAY_008933,310,GATEWAY_TIMEOUT,TEMPORARY,0,TEMPORARY,"{'RETRY_NOW': 0.520691214629535, 'RETRY_LATER': 0.8128600510369736, 'SWITCH_METHOD': 0.6158816154787332, 'SEND_NOTIFICATION': 0.20352296249321322, 'STOP': 0.015124849618930822}",RETRY_LATER,251.9866158214618,SUCCESS,310.0,,0
PAY_009789,432,BANK_TIMEOUT,TEMPORARY,0,TEMPORARY,"{'RETRY_NOW': 0.5849013246583841, 'RETRY_LATER': 0.8531274506320325, 'SWITCH_METHOD': 0.642861702039728, 'SEND_NOTIFICATION': 0.23214446660573096, 'STOP': 0.03285377588910976}",RETRY_LATER,368.5510586730381,SUCCESS,432.0,,0
PAY_005178,666,UPI_TECHNICAL_ERROR,TEMPORARY,0,TEMPORARY,"{'RETRY_NOW': 0.5455010328876692, 'RETRY_LATER': 0.8171325756822032, 'SWITCH_METHOD': 0.6837077123239577, 'SEND_NOTIFICATION': 0.20463748248544902, 'STOP': 0.03734809244542424}",RETRY_LATER,544.2102954043473,SUCCESS,666.0,,0
PAY_000831,671,NETWORK_ERROR,TEMPORARY,0,TEMPORARY,"{'RETRY_NOW': 0.5104112320238245, 'RETRY_LATER': 0.780490393412274, 'SWITCH_METHOD': 0.613549437274326, 'SEND_NOTIFICATION': 0.1802729433713542, 'STOP': 0.02991079406841157}",RETRY_LATER,523.7090539796359,SUCCESS,671.0,,0
PAY_008312,398,INSUFFICIENT_FUNDS,CUSTOMER,0,CUSTOMER,"{'RETRY_NOW': 0.2021202347325381, 'RETRY_LATER': 0.44094827234725265, 'SWITCH_METHOD': 0.5827915694581012, 'SEND_NOTIFICATION': 0.7158686598458089, 'STOP': 0.058116784963516535}",SEND_NOTIFICATION,284.91572661863194,SUCCESS,398.0,,0
PAY_004753,246,INSUFFICIENT_FUNDS,CUSTOMER,0,CUSTOMER,"{'RETRY_NOW': 0.21012230934509168, 'RETRY_LATER': 0.47112042802820936, 'SWITCH_METHOD': 0.6070717354180725, 'SEND_NOTIFICATION': 0.7428422221283849, 'STOP': 0.07336239956135257}",SEND_NOTIFICATION,182.73918664358268,SUCCESS,246.0,,0
PAY_009851,2002,UPI_TECHNICAL_ERROR,TEMPORARY,0,TEMPORARY,"{'RETRY_NOW': 0.5224085658861238, 'RETRY_LATER': 0.8073742093046153, 'SWITCH_METHOD': 0.6780683088771787, 'SEND_NOTIFICATION': 0.20007465488102727, 'STOP': 0.02895635323938477}",RETRY_LATER,1616.3631670278398,FAILED,0.0,,0
PAY_009851,2002,UPI_TECHNICAL_ERROR,TEMPORARY,1,TEMPORARY,"{'RETRY_NOW': 0.5224085658861238, 'RETRY_LATER': 0.8073742093046153, 'SWITCH_METHOD': 0.6780683088771787, 'SEND_NOTIFICATION': 0.20007465488102727, 'STOP': 0.02895635323938477}",RETRY_LATER,1616.3631670278398,SUCCESS,2002.0,,1
PAY_000636,463,BANK_TIMEOUT,TEMPORARY,0,TEMPORARY,"{'RETRY_NOW': 0.5626807146146182, 'RETRY_LATER': 0.8316267105950554, 'SWITCH_METHOD': 0.6220347063747707, 'SEND_NOTIFICATION': 0.21537464425590355, 'STOP': 0.013502318171210387}",RETRY_LATER,385.04316700551067,SUCCESS,463.0,,0
PAY_004466,3323,LIMIT_EXCEEDED,CUSTOMER,0,CUSTOMER,"{'RETRY_NOW': 0.22368985061017002, 'RETRY_LATER': 0.38408640103535663, 'SWITCH_METHOD': 0.48522350506954515, 'SEND_NOTIFICATION': 0.5547963711194522, 'STOP': 0.08461992333160592}",SEND_NOTIFICATION,1843.5883412299397,FAILED,0.0,,0
PAY_004466,3323,LIMIT_EXCEEDED,CUSTOMER,1,CUSTOMER,"{'RETRY_NOW': 0.22368985061017002, 'RETRY_LATER': 0.38408640103535663, 'SWITCH_METHOD': 0.48522350506954515, 'SEND_NOTIFICATION': 0.5547963711194522, 'STOP': 0.08461992333160592}",SEND_NOTIFICATION,1843.5883412299397,FAILED,0.0,,1
PAY_004466,3323,LIMIT_EXCEEDED,CUSTOMER,2,CUSTOMER,{},STOP,0.0,STOPPED,0.0,MAX_RETRIES_REACHED,2
PAY_006800,354,BANK_TIMEOUT,TEMPORARY,0,TEMPORARY,"{'RETRY_NOW': 0.5737249575298882, 'RETRY_LATER': 0.8364737912659488, 'SWITCH_METHOD': 0.6291498179397597, 'SEND_NOTIFICATION': 0.21721758805919064, 'STOP': 0.018052695820066345}",RETRY_LATER,296.1117221081459,FAILED,0.0,,0
PAY_006800,354,BANK_TIMEOUT,TEMPORARY,1,TEMPORARY,"{'RETRY_NOW': 0.5737249575298882, 'RETRY_LATER': 0.8364737912659488, 'SWITCH_METHOD': 0.6291498179397597, 'SEND_NOTIFICATION': 0.21721758805919064, 'STOP': 0.018052695820066345}",RETRY_LATER,296.1117221081459,SUCCESS,354.0,,1
PAY_007988,313,INSUFFICIENT_FUNDS,CUSTOMER,0,CUSTOMER,"{'RETRY_NOW': 0.19989743716049668, 'RETRY_LATER': 0.47925585901406426, 'SWITCH_METHOD': 0.6137040427668068, 'SEND_NOTIFICATION': 0.7416480321062215, 'STOP': 0.07427705786704658}",SEND_NOTIFICATION,232.13583404924734,SUCCESS,313.0,,0
PAY_007080,1701,NETWORK_ERROR,TEMPORARY,0,TEMPORARY,"{'RETRY_NOW': 0.5088655520654068, 'RETRY_LATER': 0.774572953718274, 'SWITCH_METHOD': 0.6084189140120244, 'SEND_NOTIFICATION': 0.17400301069985225, 'STOP': 0.02553574004556391}",RETRY_LATER,1317.548594274784,FAILED,0.0,,0
PAY_007080,1701,NETWORK_ERROR,TEMPORARY,1,TEMPORARY,"{'RETRY_NOW': 0.5088655520654068, 'RETRY_LATER': 0.774572953718274, 'SWITCH_METHOD': 0.6084189140120244, 'SEND_NOTIFICATION': 0.17400301069985225, 'STOP': 0.02553574004556391}",RETRY_LATER,1317.548594274784,SUCCESS,1701.0,,1
PAY_006967,660,LIMIT_EXCEEDED,CUSTOMER,0,CUSTOMER,"{'RETRY_NOW': 0.24174034970290556, 'RETRY_LATER': 0.4123819489014801, 'SWITCH_METHOD': 0.5189925166223333, 'SEND_NOTIFICATION': 0.6071519827178382, 'STOP': 0.11845581391245219}",SEND_NOTIFICATION,400.7203085937732,FAILED,0.0,,0
PAY_006967,660,LIMIT_EXCEEDED,CUSTOMER,1,CUSTOMER,"{'RETRY_NOW': 0.24174034970290556, 'RETRY_LATER': 0.4123819489014801, 'SWITCH_METHOD': 0.5189925166223333, 'SEND_NOTIFICATION': 0.6071519827178382, 'STOP': 0.11845581391245219}",SEND_NOTIFICATION,400.7203085937732,FAILED,0.0,,1
PAY_006967,660,LIMIT_EXCEEDED,CUSTOMER,2,CUSTOMER,{},STOP,0.0,STOPPED,0.0,MAX_RETRIES_REACHED,2
PAY_004143,703,GATEWAY_TIMEOUT,TEMPORARY,0,TEMPORARY,"{'RETRY_NOW': 0.5233411097702672, 'RETRY_LATER': 0.8098308844171033, 'SWITCH_METHOD': 0.6107567989746907, 'SEND_NOTIFICATION': 0.19616430326267012, 'STOP': 0.010556356424544939}",RETRY_LATER,569.3111117452236,FAILED,0.0,,0
PAY_004143,703,GATEWAY_TIMEOUT,TEMPORARY,1,TEMPORARY,"{'RETRY_NOW': 0.5233411097702672, 'RETRY_LATER': 0.8098308844171033, 'SWITCH_METHOD': 0.6107567989746907, 'SEND_NOTIFICATION': 0.19616430326267012, 'STOP': 0.010556356424544939}",RETRY_LATER,569.3111117452236,SUCCESS,703.0,,1
PAY_007028,230,BANK_TIMEOUT,TEMPORARY,0,TEMPORARY,"{'RETRY_NOW': 0.5541429048333965, 'RETRY_LATER': 0.824683541980495, 'SWITCH_METHOD': 0.6142038341621717, 'SEND_NOTIFICATION': 0.2055844652133299, 'STOP': 0.004511347605105997}",RETRY_LATER,189.67721465551384,SUCCESS,230.0,,0
PAY_009184,793,INSUFFICIENT_FUNDS,CUSTOMER,0,CUSTOMER,"{'RETRY_NOW': 0.2021202347325381, 'RETRY_LATER': 0.44094827234725265, 'SWITCH_METHOD': 0.5827915694581012, 'SEND_NOTIFICATION': 0.7158686598458089, 'STOP': 0.058116784963516535}",SEND_NOTIFICATION,567.6838472577265,FAILED,0.0,,0
PAY_009184,793,INSUFFICIENT_FUNDS,CUSTOMER,1,CUSTOMER,"{'RETRY_NOW': 0.2021202347325381, 'RETRY_LATER': 0.44094827234725265, 'SWITCH_METHOD': 0.5827915694581012, 'SEND_NOTIFICATION': 0.7158686598458089, 'STOP': 0.058116784963516535}",SEND_NOTIFICATION,567.6838472577265,SUCCESS,793.0,,1
PAY_000877,1920,BANK_TIMEOUT,TEMPORARY,0,TEMPORARY,"{'RETRY_NOW': 0.5425673047595172, 'RETRY_LATER': 0.816514145572308, 'SWITCH_METHOD': 0.6048893803650258, 'SEND_NOTIFICATION': 0.19560720600371434, 'STOP': 0.0010033130325199104}",RETRY_LATER,1567.7071594988313,FAILED,0.0,,0
PAY_000877,1920,BANK_TIMEOUT,TEMPORARY,1,TEMPORARY,"{'RETRY_NOW': 0.5425673047595172, 'RETRY_LATER': 0.816514145572308, 'SWITCH_METHOD': 0.6048893803650258, 'SEND_NOTIFICATION': 0.19560720600371434, 'STOP': 0.0010033130325199104}",RETRY_LATER,1567.7071594988313,SUCCESS,1920.0,,1
PAY_004870,889,CUSTOMER_DECLINED,HARD,0,HARD,"{'RETRY_NOW': 0.016812390957775064, 'RETRY_LATER': 0.017464059980245063, 'SWITCH_METHOD': 0.03864770057687787, 'SEND_NOTIFICATION': 0.055687109175425506, 'STOP': 0.9896519971687068}",SEND_NOTIFICATION,49.505840056953275,FAILED,0.0,,0
PAY_004870,889,CUSTOMER_DECLINED,HARD,1,HARD,"{'RETRY_NOW': 0.016812390957775064, 'RETRY_LATER': 0.017464059980245063, 'SWITCH_METHOD': 0.03864770057687787, 'SEND_NOTIFICATION': 0.055687109175425506, 'STOP': 0.9896519971687068}",SEND_NOTIFICATION,49.505840056953275,FAILED,0.0,,1
PAY_004870,889,CUSTOMER_DECLINED,HARD,2,HARD,{},STOP,0.0,STOPPED,0.0,MAX_RETRIES_REACHED,2
PAY_005316,832,BANK_TIMEOUT,TEMPORARY,0,TEMPORARY,"{'RETRY_NOW': 0.5737249575298882, 'RETRY_LATER': 0.8385408547895308, 'SWITCH_METHOD': 0.6291498179397597, 'SEND_NOTIFICATION': 0.21721758805919064, 'STOP': 0.019306697773583903}",RETRY_LATER,697.6659911848897,SUCCESS,832.0,,0
PAY_005223,253,CARD_EXPIRED,CUSTOMER,0,CUSTOMER,"{'RETRY_NOW': 0.11593301561405536, 'RETRY_LATER': 0.14714202917018462, 'SWITCH_METHOD': 0.5736577117172679, 'SEND_NOTIFICATION': 0.6750400303947381, 'STOP': 0.17448562564415004}",SEND_NOTIFICATION,170.78512768986874,FAILED,0.0,,0
PAY_005223,253,CARD_EXPIRED,CUSTOMER,1,CUSTOMER,"{'RETRY_NOW': 0.11593301561405536, 'RETRY_LATER': 0.14714202917018462, 'SWITCH_METHOD': 0.5736577117172679, 'SEND_NOTIFICATION': 0.6750400303947381, 'STOP': 0.17448562564415004}",SEND_NOTIFICATION,170.78512768986874,FAILED,0.0,,1
PAY_005223,253,CARD_EXPIRED,CUSTOMER,2,CUSTOMER,{},STOP,0.0,STOPPED,0.0,MAX_RETRIES_REACHED,2
PAY_000005,1945,NETWORK_ERROR,TEMPORARY,0,TEMPORARY,"{'RETRY_NOW': 0.48258423217616997, 'RETRY_LATER': 0.7495723179980411, 'SWITCH_METHOD': 0.5850717433246501, 'SEND_NOTIFICATION': 0.15477973980462267, 'STOP': 0.0030059211935449174}",RETRY_LATER,1457.91815850619,SUCCESS,1945.0,,0
PAY_003052,517,BANK_TIMEOUT,TEMPORARY,0,TEMPORARY,"{'RETRY_NOW': 0.5737249575298882, 'RETRY_LATER': 0.8364737912659488, 'SWITCH_METHOD': 0.6291498179397597, 'SEND_NOTIFICATION': 0.21721758805919064, 'STOP': 0.018052695820066345}",RETRY_LATER,432.45695008449553,SUCCESS,517.0,,0
PAY_005692,1100,NETWORK_ERROR,TEMPORARY,0,TEMPORARY,"{'RETRY_NOW': 0.48450835719444374, 'RETRY_LATER': 0.7503370320842248, 'SWITCH_METHOD': 0.5812160405866459, 'SEND_NOTIFICATION': 0.15099695051578071, 'STOP': 0.0014826507301231035}",RETRY_LATER,825.3707352926473,SUCCESS,1100.0,,0
PAY_003125,158,BANK_TIMEOUT,TEMPORARY,0,TEMPORARY,"{'RETRY_NOW': 0.5981938659550141, 'RETRY_LATER': 0.8606533613726849, 'SWITCH_METHOD': 0.6525013149595621, 'SEND_NOTIFICATION': 0.2393151524287, 'STOP': 0.04188179156783071}",RETRY_LATER,135.98323109688423,SUCCESS,158.0,,0
PAY_002492,530,BANK_TIMEOUT,TEMPORARY,0,TEMPORARY,"{'RETRY_NOW': 0.5952818958789751, 'RETRY_LATER': 0.8610823193701427, 'SWITCH_METHOD': 0.6473974870381346, 'SEND_NOTIFICATION': 0.23147324891947793, 'STOP': 0.03890199578260285}",RETRY_LATER,456.3736292661756,SUCCESS,530.0,,0
PAY_003855,1475,BLOCKED_METHOD,HARD,0,HARD,"{'RETRY_NOW': 0.06680335513856037, 'RETRY_LATER': 0.0773723220625119, 'SWITCH_METHOD': 0.18911784864621387, 'SEND_NOTIFICATION': 0.21970635454658285, 'STOP': 0.9876827482553249}",SEND_NOTIFICATION,324.0668729562097,FAILED,0.0,,0
PAY_003855,1475,BLOCKED_METHOD,HARD,1,HARD,"{'RETRY_NOW': 0.06680335513856037, 'RETRY_LATER': 0.0773723220625119, 'SWITCH_METHOD': 0.18911784864621387, 'SEND_NOTIFICATION': 0.21970635454658285, 'STOP': 0.9876827482553249}",SEND_NOTIFICATION,324.0668729562097,FAILED,0.0,,1
PAY_003855,1475,BLOCKED_METHOD,HARD,2,HARD,{},STOP,0.0,STOPPED,0.0,MAX_RETRIES_REACHED,2
PAY_004778,465,CARD_EXPIRED,CUSTOMER,0,CUSTOMER,"{'RETRY_NOW': 0.11593301561405536, 'RETRY_LATER': 0.14714202917018462, 'SWITCH_METHOD': 0.5736577117172679, 'SEND_NOTIFICATION': 0.6750400303947381, 'STOP': 0.17448562564415004}",SEND_NOTIFICATION,313.8936141335532,SUCCESS,465.0,,0
PAY_007510,3499,GATEWAY_TIMEOUT,TEMPORARY,0,TEMPORARY,"{'RETRY_NOW': 0.5473522484779172, 'RETRY_LATER': 0.829190486344726, 'SWITCH_METHOD': 0.6321837335805042, 'SEND_NOTIFICATION': 0.2111091763534946, 'STOP': 0.030237132534999826}",RETRY_LATER,2901.3375117201963,SUCCESS,3499.0,,0
PAY_006458,1550,UPI_TECHNICAL_ERROR,TEMPORARY,0,TEMPORARY,"{'RETRY_NOW': 0.5003982997132768, 'RETRY_LATER': 0.7870663216095729, 'SWITCH_METHOD': 0.6529454084847301, 'SEND_NOTIFICATION': 0.18023350212997166, 'STOP': 0.0060276568853919665}",RETRY_LATER,1219.952798494838,SUCCESS,1550.0,,0
PAY_006294,523,BANK_TIMEOUT,TEMPORARY,0,TEMPORARY,"{'RETRY_NOW': 0.5522664395398048, 'RETRY_LATER': 0.8211778010468687, 'SWITCH_METHOD': 0.610289564634102, 'SEND_NOTIFICATION': 0.19976126462287397, 'STOP': 0.0014956926438394061}",RETRY_LATER,429.4759899475123,SUCCESS,523.0,,0
PAY_001149,851,INSUFFICIENT_FUNDS,CUSTOMER,0,CUSTOMER,"{'RETRY_NOW': 0.19989743716049668, 'RETRY_LATER': 0.47925585901406426, 'SWITCH_METHOD': 0.6137040427668068, 'SEND_NOTIFICATION': 0.7416480321062215, 'STOP': 0.07427705786704658}",SEND_NOTIFICATION,631.1424753223945,SUCCESS,851.0,,0
PAY_000575,270,AUTHENTICATION_FAILED,CUSTOMER,0,CUSTOMER,"{'RETRY_NOW': 0.3789144377339673, 'RETRY_LATER': 0.5369607102023809, 'SWITCH_METHOD': 0.45859615843136947, 'SEND_NOTIFICATION': 0.6441859681875332, 'STOP': 0.13763549419145016}",SEND_NOTIFICATION,173.93021141063394,FAILED,0.0,,0
PAY_000575,270,AUTHENTICATION_FAILED,CUSTOMER,1,CUSTOMER,"{'RETRY_NOW': 0.3789144377339673, 'RETRY_LATER': 0.5369607102023809, 'SWITCH_METHOD': 0.45859615843136947, 'SEND_NOTIFICATION': 0.6441859681875332, 'STOP': 0.13763549419145016}",SEND_NOTIFICATION,173.93021141063394,FAILED,0.0,,1
PAY_000575,270,AUTHENTICATION_FAILED,CUSTOMER,2,CUSTOMER,{},STOP,0.0,STOPPED,0.0,MAX_RETRIES_REACHED,2
PAY_003770,2797,BANK_TIMEOUT,TEMPORARY,0,TEMPORARY,"{'RETRY_NOW': 0.5916354398295579, 'RETRY_LATER': 0.8553086511216905, 'SWITCH_METHOD': 0.6429611314217215, 'SEND_NOTIFICATION': 0.23301664035205327, 'STOP': 0.034585301590541226}",RETRY_LATER,2392.2982971873685,SUCCESS,2797.0,,0
PAY_004147,582,UPI_TECHNICAL_ERROR,TEMPORARY,0,TEMPORARY,"{'RETRY_NOW': 0.5321745423753039, 'RETRY_LATER': 0.8112845288022631, 'SWITCH_METHOD': 0.6796290536521106, 'SEND_NOTIFICATION': 0.2027659968943511, 'STOP': 0.03158426447223368}",RETRY_LATER,472.16759576291713,FAILED,0.0,,0
PAY_004147,582,UPI_TECHNICAL_ERROR,TEMPORARY,1,TEMPORARY,"{'RETRY_NOW': 0.5321745423753039, 'RETRY_LATER': 0.8112845288022631, 'SWITCH_METHOD': 0.6796290536521106, 'SEND_NOTIFICATION': 0.2027659968943511, 'STOP': 0.03158426447223368}",RETRY_LATER,472.16759576291713,SUCCESS,582.0,,1
PAY_000854,1460,CARD_EXPIRED,CUSTOMER,0,CUSTOMER,"{'RETRY_NOW': 0.08053258811839041, 'RETRY_LATER': 0.11750880427626711, 'SWITCH_METHOD': 0.541743383370896, 'SEND_NOTIFICATION': 0.6407707207039396, 'STOP': 0.14005164759829278}",SEND_NOTIFICATION,935.5252522277518,SUCCESS,1460.0,,0
PAY_005920,292,NETWORK_ERROR,TEMPORARY,0,TEMPORARY,"{'RETRY_NOW': 0.5288730073189586, 'RETRY_LATER': 0.7942130966294413, 'SWITCH_METHOD': 0.6214079911542477, 'SEND_NOTIFICATION': 0.18957182359764252, 'STOP': 0.04341682454902593}",RETRY_LATER,231.91022421579686,SUCCESS,292.0,,0
PAY_009359,582,BANK_TIMEOUT,TEMPORARY,0,TEMPORARY,"{'RETRY_NOW': 0.5737249575298882, 'RETRY_LATER': 0.8385408547895308, 'SWITCH_METHOD': 0.6291498179397597, 'SEND_NOTIFICATION': 0.21721758805919064, 'STOP': 0.019306697773583903}",RETRY_LATER,488.0307774875069,SUCCESS,582.0,,0
PAY_006615,2507,BANK_TIMEOUT,TEMPORARY,0,TEMPORARY,"{'RETRY_NOW': 0.5696330875458853, 'RETRY_LATER': 0.835896994338851, 'SWITCH_METHOD': 0.6267842313168004, 'SEND_NOTIFICATION': 0.21369597636977036, 'STOP': 0.016458093859235613}",RETRY_LATER,2095.5937648074996,FAILED,0.0,,0
PAY_006615,2507,BANK_TIMEOUT,TEMPORARY,1,TEMPORARY,"{'RETRY_NOW': 0.5696330875458853, 'RETRY_LATER': 0.835896994338851, 'SWITCH_METHOD': 0.6267842313168004, 'SEND_NOTIFICATION': 0.21369597636977036, 'STOP': 0.016458093859235613}",RETRY_LATER,2095.5937648074996,SUCCESS,2507.0,,1
PAY_006003,557,BANK_TIMEOUT,TEMPORARY,0,TEMPORARY,"{'RETRY_NOW': 0.5323204137945562, 'RETRY_LATER': 0.812883629824283, 'SWITCH_METHOD': 0.6018037168226269, 'SEND_NOTIFICATION': 0.19294361318564832, 'STOP': 0.000995248514644387}",RETRY_LATER,452.7761818121256,SUCCESS,557.0,,0
PAY_009164,743,GATEWAY_TIMEOUT,TEMPORARY,0,TEMPORARY,"{'RETRY_NOW': 0.5677304295722985, 'RETRY_LATER': 0.8440388405112508, 'SWITCH_METHOD': 0.6442872333247875, 'SEND_NOTIFICATION': 0.21869849130503174, 'STOP': 0.04348779568859494}",RETRY_LATER,627.1208584998593,SUCCESS,743.0,,0
PAY_004496,658,CARD_EXPIRED,CUSTOMER,0,CUSTOMER,"{'RETRY_NOW': 0.09419860839894821, 'RETRY_LATER': 0.14126562099955234, 'SWITCH_METHOD': 0.5694507647841095, 'SEND_NOTIFICATION': 0.6499303150480881, 'STOP': 0.16509484816430678}",SEND_NOTIFICATION,427.65414730164196,FAILED,0.0,,0
PAY_004496,658,CARD_EXPIRED,CUSTOMER,1,CUSTOMER,"{'RETRY_NOW': 0.09419860839894821, 'RETRY_LATER': 0.14126562099955234, 'SWITCH_METHOD': 0.5694507647841095, 'SEND_NOTIFICATION': 0.6499303150480881, 'STOP': 0.16509484816430678}",SEND_NOTIFICATION,427.65414730164196,SUCCESS,658.0,,1
PAY_008174,1958,BLOCKED_METHOD,HARD,0,HARD,"{'RETRY_NOW': 0.06034310040378024, 'RETRY_LATER': 0.06847549752173968, 'SWITCH_METHOD': 0.17890683916412664, 'SEND_NOTIFICATION': 0.2090992140153797, 'STOP': 0.9784708553261284}",SEND_NOTIFICATION,409.41626104211343,FAILED,0.0,,0
PAY_008174,1958,BLOCKED_METHOD,HARD,1,HARD,"{'RETRY_NOW': 0.06034310040378024, 'RETRY_LATER': 0.06847549752173968, 'SWITCH_METHOD': 0.17890683916412664, 'SEND_NOTIFICATION': 0.2090992140153797, 'STOP': 0.9784708553261284}",SEND_NOTIFICATION,409.41626104211343,FAILED,0.0,,1
PAY_008174,1958,BLOCKED_METHOD,HARD,2,HARD,{},STOP,0.0,STOPPED,0.0,MAX_RETRIES_REACHED,2
PAY_006656,968,INSUFFICIENT_FUNDS,CUSTOMER,0,CUSTOMER,"{'RETRY_NOW': 0.19989743716049668, 'RETRY_LATER': 0.47925585901406426, 'SWITCH_METHOD': 0.6137040427668068, 'SEND_NOTIFICATION': 0.7416480321062215, 'STOP': 0.07427705786704658}",SEND_NOTIFICATION,717.9152950788225,SUCCESS,968.0,,0
PAY_002369,273,UPI_TECHNICAL_ERROR,TEMPORARY,0,TEMPORARY,"{'RETRY_NOW': 0.5421882715011785, 'RETRY_LATER': 0.8147725433277231, 'SWITCH_METHOD': 0.6833584418077688, 'SEND_NOTIFICATION': 0.20544601263058776, 'STOP': 0.035624752875046115}",RETRY_LATER,222.4329043284684,SUCCESS,273.0,,0
PAY_004781,2612,BANK_TIMEOUT,TEMPORARY,0,TEMPORARY,"{'RETRY_NOW': 0.5901690544587485, 'RETRY_LATER': 0.8572548944418964, 'SWITCH_METHOD': 0.6445748920528869, 'SEND_NOTIFICATION': 0.23419297675421302, 'STOP': 0.035799839628748165}",RETRY_LATER,2239.149784282233,SUCCESS,2612.0,,0
PAY_007993,448,NETWORK_ERROR,TEMPORARY,0,TEMPORARY,"{'RETRY_NOW': 0.5150670983368959, 'RETRY_LATER': 0.7842063232446957, 'SWITCH_METHOD': 0.6120497232353374, 'SEND_NOTIFICATION': 0.18082735999393668, 'STOP': 0.032681559546687576}",RETRY_LATER,351.3244328136237,FAILED,0.0,,0
PAY_007993,448,NETWORK_ERROR,TEMPORARY,1,TEMPORARY,"{'RETRY_NOW': 0.5150670983368959, 'RETRY_LATER': 0.7842063232446957, 'SWITCH_METHOD': 0.6120497232353374, 'SEND_NOTIFICATION': 0.18082735999393668, 'STOP': 0.032681559546687576}",RETRY_LATER,351.3244328136237,SUCCESS,448.0,,1
PAY_002951,255,BANK_TIMEOUT,TEMPORARY,0,TEMPORARY,"{'RETRY_NOW': 0.5981938659550141, 'RETRY_LATER': 0.8606533613726849, 'SWITCH_METHOD': 0.6525013149595621, 'SEND_NOTIFICATION': 0.2393151524287, 'STOP': 0.04188179156783071}",RETRY_LATER,219.46660715003463,SUCCESS,255.0,,0
PAY_005626,167,INVALID_ACCOUNT,HARD,0,HARD,"{'RETRY_NOW': 0.057450923424240935, 'RETRY_LATER': 0.06758696274244062, 'SWITCH_METHOD': 0.1395510657713747, 'SEND_NOTIFICATION': 0.15697633009352216, 'STOP': 0.99}",SWITCH_METHOD,23.305027983819574,FAILED,0.0,,0
PAY_005626,167,INVALID_ACCOUNT,HARD,1,HARD,"{'RETRY_NOW': 0.057450923424240935, 'RETRY_LATER': 0.06758696274244062, 'SWITCH_METHOD': 0.1395510657713747, 'SEND_NOTIFICATION': 0.15697633009352216, 'STOP': 0.99}",SWITCH_METHOD,23.305027983819574,FAILED,0.0,,1
PAY_005626,167,INVALID_ACCOUNT,HARD,2,HARD,{},STOP,0.0,STOPPED,0.0,MAX_RETRIES_REACHED,2
PAY_006972,1020,INSUFFICIENT_FUNDS,CUSTOMER,0,CUSTOMER,"{'RETRY_NOW': 0.20130392957610446, 'RETRY_LATER': 0.45841684084532897, 'SWITCH_METHOD': 0.5961791660844497, 'SEND_NOTIFICATION': 0.7268607316986306, 'STOP': 0.06617957106946074}",SEND_NOTIFICATION,741.3979463326033,FAILED,0.0,,0
PAY_006972,1020,INSUFFICIENT_FUNDS,CUSTOMER,1,CUSTOMER,"{'RETRY_NOW': 0.20130392957610446, 'RETRY_LATER': 0.45841684084532897, 'SWITCH_METHOD': 0.5961791660844497, 'SEND_NOTIFICATION': 0.7268607316986306, 'STOP': 0.06617957106946074}",SEND_NOTIFICATION,741.3979463326033,SUCCESS,1020.0,,1
PAY_008717,150,INSUFFICIENT_FUNDS,CUSTOMER,0,CUSTOMER,"{'RETRY_NOW': 0.20485022348877158, 'RETRY_LATER': 0.4608565036895651, 'SWITCH_METHOD': 0.598541721968187, 'SEND_NOTIFICATION': 0.7312700717928297, 'STOP': 0.06851587697489009}",SEND_NOTIFICATION,109.69051076892445,SUCCESS,150.0,,0
PAY_001842,1515,BANK_TIMEOUT,TEMPORARY,0,TEMPORARY,"{'RETRY_NOW': 0.5485501018429818, 'RETRY_LATER': 0.8278252880358226, 'SWITCH_METHOD': 0.6160730048575507, 'SEND_NOTIFICATION': 0.20748237964013003, 'STOP': 0.006008559936693242}",RETRY_LATER,1254.1553113742712,SUCCESS,1515.0,,0
PAY_005987,502,BANK_TIMEOUT,TEMPORARY,0,TEMPORARY,"{'RETRY_NOW': 0.5558028337849814, 'RETRY_LATER': 0.8283451071729658, 'SWITCH_METHOD': 0.6175410298628353, 'SEND_NOTIFICATION': 0.21025288980905013, 'STOP': 0.009006052388608863}",RETRY_LATER,415.82924380082886,SUCCESS,502.0,,0
PAY_000538,895,GATEWAY_TIMEOUT,TEMPORARY,0,TEMPORARY,"{'RETRY_NOW': 0.5549116096836801, 'RETRY_LATER': 0.8331497295597982, 'SWITCH_METHOD': 0.634412081128945, 'SEND_NOTIFICATION': 0.21557776860119088, 'STOP': 0.03480978054755394}",RETRY_LATER,745.6690079560193,SUCCESS,895.0,,0
PAY_002807,601,BANK_TIMEOUT,TEMPORARY,0,TEMPORARY,"{'RETRY_NOW': 0.5488020082010227, 'RETRY_LATER': 0.8184059591290519, 'SWITCH_METHOD': 0.6061635412405711, 'SEND_NOTIFICATION': 0.19677879444890053, 'STOP': 0.0010003633700457933}",RETRY_LATER,491.8619814365602,SUCCESS,601.0,,0
PAY_005802,1229,NETWORK_ERROR,TEMPORARY,0,TEMPORARY,"{'RETRY_NOW': 0.5123314089392572, 'RETRY_LATER': 0.782347352792562, 'SWITCH_METHOD': 0.6119970449271697, 'SEND_NOTIFICATION': 0.17975603288750108, 'STOP': 0.03135202348082933}",RETRY_LATER,961.5048965820587,SUCCESS,1229.0,,0
PAY_005597,589,INSUFFICIENT_FUNDS,CUSTOMER,0,CUSTOMER,"{'RETRY_NOW': 0.2114413363435414, 'RETRY_LATER': 0.4816979814539636, 'SWITCH_METHOD': 0.6221001594418847, 'SEND_NOTIFICATION': 0.7666209796116631, 'STOP': 0.08928416407013183}",SEND_NOTIFICATION,451.53975699126954,FAILED,0.0,,0
PAY_005597,589,INSUFFICIENT_FUNDS,CUSTOMER,1,CUSTOMER,"{'RETRY_NOW': 0.2114413363435414, 'RETRY_LATER': 0.4816979814539636, 'SWITCH_METHOD': 0.6221001594418847, 'SEND_NOTIFICATION': 0.7666209796116631, 'STOP': 0.08928416407013183}",SEND_NOTIFICATION,451.53975699126954,FAILED,0.0,,1
PAY_005597,589,INSUFFICIENT_FUNDS,CUSTOMER,2,CUSTOMER,{},STOP,0.0,STOPPED,0.0,MAX_RETRIES_REACHED,2
PAY_007207,1107,AUTHENTICATION_FAILED,CUSTOMER,0,CUSTOMER,"{'RETRY_NOW': 0.38072328717147785, 'RETRY_LATER': 0.5366708335203934, 'SWITCH_METHOD': 0.45530927547372113, 'SEND_NOTIFICATION': 0.6423831887173568, 'STOP': 0.1339604454418207}",SEND_NOTIFICATION,711.118189910114,FAILED,0.0,,0
PAY_007207,1107,AUTHENTICATION_FAILED,CUSTOMER,1,CUSTOMER,"{'RETRY_NOW': 0.38072328717147785, 'RETRY_LATER': 0.5366708335203934, 'SWITCH_METHOD': 0.45530927547372113, 'SEND_NOTIFICATION': 0.6423831887173568, 'STOP': 0.1339604454418207}",SEND_NOTIFICATION,711.118189910114,SUCCESS,1107.0,,1
PAY_007344,4135,LIMIT_EXCEEDED,CUSTOMER,0,CUSTOMER,"{'RETRY_NOW': 0.23323541217939237, 'RETRY_LATER': 0.3956921176590515, 'SWITCH_METHOD': 0.5001668567179068, 'SEND_NOTIFICATION': 0.5569747122842366, 'STOP': 0.09297751449736351}",SEND_NOTIFICATION,2303.090435295318,FAILED,0.0,,0
PAY_007344,4135,LIMIT_EXCEEDED,CUSTOMER,1,CUSTOMER,"{'RETRY_NOW': 0.23323541217939237, 'RETRY_LATER': 0.3956921176590515, 'SWITCH_METHOD': 0.5001668567179068, 'SEND_NOTIFICATION': 0.5569747122842366, 'STOP': 0.09297751449736351}",SEND_NOTIFICATION,2303.090435295318,SUCCESS,4135.0,,1
PAY_007561,1800,INVALID_ACCOUNT,HARD,0,HARD,"{'RETRY_NOW': 0.055416942970678215, 'RETRY_LATER': 0.06461536094760191, 'SWITCH_METHOD': 0.13380820185360473, 'SEND_NOTIFICATION': 0.15198059242575276, 'STOP': 0.99}",SEND_NOTIFICATION,273.565066366355,SUCCESS,1800.0,,0
PAY_008097,2184,GATEWAY_TIMEOUT,TEMPORARY,0,TEMPORARY,"{'RETRY_NOW': 0.5152412956239563, 'RETRY_LATER': 0.798492401585454, 'SWITCH_METHOD': 0.5927440570135984, 'SEND_NOTIFICATION': 0.17959297102110086, 'STOP': 0.0010147807837068252}",RETRY_LATER,1743.9074050626316,FAILED,0.0,,0
PAY_008097,2184,GATEWAY_TIMEOUT,TEMPORARY,1,TEMPORARY,"{'RETRY_NOW': 0.5152412956239563, 'RETRY_LATER': 0.798492401585454, 'SWITCH_METHOD': 0.5927440570135984, 'SEND_NOTIFICATION': 0.17959297102110086, 'STOP': 0.0010147807837068252}",RETRY_LATER,1743.9074050626316,SUCCESS,2184.0,,1
PAY_000785,1549,BANK_TIMEOUT,TEMPORARY,0,TEMPORARY,"{'RETRY_NOW': 0.5558028337849814, 'RETRY_LATER': 0.8283451071729658, 'SWITCH_METHOD': 0.6175410298628353, 'SEND_NOTIFICATION': 0.21025288980905013, 'STOP': 0.009006052388608863}",RETRY_LATER,1283.106571010924,SUCCESS,1549.0,,0
PAY_001410,313,NETWORK_ERROR,TEMPORARY,0,TEMPORARY,"{'RETRY_NOW': 0.5225671092245296, 'RETRY_LATER': 0.7936117291561596, 'SWITCH_METHOD': 0.6177186274678128, 'SEND_NOTIFICATION': 0.18647360764225457, 'STOP': 0.03885480004717468}",RETRY_LATER,248.40047122587796,SUCCESS,313.0,,0
PAY_000155,1334,GATEWAY_TIMEOUT,TEMPORARY,0,TEMPORARY,"{'RETRY_NOW': 0.5678124168493498, 'RETRY_LATER': 0.8420809215598802, 'SWITCH_METHOD': 0.6405301277060621, 'SEND_NOTIFICATION': 0.21648355678696243, 'STOP': 0.04073687691609079}",RETRY_LATER,1123.3359493608802,FAILED,0.0,,0
PAY_000155,1334,GATEWAY_TIMEOUT,TEMPORARY,1,TEMPORARY,"{'RETRY_NOW': 0.5678124168493498, 'RETRY_LATER': 0.8420809215598802, 'SWITCH_METHOD': 0.6405301277060621, 'SEND_NOTIFICATION': 0.21648355678696243, 'STOP': 0.04073687691609079}",RETRY_LATER,1123.3359493608802,SUCCESS,1334.0,,1
PAY_007807,1154,CARD_EXPIRED,CUSTOMER,0,CUSTOMER,"{'RETRY_NOW': 0.09419860839894821, 'RETRY_LATER': 0.14126562099955234, 'SWITCH_METHOD': 0.5694507647841095, 'SEND_NOTIFICATION': 0.6499303150480881, 'STOP': 0.16509484816430678}",SEND_NOTIFICATION,750.0195835654936,FAILED,0.0,,0
PAY_007807,1154,CARD_EXPIRED,CUSTOMER,1,CUSTOMER,"{'RETRY_NOW': 0.09419860839894821, 'RETRY_LATER': 0.14126562099955234, 'SWITCH_METHOD': 0.5694507647841095, 'SEND_NOTIFICATION': 0.6499303150480881, 'STOP': 0.16509484816430678}",SEND_NOTIFICATION,750.0195835654936,SUCCESS,1154.0,,1
PAY_003010,176,INSUFFICIENT_FUNDS,CUSTOMER,0,CUSTOMER,"{'RETRY_NOW': 0.20130392957610446, 'RETRY_LATER': 0.45841684084532897, 'SWITCH_METHOD': 0.5961791660844497, 'SEND_NOTIFICATION': 0.7268607316986306, 'STOP': 0.06617957106946074}",SEND_NOTIFICATION,127.92748877895899,FAILED,0.0,,0
PAY_003010,176,INSUFFICIENT_FUNDS,CUSTOMER,1,CUSTOMER,"{'RETRY_NOW': 0.20130392957610446, 'RETRY_LATER': 0.45841684084532897, 'SWITCH_METHOD': 0.5961791660844497, 'SEND_NOTIFICATION': 0.7268607316986306, 'STOP': 0.06617957106946074}",SEND_NOTIFICATION,127.92748877895899,SUCCESS,176.0,,1
PAY_001687,400,CARD_EXPIRED,CUSTOMER,0,CUSTOMER,"{'RETRY_NOW': 0.12195790930012544, 'RETRY_LATER': 0.16054982721496808, 'SWITCH_METHOD': 0.5894312132240509, 'SEND_NOTIFICATION': 0.691446738315662, 'STOP': 0.19420678815267853}",SEND_NOTIFICATION,276.5786953262648,FAILED,0.0,,0
PAY_001687,400,CARD_EXPIRED,CUSTOMER,1,CUSTOMER,"{'RETRY_NOW': 0.12195790930012544, 'RETRY_LATER': 0.16054982721496808, 'SWITCH_METHOD': 0.5894312132240509, 'SEND_NOTIFICATION': 0.691446738315662, 'STOP': 0.19420678815267853}",SEND_NOTIFICATION,276.5786953262648,SUCCESS,400.0,,1
PAY_004015,496,NETWORK_ERROR,TEMPORARY,0,TEMPORARY,"{'RETRY_NOW': 0.5193962338250041, 'RETRY_LATER': 0.7876638577001868, 'SWITCH_METHOD': 0.6139823894501459, 'SEND_NOTIFICATION': 0.18385313212121146, 'STOP': 0.035647898673197904}",RETRY_LATER,390.6812734192926,FAILED,0.0,,0
PAY_004015,496,NETWORK_ERROR,TEMPORARY,1,TEMPORARY,"{'RETRY_NOW': 0.5193962338250041, 'RETRY_LATER': 0.7876638577001868, 'SWITCH_METHOD': 0.6139823894501459, 'SEND_NOTIFICATION': 0.18385313212121146, 'STOP': 0.035647898673197904}",RETRY_LATER,390.6812734192926,FAILED,0.0,,1
PAY_004015,496,NETWORK_ERROR,TEMPORARY,2,TEMPORARY,{},STOP,0.0,STOPPED,0.0,MAX_RETRIES_REACHED,2
PAY_007456,254,BANK_TIMEOUT,TEMPORARY,0,TEMPORARY,"{'RETRY_NOW': 0.5726149942038414, 'RETRY_LATER': 0.8410226622640326, 'SWITCH_METHOD': 0.6310357096715916, 'SEND_NOTIFICATION': 0.22068914355862468, 'STOP': 0.021076107340725396}",RETRY_LATER,213.61975621506426,SUCCESS,254.0,,0
PAY_003864,163,INSUFFICIENT_FUNDS,CUSTOMER,0,CUSTOMER,"{'RETRY_NOW': 0.197970589242154, 'RETRY_LATER': 0.4510106641070189, 'SWITCH_METHOD': 0.5935190086034701, 'SEND_NOTIFICATION': 0.7247901993565987, 'STOP': 0.06085302969682901}",SEND_NOTIFICATION,118.1408024951256,FAILED,0.0,,0
PAY_003864,163,INSUFFICIENT_FUNDS,CUSTOMER,1,CUSTOMER,"{'RETRY_NOW': 0.197970589242154, 'RETRY_LATER': 0.4510106641070189, 'SWITCH_METHOD': 0.5935190086034701, 'SEND_NOTIFICATION': 0.7247901993565987, 'STOP': 0.06085302969682901}",SEND_NOTIFICATION,118.1408024951256,SUCCESS,163.0,,1
PAY_002734,477,BANK_TIMEOUT,TEMPORARY,0,TEMPORARY,"{'RETRY_NOW': 0.5619233506293959, 'RETRY_LATER': 0.8317783806614386, 'SWITCH_METHOD': 0.6203312138735437, 'SEND_NOTIFICATION': 0.21437534612107462, 'STOP': 0.011986612676497995}",RETRY_LATER,396.75828757550624,SUCCESS,477.0,,0
PAY_001896,5499,AUTHENTICATION_FAILED,CUSTOMER,0,CUSTOMER,"{'RETRY_NOW': 0.3650603101739369, 'RETRY_LATER': 0.5126167849108241, 'SWITCH_METHOD': 0.43858567194942616, 'SEND_NOTIFICATION': 0.6172753853403206, 'STOP': 0.1171294037484171}",SEND_NOTIFICATION,3394.3973439864226,SUCCESS,5499.0,,0
PAY_005443,775,UPI_TECHNICAL_ERROR,TEMPORARY,0,TEMPORARY,"{'RETRY_NOW': 0.5360004471976364, 'RETRY_LATER': 0.8111515791970056, 'SWITCH_METHOD': 0.6802169755388845, 'SEND_NOTIFICATION': 0.20455216057799588, 'STOP': 0.0329160434912559}",RETRY_LATER,628.6424738776793,FAILED,0.0,,0
PAY_005443,775,UPI_TECHNICAL_ERROR,TEMPORARY,1,TEMPORARY,"{'RETRY_NOW': 0.5360004471976364, 'RETRY_LATER': 0.8111515791970056, 'SWITCH_METHOD': 0.6802169755388845, 'SEND_NOTIFICATION': 0.20455216057799588, 'STOP': 0.0329160434912559}",RETRY_LATER,628.6424738776793,SUCCESS,775.0,,1
PAY_000570,792,PAYMENT_EXPIRED,HARD,0,HARD,"{'RETRY_NOW': 0.04633086029496042, 'RETRY_LATER': 0.05414943499660659, 'SWITCH_METHOD': 0.08928082295685735, 'SEND_NOTIFICATION': 0.11395233178137533, 'STOP': 0.9899039791868431}",SEND_NOTIFICATION,90.25024677084926,FAILED,0.0,,0
PAY_000570,792,PAYMENT_EXPIRED,HARD,1,HARD,"{'RETRY_NOW': 0.04633086029496042, 'RETRY_LATER': 0.05414943499660659, 'SWITCH_METHOD': 0.08928082295685735, 'SEND_NOTIFICATION': 0.11395233178137533, 'STOP': 0.9899039791868431}",SEND_NOTIFICATION,90.25024677084926,FAILED,0.0,,1
PAY_000570,792,PAYMENT_EXPIRED,HARD,2,HARD,{},STOP,0.0,STOPPED,0.0,MAX_RETRIES_REACHED,2
PAY_006710,960,LIMIT_EXCEEDED,CUSTOMER,0,CUSTOMER,"{'RETRY_NOW': 0.24174034970290556, 'RETRY_LATER': 0.4123819489014801, 'SWITCH_METHOD': 0.5189925166223333, 'SEND_NOTIFICATION': 0.6071519827178382, 'STOP': 0.11845581391245219}",SEND_NOTIFICATION,582.8659034091247,FAILED,0.0,,0
PAY_006710,960,LIMIT_EXCEEDED,CUSTOMER,1,CUSTOMER,"{'RETRY_NOW': 0.24174034970290556, 'RETRY_LATER': 0.4123819489014801, 'SWITCH_METHOD': 0.5189925166223333, 'SEND_NOTIFICATION': 0.6071519827178382, 'STOP': 0.11845581391245219}",SEND_NOTIFICATION,582.8659034091247,FAILED,0.0,,1
PAY_006710,960,LIMIT_EXCEEDED,CUSTOMER,2,CUSTOMER,{},STOP,0.0,STOPPED,0.0,MAX_RETRIES_REACHED,2
PAY_005855,4226,INSUFFICIENT_FUNDS,CUSTOMER,0,CUSTOMER,"{'RETRY_NOW': 0.20485022348877158, 'RETRY_LATER': 0.4608565036895651, 'SWITCH_METHOD': 0.598541721968187, 'SEND_NOTIFICATION': 0.7312700717928297, 'STOP': 0.06969557396065747}",SEND_NOTIFICATION,3090.3473233964983,SUCCESS,4226.0,,0
PAY_001817,1467,BANK_TIMEOUT,TEMPORARY,0,TEMPORARY,"{'RETRY_NOW': 0.5511778866468485, 'RETRY_LATER': 0.822032345782785, 'SWITCH_METHOD': 0.6114504793744828, 'SEND_NOTIFICATION': 0.2026232680982858, 'STOP': 0.0029976924631428445}",RETRY_LATER,1205.9214512633455,SUCCESS,1467.0,,0
PAY_008320,1353,BANK_TIMEOUT,TEMPORARY,0,TEMPORARY,"{'RETRY_NOW': 0.5797298286475617, 'RETRY_LATER': 0.8444226281204142, 'SWITCH_METHOD': 0.6322527160259589, 'SEND_NOTIFICATION': 0.2215461388051978, 'STOP': 0.023968961488623184}",RETRY_LATER,1142.5038158469204,FAILED,0.0,,0
PAY_008320,1353,BANK_TIMEOUT,TEMPORARY,1,TEMPORARY,"{'RETRY_NOW': 0.5797298286475617, 'RETRY_LATER': 0.8444226281204142, 'SWITCH_METHOD': 0.6322527160259589, 'SEND_NOTIFICATION': 0.2215461388051978, 'STOP': 0.023968961488623184}",RETRY_LATER,1142.5038158469204,SUCCESS,1353.0,,1
PAY_003395,211,CARD_EXPIRED,CUSTOMER,0,CUSTOMER,"{'RETRY_NOW': 0.09116149688110772, 'RETRY_LATER': 0.12965027883060642, 'SWITCH_METHOD': 0.5575271737399651, 'SEND_NOTIFICATION': 0.6535956838705612, 'STOP': 0.15775110159442232}",SEND_NOTIFICATION,137.9086892966884,FAILED,0.0,,0
PAY_003395,211,CARD_EXPIRED,CUSTOMER,1,CUSTOMER,"{'RETRY_NOW': 0.09116149688110772, 'RETRY_LATER': 0.12965027883060642, 'SWITCH_METHOD': 0.5575271737399651, 'SEND_NOTIFICATION': 0.6535956838705612, 'STOP': 0.15775110159442232}",SEND_NOTIFICATION,137.9086892966884,SUCCESS,211.0,,1
PAY_003328,99,BLOCKED_METHOD,HARD,0,HARD,"{'RETRY_NOW': 0.06443958887445982, 'RETRY_LATER': 0.07271158189519775, 'SWITCH_METHOD': 0.1826789577751196, 'SEND_NOTIFICATION': 0.20928154800360912, 'STOP': 0.9830666007068349}",SWITCH_METHOD,18.085216819736843,FAILED,0.0,,0
PAY_003328,99,BLOCKED_METHOD,HARD,1,HARD,"{'RETRY_NOW': 0.06443958887445982, 'RETRY_LATER': 0.07271158189519775, 'SWITCH_METHOD': 0.1826789577751196, 'SEND_NOTIFICATION': 0.20928154800360912, 'STOP': 0.9830666007068349}",SWITCH_METHOD,18.085216819736843,SUCCESS,99.0,,1
PAY_009983,794,BANK_TIMEOUT,TEMPORARY,0,TEMPORARY,"{'RETRY_NOW': 0.5923509835877822, 'RETRY_LATER': 0.8587252353586929, 'SWITCH_METHOD': 0.6472663479489635, 'SEND_NOTIFICATION': 0.2311219233304094, 'STOP': 0.03739432207086676}",RETRY_LATER,681.8278368748022,FAILED,0.0,,0
PAY_009983,794,BANK_TIMEOUT,TEMPORARY,1,TEMPORARY,"{'RETRY_NOW': 0.5923509835877822, 'RETRY_LATER': 0.8587252353586929, 'SWITCH_METHOD': 0.6472663479489635, 'SEND_NOTIFICATION': 0.2311219233304094, 'STOP': 0.03739432207086676}",RETRY_LATER,681.8278368748022,FAILED,0.0,,1
PAY_009983,794,BANK_TIMEOUT,TEMPORARY,2,TEMPORARY,{},STOP,0.0,STOPPED,0.0,MAX_RETRIES_REACHED,2
PAY_006103,536,CARD_EXPIRED,CUSTOMER,0,CUSTOMER,"{'RETRY_NOW': 0.11713710544084315, 'RETRY_LATER': 0.15477694828158714, 'SWITCH_METHOD': 0.5794606675332371, 'SEND_NOTIFICATION': 0.6845270088333381, 'STOP': 0.18761724102536204}",SEND_NOTIFICATION,366.9064767346692,SUCCESS,536.0,,0
PAY_002976,375,UPI_TECHNICAL_ERROR,TEMPORARY,0,TEMPORARY,"{'RETRY_NOW': 0.5459161004199389, 'RETRY_LATER': 0.8208719444658756, 'SWITCH_METHOD': 0.6850543723059109, 'SEND_NOTIFICATION': 0.20588312503578002, 'STOP': 0.038853977492589446}",RETRY_LATER,307.82697917470335,SUCCESS,375.0,,0
PAY_000981,1258,UPI_TECHNICAL_ERROR,TEMPORARY,0,TEMPORARY,"{'RETRY_NOW': 0.5479540148869984, 'RETRY_LATER': 0.8235771659149232, 'SWITCH_METHOD': 0.6902470658318978, 'SEND_NOTIFICATION': 0.21234645470434035, 'STOP': 0.043262285512572565}",RETRY_LATER,1036.0600747209735,SUCCESS,1258.0,,0
PAY_000191,742,AUTHENTICATION_FAILED,CUSTOMER,0,CUSTOMER,"{'RETRY_NOW': 0.3650603101739369, 'RETRY_LATER': 0.5126167849108241, 'SWITCH_METHOD': 0.43858567194942616, 'SEND_NOTIFICATION': 0.6172753853403206, 'STOP': 0.1171294037484171}",SEND_NOTIFICATION,458.01833592251785,FAILED,0.0,,0
PAY_000191,742,AUTHENTICATION_FAILED,CUSTOMER,1,CUSTOMER,"{'RETRY_NOW': 0.3650603101739369, 'RETRY_LATER': 0.5126167849108241, 'SWITCH_METHOD': 0.43858567194942616, 'SEND_NOTIFICATION': 0.6172753853403206, 'STOP': 0.1171294037484171}",SEND_NOTIFICATION,458.01833592251785,FAILED,0.0,,1
PAY_000191,742,AUTHENTICATION_FAILED,CUSTOMER,2,CUSTOMER,{},STOP,0.0,STOPPED,0.0,MAX_RETRIES_REACHED,2
PAY_009332,3391,BANK_TIMEOUT,TEMPORARY,0,TEMPORARY,"{'RETRY_NOW': 0.5916354398295579, 'RETRY_LATER': 0.8553086511216905, 'SWITCH_METHOD': 0.6429611314217215, 'SEND_NOTIFICATION': 0.23301664035205327, 'STOP': 0.034585301590541226}",RETRY_LATER,2900.3516359536525,SUCCESS,3391.0,,0
PAY_005089,3935,INSUFFICIENT_FUNDS,CUSTOMER,0,CUSTOMER,"{'RETRY_NOW': 0.18076507156422347, 'RETRY_LATER': 0.43522889400142156, 'SWITCH_METHOD': 0.585133584330875, 'SEND_NOTIFICATION': 0.7159537830351016, 'STOP': 0.05264599782018359}",SEND_NOTIFICATION,2817.2781362431247,FAILED,0.0,,0
PAY_005089,3935,INSUFFICIENT_FUNDS,CUSTOMER,1,CUSTOMER,"{'RETRY_NOW': 0.18076507156422347, 'RETRY_LATER': 0.43522889400142156, 'SWITCH_METHOD': 0.585133584330875, 'SEND_NOTIFICATION': 0.7159537830351016, 'STOP': 0.05264599782018359}",SEND_NOTIFICATION,2817.2781362431247,SUCCESS,3935.0,,1
PAY_000700,1118,AUTHENTICATION_FAILED,CUSTOMER,0,CUSTOMER,"{'RETRY_NOW': 0.33766688430008573, 'RETRY_LATER': 0.4935872497050052, 'SWITCH_METHOD': 0.4153325228325608, 'SEND_NOTIFICATION': 0.5975058846112448, 'STOP': 0.09374548956335117}",SEND_NOTIFICATION,668.0115789953717,SUCCESS,1118.0,,0
PAY_009760,1960,CARD_EXPIRED,CUSTOMER,0,CUSTOMER,"{'RETRY_NOW': 0.11538392939058391, 'RETRY_LATER': 0.15192906445148918, 'SWITCH_METHOD': 0.5749039794563835, 'SEND_NOTIFICATION': 0.6811443768401126, 'STOP': 0.18394899305809498}",SEND_NOTIFICATION,1335.0429786066209,SUCCESS,1960.0,,0
PAY_000607,2624,BANK_TIMEOUT,TEMPORARY,0,TEMPORARY,"{'RETRY_NOW': 0.5425673047595172, 'RETRY_LATER': 0.816514145572308, 'SWITCH_METHOD': 0.6048893803650258, 'SEND_NOTIFICATION': 0.19560720600371434, 'STOP': 0.0010033130325199104}",RETRY_LATER,2142.5331179817363,FAILED,0.0,,0
PAY_000607,2624,BANK_TIMEOUT,TEMPORARY,1,TEMPORARY,"{'RETRY_NOW': 0.5425673047595172, 'RETRY_LATER': 0.816514145572308, 'SWITCH_METHOD': 0.6048893803650258, 'SEND_NOTIFICATION': 0.19560720600371434, 'STOP': 0.0010033130325199104}",RETRY_LATER,2142.5331179817363,SUCCESS,2624.0,,1
PAY_000302,99,CARD_EXPIRED,CUSTOMER,0,CUSTOMER,"{'RETRY_NOW': 0.09116149688110772, 'RETRY_LATER': 0.12965027883060642, 'SWITCH_METHOD': 0.5575271737399651, 'SEND_NOTIFICATION': 0.6535956838705612, 'STOP': 0.15775110159442232}",SEND_NOTIFICATION,64.70597270318557,SUCCESS,99.0,,0
PAY_003421,99,BANK_TIMEOUT,TEMPORARY,0,TEMPORARY,"{'RETRY_NOW': 0.5787323086585725, 'RETRY_LATER': 0.8409871919362351, 'SWITCH_METHOD': 0.6319963755641068, 'SEND_NOTIFICATION': 0.2220028136051772, 'STOP': 0.022339809277451692}",RETRY_LATER,83.25773200168727,SUCCESS,99.0,,0
PAY_009805,139,CARD_EXPIRED,CUSTOMER,0,CUSTOMER,"{'RETRY_NOW': 0.11803394505937058, 'RETRY_LATER': 0.15471010729963303, 'SWITCH_METHOD': 0.5828268031164789, 'SEND_NOTIFICATION': 0.6863321166948629, 'STOP': 0.19033161063782014}",SEND_NOTIFICATION,95.40016422058595,FAILED,0.0,,0
PAY_009805,139,CARD_EXPIRED,CUSTOMER,1,CUSTOMER,"{'RETRY_NOW': 0.11803394505937058, 'RETRY_LATER': 0.15471010729963303, 'SWITCH_METHOD': 0.5828268031164789, 'SEND_NOTIFICATION': 0.6863321166948629, 'STOP': 0.19033161063782014}",SEND_NOTIFICATION,95.40016422058595,SUCCESS,139.0,,1
PAY_001061,1952,BANK_TIMEOUT,TEMPORARY,0,TEMPORARY,"{'RETRY_NOW': 0.5696330875458853, 'RETRY_LATER': 0.835896994338851, 'SWITCH_METHOD': 0.6267842313168004, 'SEND_NOTIFICATION': 0.21369597636977036, 'STOP': 0.016458093859235613}",RETRY_LATER,1631.6709329494372,SUCCESS,1952.0,,0
PAY_003445,901,NETWORK_ERROR,TEMPORARY,0,TEMPORARY,"{'RETRY_NOW': 0.5150670983368959, 'RETRY_LATER': 0.7842063232446957, 'SWITCH_METHOD': 0.6120497232353374, 'SEND_NOTIFICATION': 0.18082735999393668, 'STOP': 0.032681559546687576}",RETRY_LATER,706.5698972434709,SUCCESS,901.0,,0
PAY_001070,2032,BLOCKED_METHOD,HARD,0,HARD,"{'RETRY_NOW': 0.046923408999295424, 'RETRY_LATER': 0.05588614310037299, 'SWITCH_METHOD': 0.16467307671275652, 'SEND_NOTIFICATION': 0.19656702497803427, 'STOP': 0.9666076634414865}",SEND_NOTIFICATION,399.42419475536565,FAILED,0.0,,0
PAY_001070,2032,BLOCKED_METHOD,HARD,1,HARD,"{'RETRY_NOW': 0.046923408999295424, 'RETRY_LATER': 0.05588614310037299, 'SWITCH_METHOD': 0.16467307671275652, 'SEND_NOTIFICATION': 0.19656702497803427, 'STOP': 0.9666076634414865}",SEND_NOTIFICATION,399.42419475536565,FAILED,0.0,,1
PAY_001070,2032,BLOCKED_METHOD,HARD,2,HARD,{},STOP,0.0,STOPPED,0.0,MAX_RETRIES_REACHED,2
PAY_002206,1064,CARD_EXPIRED,CUSTOMER,0,CUSTOMER,"{'RETRY_NOW': 0.11626129117406157, 'RETRY_LATER': 0.15027070066274154, 'SWITCH_METHOD': 0.5730906300775256, 'SEND_NOTIFICATION': 0.6795315977768597, 'STOP': 0.180717152264653}",SEND_NOTIFICATION,723.0216200345787,SUCCESS,1064.0,,0
PAY_009436,616,GATEWAY_TIMEOUT,TEMPORARY,0,TEMPORARY,"{'RETRY_NOW': 0.5495420137465893, 'RETRY_LATER': 0.831379504050903, 'SWITCH_METHOD': 0.6334907688745225, 'SEND_NOTIFICATION': 0.212555992702287, 'STOP': 0.03172268323732836}",RETRY_LATER,512.1297744953563,SUCCESS,616.0,,0
PAY_007340,261,UPI_TECHNICAL_ERROR,TEMPORARY,0,TEMPORARY,"{'RETRY_NOW': 0.5224085658861238, 'RETRY_LATER': 0.8073742093046153, 'SWITCH_METHOD': 0.6780683088771787, 'SEND_NOTIFICATION': 0.20007465488102727, 'STOP': 0.02895635323938477}",RETRY_LATER,210.72466862850462,SUCCESS,261.0,,0
PAY_008209,1317,INSUFFICIENT_FUNDS,CUSTOMER,0,CUSTOMER,"{'RETRY_NOW': 0.2114413363435414, 'RETRY_LATER': 0.4816979814539636, 'SWITCH_METHOD': 0.6221001594418847, 'SEND_NOTIFICATION': 0.7666209796116631, 'STOP': 0.08928416407013183}",SEND_NOTIFICATION,1009.6398301485602,SUCCESS,1317.0,,0
PAY_007680,1828,CARD_EXPIRED,CUSTOMER,0,CUSTOMER,"{'RETRY_NOW': 0.1172384811664494, 'RETRY_LATER': 0.15341296257514325, 'SWITCH_METHOD': 0.5770735200149154, 'SEND_NOTIFICATION': 0.6832013596724443, 'STOP': 0.18519664353665902}",SEND_NOTIFICATION,1248.8920854812282,FAILED,0.0,,0
PAY_007680,1828,CARD_EXPIRED,CUSTOMER,1,CUSTOMER,"{'RETRY_NOW': 0.1172384811664494, 'RETRY_LATER': 0.15341296257514325, 'SWITCH_METHOD': 0.5770735200149154, 'SEND_NOTIFICATION': 0.6832013596724443, 'STOP': 0.18519664353665902}",SEND_NOTIFICATION,1248.8920854812282,SUCCESS,1828.0,,1
PAY_004643,278,UPI_TECHNICAL_ERROR,TEMPORARY,0,TEMPORARY,"{'RETRY_NOW': 0.4962096499315957, 'RETRY_LATER': 0.7899820649047393, 'SWITCH_METHOD': 0.6570368740581093, 'SEND_NOTIFICATION': 0.18106071214190847, 'STOP': 0.00906845116527039}",RETRY_LATER,219.61501404351753,SUCCESS,278.0,,0
PAY_007684,2098,GATEWAY_TIMEOUT,TEMPORARY,0,TEMPORARY,"{'RETRY_NOW': 0.5473522484779172, 'RETRY_LATER': 0.829190486344726, 'SWITCH_METHOD': 0.6321837335805042, 'SEND_NOTIFICATION': 0.2111091763534946, 'STOP': 0.030237132534999826}",RETRY_LATER,1739.6416403512353,FAILED,0.0,,0
PAY_007684,2098,GATEWAY_TIMEOUT,TEMPORARY,1,TEMPORARY,"{'RETRY_NOW': 0.5473522484779172, 'RETRY_LATER': 0.829190486344726, 'SWITCH_METHOD': 0.6321837335805042, 'SEND_NOTIFICATION': 0.2111091763534946, 'STOP': 0.030237132534999826}",RETRY_LATER,1739.6416403512353,SUCCESS,2098.0,,1
PAY_009008,173,NETWORK_ERROR,TEMPORARY,0,TEMPORARY,"{'RETRY_NOW': 0.5288730073189586, 'RETRY_LATER': 0.7942130966294413, 'SWITCH_METHOD': 0.6214079911542477, 'SEND_NOTIFICATION': 0.18957182359764252, 'STOP': 0.04341682454902593}",RETRY_LATER,137.39886571689334,FAILED,0.0,,0
PAY_009008,173,NETWORK_ERROR,TEMPORARY,1,TEMPORARY,"{'RETRY_NOW': 0.5288730073189586, 'RETRY_LATER': 0.7942130966294413, 'SWITCH_METHOD': 0.6214079911542477, 'SEND_NOTIFICATION': 0.18957182359764252, 'STOP': 0.04341682454902593}",RETRY_LATER,137.39886571689334,SUCCESS,173.0,,1
PAY_007997,431,NETWORK_ERROR,TEMPORARY,0,TEMPORARY,"{'RETRY_NOW': 0.5054795460670634, 'RETRY_LATER': 0.777498176691792, 'SWITCH_METHOD': 0.6074782110423097, 'SEND_NOTIFICATION': 0.17509896148576348, 'STOP': 0.026959419091106104}",RETRY_LATER,335.1017141541623,FAILED,0.0,,0
PAY_007997,431,NETWORK_ERROR,TEMPORARY,1,TEMPORARY,"{'RETRY_NOW': 0.5054795460670634, 'RETRY_LATER': 0.777498176691792, 'SWITCH_METHOD': 0.6074782110423097, 'SEND_NOTIFICATION': 0.17509896148576348, 'STOP': 0.026959419091106104}",RETRY_LATER,335.1017141541623,FAILED,0.0,,1
PAY_007997,431,NETWORK_ERROR,TEMPORARY,2,TEMPORARY,{},STOP,0.0,STOPPED,0.0,MAX_RETRIES_REACHED,2
PAY_005601,1553,UPI_TECHNICAL_ERROR,TEMPORARY,0,TEMPORARY,"{'RETRY_NOW': 0.4962096499315957, 'RETRY_LATER': 0.7899820649047393, 'SWITCH_METHOD': 0.6570368740581093, 'SEND_NOTIFICATION': 0.18106071214190847, 'STOP': 0.00906845116527039}",RETRY_LATER,1226.8421467970602,FAILED,0.0,,0
PAY_005601,1553,UPI_TECHNICAL_ERROR,TEMPORARY,1,TEMPORARY,"{'RETRY_NOW': 0.4962096499315957, 'RETRY_LATER': 0.7899820649047393, 'SWITCH_METHOD': 0.6570368740581093, 'SEND_NOTIFICATION': 0.18106071214190847, 'STOP': 0.00906845116527039}",RETRY_LATER,1226.8421467970602,SUCCESS,1553.0,,1
PAY_009152,314,NETWORK_ERROR,TEMPORARY,0,TEMPORARY,"{'RETRY_NOW': 0.5003481664705942, 'RETRY_LATER': 0.7695051248351832, 'SWITCH_METHOD': 0.6034187882708808, 'SEND_NOTIFICATION': 0.16791702795491556, 'STOP': 0.01926603823229155}",RETRY_LATER,241.62460919824753,SUCCESS,314.0,,0
PAY_007023,1230,INVALID_ACCOUNT,HARD,0,HARD,"{'RETRY_NOW': 0.023775782713592264, 'RETRY_LATER': 0.03410148863724506, 'SWITCH_METHOD': 0.09361453808716985, 'SEND_NOTIFICATION': 0.12393393268662388, 'STOP': 0.9883141413859763}",SEND_NOTIFICATION,152.43873720454738,FAILED,0.0,,0
PAY_007023,1230,INVALID_ACCOUNT,HARD,1,HARD,"{'RETRY_NOW': 0.023775782713592264, 'RETRY_LATER': 0.03410148863724506, 'SWITCH_METHOD': 0.09361453808716985, 'SEND_NOTIFICATION': 0.12393393268662388, 'STOP': 0.9883141413859763}",SEND_NOTIFICATION,152.43873720454738,FAILED,0.0,,1
PAY_007023,1230,INVALID_ACCOUNT,HARD,2,HARD,{},STOP,0.0,STOPPED,0.0,MAX_RETRIES_REACHED,2
PAY_004894,4541,NETWORK_ERROR,TEMPORARY,0,TEMPORARY,"{'RETRY_NOW': 0.4940136302306294, 'RETRY_LATER': 0.7622559540597124, 'SWITCH_METHOD': 0.5975590832415938, 'SEND_NOTIFICATION': 0.16427177041121502, 'STOP': 0.013499300027796106}",RETRY_LATER,3461.404287385154,SUCCESS,4541.0,,0
PAY_000226,1326,INVALID_ACCOUNT,HARD,0,HARD,"{'RETRY_NOW': 0.03963211882768747, 'RETRY_LATER': 0.05030282759156487, 'SWITCH_METHOD': 0.116105112935982, 'SEND_NOTIFICATION': 0.13862008858591052, 'STOP': 0.99}",SEND_NOTIFICATION,183.81023746491735,FAILED,0.0,,0
PAY_000226,1326,INVALID_ACCOUNT,HARD,1,HARD,"{'RETRY_NOW': 0.03963211882768747, 'RETRY_LATER': 0.05030282759156487, 'SWITCH_METHOD': 0.116105112935982, 'SEND_NOTIFICATION': 0.13862008858591052, 'STOP': 0.99}",SEND_NOTIFICATION,183.81023746491735,FAILED,0.0,,1
PAY_000226,1326,INVALID_ACCOUNT,HARD,2,HARD,{},STOP,0.0,STOPPED,0.0,MAX_RETRIES_REACHED,2
PAY_003355,310,BANK_TIMEOUT,TEMPORARY,0,TEMPORARY,"{'RETRY_NOW': 0.5485501018429818, 'RETRY_LATER': 0.8278252880358226, 'SWITCH_METHOD': 0.6160730048575507, 'SEND_NOTIFICATION': 0.20748237964013003, 'STOP': 0.006008559936693242}",RETRY_LATER,256.62583929110497,SUCCESS,310.0,,0
PAY_005896,233,BANK_TIMEOUT,TEMPORARY,0,TEMPORARY,"{'RETRY_NOW': 0.5978890604380045, 'RETRY_LATER': 0.8621506012643568, 'SWITCH_METHOD': 0.6541276875281906, 'SEND_NOTIFICATION': 0.24079583174282118, 'STOP': 0.04347481316962946}",RETRY_LATER,200.88109009459515,SUCCESS,233.0,,0
PAY_008755,721,NETWORK_ERROR,TEMPORARY,0,TEMPORARY,"{'RETRY_NOW': 0.4957782929680135, 'RETRY_LATER': 0.7654717237925582, 'SWITCH_METHOD': 0.601065803949111, 'SEND_NOTIFICATION': 0.16482113532500858, 'STOP': 0.016460126667813123}",RETRY_LATER,551.9051128544345,SUCCESS,721.0,,0
PAY_003437,1118,CARD_EXPIRED,CUSTOMER,0,CUSTOMER,"{'RETRY_NOW': 0.12201388117281793, 'RETRY_LATER': 0.16327289041021786, 'SWITCH_METHOD': 0.5894839825514514, 'SEND_NOTIFICATION': 0.6980349829396476, 'STOP': 0.19663199481364171}",SEND_NOTIFICATION,780.403110926526,FAILED,0.0,,0
PAY_003437,1118,CARD_EXPIRED,CUSTOMER,1,CUSTOMER,"{'RETRY_NOW': 0.12201388117281793, 'RETRY_LATER': 0.16327289041021786, 'SWITCH_METHOD': 0.5894839825514514, 'SEND_NOTIFICATION': 0.6980349829396476, 'STOP': 0.19663199481364171}",SEND_NOTIFICATION,780.403110926526,SUCCESS,1118.0,,1
PAY_001694,762,GATEWAY_TIMEOUT,TEMPORARY,0,TEMPORARY,"{'RETRY_NOW': 0.5613533703086748, 'RETRY_LATER': 0.8412229329463196, 'SWITCH_METHOD': 0.6385008318350974, 'SEND_NOTIFICATION': 0.2162091955247975, 'STOP': 0.039222482841691844}",RETRY_LATER,641.0118749050955,SUCCESS,762.0,,0
PAY_006894,505,PAYMENT_EXPIRED,HARD,0,HARD,"{'RETRY_NOW': 0.052582235262863715, 'RETRY_LATER': 0.06136789855805326, 'SWITCH_METHOD': 0.0953030573826808, 'SEND_NOTIFICATION': 0.12167465146105141, 'STOP': 0.99}",SEND_NOTIFICATION,61.445698987830966,FAILED,0.0,,0
PAY_006894,505,PAYMENT_EXPIRED,HARD,1,HARD,"{'RETRY_NOW': 0.052582235262863715, 'RETRY_LATER': 0.06136789855805326, 'SWITCH_METHOD': 0.0953030573826808, 'SEND_NOTIFICATION': 0.12167465146105141, 'STOP': 0.99}",SEND_NOTIFICATION,61.445698987830966,FAILED,0.0,,1
PAY_006894,505,PAYMENT_EXPIRED,HARD,2,HARD,{},STOP,0.0,STOPPED,0.0,MAX_RETRIES_REACHED,2
PAY_001046,1414,INVALID_ACCOUNT,HARD,0,HARD,"{'RETRY_NOW': 0.06339338752252804, 'RETRY_LATER': 0.07401106316414449, 'SWITCH_METHOD': 0.14365664818294024, 'SEND_NOTIFICATION': 0.1612639286317898, 'STOP': 0.99}",SEND_NOTIFICATION,228.02719508535077,FAILED,0.0,,0
PAY_001046,1414,INVALID_ACCOUNT,HARD,1,HARD,"{'RETRY_NOW': 0.06339338752252804, 'RETRY_LATER': 0.07401106316414449, 'SWITCH_METHOD': 0.14365664818294024, 'SEND_NOTIFICATION': 0.1612639286317898, 'STOP': 0.99}",SEND_NOTIFICATION,228.02719508535077,FAILED,0.0,,1
PAY_001046,1414,INVALID_ACCOUNT,HARD,2,HARD,{},STOP,0.0,STOPPED,0.0,MAX_RETRIES_REACHED,2
PAY_003447,2006,LIMIT_EXCEEDED,CUSTOMER,0,CUSTOMER,"{'RETRY_NOW': 0.24473944106671378, 'RETRY_LATER': 0.41250578750343203, 'SWITCH_METHOD': 0.5145183119049219, 'SEND_NOTIFICATION': 0.6025552628663886, 'STOP': 0.11575036809452492}",SEND_NOTIFICATION,1208.7258573099755,SUCCESS,2006.0,,0
PAY_008051,1696,UPI_TECHNICAL_ERROR,TEMPORARY,0,TEMPORARY,"{'RETRY_NOW': 0.5176301868795886, 'RETRY_LATER': 0.8008341761119462, 'SWITCH_METHOD': 0.6677431929625364, 'SEND_NOTIFICATION': 0.19948001461370504, 'STOP': 0.022443367153466905}",RETRY_LATER,1358.2147626858607,SUCCESS,1696.0,,0
PAY_009147,167,BANK_TIMEOUT,TEMPORARY,0,TEMPORARY,"{'RETRY_NOW': 0.5901690544587485, 'RETRY_LATER': 0.8572548944418964, 'SWITCH_METHOD': 0.6445748920528869, 'SEND_NOTIFICATION': 0.23419297675421302, 'STOP': 0.035799839628748165}",RETRY_LATER,143.1615673717967,SUCCESS,167.0,,0
PAY_009982,167,NETWORK_ERROR,TEMPORARY,0,TEMPORARY,"{'RETRY_NOW': 0.5123314089392572, 'RETRY_LATER': 0.782347352792562, 'SWITCH_METHOD': 0.6119970449271697, 'SEND_NOTIFICATION': 0.17975603288750108, 'STOP': 0.03135202348082933}",RETRY_LATER,130.65200791635786,SUCCESS,167.0,,0
PAY_004736,675,NETWORK_ERROR,TEMPORARY,0,TEMPORARY,"{'RETRY_NOW': 0.5003481664705942, 'RETRY_LATER': 0.7668000316384543, 'SWITCH_METHOD': 0.6034187882708808, 'SEND_NOTIFICATION': 0.16791702795491556, 'STOP': 0.018012261349316813}",RETRY_LATER,517.5900213559567,FAILED,0.0,,0
PAY_004736,675,NETWORK_ERROR,TEMPORARY,1,TEMPORARY,"{'RETRY_NOW': 0.5003481664705942, 'RETRY_LATER': 0.7668000316384543, 'SWITCH_METHOD': 0.6034187882708808, 'SEND_NOTIFICATION': 0.16791702795491556, 'STOP': 0.018012261349316813}",RETRY_LATER,517.5900213559567,SUCCESS,675.0,,1
PAY_004497,1029,NETWORK_ERROR,TEMPORARY,0,TEMPORARY,"{'RETRY_NOW': 0.512744638162444, 'RETRY_LATER': 0.7723567936254166, 'SWITCH_METHOD': 0.6057444980453591, 'SEND_NOTIFICATION': 0.17118824555499235, 'STOP': 0.02390363323436958}",RETRY_LATER,794.7551406405537,SUCCESS,1029.0,,0
PAY_001219,5111,INSUFFICIENT_FUNDS,CUSTOMER,0,CUSTOMER,"{'RETRY_NOW': 0.18550339255205156, 'RETRY_LATER': 0.44457889836731546, 'SWITCH_METHOD': 0.58960945948188, 'SEND_NOTIFICATION': 0.718469489782771, 'STOP': 0.056102272166695576}",SEND_NOTIFICATION,3672.0975622797428,FAILED,0.0,,0
PAY_001219,5111,INSUFFICIENT_FUNDS,CUSTOMER,1,CUSTOMER,"{'RETRY_NOW': 0.18550339255205156, 'RETRY_LATER': 0.44457889836731546, 'SWITCH_METHOD': 0.58960945948188, 'SEND_NOTIFICATION': 0.718469489782771, 'STOP': 0.056102272166695576}",SEND_NOTIFICATION,3672.0975622797428,SUCCESS,5111.0,,1
PAY_006016,334,INSUFFICIENT_FUNDS,CUSTOMER,0,CUSTOMER,"{'RETRY_NOW': 0.19989743716049668, 'RETRY_LATER': 0.47925585901406426, 'SWITCH_METHOD': 0.6137040427668068, 'SEND_NOTIFICATION': 0.7416480321062215, 'STOP': 0.07427705786704658}",SEND_NOTIFICATION,247.710442723478,FAILED,0.0,,0
PAY_006016,334,INSUFFICIENT_FUNDS,CUSTOMER,1,CUSTOMER,"{'RETRY_NOW': 0.19989743716049668, 'RETRY_LATER': 0.47925585901406426, 'SWITCH_METHOD': 0.6137040427668068, 'SEND_NOTIFICATION': 0.7416480321062215, 'STOP': 0.07427705786704658}",SEND_NOTIFICATION,247.710442723478,FAILED,0.0,,1
PAY_006016,334,INSUFFICIENT_FUNDS,CUSTOMER,2,CUSTOMER,{},STOP,0.0,STOPPED,0.0,MAX_RETRIES_REACHED,2
PAY_009720,140,GATEWAY_TIMEOUT,TEMPORARY,0,TEMPORARY,"{'RETRY_NOW': 0.5305124918837583, 'RETRY_LATER': 0.8177406025094297, 'SWITCH_METHOD': 0.6208221579900054, 'SEND_NOTIFICATION': 0.20336733053742942, 'STOP': 0.01954237197609204}",RETRY_LATER,114.48368435132016,SUCCESS,140.0,,0
PAY_003988,1173,UPI_TECHNICAL_ERROR,TEMPORARY,0,TEMPORARY,"{'RETRY_NOW': 0.4962096499315957, 'RETRY_LATER': 0.7899820649047393, 'SWITCH_METHOD': 0.6570368740581093, 'SEND_NOTIFICATION': 0.18106071214190847, 'STOP': 0.007554509232412972}",RETRY_LATER,926.6489621332593,SUCCESS,1173.0,,0
PAY_004912,1863,BANK_TIMEOUT,TEMPORARY,0,TEMPORARY,"{'RETRY_NOW': 0.5841704094432499, 'RETRY_LATER': 0.8504659739531624, 'SWITCH_METHOD': 0.6397868942063464, 'SEND_NOTIFICATION': 0.22854201803188318, 'STOP': 0.03000694746721721}",RETRY_LATER,1584.4181094747414,SUCCESS,1863.0,,0
PAY_009493,2274,BANK_TIMEOUT,TEMPORARY,0,TEMPORARY,"{'RETRY_NOW': 0.5901690544587485, 'RETRY_LATER': 0.8572548944418964, 'SWITCH_METHOD': 0.6445748920528869, 'SEND_NOTIFICATION': 0.23419297675421302, 'STOP': 0.035799839628748165}",RETRY_LATER,1949.3976299608723,FAILED,0.0,,0
PAY_009493,2274,BANK_TIMEOUT,TEMPORARY,1,TEMPORARY,"{'RETRY_NOW': 0.5901690544587485, 'RETRY_LATER': 0.8572548944418964, 'SWITCH_METHOD': 0.6445748920528869, 'SEND_NOTIFICATION': 0.23419297675421302, 'STOP': 0.035799839628748165}",RETRY_LATER,1949.3976299608723,SUCCESS,2274.0,,1
PAY_004494,4441,CUSTOMER_DECLINED,HARD,0,HARD,"{'RETRY_NOW': 0.030479191849320877, 'RETRY_LATER': 0.032109568626849105, 'SWITCH_METHOD': 0.05286223695255977, 'SEND_NOTIFICATION': 0.0725047258679566, 'STOP': 0.9899316479170415}",SEND_NOTIFICATION,321.99348757959524,SUCCESS,4441.0,,0
PAY_006945,166,CARD_EXPIRED,CUSTOMER,0,CUSTOMER,"{'RETRY_NOW': 0.0810547254260642, 'RETRY_LATER': 0.11825479523664827, 'SWITCH_METHOD': 0.5440053950394154, 'SEND_NOTIFICATION': 0.6426680223525819, 'STOP': 0.1419172375109932}",SEND_NOTIFICATION,106.6828917105286,SUCCESS,166.0,,0
PAY_005700,4315,UPI_TECHNICAL_ERROR,TEMPORARY,0,TEMPORARY,"{'RETRY_NOW': 0.5285891622512133, 'RETRY_LATER': 0.8007271197713204, 'SWITCH_METHOD': 0.6675942913020436, 'SEND_NOTIFICATION': 0.19937287470080145, 'STOP': 0.02407988541488185}",RETRY_LATER,3455.1375218132475,SUCCESS,4315.0,,0
PAY_008353,1853,BANK_TIMEOUT,TEMPORARY,0,TEMPORARY,"{'RETRY_NOW': 0.5787323086585725, 'RETRY_LATER': 0.8409871919362351, 'SWITCH_METHOD': 0.6319963755641068, 'SEND_NOTIFICATION': 0.2220028136051772, 'STOP': 0.022339809277451692}",RETRY_LATER,1558.3492666578436,SUCCESS,1853.0,,0
PAY_000957,599,PAYMENT_EXPIRED,HARD,0,HARD,"{'RETRY_NOW': 0.01996545086464819, 'RETRY_LATER': 0.029116985407498876, 'SWITCH_METHOD': 0.061783532892586174, 'SEND_NOTIFICATION': 0.09035839248498242, 'STOP': 0.9888107549652638}",SEND_NOTIFICATION,54.12467709850447,FAILED,0.0,,0
PAY_000957,599,PAYMENT_EXPIRED,HARD,1,HARD,"{'RETRY_NOW': 0.01996545086464819, 'RETRY_LATER': 0.029116985407498876, 'SWITCH_METHOD': 0.061783532892586174, 'SEND_NOTIFICATION': 0.09035839248498242, 'STOP': 0.9888107549652638}",SEND_NOTIFICATION,54.12467709850447,FAILED,0.0,,1
PAY_000957,599,PAYMENT_EXPIRED,HARD,2,HARD,{},STOP,0.0,STOPPED,0.0,MAX_RETRIES_REACHED,2
PAY_002870,927,CARD_EXPIRED,CUSTOMER,0,CUSTOMER,"{'RETRY_NOW': 0.12201388117281793, 'RETRY_LATER': 0.16327289041021786, 'SWITCH_METHOD': 0.5894839825514514, 'SEND_NOTIFICATION': 0.6980349829396476, 'STOP': 0.19663199481364171}",SEND_NOTIFICATION,647.0784291850533,SUCCESS,927.0,,0
PAY_004434,532,GATEWAY_TIMEOUT,TEMPORARY,0,TEMPORARY,"{'RETRY_NOW': 0.5195307688555612, 'RETRY_LATER': 0.8021628650867205, 'SWITCH_METHOD': 0.6028354963385155, 'SEND_NOTIFICATION': 0.1887692332659307, 'STOP': 0.0045560532248368835}",RETRY_LATER,426.7506442261353,SUCCESS,532.0,,0
PAY_004974,379,BANK_TIMEOUT,TEMPORARY,0,TEMPORARY,"{'RETRY_NOW': 0.5981938659550141, 'RETRY_LATER': 0.8606533613726849, 'SWITCH_METHOD': 0.6525013149595621, 'SEND_NOTIFICATION': 0.2393151524287, 'STOP': 0.04188179156783071}",RETRY_LATER,326.18762396024755,SUCCESS,379.0,,0
PAY_002962,648,NETWORK_ERROR,TEMPORARY,0,TEMPORARY,"{'RETRY_NOW': 0.5088655520654068, 'RETRY_LATER': 0.774572953718274, 'SWITCH_METHOD': 0.6084189140120244, 'SEND_NOTIFICATION': 0.17400301069985225, 'STOP': 0.02553574004556391}",RETRY_LATER,501.9232740094415,FAILED,0.0,,0
PAY_002962,648,NETWORK_ERROR,TEMPORARY,1,TEMPORARY,"{'RETRY_NOW': 0.5088655520654068, 'RETRY_LATER': 0.774572953718274, 'SWITCH_METHOD': 0.6084189140120244, 'SEND_NOTIFICATION': 0.17400301069985225, 'STOP': 0.02553574004556391}",RETRY_LATER,501.9232740094415,FAILED,0.0,,1
PAY_002962,648,NETWORK_ERROR,TEMPORARY,2,TEMPORARY,{},STOP,0.0,STOPPED,0.0,MAX_RETRIES_REACHED,2
PAY_002201,336,NETWORK_ERROR,TEMPORARY,0,TEMPORARY,"{'RETRY_NOW': 0.48450835719444374, 'RETRY_LATER': 0.7503370320842248, 'SWITCH_METHOD': 0.5812160405866459, 'SEND_NOTIFICATION': 0.15099695051578071, 'STOP': 0.0014826507301231035}",RETRY_LATER,252.11324278029952,SUCCESS,336.0,,0
PAY_000099,331,LIMIT_EXCEEDED,CUSTOMER,0,CUSTOMER,"{'RETRY_NOW': 0.22217024174274663, 'RETRY_LATER': 0.380542256204102, 'SWITCH_METHOD': 0.4823254816231726, 'SEND_NOTIFICATION': 0.5510864285164996, 'STOP': 0.08310830741020282}",SEND_NOTIFICATION,182.40960783896136,SUCCESS,331.0,,0
PAY_009850,1541,BANK_TIMEOUT,TEMPORARY,0,TEMPORARY,"{'RETRY_NOW': 0.5841704094432499, 'RETRY_LATER': 0.8504659739531624, 'SWITCH_METHOD': 0.6397868942063464, 'SEND_NOTIFICATION': 0.22854201803188318, 'STOP': 0.03000694746721721}",RETRY_LATER,1310.5680658618232,SUCCESS,1541.0,,0
PAY_002558,138,BANK_TIMEOUT,TEMPORARY,0,TEMPORARY,"{'RETRY_NOW': 0.5558028337849814, 'RETRY_LATER': 0.8283451071729658, 'SWITCH_METHOD': 0.6175410298628353, 'SEND_NOTIFICATION': 0.21025288980905013, 'STOP': 0.009006052388608863}",RETRY_LATER,114.31162478986928,SUCCESS,138.0,,0
PAY_008446,1715,GATEWAY_TIMEOUT,TEMPORARY,0,TEMPORARY,"{'RETRY_NOW': 0.5410492302332598, 'RETRY_LATER': 0.8263789458261132, 'SWITCH_METHOD': 0.6253826274555973, 'SEND_NOTIFICATION': 0.210413915175294, 'STOP': 0.027267020724570865}",RETRY_LATER,1417.239892091784,SUCCESS,1715.0,,0
PAY_004200,976,INSUFFICIENT_FUNDS,CUSTOMER,0,CUSTOMER,"{'RETRY_NOW': 0.19186333994168384, 'RETRY_LATER': 0.44178375710473894, 'SWITCH_METHOD': 0.5830322623171431, 'SEND_NOTIFICATION': 0.7182954167148514, 'STOP': 0.05679986278366041}",SEND_NOTIFICATION,701.056326713695,FAILED,0.0,,0
PAY_004200,976,INSUFFICIENT_FUNDS,CUSTOMER,1,CUSTOMER,"{'RETRY_NOW': 0.19186333994168384, 'RETRY_LATER': 0.44178375710473894, 'SWITCH_METHOD': 0.5830322623171431, 'SEND_NOTIFICATION': 0.7182954167148514, 'STOP': 0.05679986278366041}",SEND_NOTIFICATION,701.056326713695,FAILED,0.0,,1
PAY_004200,976,INSUFFICIENT_FUNDS,CUSTOMER,2,CUSTOMER,{},STOP,0.0,STOPPED,0.0,MAX_RETRIES_REACHED,2
PAY_009638,1877,LIMIT_EXCEEDED,CUSTOMER,0,CUSTOMER,"{'RETRY_NOW': 0.22557267333133968, 'RETRY_LATER': 0.38872257960950474, 'SWITCH_METHOD': 0.4922907387864806, 'SEND_NOTIFICATION': 0.5615432240365298, 'STOP': 0.0905755136377806}",SEND_NOTIFICATION,1054.0166315165663,SUCCESS,1877.0,,0
PAY_005540,1943,BANK_TIMEOUT,TEMPORARY,0,TEMPORARY,"{'RETRY_NOW': 0.5981938659550141, 'RETRY_LATER': 0.8606533613726849, 'SWITCH_METHOD': 0.6525013149595621, 'SEND_NOTIFICATION': 0.2393151524287, 'STOP': 0.04188179156783071}",RETRY_LATER,1672.2494811471267,SUCCESS,1943.0,,0
PAY_001649,967,BLOCKED_METHOD,HARD,0,HARD,"{'RETRY_NOW': 0.055652368203661935, 'RETRY_LATER': 0.064945511606514, 'SWITCH_METHOD': 0.17403787585458017, 'SEND_NOTIFICATION': 0.2047987602452302, 'STOP': 0.9755197130250365}",SEND_NOTIFICATION,198.0404011571376,FAILED,0.0,,0
PAY_001649,967,BLOCKED_METHOD,HARD,1,HARD,"{'RETRY_NOW': 0.055652368203661935, 'RETRY_LATER': 0.064945511606514, 'SWITCH_METHOD': 0.17403787585458017, 'SEND_NOTIFICATION': 0.2047987602452302, 'STOP': 0.9755197130250365}",SEND_NOTIFICATION,198.0404011571376,SUCCESS,967.0,,1
PAY_006198,965,CUSTOMER_DECLINED,HARD,0,HARD,"{'RETRY_NOW': 0.028805883828151437, 'RETRY_LATER': 0.02954222362678532, 'SWITCH_METHOD': 0.05057248569243906, 'SEND_NOTIFICATION': 0.07022043057402337, 'STOP': 0.9899612819830307}",SEND_NOTIFICATION,67.76271550393255,FAILED,0.0,,0
PAY_006198,965,CUSTOMER_DECLINED,HARD,1,HARD,"{'RETRY_NOW': 0.028805883828151437, 'RETRY_LATER': 0.02954222362678532, 'SWITCH_METHOD': 0.05057248569243906, 'SEND_NOTIFICATION': 0.07022043057402337, 'STOP': 0.9899612819830307}",SEND_NOTIFICATION,67.76271550393255,FAILED,0.0,,1
PAY_006198,965,CUSTOMER_DECLINED,HARD,2,HARD,{},STOP,0.0,STOPPED,0.0,MAX_RETRIES_REACHED,2
PAY_006296,782,GATEWAY_TIMEOUT,TEMPORARY,0,TEMPORARY,"{'RETRY_NOW': 0.5149614404804004, 'RETRY_LATER': 0.807829639409678, 'SWITCH_METHOD': 0.6076755041347341, 'SEND_NOTIFICATION': 0.19413146089991365, 'STOP': 0.009074572674723272}",RETRY_LATER,631.7227780183682,SUCCESS,782.0,,0
PAY_004500,99,PAYMENT_EXPIRED,HARD,0,HARD,"{'RETRY_NOW': 0.022275128388292837, 'RETRY_LATER': 0.032173644384555035, 'SWITCH_METHOD': 0.0639540231701278, 'SEND_NOTIFICATION': 0.0936120711366232, 'STOP': 0.9893009318743803}",SWITCH_METHOD,6.331448293842652,FAILED,0.0,,0
PAY_004500,99,PAYMENT_EXPIRED,HARD,1,HARD,"{'RETRY_NOW': 0.022275128388292837, 'RETRY_LATER': 0.032173644384555035, 'SWITCH_METHOD': 0.0639540231701278, 'SEND_NOTIFICATION': 0.0936120711366232, 'STOP': 0.9893009318743803}",SWITCH_METHOD,6.331448293842652,FAILED,0.0,,1
PAY_004500,99,PAYMENT_EXPIRED,HARD,2,HARD,{},STOP,0.0,STOPPED,0.0,MAX_RETRIES_REACHED,2
PAY_001155,766,PAYMENT_EXPIRED,HARD,0,HARD,"{'RETRY_NOW': 0.04719898553185486, 'RETRY_LATER': 0.055804451923778066, 'SWITCH_METHOD': 0.09387876505128144, 'SEND_NOTIFICATION': 0.11937230219412236, 'STOP': 0.99}",SEND_NOTIFICATION,91.43918348069772,SUCCESS,766.0,,0
PAY_002256,641,INSUFFICIENT_FUNDS,CUSTOMER,0,CUSTOMER,"{'RETRY_NOW': 0.19976177918894553, 'RETRY_LATER': 0.45175142087217285, 'SWITCH_METHOD': 0.5912024929739254, 'SEND_NOTIFICATION': 0.7262050128300418, 'STOP': 0.06290968148528578}",SEND_NOTIFICATION,465.4974132240568,SUCCESS,641.0,,0
PAY_003171,400,BANK_TIMEOUT,TEMPORARY,0,TEMPORARY,"{'RETRY_NOW': 0.5787323086585725, 'RETRY_LATER': 0.8409871919362351, 'SWITCH_METHOD': 0.6319963755641068, 'SEND_NOTIFICATION': 0.2220028136051772, 'STOP': 0.022339809277451692}",RETRY_LATER,336.39487677449404,SUCCESS,400.0,,0
PAY_007401,328,UPI_TECHNICAL_ERROR,TEMPORARY,0,TEMPORARY,"{'RETRY_NOW': 0.5479540148869984, 'RETRY_LATER': 0.8235771659149232, 'SWITCH_METHOD': 0.6902470658318978, 'SEND_NOTIFICATION': 0.21234645470434035, 'STOP': 0.043262285512572565}",RETRY_LATER,270.1333104200948,SUCCESS,328.0,,0
PAY_007159,524,GATEWAY_TIMEOUT,TEMPORARY,0,TEMPORARY,"{'RETRY_NOW': 0.5149614404804004, 'RETRY_LATER': 0.807829639409678, 'SWITCH_METHOD': 0.6076755041347341, 'SEND_NOTIFICATION': 0.19413146089991365, 'STOP': 0.009074572674723272}",RETRY_LATER,423.3027310506713,SUCCESS,524.0,,0
PAY_003109,2519,GATEWAY_TIMEOUT,TEMPORARY,0,TEMPORARY,"{'RETRY_NOW': 0.5305124918837583, 'RETRY_LATER': 0.8177406025094297, 'SWITCH_METHOD': 0.6208221579900054, 'SEND_NOTIFICATION': 0.20336733053742942, 'STOP': 0.01954237197609204}",RETRY_LATER,2059.8885777212536,SUCCESS,2519.0,,0
PAY_004549,99,CARD_EXPIRED,CUSTOMER,0,CUSTOMER,"{'RETRY_NOW': 0.08053258811839041, 'RETRY_LATER': 0.11750880427626711, 'SWITCH_METHOD': 0.541743383370896, 'SEND_NOTIFICATION': 0.6407707207039396, 'STOP': 0.14005164759829278}",SEND_NOTIFICATION,63.43630134969002,FAILED,0.0,,0
PAY_004549,99,CARD_EXPIRED,CUSTOMER,1,CUSTOMER,"{'RETRY_NOW': 0.08053258811839041, 'RETRY_LATER': 0.11750880427626711, 'SWITCH_METHOD': 0.541743383370896, 'SEND_NOTIFICATION': 0.6407707207039396, 'STOP': 0.14005164759829278}",SEND_NOTIFICATION,63.43630134969002,SUCCESS,99.0,,1
PAY_005424,203,AUTHENTICATION_FAILED,CUSTOMER,0,CUSTOMER,"{'RETRY_NOW': 0.3461820783485191, 'RETRY_LATER': 0.4964371588078376, 'SWITCH_METHOD': 0.42364892479987487, 'SEND_NOTIFICATION': 0.6019506175029296, 'STOP': 0.10036895361227754}",SEND_NOTIFICATION,122.1959753530947,SUCCESS,203.0,,0
PAY_002050,236,INSUFFICIENT_FUNDS,CUSTOMER,0,CUSTOMER,"{'RETRY_NOW': 0.21379256000984154, 'RETRY_LATER': 0.4791163224241055, 'SWITCH_METHOD': 0.6120803380466574, 'SEND_NOTIFICATION': 0.7523212502857335, 'STOP': 0.08162557890390694}",SEND_NOTIFICATION,177.5478150674331,SUCCESS,236.0,,0
PAY_009209,5419,CUSTOMER_DECLINED,HARD,0,HARD,"{'RETRY_NOW': 0.03732953746837699, 'RETRY_LATER': 0.03614809478179665, 'SWITCH_METHOD': 0.05874970806145215, 'SEND_NOTIFICATION': 0.07655059024909824, 'STOP': 0.9899148397967259}",SEND_NOTIFICATION,414.8276485598634,FAILED,0.0,,0
PAY_009209,5419,CUSTOMER_DECLINED,HARD,1,HARD,"{'RETRY_NOW': 0.03732953746837699, 'RETRY_LATER': 0.03614809478179665, 'SWITCH_METHOD': 0.05874970806145215, 'SEND_NOTIFICATION': 0.07655059024909824, 'STOP': 0.9899148397967259}",SEND_NOTIFICATION,414.8276485598634,FAILED,0.0,,1
PAY_009209,5419,CUSTOMER_DECLINED,HARD,2,HARD,{},STOP,0.0,STOPPED,0.0,MAX_RETRIES_REACHED,2
PAY_008816,1486,INSUFFICIENT_FUNDS,CUSTOMER,0,CUSTOMER,"{'RETRY_NOW': 0.20130392957610446, 'RETRY_LATER': 0.45841684084532897, 'SWITCH_METHOD': 0.5961791660844497, 'SEND_NOTIFICATION': 0.7268607316986306, 'STOP': 0.06617957106946074}",SEND_NOTIFICATION,1080.115047304165,SUCCESS,1486.0,,0
PAY_009798,558,UPI_TECHNICAL_ERROR,TEMPORARY,0,TEMPORARY,"{'RETRY_NOW': 0.4932968722043806, 'RETRY_LATER': 0.7687290617197995, 'SWITCH_METHOD': 0.6360683126246827, 'SEND_NOTIFICATION': 0.15634204055733525, 'STOP': 0.0010059069716816295}",RETRY_LATER,428.9508164396481,FAILED,0.0,,0
PAY_009798,558,UPI_TECHNICAL_ERROR,TEMPORARY,1,TEMPORARY,"{'RETRY_NOW': 0.4932968722043806, 'RETRY_LATER': 0.7687290617197995, 'SWITCH_METHOD': 0.6360683126246827, 'SEND_NOTIFICATION': 0.15634204055733525, 'STOP': 0.0010059069716816295}",RETRY_LATER,428.9508164396481,SUCCESS,558.0,,1
PAY_000263,831,GATEWAY_TIMEOUT,TEMPORARY,0,TEMPORARY,"{'RETRY_NOW': 0.5495420137465893, 'RETRY_LATER': 0.831379504050903, 'SWITCH_METHOD': 0.6334907688745225, 'SEND_NOTIFICATION': 0.212555992702287, 'STOP': 0.03172268323732836}",RETRY_LATER,690.8763678663004,FAILED,0.0,,0
PAY_000263,831,GATEWAY_TIMEOUT,TEMPORARY,1,TEMPORARY,"{'RETRY_NOW': 0.5495420137465893, 'RETRY_LATER': 0.831379504050903, 'SWITCH_METHOD': 0.6334907688745225, 'SEND_NOTIFICATION': 0.212555992702287, 'STOP': 0.03172268323732836}",RETRY_LATER,690.8763678663004,SUCCESS,831.0,,1
PAY_004062,862,GATEWAY_TIMEOUT,TEMPORARY,0,TEMPORARY,"{'RETRY_NOW': 0.5399586701231865, 'RETRY_LATER': 0.827152291815821, 'SWITCH_METHOD': 0.6263661192179011, 'SEND_NOTIFICATION': 0.21112735722566964, 'STOP': 0.028994474200321006}",RETRY_LATER,713.0052755452376,SUCCESS,862.0,,0
PAY_005535,644,CUSTOMER_DECLINED,HARD,0,HARD,"{'RETRY_NOW': 0.022694034261314836, 'RETRY_LATER': 0.02437161590474269, 'SWITCH_METHOD': 0.04635552374928531, 'SEND_NOTIFICATION': 0.06284298922959063, 'STOP': 0.9898253637711008}",SEND_NOTIFICATION,40.470885063856365,FAILED,0.0,,0
PAY_005535,644,CUSTOMER_DECLINED,HARD,1,HARD,"{'RETRY_NOW': 0.022694034261314836, 'RETRY_LATER': 0.02437161590474269, 'SWITCH_METHOD': 0.04635552374928531, 'SEND_NOTIFICATION': 0.06284298922959063, 'STOP': 0.9898253637711008}",SEND_NOTIFICATION,40.470885063856365,FAILED,0.0,,1
PAY_005535,644,CUSTOMER_DECLINED,HARD,2,HARD,{},STOP,0.0,STOPPED,0.0,MAX_RETRIES_REACHED,2
PAY_006617,631,UPI_TECHNICAL_ERROR,TEMPORARY,0,TEMPORARY,"{'RETRY_NOW': 0.5459161004199389, 'RETRY_LATER': 0.8208719444658756, 'SWITCH_METHOD': 0.6850543723059109, 'SEND_NOTIFICATION': 0.20588312503578002, 'STOP': 0.038853977492589446}",RETRY_LATER,517.9701969579676,FAILED,0.0,,0
PAY_006617,631,UPI_TECHNICAL_ERROR,TEMPORARY,1,TEMPORARY,"{'RETRY_NOW': 0.5459161004199389, 'RETRY_LATER': 0.8208719444658756, 'SWITCH_METHOD': 0.6850543723059109, 'SEND_NOTIFICATION': 0.20588312503578002, 'STOP': 0.038853977492589446}",RETRY_LATER,517.9701969579676,SUCCESS,631.0,,1
PAY_008121,208,INSUFFICIENT_FUNDS,CUSTOMER,0,CUSTOMER,"{'RETRY_NOW': 0.2102122615955355, 'RETRY_LATER': 0.46889637936991696, 'SWITCH_METHOD': 0.6046750058587255, 'SEND_NOTIFICATION': 0.7488416374981446, 'STOP': 0.0797179975048469}",SEND_NOTIFICATION,155.7590605996141,SUCCESS,208.0,,0
PAY_008156,243,GATEWAY_TIMEOUT,TEMPORARY,0,TEMPORARY,"{'RETRY_NOW': 0.5495420137465893, 'RETRY_LATER': 0.831379504050903, 'SWITCH_METHOD': 0.6334907688745225, 'SEND_NOTIFICATION': 0.212555992702287, 'STOP': 0.03172268323732836}",RETRY_LATER,202.02521948436942,SUCCESS,243.0,,0
PAY_001803,687,GATEWAY_TIMEOUT,TEMPORARY,0,TEMPORARY,"{'RETRY_NOW': 0.5677304295722985, 'RETRY_LATER': 0.8440388405112508, 'SWITCH_METHOD': 0.6442872333247875, 'SEND_NOTIFICATION': 0.21869849130503174, 'STOP': 0.04348779568859494}",RETRY_LATER,579.8546834312293,SUCCESS,687.0,,0
PAY_004737,484,BLOCKED_METHOD,HARD,0,HARD,"{'RETRY_NOW': 0.04206883484170363, 'RETRY_LATER': 0.052414991753257485, 'SWITCH_METHOD': 0.16069238173198783, 'SEND_NOTIFICATION': 0.19248680263244675, 'STOP': 0.9618835162368888}",SEND_NOTIFICATION,93.16361247410423,FAILED,0.0,,0
PAY_004737,484,BLOCKED_METHOD,HARD,1,HARD,"{'RETRY_NOW': 0.04206883484170363, 'RETRY_LATER': 0.052414991753257485, 'SWITCH_METHOD': 0.16069238173198783, 'SEND_NOTIFICATION': 0.19248680263244675, 'STOP': 0.9618835162368888}",SEND_NOTIFICATION,93.16361247410423,FAILED,0.0,,1
PAY_004737,484,BLOCKED_METHOD,HARD,2,HARD,{},STOP,0.0,STOPPED,0.0,MAX_RETRIES_REACHED,2
PAY_002386,105,UPI_TECHNICAL_ERROR,TEMPORARY,0,TEMPORARY,"{'RETRY_NOW': 0.5003982997132768, 'RETRY_LATER': 0.7870663216095729, 'SWITCH_METHOD': 0.6529454084847301, 'SEND_NOTIFICATION': 0.18023350212997166, 'STOP': 0.0060276568853919665}",RETRY_LATER,82.64196376900516,SUCCESS,105.0,,0
PAY_006695,218,AUTHENTICATION_FAILED,CUSTOMER,0,CUSTOMER,"{'RETRY_NOW': 0.3748244441438134, 'RETRY_LATER': 0.5280578959447315, 'SWITCH_METHOD': 0.4503147614848942, 'SEND_NOTIFICATION': 0.6302115594286568, 'STOP': 0.12983424683925016}",SEND_NOTIFICATION,137.38611995544719,FAILED,0.0,,0
PAY_006695,218,AUTHENTICATION_FAILED,CUSTOMER,1,CUSTOMER,"{'RETRY_NOW': 0.3748244441438134, 'RETRY_LATER': 0.5280578959447315, 'SWITCH_METHOD': 0.4503147614848942, 'SEND_NOTIFICATION': 0.6302115594286568, 'STOP': 0.12983424683925016}",SEND_NOTIFICATION,137.38611995544719,SUCCESS,218.0,,1
PAY_005760,99,LIMIT_EXCEEDED,CUSTOMER,0,CUSTOMER,"{'RETRY_NOW': 0.22898149398366466, 'RETRY_LATER': 0.3850294003676392, 'SWITCH_METHOD': 0.4878004653645835, 'SEND_NOTIFICATION': 0.5598198724730225, 'STOP': 0.08538781616434653}",SEND_NOTIFICATION,55.42216737482922,FAILED,0.0,,0
PAY_005760,99,LIMIT_EXCEEDED,CUSTOMER,1,CUSTOMER,"{'RETRY_NOW': 0.22898149398366466, 'RETRY_LATER': 0.3850294003676392, 'SWITCH_METHOD': 0.4878004653645835, 'SEND_NOTIFICATION': 0.5598198724730225, 'STOP': 0.08538781616434653}",SEND_NOTIFICATION,55.42216737482922,FAILED,0.0,,1
PAY_005760,99,LIMIT_EXCEEDED,CUSTOMER,2,CUSTOMER,{},STOP,0.0,STOPPED,0.0,MAX_RETRIES_REACHED,2
PAY_001960,3201,INVALID_ACCOUNT,HARD,0,HARD,"{'RETRY_NOW': 0.03156802115563035, 'RETRY_LATER': 0.04343809783867429, 'SWITCH_METHOD': 0.10697789047263015, 'SEND_NOTIFICATION': 0.13539650996114821, 'STOP': 0.9898865051041026}",SEND_NOTIFICATION,433.40422838563546,FAILED,0.0,,0
PAY_001960,3201,INVALID_ACCOUNT,HARD,1,HARD,"{'RETRY_NOW': 0.03156802115563035, 'RETRY_LATER': 0.04343809783867429, 'SWITCH_METHOD': 0.10697789047263015, 'SEND_NOTIFICATION': 0.13539650996114821, 'STOP': 0.9898865051041026}",SEND_NOTIFICATION,433.40422838563546,FAILED,0.0,,1
PAY_001960,3201,INVALID_ACCOUNT,HARD,2,HARD,{},STOP,0.0,STOPPED,0.0,MAX_RETRIES_REACHED,2
PAY_002977,99,BLOCKED_METHOD,HARD,0,HARD,"{'RETRY_NOW': 0.04206883484170363, 'RETRY_LATER': 0.052414991753257485, 'SWITCH_METHOD': 0.16069238173198783, 'SEND_NOTIFICATION': 0.19248680263244675, 'STOP': 0.9618835162368888}",SEND_NOTIFICATION,19.056193460612228,FAILED,0.0,,0
PAY_002977,99,BLOCKED_METHOD,HARD,1,HARD,"{'RETRY_NOW': 0.04206883484170363, 'RETRY_LATER': 0.052414991753257485, 'SWITCH_METHOD': 0.16069238173198783, 'SEND_NOTIFICATION': 0.19248680263244675, 'STOP': 0.9618835162368888}",SEND_NOTIFICATION,19.056193460612228,FAILED,0.0,,1
PAY_002977,99,BLOCKED_METHOD,HARD,2,HARD,{},STOP,0.0,STOPPED,0.0,MAX_RETRIES_REACHED,2
PAY_008681,520,BANK_TIMEOUT,TEMPORARY,0,TEMPORARY,"{'RETRY_NOW': 0.5511778866468485, 'RETRY_LATER': 0.822032345782785, 'SWITCH_METHOD': 0.6114504793744828, 'SEND_NOTIFICATION': 0.2026232680982858, 'STOP': 0.0029976924631428445}",RETRY_LATER,427.4568198070482,SUCCESS,520.0,,0
PAY_001844,1290,UPI_TECHNICAL_ERROR,TEMPORARY,0,TEMPORARY,"{'RETRY_NOW': 0.5046469370816181, 'RETRY_LATER': 0.7826900958272864, 'SWITCH_METHOD': 0.6484045092768476, 'SEND_NOTIFICATION': 0.17341423591776123, 'STOP': 0.0015014239530806903}",RETRY_LATER,1009.6702236171996,SUCCESS,1290.0,,0
PAY_001735,1151,BANK_TIMEOUT,TEMPORARY,0,TEMPORARY,"{'RETRY_NOW': 0.5787323086585725, 'RETRY_LATER': 0.8409871919362351, 'SWITCH_METHOD': 0.6319963755641068, 'SEND_NOTIFICATION': 0.2220028136051772, 'STOP': 0.022339809277451692}",RETRY_LATER,967.9762579186065,FAILED,0.0,,0
PAY_001735,1151,BANK_TIMEOUT,TEMPORARY,1,TEMPORARY,"{'RETRY_NOW': 0.5787323086585725, 'RETRY_LATER': 0.8409871919362351, 'SWITCH_METHOD': 0.6319963755641068, 'SEND_NOTIFICATION': 0.2220028136051772, 'STOP': 0.022339809277451692}",RETRY_LATER,967.9762579186065,SUCCESS,1151.0,,1
PAY_002912,1106,BANK_TIMEOUT,TEMPORARY,0,TEMPORARY,"{'RETRY_NOW': 0.5752727942608009, 'RETRY_LATER': 0.8459959852561703, 'SWITCH_METHOD': 0.6346172550826932, 'SEND_NOTIFICATION': 0.22286984585585035, 'STOP': 0.025599252584954414}",RETRY_LATER,935.6715596933243,SUCCESS,1106.0,,0
PAY_008339,2268,NETWORK_ERROR,TEMPORARY,0,TEMPORARY,"{'RETRY_NOW': 0.5045002834854875, 'RETRY_LATER': 0.7785125482911412, 'SWITCH_METHOD': 0.6085921050508901, 'SEND_NOTIFICATION': 0.17578792044511196, 'STOP': 0.02868115064427444}",RETRY_LATER,1765.6664595243083,FAILED,0.0,,0
PAY_008339,2268,NETWORK_ERROR,TEMPORARY,1,TEMPORARY,"{'RETRY_NOW': 0.5045002834854875, 'RETRY_LATER': 0.7785125482911412, 'SWITCH_METHOD': 0.6085921050508901, 'SEND_NOTIFICATION': 0.17578792044511196, 'STOP': 0.02868115064427444}",RETRY_LATER,1765.6664595243083,FAILED,0.0,,1
PAY_008339,2268,NETWORK_ERROR,TEMPORARY,2,TEMPORARY,{},STOP,0.0,STOPPED,0.0,MAX_RETRIES_REACHED,2
PAY_001987,9417,GATEWAY_TIMEOUT,TEMPORARY,0,TEMPORARY,"{'RETRY_NOW': 0.5646849063579514, 'RETRY_LATER': 0.8412523188692911, 'SWITCH_METHOD': 0.6435046382327875, 'SEND_NOTIFICATION': 0.2219977593202257, 'STOP': 0.04219528179284342}",RETRY_LATER,7922.073086792114,SUCCESS,9417.0,,0
PAY_009562,1616,CARD_EXPIRED,CUSTOMER,0,CUSTOMER,"{'RETRY_NOW': 0.1183829582578626, 'RETRY_LATER': 0.15124987594567185, 'SWITCH_METHOD': 0.5744663066493662, 'SEND_NOTIFICATION': 0.6807553468298113, 'STOP': 0.1821199994762826}",SEND_NOTIFICATION,1100.100640476975,FAILED,0.0,,0
PAY_009562,1616,CARD_EXPIRED,CUSTOMER,1,CUSTOMER,"{'RETRY_NOW': 0.1183829582578626, 'RETRY_LATER': 0.15124987594567185, 'SWITCH_METHOD': 0.5744663066493662, 'SEND_NOTIFICATION': 0.6807553468298113, 'STOP': 0.1821199994762826}",SEND_NOTIFICATION,1100.100640476975,SUCCESS,1616.0,,1
PAY_006547,9755,GATEWAY_TIMEOUT,TEMPORARY,0,TEMPORARY,"{'RETRY_NOW': 0.5410492302332598, 'RETRY_LATER': 0.8263789458261132, 'SWITCH_METHOD': 0.6253826274555973, 'SEND_NOTIFICATION': 0.210413915175294, 'STOP': 0.027267020724570865}",RETRY_LATER,8061.326616533734,SUCCESS,9755.0,,0
PAY_007099,228,BLOCKED_METHOD,HARD,0,HARD,"{'RETRY_NOW': 0.05361927567512867, 'RETRY_LATER': 0.06404065379383866, 'SWITCH_METHOD': 0.17203743581836245, 'SEND_NOTIFICATION': 0.20567793277549237, 'STOP': 0.9740278421228401}",SEND_NOTIFICATION,46.89456867281226,SUCCESS,228.0,,0
PAY_002812,1432,INSUFFICIENT_FUNDS,CUSTOMER,0,CUSTOMER,"{'RETRY_NOW': 0.21379256000984154, 'RETRY_LATER': 0.4791163224241055, 'SWITCH_METHOD': 0.6120803380466574, 'SEND_NOTIFICATION': 0.7523212502857335, 'STOP': 0.08162557890390694}",SEND_NOTIFICATION,1077.3240304091703,SUCCESS,1432.0,,0
PAY_000660,99,NETWORK_ERROR,TEMPORARY,0,TEMPORARY,"{'RETRY_NOW': 0.5123314089392572, 'RETRY_LATER': 0.782347352792562, 'SWITCH_METHOD': 0.6119970449271697, 'SEND_NOTIFICATION': 0.17975603288750108, 'STOP': 0.03135202348082933}",RETRY_LATER,77.45238792646363,SUCCESS,99.0,,0
PAY_002512,150,BANK_TIMEOUT,TEMPORARY,0,TEMPORARY,"{'RETRY_NOW': 0.5624450626343493, 'RETRY_LATER': 0.8319800725861933, 'SWITCH_METHOD': 0.617283079418032, 'SEND_NOTIFICATION': 0.21007162124688525, 'STOP': 0.010499523380395035}",RETRY_LATER,124.797010887929,SUCCESS,150.0,,0
PAY_004283,859,BANK_TIMEOUT,TEMPORARY,0,TEMPORARY,"{'RETRY_NOW': 0.5760026385441538, 'RETRY_LATER': 0.8481138177475984, 'SWITCH_METHOD': 0.6353097701479866, 'SEND_NOTIFICATION': 0.22707899959391206, 'STOP': 0.02702637440004829}",RETRY_LATER,728.5297694451871,SUCCESS,859.0,,0
PAY_009340,1566,GATEWAY_TIMEOUT,TEMPORARY,0,TEMPORARY,"{'RETRY_NOW': 0.5359127136908339, 'RETRY_LATER': 0.8204346061631976, 'SWITCH_METHOD': 0.6226626802655473, 'SEND_NOTIFICATION': 0.20780743694490453, 'STOP': 0.022576925658920406}",RETRY_LATER,1284.8005932515675,FAILED,0.0,,0
PAY_009340,1566,GATEWAY_TIMEOUT,TEMPORARY,1,TEMPORARY,"{'RETRY_NOW': 0.5359127136908339, 'RETRY_LATER': 0.8204346061631976, 'SWITCH_METHOD': 0.6226626802655473, 'SEND_NOTIFICATION': 0.20780743694490453, 'STOP': 0.022576925658920406}",RETRY_LATER,1284.8005932515675,SUCCESS,1566.0,,1
PAY_008801,249,BANK_TIMEOUT,TEMPORARY,0,TEMPORARY,"{'RETRY_NOW': 0.5737249575298882, 'RETRY_LATER': 0.8385408547895308, 'SWITCH_METHOD': 0.6291498179397597, 'SEND_NOTIFICATION': 0.21721758805919064, 'STOP': 0.019306697773583903}",RETRY_LATER,208.79667284259315,SUCCESS,249.0,,0
PAY_006288,444,INSUFFICIENT_FUNDS,CUSTOMER,0,CUSTOMER,"{'RETRY_NOW': 0.20411219368751476, 'RETRY_LATER': 0.46544286738347806, 'SWITCH_METHOD': 0.600484425316945, 'SEND_NOTIFICATION': 0.7352405937084365, 'STOP': 0.07181202829276298}",SEND_NOTIFICATION,326.4468236065458,SUCCESS,444.0,,0
PAY_001931,494,BANK_TIMEOUT,TEMPORARY,0,TEMPORARY,"{'RETRY_NOW': 0.5558028337849814, 'RETRY_LATER': 0.8283451071729658, 'SWITCH_METHOD': 0.6175410298628353, 'SEND_NOTIFICATION': 0.21025288980905013, 'STOP': 0.009006052388608863}",RETRY_LATER,409.20248294344515,SUCCESS,494.0,,0
PAY_007126,129,BANK_TIMEOUT,TEMPORARY,0,TEMPORARY,"{'RETRY_NOW': 0.5485501018429818, 'RETRY_LATER': 0.8278252880358226, 'SWITCH_METHOD': 0.6160730048575507, 'SEND_NOTIFICATION': 0.20748237964013003, 'STOP': 0.006008559936693242}",RETRY_LATER,106.78946215662111,FAILED,0.0,,0
PAY_007126,129,BANK_TIMEOUT,TEMPORARY,1,TEMPORARY,"{'RETRY_NOW': 0.5485501018429818, 'RETRY_LATER': 0.8278252880358226, 'SWITCH_METHOD': 0.6160730048575507, 'SEND_NOTIFICATION': 0.20748237964013003, 'STOP': 0.006008559936693242}",RETRY_LATER,106.78946215662111,SUCCESS,129.0,,1
PAY_000198,1101,BLOCKED_METHOD,HARD,0,HARD,"{'RETRY_NOW': 0.047911409043583465, 'RETRY_LATER': 0.058394893745702954, 'SWITCH_METHOD': 0.1677714106338379, 'SEND_NOTIFICATION': 0.1986781068507305, 'STOP': 0.9695528615911335}",SEND_NOTIFICATION,218.74459564265428,FAILED,0.0,,0
PAY_000198,1101,BLOCKED_METHOD,HARD,1,HARD,"{'RETRY_NOW': 0.047911409043583465, 'RETRY_LATER': 0.058394893745702954, 'SWITCH_METHOD': 0.1677714106338379, 'SEND_NOTIFICATION': 0.1986781068507305, 'STOP': 0.9695528615911335}",SEND_NOTIFICATION,218.74459564265428,FAILED,0.0,,1
PAY_000198,1101,BLOCKED_METHOD,HARD,2,HARD,{},STOP,0.0,STOPPED,0.0,MAX_RETRIES_REACHED,2
PAY_007778,496,LIMIT_EXCEEDED,CUSTOMER,0,CUSTOMER,"{'RETRY_NOW': 0.23323541217939237, 'RETRY_LATER': 0.3956921176590515, 'SWITCH_METHOD': 0.5001668567179068, 'SEND_NOTIFICATION': 0.5569747122842366, 'STOP': 0.09297751449736351}",SEND_NOTIFICATION,276.2594572929813,SUCCESS,496.0,,0
PAY_002932,604,PAYMENT_EXPIRED,HARD,0,HARD,"{'RETRY_NOW': 0.029928999876813522, 'RETRY_LATER': 0.03897031227989492, 'SWITCH_METHOD': 0.0719234988733009, 'SEND_NOTIFICATION': 0.09962607243814922, 'STOP': 0.989710885839052}",SEND_NOTIFICATION,60.17414775264213,SUCCESS,604.0,,0
PAY_008005,354,UPI_TECHNICAL_ERROR,TEMPORARY,0,TEMPORARY,"{'RETRY_NOW': 0.5459161004199389, 'RETRY_LATER': 0.8208719444658756, 'SWITCH_METHOD': 0.6850543723059109, 'SEND_NOTIFICATION': 0.20588312503578002, 'STOP': 0.038853977492589446}",RETRY_LATER,290.58866834092,SUCCESS,354.0,,0
PAY_002328,1297,BANK_TIMEOUT,TEMPORARY,0,TEMPORARY,"{'RETRY_NOW': 0.5452056921621987, 'RETRY_LATER': 0.8179416842359792, 'SWITCH_METHOD': 0.6069588058100296, 'SEND_NOTIFICATION': 0.1970728260095892, 'STOP': 0.0010053693719094096}",RETRY_LATER,1060.870364454065,SUCCESS,1297.0,,0
PAY_004390,840,PAYMENT_EXPIRED,HARD,0,HARD,"{'RETRY_NOW': 0.03129147871374029, 'RETRY_LATER': 0.04182692298155224, 'SWITCH_METHOD': 0.07425590748816434, 'SEND_NOTIFICATION': 0.10147235778933637, 'STOP': 0.9897593067164647}",SEND_NOTIFICATION,85.23678054304256,FAILED,0.0,,0
PAY_004390,840,PAYMENT_EXPIRED,HARD,1,HARD,"{'RETRY_NOW': 0.03129147871374029, 'RETRY_LATER': 0.04182692298155224, 'SWITCH_METHOD': 0.07425590748816434, 'SEND_NOTIFICATION': 0.10147235778933637, 'STOP': 0.9897593067164647}",SEND_NOTIFICATION,85.23678054304256,FAILED,0.0,,1
PAY_004390,840,PAYMENT_EXPIRED,HARD,2,HARD,{},STOP,0.0,STOPPED,0.0,MAX_RETRIES_REACHED,2
PAY_008959,250,NETWORK_ERROR,TEMPORARY,0,TEMPORARY,"{'RETRY_NOW': 0.5003481664705942, 'RETRY_LATER': 0.7668000316384543, 'SWITCH_METHOD': 0.6034187882708808, 'SEND_NOTIFICATION': 0.16791702795491556, 'STOP': 0.018012261349316813}",RETRY_LATER,191.7000079096136,SUCCESS,250.0,,0
PAY_004219,1511,BANK_TIMEOUT,TEMPORARY,0,TEMPORARY,"{'RETRY_NOW': 0.5916354398295579, 'RETRY_LATER': 0.8553086511216905, 'SWITCH_METHOD': 0.6429611314217215, 'SEND_NOTIFICATION': 0.23301664035205327, 'STOP': 0.034585301590541226}",RETRY_LATER,1292.3713718448744,SUCCESS,1511.0,,0
PAY_000203,282,CARD_EXPIRED,CUSTOMER,0,CUSTOMER,"{'RETRY_NOW': 0.09229966895254829, 'RETRY_LATER': 0.13677405683111724, 'SWITCH_METHOD': 0.5578591546197532, 'SEND_NOTIFICATION': 0.6568845692613963, 'STOP': 0.16329793058737951}",SEND_NOTIFICATION,185.24144853171376,SUCCESS,282.0,,0
PAY_003511,666,AUTHENTICATION_FAILED,CUSTOMER,0,CUSTOMER,"{'RETRY_NOW': 0.3789144377339673, 'RETRY_LATER': 0.5369607102023809, 'SWITCH_METHOD': 0.45859615843136947, 'SEND_NOTIFICATION': 0.6441859681875332, 'STOP': 0.13763549419145016}",SEND_NOTIFICATION,429.0278548128971,SUCCESS,666.0,,0
PAY_004932,1729,BANK_TIMEOUT,TEMPORARY,0,TEMPORARY,"{'RETRY_NOW': 0.5901690544587485, 'RETRY_LATER': 0.8572548944418964, 'SWITCH_METHOD': 0.6445748920528869, 'SEND_NOTIFICATION': 0.23419297675421302, 'STOP': 0.035799839628748165}",RETRY_LATER,1482.193712490039,SUCCESS,1729.0,,0
PAY_005536,441,AUTHENTICATION_FAILED,CUSTOMER,0,CUSTOMER,"{'RETRY_NOW': 0.3701544657660245, 'RETRY_LATER': 0.5150705684185359, 'SWITCH_METHOD': 0.4415790206128863, 'SEND_NOTIFICATION': 0.6201702114790499, 'STOP': 0.11965647636795643}",SEND_NOTIFICATION,273.495063262261,FAILED,0.0,,0
PAY_005536,441,AUTHENTICATION_FAILED,CUSTOMER,1,CUSTOMER,"{'RETRY_NOW': 0.3701544657660245, 'RETRY_LATER': 0.5150705684185359, 'SWITCH_METHOD': 0.4415790206128863, 'SEND_NOTIFICATION': 0.6201702114790499, 'STOP': 0.11965647636795643}",SEND_NOTIFICATION,273.495063262261,FAILED,0.0,,1
PAY_005536,441,AUTHENTICATION_FAILED,CUSTOMER,2,CUSTOMER,{},STOP,0.0,STOPPED,0.0,MAX_RETRIES_REACHED,2
PAY_005792,345,INSUFFICIENT_FUNDS,CUSTOMER,0,CUSTOMER,"{'RETRY_NOW': 0.21912422395505574, 'RETRY_LATER': 0.48444381767143446, 'SWITCH_METHOD': 0.6244683876838839, 'SEND_NOTIFICATION': 0.7700041913272311, 'STOP': 0.09054291564980634}",SEND_NOTIFICATION,265.6514460078947,SUCCESS,345.0,,0
PAY_001708,705,GATEWAY_TIMEOUT,TEMPORARY,0,TEMPORARY,"{'RETRY_NOW': 0.5293823070611737, 'RETRY_LATER': 0.8204736823965143, 'SWITCH_METHOD': 0.6227250037118731, 'SEND_NOTIFICATION': 0.2066759756998412, 'STOP': 0.021332910643010787}",RETRY_LATER,578.4339460895426,SUCCESS,705.0,,0
PAY_005173,1652,GATEWAY_TIMEOUT,TEMPORARY,0,TEMPORARY,"{'RETRY_NOW': 0.5473522484779172, 'RETRY_LATER': 0.829190486344726, 'SWITCH_METHOD': 0.6321837335805042, 'SEND_NOTIFICATION': 0.2111091763534946, 'STOP': 0.030237132534999826}",RETRY_LATER,1369.8226834414875,SUCCESS,1652.0,,0
PAY_005250,565,CUSTOMER_DECLINED,HARD,0,HARD,"{'RETRY_NOW': 0.010222194457274519, 'RETRY_LATER': 0.011891728284506443, 'SWITCH_METHOD': 0.029168119594606627, 'SEND_NOTIFICATION': 0.04959553859449342, 'STOP': 0.9889623739232896}",SEND_NOTIFICATION,28.021479305888782,FAILED,0.0,,0
PAY_005250,565,CUSTOMER_DECLINED,HARD,1,HARD,"{'RETRY_NOW': 0.010222194457274519, 'RETRY_LATER': 0.011891728284506443, 'SWITCH_METHOD': 0.029168119594606627, 'SEND_NOTIFICATION': 0.04959553859449342, 'STOP': 0.9889623739232896}",SEND_NOTIFICATION,28.021479305888782,FAILED,0.0,,1
PAY_005250,565,CUSTOMER_DECLINED,HARD,2,HARD,{},STOP,0.0,STOPPED,0.0,MAX_RETRIES_REACHED,2
PAY_006529,1417,INSUFFICIENT_FUNDS,CUSTOMER,0,CUSTOMER,"{'RETRY_NOW': 0.21320791903019476, 'RETRY_LATER': 0.4703213900001933, 'SWITCH_METHOD': 0.6080488418565584, 'SEND_NOTIFICATION': 0.7451829001312937, 'STOP': 0.07679878172440113}",SEND_NOTIFICATION,1055.9241694860432,SUCCESS,1417.0,,0
PAY_009849,1480,UPI_TECHNICAL_ERROR,TEMPORARY,0,TEMPORARY,"{'RETRY_NOW': 0.550293047462843, 'RETRY_LATER': 0.8214552454950431, 'SWITCH_METHOD': 0.6870143781123158, 'SEND_NOTIFICATION': 0.21149707420485261, 'STOP': 0.041867015454206}",RETRY_LATER,1215.7537633326638,SUCCESS,1480.0,,0
PAY_005856,1011,AUTHENTICATION_FAILED,CUSTOMER,0,CUSTOMER,"{'RETRY_NOW': 0.38599673826845793, 'RETRY_LATER': 0.5456828603108634, 'SWITCH_METHOD': 0.4650705063886304, 'SEND_NOTIFICATION': 0.6498692801717164, 'STOP': 0.14362370670984778}",SEND_NOTIFICATION,657.0178422536053,FAILED,0.0,,0
PAY_005856,1011,AUTHENTICATION_FAILED,CUSTOMER,1,CUSTOMER,"{'RETRY_NOW': 0.38599673826845793, 'RETRY_LATER': 0.5456828603108634, 'SWITCH_METHOD': 0.4650705063886304, 'SEND_NOTIFICATION': 0.6498692801717164, 'STOP': 0.14362370670984778}",SEND_NOTIFICATION,657.0178422536053,FAILED,0.0,,1
PAY_005856,1011,AUTHENTICATION_FAILED,CUSTOMER,2,CUSTOMER,{},STOP,0.0,STOPPED,0.0,MAX_RETRIES_REACHED,2
PAY_008165,2400,AUTHENTICATION_FAILED,CUSTOMER,0,CUSTOMER,"{'RETRY_NOW': 0.3701544657660245, 'RETRY_LATER': 0.5150705684185359, 'SWITCH_METHOD': 0.441005734935916, 'SEND_NOTIFICATION': 0.6201702114790499, 'STOP': 0.11773814545150076}",SEND_NOTIFICATION,1488.4085075497198,SUCCESS,2400.0,,0
PAY_000855,523,INSUFFICIENT_FUNDS,CUSTOMER,0,CUSTOMER,"{'RETRY_NOW': 0.18076507156422347, 'RETRY_LATER': 0.43522889400142156, 'SWITCH_METHOD': 0.585133584330875, 'SEND_NOTIFICATION': 0.7159537830351016, 'STOP': 0.05264599782018359}",SEND_NOTIFICATION,374.44382852735816,SUCCESS,523.0,,0
PAY_004738,236,BANK_TIMEOUT,TEMPORARY,0,TEMPORARY,"{'RETRY_NOW': 0.5619233506293959, 'RETRY_LATER': 0.8317783806614386, 'SWITCH_METHOD': 0.6203312138735437, 'SEND_NOTIFICATION': 0.21437534612107462, 'STOP': 0.011986612676497995}",RETRY_LATER,196.2996978360995,SUCCESS,236.0,,0
PAY_000699,331,INSUFFICIENT_FUNDS,CUSTOMER,0,CUSTOMER,"{'RETRY_NOW': 0.19989743716049668, 'RETRY_LATER': 0.47925585901406426, 'SWITCH_METHOD': 0.6137040427668068, 'SEND_NOTIFICATION': 0.7416480321062215, 'STOP': 0.07427705786704658}",SEND_NOTIFICATION,245.48549862715933,SUCCESS,331.0,,0
PAY_003697,2464,BANK_TIMEOUT,TEMPORARY,0,TEMPORARY,"{'RETRY_NOW': 0.5558028337849814, 'RETRY_LATER': 0.8283451071729658, 'SWITCH_METHOD': 0.616633844027687, 'SEND_NOTIFICATION': 0.21025288980905013, 'STOP': 0.007495748527374103}",RETRY_LATER,2041.042344074188,FAILED,0.0,,0
PAY_003697,2464,BANK_TIMEOUT,TEMPORARY,1,TEMPORARY,"{'RETRY_NOW': 0.5558028337849814, 'RETRY_LATER': 0.8283451071729658, 'SWITCH_METHOD': 0.616633844027687, 'SEND_NOTIFICATION': 0.21025288980905013, 'STOP': 0.007495748527374103}",RETRY_LATER,2041.042344074188,FAILED,0.0,,1
PAY_003697,2464,BANK_TIMEOUT,TEMPORARY,2,TEMPORARY,{},STOP,0.0,STOPPED,0.0,MAX_RETRIES_REACHED,2
PAY_001637,220,NETWORK_ERROR,TEMPORARY,0,TEMPORARY,"{'RETRY_NOW': 0.48367564065460483, 'RETRY_LATER': 0.7556907758450928, 'SWITCH_METHOD': 0.5902849292419635, 'SEND_NOTIFICATION': 0.15577223666510945, 'STOP': 0.005960728063831844}",RETRY_LATER,166.2519706859204,SUCCESS,220.0,,0
PAY_007281,587,LIMIT_EXCEEDED,CUSTOMER,0,CUSTOMER,"{'RETRY_NOW': 0.22368985061017002, 'RETRY_LATER': 0.38408640103535663, 'SWITCH_METHOD': 0.48522350506954515, 'SEND_NOTIFICATION': 0.5547963711194522, 'STOP': 0.08461992333160592}",SEND_NOTIFICATION,325.66546984711846,FAILED,0.0,,0
PAY_007281,587,LIMIT_EXCEEDED,CUSTOMER,1,CUSTOMER,"{'RETRY_NOW': 0.22368985061017002, 'RETRY_LATER': 0.38408640103535663, 'SWITCH_METHOD': 0.48522350506954515, 'SEND_NOTIFICATION': 0.5547963711194522, 'STOP': 0.08461992333160592}",SEND_NOTIFICATION,325.66546984711846,SUCCESS,587.0,,1
PAY_007555,453,BANK_TIMEOUT,TEMPORARY,0,TEMPORARY,"{'RETRY_NOW': 0.5726149942038414, 'RETRY_LATER': 0.8410226622640326, 'SWITCH_METHOD': 0.6310357096715916, 'SEND_NOTIFICATION': 0.22068914355862468, 'STOP': 0.021076107340725396}",RETRY_LATER,380.98326600560677,FAILED,0.0,,0
PAY_007555,453,BANK_TIMEOUT,TEMPORARY,1,TEMPORARY,"{'RETRY_NOW': 0.5726149942038414, 'RETRY_LATER': 0.8410226622640326, 'SWITCH_METHOD': 0.6310357096715916, 'SEND_NOTIFICATION': 0.22068914355862468, 'STOP': 0.021076107340725396}",RETRY_LATER,380.98326600560677,SUCCESS,453.0,,1
PAY_003582,99,UPI_TECHNICAL_ERROR,TEMPORARY,0,TEMPORARY,"{'RETRY_NOW': 0.5176301868795886, 'RETRY_LATER': 0.8008341761119462, 'SWITCH_METHOD': 0.6677431929625364, 'SEND_NOTIFICATION': 0.19948001461370504, 'STOP': 0.022443367153466905}",RETRY_LATER,79.28258343508267,SUCCESS,99.0,,0
PAY_001292,2034,AUTHENTICATION_FAILED,CUSTOMER,0,CUSTOMER,"{'RETRY_NOW': 0.36615122818861495, 'RETRY_LATER': 0.5121442613571775, 'SWITCH_METHOD': 0.43310831484615997, 'SEND_NOTIFICATION': 0.6101546287389888, 'STOP': 0.11330269420731917}",SEND_NOTIFICATION,1241.0545148551032,FAILED,0.0,,0
PAY_001292,2034,AUTHENTICATION_FAILED,CUSTOMER,1,CUSTOMER,"{'RETRY_NOW': 0.36615122818861495, 'RETRY_LATER': 0.5121442613571775, 'SWITCH_METHOD': 0.43310831484615997, 'SEND_NOTIFICATION': 0.6101546287389888, 'STOP': 0.11330269420731917}",SEND_NOTIFICATION,1241.0545148551032,FAILED,0.0,,1
PAY_001292,2034,AUTHENTICATION_FAILED,CUSTOMER,2,CUSTOMER,{},STOP,0.0,STOPPED,0.0,MAX_RETRIES_REACHED,2
PAY_006586,506,GATEWAY_TIMEOUT,TEMPORARY,0,TEMPORARY,"{'RETRY_NOW': 0.5189008381425456, 'RETRY_LATER': 0.8007690838501523, 'SWITCH_METHOD': 0.6010758226883762, 'SEND_NOTIFICATION': 0.18743150926881305, 'STOP': 0.0030539633602988904}",RETRY_LATER,405.18915642817706,SUCCESS,506.0,,0
PAY_001854,233,CARD_EXPIRED,CUSTOMER,0,CUSTOMER,"{'RETRY_NOW': 0.09604367913197817, 'RETRY_LATER': 0.14359214579818105, 'SWITCH_METHOD': 0.56974717149383, 'SEND_NOTIFICATION': 0.6651171790225807, 'STOP': 0.16535769589126573}",SEND_NOTIFICATION,154.9723027122613,SUCCESS,233.0,,0
PAY_005233,578,NETWORK_ERROR,TEMPORARY,0,TEMPORARY,"{'RETRY_NOW': 0.5193962338250041, 'RETRY_LATER': 0.7876638577001868, 'SWITCH_METHOD': 0.6139823894501459, 'SEND_NOTIFICATION': 0.18385313212121146, 'STOP': 0.035647898673197904}",RETRY_LATER,455.26970975070793,SUCCESS,578.0,,0
PAY_003764,1019,UPI_TECHNICAL_ERROR,TEMPORARY,0,TEMPORARY,"{'RETRY_NOW': 0.502720830729119, 'RETRY_LATER': 0.7819956868934353, 'SWITCH_METHOD': 0.6500310676782893, 'SEND_NOTIFICATION': 0.1773421125833555, 'STOP': 0.0030439231667800156}",RETRY_LATER,796.8536049444107,SUCCESS,1019.0,,0
PAY_003305,174,INSUFFICIENT_FUNDS,CUSTOMER,0,CUSTOMER,"{'RETRY_NOW': 0.19963178641699175, 'RETRY_LATER': 0.45186371449726825, 'SWITCH_METHOD': 0.5905929021445472, 'SEND_NOTIFICATION': 0.72547677868139, 'STOP': 0.06242481780313803}",SEND_NOTIFICATION,126.23295949056187,SUCCESS,174.0,,0
PAY_001496,764,GATEWAY_TIMEOUT,TEMPORARY,0,TEMPORARY,"{'RETRY_NOW': 0.5549116096836801, 'RETRY_LATER': 0.8331497295597982, 'SWITCH_METHOD': 0.634412081128945, 'SEND_NOTIFICATION': 0.21557776860119088, 'STOP': 0.03480978054755394}",RETRY_LATER,636.5263933836858,SUCCESS,764.0,,0
PAY_007995,2051,CUSTOMER_DECLINED,HARD,0,HARD,"{'RETRY_NOW': 0.019260381558828834, 'RETRY_LATER': 0.020005007041033692, 'SWITCH_METHOD': 0.041735419521296106, 'SEND_NOTIFICATION': 0.05979109054435454, 'STOP': 0.9897107555728691}",SEND_NOTIFICATION,122.63152670647116,FAILED,0.0,,0
PAY_007995,2051,CUSTOMER_DECLINED,HARD,1,HARD,"{'RETRY_NOW': 0.019260381558828834, 'RETRY_LATER': 0.020005007041033692, 'SWITCH_METHOD': 0.041735419521296106, 'SEND_NOTIFICATION': 0.05979109054435454, 'STOP': 0.9897107555728691}",SEND_NOTIFICATION,122.63152670647116,FAILED,0.0,,1
PAY_007995,2051,CUSTOMER_DECLINED,HARD,2,HARD,{},STOP,0.0,STOPPED,0.0,MAX_RETRIES_REACHED,2
PAY_001999,2617,INSUFFICIENT_FUNDS,CUSTOMER,0,CUSTOMER,"{'RETRY_NOW': 0.21423968287619102, 'RETRY_LATER': 0.47719848372983464, 'SWITCH_METHOD': 0.6126865733252412, 'SEND_NOTIFICATION': 0.7573834633378266, 'STOP': 0.0861914215045725}",SEND_NOTIFICATION,1982.0725235550922,SUCCESS,2617.0,,0
PAY_000664,99,UPI_TECHNICAL_ERROR,TEMPORARY,0,TEMPORARY,"{'RETRY_NOW': 0.550293047462843, 'RETRY_LATER': 0.8214552454950431, 'SWITCH_METHOD': 0.6870143781123158, 'SEND_NOTIFICATION': 0.21149707420485261, 'STOP': 0.041867015454206}",RETRY_LATER,81.32406930400927,FAILED,0.0,,0
PAY_000664,99,UPI_TECHNICAL_ERROR,TEMPORARY,1,TEMPORARY,"{'RETRY_NOW': 0.550293047462843, 'RETRY_LATER': 0.8214552454950431, 'SWITCH_METHOD': 0.6870143781123158, 'SEND_NOTIFICATION': 0.21149707420485261, 'STOP': 0.041867015454206}",RETRY_LATER,81.32406930400927,FAILED,0.0,,1
PAY_000664,99,UPI_TECHNICAL_ERROR,TEMPORARY,2,TEMPORARY,{},STOP,0.0,STOPPED,0.0,MAX_RETRIES_REACHED,2
PAY_003749,2658,GATEWAY_TIMEOUT,TEMPORARY,0,TEMPORARY,"{'RETRY_NOW': 0.5189008381425456, 'RETRY_LATER': 0.8007690838501523, 'SWITCH_METHOD': 0.6010758226883762, 'SEND_NOTIFICATION': 0.18743150926881305, 'STOP': 0.0030539633602988904}",RETRY_LATER,2128.444224873705,SUCCESS,2658.0,,0
PAY_004414,297,GATEWAY_TIMEOUT,TEMPORARY,0,TEMPORARY,"{'RETRY_NOW': 0.5305124918837583, 'RETRY_LATER': 0.8154658479514914, 'SWITCH_METHOD': 0.6208221579900054, 'SEND_NOTIFICATION': 0.20336733053742942, 'STOP': 0.01829119490493792}",RETRY_LATER,242.19335684159293,SUCCESS,297.0,,0
PAY_005531,593,AUTHENTICATION_FAILED,CUSTOMER,0,CUSTOMER,"{'RETRY_NOW': 0.37371662193890687, 'RETRY_LATER': 0.5265166054738106, 'SWITCH_METHOD': 0.4487562128439716, 'SEND_NOTIFICATION': 0.6304948983722269, 'STOP': 0.12683579047195012}",SEND_NOTIFICATION,373.88347473473056,FAILED,0.0,,0
PAY_005531,593,AUTHENTICATION_FAILED,CUSTOMER,1,CUSTOMER,"{'RETRY_NOW': 0.37371662193890687, 'RETRY_LATER': 0.5265166054738106, 'SWITCH_METHOD': 0.4487562128439716, 'SEND_NOTIFICATION': 0.6304948983722269, 'STOP': 0.12683579047195012}",SEND_NOTIFICATION,373.88347473473056,SUCCESS,593.0,,1
PAY_005576,220,INSUFFICIENT_FUNDS,CUSTOMER,0,CUSTOMER,"{'RETRY_NOW': 0.20450058754063669, 'RETRY_LATER': 0.4580847651197161, 'SWITCH_METHOD': 0.5973607047641122, 'SEND_NOTIFICATION': 0.7219507457222232, 'STOP': 0.06455521279910241}",SEND_NOTIFICATION,158.8291640588891,SUCCESS,220.0,,0
PAY_008902,366,UPI_TECHNICAL_ERROR,TEMPORARY,0,TEMPORARY,"{'RETRY_NOW': 0.5046469370816181, 'RETRY_LATER': 0.7826900958272864, 'SWITCH_METHOD': 0.6484045092768476, 'SEND_NOTIFICATION': 0.17341423591776123, 'STOP': 0.0015014239530806903}",RETRY_LATER,286.46457507278683,SUCCESS,366.0,,0
PAY_007527,816,UPI_TECHNICAL_ERROR,TEMPORARY,0,TEMPORARY,"{'RETRY_NOW': 0.5072086346014828, 'RETRY_LATER': 0.7926879956352586, 'SWITCH_METHOD': 0.6595519316410757, 'SEND_NOTIFICATION': 0.18350331938407907, 'STOP': 0.012086476111129852}",RETRY_LATER,646.833404438371,SUCCESS,816.0,,0
PAY_009475,2268,NETWORK_ERROR,TEMPORARY,0,TEMPORARY,"{'RETRY_NOW': 0.48138936127151255, 'RETRY_LATER': 0.7582761582299571, 'SWITCH_METHOD': 0.5907750176163885, 'SEND_NOTIFICATION': 0.15844249748521957, 'STOP': 0.00746119185627448}",RETRY_LATER,1719.7703268655428,SUCCESS,2268.0,,0
PAY_005865,616,UPI_TECHNICAL_ERROR,TEMPORARY,0,TEMPORARY,"{'RETRY_NOW': 0.5360004471976364, 'RETRY_LATER': 0.8111515791970056, 'SWITCH_METHOD': 0.6802169755388845, 'SEND_NOTIFICATION': 0.20455216057799588, 'STOP': 0.0329160434912559}",RETRY_LATER,499.66937278535545,FAILED,0.0,,0
PAY_005865,616,UPI_TECHNICAL_ERROR,TEMPORARY,1,TEMPORARY,"{'RETRY_NOW': 0.5360004471976364, 'RETRY_LATER': 0.8111515791970056, 'SWITCH_METHOD': 0.6802169755388845, 'SEND_NOTIFICATION': 0.20455216057799588, 'STOP': 0.0329160434912559}",RETRY_LATER,499.66937278535545,SUCCESS,616.0,,1
PAY_006777,9713,INSUFFICIENT_FUNDS,CUSTOMER,0,CUSTOMER,"{'RETRY_NOW': 0.1713713136681697, 'RETRY_LATER': 0.42742902401621696, 'SWITCH_METHOD': 0.5787283812160907, 'SEND_NOTIFICATION': 0.7147282448488866, 'STOP': 0.04634622451823712}",SEND_NOTIFICATION,6942.155442217236,SUCCESS,9713.0,,0
PAY_001307,932,GATEWAY_TIMEOUT,TEMPORARY,0,TEMPORARY,"{'RETRY_NOW': 0.5677304295722985, 'RETRY_LATER': 0.8440388405112508, 'SWITCH_METHOD': 0.6442872333247875, 'SEND_NOTIFICATION': 0.21869849130503174, 'STOP': 0.04348779568859494}",RETRY_LATER,786.6441993564857,SUCCESS,932.0,,0
PAY_007393,960,AUTHENTICATION_FAILED,CUSTOMER,0,CUSTOMER,"{'RETRY_NOW': 0.3816301050781433, 'RETRY_LATER': 0.5413224221613353, 'SWITCH_METHOD': 0.46465645086780805, 'SEND_NOTIFICATION': 0.64365086642513, 'STOP': 0.14230354384304764}",SEND_NOTIFICATION,617.9048317681248,SUCCESS,960.0,,0
PAY_005593,550,NETWORK_ERROR,TEMPORARY,0,TEMPORARY,"{'RETRY_NOW': 0.5054795460670634, 'RETRY_LATER': 0.777498176691792, 'SWITCH_METHOD': 0.6074782110423097, 'SEND_NOTIFICATION': 0.17509896148576348, 'STOP': 0.026959419091106104}",RETRY_LATER,427.6239971804856,FAILED,0.0,,0
PAY_005593,550,NETWORK_ERROR,TEMPORARY,1,TEMPORARY,"{'RETRY_NOW': 0.5054795460670634, 'RETRY_LATER': 0.777498176691792, 'SWITCH_METHOD': 0.6074782110423097, 'SEND_NOTIFICATION': 0.17509896148576348, 'STOP': 0.026959419091106104}",RETRY_LATER,427.6239971804856,FAILED,0.0,,1
PAY_005593,550,NETWORK_ERROR,TEMPORARY,2,TEMPORARY,{},STOP,0.0,STOPPED,0.0,MAX_RETRIES_REACHED,2
PAY_009722,487,NETWORK_ERROR,TEMPORARY,0,TEMPORARY,"{'RETRY_NOW': 0.49319377289569144, 'RETRY_LATER': 0.7624155429371483, 'SWITCH_METHOD': 0.597276897543849, 'SEND_NOTIFICATION': 0.16343246369134215, 'STOP': 0.011937850817150302}",RETRY_LATER,371.2963694103912,SUCCESS,487.0,,0
PAY_001664,136,GATEWAY_TIMEOUT,TEMPORARY,0,TEMPORARY,"{'RETRY_NOW': 0.5403072367212997, 'RETRY_LATER': 0.8236351095596709, 'SWITCH_METHOD': 0.624682397955857, 'SEND_NOTIFICATION': 0.206431164526727, 'STOP': 0.025827528946643336}",RETRY_LATER,112.01437490011524,SUCCESS,136.0,,0
PAY_005451,514,UPI_TECHNICAL_ERROR,TEMPORARY,0,TEMPORARY,"{'RETRY_NOW': 0.502720830729119, 'RETRY_LATER': 0.7819956868934353, 'SWITCH_METHOD': 0.6500310676782893, 'SEND_NOTIFICATION': 0.1773421125833555, 'STOP': 0.0030439231667800156}",RETRY_LATER,401.94578306322575,SUCCESS,514.0,,0
PAY_009955,736,LIMIT_EXCEEDED,CUSTOMER,0,CUSTOMER,"{'RETRY_NOW': 0.2181016544466988, 'RETRY_LATER': 0.3779144059278767, 'SWITCH_METHOD': 0.4847376331539567, 'SEND_NOTIFICATION': 0.5470535826587787, 'STOP': 0.07918908389494153}",SEND_NOTIFICATION,402.6314368368611,SUCCESS,736.0,,0
PAY_003628,513,GATEWAY_TIMEOUT,TEMPORARY,0,TEMPORARY,"{'RETRY_NOW': 0.5677304295722985, 'RETRY_LATER': 0.8440388405112508, 'SWITCH_METHOD': 0.6442872333247875, 'SEND_NOTIFICATION': 0.21869849130503174, 'STOP': 0.04348779568859494}",RETRY_LATER,432.99192518227164,SUCCESS,513.0,,0
PAY_002694,310,NETWORK_ERROR,TEMPORARY,0,TEMPORARY,"{'RETRY_NOW': 0.499213912852919, 'RETRY_LATER': 0.7727605217045811, 'SWITCH_METHOD': 0.6053534519676705, 'SEND_NOTIFICATION': 0.17077255845876768, 'STOP': 0.021031801370860685}",RETRY_LATER,239.55576172842015,FAILED,0.0,,0
PAY_002694,310,NETWORK_ERROR,TEMPORARY,1,TEMPORARY,"{'RETRY_NOW': 0.499213912852919, 'RETRY_LATER': 0.7727605217045811, 'SWITCH_METHOD': 0.6053534519676705, 'SEND_NOTIFICATION': 0.17077255845876768, 'STOP': 0.021031801370860685}",RETRY_LATER,239.55576172842015,FAILED,0.0,,1
PAY_002694,310,NETWORK_ERROR,TEMPORARY,2,TEMPORARY,{},STOP,0.0,STOPPED,0.0,MAX_RETRIES_REACHED,2
PAY_009790,1272,INSUFFICIENT_FUNDS,CUSTOMER,0,CUSTOMER,"{'RETRY_NOW': 0.19963178641699175, 'RETRY_LATER': 0.45186371449726825, 'SWITCH_METHOD': 0.5905929021445472, 'SEND_NOTIFICATION': 0.72547677868139, 'STOP': 0.06242481780313803}",SEND_NOTIFICATION,922.8064624827282,SUCCESS,1272.0,,0
PAY_005916,4210,NETWORK_ERROR,TEMPORARY,0,TEMPORARY,"{'RETRY_NOW': 0.5288730073189586, 'RETRY_LATER': 0.7942130966294413, 'SWITCH_METHOD': 0.6214079911542477, 'SEND_NOTIFICATION': 0.18957182359764252, 'STOP': 0.04341682454902593}",RETRY_LATER,3343.6371368099476,SUCCESS,4210.0,,0
PAY_003158,99,UPI_TECHNICAL_ERROR,TEMPORARY,0,TEMPORARY,"{'RETRY_NOW': 0.4991754324679233, 'RETRY_LATER': 0.778123409669301, 'SWITCH_METHOD': 0.6442227347431124, 'SEND_NOTIFICATION': 0.16962756542985705, 'STOP': 0.001012308855820977}",RETRY_LATER,77.0342175572608,FAILED,0.0,,0
PAY_003158,99,UPI_TECHNICAL_ERROR,TEMPORARY,1,TEMPORARY,"{'RETRY_NOW': 0.4991754324679233, 'RETRY_LATER': 0.778123409669301, 'SWITCH_METHOD': 0.6442227347431124, 'SEND_NOTIFICATION': 0.16962756542985705, 'STOP': 0.001012308855820977}",RETRY_LATER,77.0342175572608,SUCCESS,99.0,,1
PAY_006669,1166,BLOCKED_METHOD,HARD,0,HARD,"{'RETRY_NOW': 0.026138951925060536, 'RETRY_LATER': 0.03628606662154455, 'SWITCH_METHOD': 0.14746862263916577, 'SEND_NOTIFICATION': 0.1768031906145807, 'STOP': 0.9477344528140799}",SEND_NOTIFICATION,206.1525202566011,FAILED,0.0,,0
PAY_006669,1166,BLOCKED_METHOD,HARD,1,HARD,"{'RETRY_NOW': 0.026138951925060536, 'RETRY_LATER': 0.03628606662154455, 'SWITCH_METHOD': 0.14746862263916577, 'SEND_NOTIFICATION': 0.1768031906145807, 'STOP': 0.9477344528140799}",SEND_NOTIFICATION,206.1525202566011,FAILED,0.0,,1
PAY_006669,1166,BLOCKED_METHOD,HARD,2,HARD,{},STOP,0.0,STOPPED,0.0,MAX_RETRIES_REACHED,2
PAY_001060,1271,INSUFFICIENT_FUNDS,CUSTOMER,0,CUSTOMER,"{'RETRY_NOW': 0.1798982304722809, 'RETRY_LATER': 0.4326186751213166, 'SWITCH_METHOD': 0.5877753038073465, 'SEND_NOTIFICATION': 0.7137877886959354, 'STOP': 0.05031981256751793}",SEND_NOTIFICATION,907.2242794325339,SUCCESS,1271.0,,0
PAY_004637,395,PAYMENT_EXPIRED,HARD,0,HARD,"{'RETRY_NOW': 0.040947659525471254, 'RETRY_LATER': 0.049701575556050114, 'SWITCH_METHOD': 0.08323609552388067, 'SEND_NOTIFICATION': 0.10769593351125323, 'STOP': 0.9899299584752905}",SEND_NOTIFICATION,42.539893736945025,FAILED,0.0,,0
PAY_004637,395,PAYMENT_EXPIRED,HARD,1,HARD,"{'RETRY_NOW': 0.040947659525471254, 'RETRY_LATER': 0.049701575556050114, 'SWITCH_METHOD': 0.08323609552388067, 'SEND_NOTIFICATION': 0.10769593351125323, 'STOP': 0.9899299584752905}",SEND_NOTIFICATION,42.539893736945025,FAILED,0.0,,1
PAY_004637,395,PAYMENT_EXPIRED,HARD,2,HARD,{},STOP,0.0,STOPPED,0.0,MAX_RETRIES_REACHED,2
PAY_003243,2629,INVALID_ACCOUNT,HARD,0,HARD,"{'RETRY_NOW': 0.06174200149748733, 'RETRY_LATER': 0.07154580555519856, 'SWITCH_METHOD': 0.1435800892707748, 'SEND_NOTIFICATION': 0.15779112991548191, 'STOP': 0.99}",SEND_NOTIFICATION,414.83288054780195,FAILED,0.0,,0
PAY_003243,2629,INVALID_ACCOUNT,HARD,1,HARD,"{'RETRY_NOW': 0.06174200149748733, 'RETRY_LATER': 0.07154580555519856, 'SWITCH_METHOD': 0.1435800892707748, 'SEND_NOTIFICATION': 0.15779112991548191, 'STOP': 0.99}",SEND_NOTIFICATION,414.83288054780195,SUCCESS,2629.0,,1
PAY_001679,99,PAYMENT_EXPIRED,HARD,0,HARD,"{'RETRY_NOW': 0.009930460087879886, 'RETRY_LATER': 0.021136906919615246, 'SWITCH_METHOD': 0.047501939197997646, 'SEND_NOTIFICATION': 0.07290827251487507, 'STOP': 0.9784611244467315}",RETRY_LATER,2.0925537850419094,FAILED,0.0,,0
PAY_001679,99,PAYMENT_EXPIRED,HARD,1,HARD,"{'RETRY_NOW': 0.009930460087879886, 'RETRY_LATER': 0.021136906919615246, 'SWITCH_METHOD': 0.047501939197997646, 'SEND_NOTIFICATION': 0.07290827251487507, 'STOP': 0.9784611244467315}",STOP,0.0,STOPPED,0.0,NO_POSITIVE_EV,1
PAY_006893,1438,BANK_TIMEOUT,TEMPORARY,0,TEMPORARY,"{'RETRY_NOW': 0.5762228890843711, 'RETRY_LATER': 0.8482659911525241, 'SWITCH_METHOD': 0.6355341919289966, 'SEND_NOTIFICATION': 0.22796501193503213, 'STOP': 0.028648971054813354}",RETRY_LATER,1219.8064952773298,FAILED,0.0,,0
PAY_006893,1438,BANK_TIMEOUT,TEMPORARY,1,TEMPORARY,"{'RETRY_NOW': 0.5762228890843711, 'RETRY_LATER': 0.8482659911525241, 'SWITCH_METHOD': 0.6355341919289966, 'SEND_NOTIFICATION': 0.22796501193503213, 'STOP': 0.028648971054813354}",RETRY_LATER,1219.8064952773298,SUCCESS,1438.0,,1
PAY_006375,1115,CARD_EXPIRED,CUSTOMER,0,CUSTOMER,"{'RETRY_NOW': 0.0885757218620707, 'RETRY_LATER': 0.12825242623285074, 'SWITCH_METHOD': 0.5533943541287869, 'SEND_NOTIFICATION': 0.6527185721440141, 'STOP': 0.1543295176392473}",SEND_NOTIFICATION,727.7812079405757,SUCCESS,1115.0,,0
PAY_007575,4867,AUTHENTICATION_FAILED,CUSTOMER,0,CUSTOMER,"{'RETRY_NOW': 0.3461820783485191, 'RETRY_LATER': 0.4964371588078376, 'SWITCH_METHOD': 0.42364892479987487, 'SEND_NOTIFICATION': 0.6019506175029296, 'STOP': 0.10036895361227754}",SEND_NOTIFICATION,2929.693655386758,SUCCESS,4867.0,,0
PAY_001758,534,BANK_TIMEOUT,TEMPORARY,0,TEMPORARY,"{'RETRY_NOW': 0.5780061904791973, 'RETRY_LATER': 0.8531322867174927, 'SWITCH_METHOD': 0.6423667953759395, 'SEND_NOTIFICATION': 0.23106464820244738, 'STOP': 0.03150091080640833}",RETRY_LATER,455.5726411071411,SUCCESS,534.0,,0
PAY_006020,827,BANK_TIMEOUT,TEMPORARY,0,TEMPORARY,"{'RETRY_NOW': 0.5726149942038414, 'RETRY_LATER': 0.8410226622640326, 'SWITCH_METHOD': 0.6310357096715916, 'SEND_NOTIFICATION': 0.22068914355862468, 'STOP': 0.021076107340725396}",RETRY_LATER,695.5257416923549,SUCCESS,827.0,,0
PAY_005117,1086,GATEWAY_TIMEOUT,TEMPORARY,0,TEMPORARY,"{'RETRY_NOW': 0.5468199724049952, 'RETRY_LATER': 0.820335721871917, 'SWITCH_METHOD': 0.6225049969868637, 'SEND_NOTIFICATION': 0.2076969848411377, 'STOP': 0.024222941378888273}",RETRY_LATER,890.8845939529018,FAILED,0.0,,0
PAY_005117,1086,GATEWAY_TIMEOUT,TEMPORARY,1,TEMPORARY,"{'RETRY_NOW': 0.5468199724049952, 'RETRY_LATER': 0.820335721871917, 'SWITCH_METHOD': 0.6225049969868637, 'SEND_NOTIFICATION': 0.2076969848411377, 'STOP': 0.024222941378888273}",RETRY_LATER,890.8845939529018,SUCCESS,1086.0,,1
PAY_008756,198,CARD_EXPIRED,CUSTOMER,0,CUSTOMER,"{'RETRY_NOW': 0.10319067916576136, 'RETRY_LATER': 0.14432946327140797, 'SWITCH_METHOD': 0.5703592492824251, 'SEND_NOTIFICATION': 0.6665589127419148, 'STOP': 0.17434247288125093}",SEND_NOTIFICATION,131.97866472289914,FAILED,0.0,,0
PAY_008756,198,CARD_EXPIRED,CUSTOMER,1,CUSTOMER,"{'RETRY_NOW': 0.10319067916576136, 'RETRY_LATER': 0.14432946327140797, 'SWITCH_METHOD': 0.5703592492824251, 'SEND_NOTIFICATION': 0.6665589127419148, 'STOP': 0.17434247288125093}",SEND_NOTIFICATION,131.97866472289914,SUCCESS,198.0,,1
PAY_007409,180,INVALID_ACCOUNT,HARD,0,HARD,"{'RETRY_NOW': 0.04644112236744247, 'RETRY_LATER': 0.0554525293641778, 'SWITCH_METHOD': 0.12199487970538304, 'SEND_NOTIFICATION': 0.14286802422651704, 'STOP': 0.9899993156150864}",SEND_NOTIFICATION,25.716244360773068,FAILED,0.0,,0
PAY_007409,180,INVALID_ACCOUNT,HARD,1,HARD,"{'RETRY_NOW': 0.04644112236744247, 'RETRY_LATER': 0.0554525293641778, 'SWITCH_METHOD': 0.12199487970538304, 'SEND_NOTIFICATION': 0.14286802422651704, 'STOP': 0.9899993156150864}",SEND_NOTIFICATION,25.716244360773068,SUCCESS,180.0,,1
PAY_002791,283,GATEWAY_TIMEOUT,TEMPORARY,0,TEMPORARY,"{'RETRY_NOW': 0.520691214629535, 'RETRY_LATER': 0.8128600510369736, 'SWITCH_METHOD': 0.6158816154787332, 'SEND_NOTIFICATION': 0.20352296249321322, 'STOP': 0.015124849618930822}",RETRY_LATER,230.03939444346352,SUCCESS,283.0,,0
PAY_000864,392,INSUFFICIENT_FUNDS,CUSTOMER,0,CUSTOMER,"{'RETRY_NOW': 0.211993353422579, 'RETRY_LATER': 0.47680139535661803, 'SWITCH_METHOD': 0.6186906228575817, 'SEND_NOTIFICATION': 0.7616500665165541, 'STOP': 0.08929528276911144}",SEND_NOTIFICATION,298.5668260744892,SUCCESS,392.0,,0
PAY_007859,440,BANK_TIMEOUT,TEMPORARY,0,TEMPORARY,"{'RETRY_NOW': 0.5485501018429818, 'RETRY_LATER': 0.8278252880358226, 'SWITCH_METHOD': 0.6160730048575507, 'SEND_NOTIFICATION': 0.20748237964013003, 'STOP': 0.006008559936693242}",RETRY_LATER,364.2431267357619,SUCCESS,440.0,,0
PAY_001485,337,NETWORK_ERROR,TEMPORARY,0,TEMPORARY,"{'RETRY_NOW': 0.503707704426519, 'RETRY_LATER': 0.7724747606403879, 'SWITCH_METHOD': 0.6047434522754355, 'SEND_NOTIFICATION': 0.1701705053038284, 'STOP': 0.022278819981033537}",RETRY_LATER,260.3239943358107,FAILED,0.0,,0
PAY_001485,337,NETWORK_ERROR,TEMPORARY,1,TEMPORARY,"{'RETRY_NOW': 0.503707704426519, 'RETRY_LATER': 0.7724747606403879, 'SWITCH_METHOD': 0.6047434522754355, 'SEND_NOTIFICATION': 0.1701705053038284, 'STOP': 0.022278819981033537}",RETRY_LATER,260.3239943358107,SUCCESS,337.0,,1
PAY_007036,325,CARD_EXPIRED,CUSTOMER,0,CUSTOMER,"{'RETRY_NOW': 0.12201388117281793, 'RETRY_LATER': 0.16327289041021786, 'SWITCH_METHOD': 0.5894839825514514, 'SEND_NOTIFICATION': 0.6980349829396476, 'STOP': 0.19663199481364171}",SEND_NOTIFICATION,226.86136945538547,SUCCESS,325.0,,0
PAY_007722,102,NETWORK_ERROR,TEMPORARY,0,TEMPORARY,"{'RETRY_NOW': 0.5150670983368959, 'RETRY_LATER': 0.7842063232446957, 'SWITCH_METHOD': 0.6120497232353374, 'SEND_NOTIFICATION': 0.18082735999393668, 'STOP': 0.032681559546687576}",RETRY_LATER,79.98904497095897,SUCCESS,102.0,,0
PAY_005978,101,INSUFFICIENT_FUNDS,CUSTOMER,0,CUSTOMER,"{'RETRY_NOW': 0.20356664227828297, 'RETRY_LATER': 0.4711957501405762, 'SWITCH_METHOD': 0.6060141885505025, 'SEND_NOTIFICATION': 0.7374314275118824, 'STOP': 0.07240685230195118}",SEND_NOTIFICATION,74.48057417870012,SUCCESS,101.0,,0
PAY_005135,595,UPI_TECHNICAL_ERROR,TEMPORARY,0,TEMPORARY,"{'RETRY_NOW': 0.506734574675427, 'RETRY_LATER': 0.7938554373404992, 'SWITCH_METHOD': 0.6630903100571852, 'SEND_NOTIFICATION': 0.1916913411466118, 'STOP': 0.016558260453445862}",RETRY_LATER,472.34398521759704,SUCCESS,595.0,,0
PAY_000207,166,GATEWAY_TIMEOUT,TEMPORARY,0,TEMPORARY,"{'RETRY_NOW': 0.5473522484779172, 'RETRY_LATER': 0.829190486344726, 'SWITCH_METHOD': 0.6321837335805042, 'SEND_NOTIFICATION': 0.2111091763534946, 'STOP': 0.030237132534999826}",RETRY_LATER,137.64562073322452,SUCCESS,166.0,,0
PAY_004489,4907,AUTHENTICATION_FAILED,CUSTOMER,0,CUSTOMER,"{'RETRY_NOW': 0.37852194137798306, 'RETRY_LATER': 0.5310122954609185, 'SWITCH_METHOD': 0.45338454561549496, 'SEND_NOTIFICATION': 0.6384544510789224, 'STOP': 0.13228448060519027}",SEND_NOTIFICATION,3132.895991444272,SUCCESS,4907.0,,0
PAY_006939,3656,CARD_EXPIRED,CUSTOMER,0,CUSTOMER,"{'RETRY_NOW': 0.11626129117406157, 'RETRY_LATER': 0.15027070066274154, 'SWITCH_METHOD': 0.5730906300775256, 'SEND_NOTIFICATION': 0.6795315977768597, 'STOP': 0.180717152264653}",SEND_NOTIFICATION,2484.367521472199,SUCCESS,3656.0,,0
PAY_009063,273,NETWORK_ERROR,TEMPORARY,0,TEMPORARY,"{'RETRY_NOW': 0.48875680387309556, 'RETRY_LATER': 0.7604593645383668, 'SWITCH_METHOD': 0.5936603740988328, 'SEND_NOTIFICATION': 0.1619654378028644, 'STOP': 0.010432032850922117}",RETRY_LATER,207.60540651897415,SUCCESS,273.0,,0
PAY_006911,469,LIMIT_EXCEEDED,CUSTOMER,0,CUSTOMER,"{'RETRY_NOW': 0.2491056687877684, 'RETRY_LATER': 0.41628836512224343, 'SWITCH_METHOD': 0.5238571081918754, 'SEND_NOTIFICATION': 0.6014432662613564, 'STOP': 0.12079587682595594}",SEND_NOTIFICATION,282.07689187657616,FAILED,0.0,,0
PAY_006911,469,LIMIT_EXCEEDED,CUSTOMER,1,CUSTOMER,"{'RETRY_NOW': 0.2491056687877684, 'RETRY_LATER': 0.41628836512224343, 'SWITCH_METHOD': 0.5238571081918754, 'SEND_NOTIFICATION': 0.6014432662613564, 'STOP': 0.12079587682595594}",SEND_NOTIFICATION,282.07689187657616,FAILED,0.0,,1
PAY_006911,469,LIMIT_EXCEEDED,CUSTOMER,2,CUSTOMER,{},STOP,0.0,STOPPED,0.0,MAX_RETRIES_REACHED,2
PAY_000503,914,BANK_TIMEOUT,TEMPORARY,0,TEMPORARY,"{'RETRY_NOW': 0.5978890604380045, 'RETRY_LATER': 0.8621506012643568, 'SWITCH_METHOD': 0.6541276875281906, 'SEND_NOTIFICATION': 0.24079583174282118, 'STOP': 0.04347481316962946}",RETRY_LATER,788.0056495556222,SUCCESS,914.0,,0
PAY_007386,987,GATEWAY_TIMEOUT,TEMPORARY,0,TEMPORARY,"{'RETRY_NOW': 0.5495420137465893, 'RETRY_LATER': 0.831379504050903, 'SWITCH_METHOD': 0.6334907688745225, 'SEND_NOTIFICATION': 0.212555992702287, 'STOP': 0.03172268323732836}",RETRY_LATER,820.5715704982413,SUCCESS,987.0,,0
PAY_001029,99,BANK_TIMEOUT,TEMPORARY,0,TEMPORARY,"{'RETRY_NOW': 0.5916354398295579, 'RETRY_LATER': 0.8553086511216905, 'SWITCH_METHOD': 0.6429611314217215, 'SEND_NOTIFICATION': 0.23301664035205327, 'STOP': 0.034585301590541226}",RETRY_LATER,84.67555646104736,SUCCESS,99.0,,0
PAY_003841,426,GATEWAY_TIMEOUT,TEMPORARY,0,TEMPORARY,"{'RETRY_NOW': 0.5149614404804004, 'RETRY_LATER': 0.807829639409678, 'SWITCH_METHOD': 0.6076755041347341, 'SEND_NOTIFICATION': 0.19413146089991365, 'STOP': 0.007559616576496005}",RETRY_LATER,344.13542638852283,SUCCESS,426.0,,0
PAY_008111,3007,INSUFFICIENT_FUNDS,CUSTOMER,0,CUSTOMER,"{'RETRY_NOW': 0.1783134921214045, 'RETRY_LATER': 0.4289861305408287, 'SWITCH_METHOD': 0.5806482375419093, 'SEND_NOTIFICATION': 0.707666764723562, 'STOP': 0.04759863176030844}",SEND_NOTIFICATION,2127.953961523751,FAILED,0.0,,0
PAY_008111,3007,INSUFFICIENT_FUNDS,CUSTOMER,1,CUSTOMER,"{'RETRY_NOW': 0.1783134921214045, 'RETRY_LATER': 0.4289861305408287, 'SWITCH_METHOD': 0.5806482375419093, 'SEND_NOTIFICATION': 0.707666764723562, 'STOP': 0.04759863176030844}",SEND_NOTIFICATION,2127.953961523751,SUCCESS,3007.0,,1
PAY_005057,99,INSUFFICIENT_FUNDS,CUSTOMER,0,CUSTOMER,"{'RETRY_NOW': 0.2102122615955355, 'RETRY_LATER': 0.46889637936991696, 'SWITCH_METHOD': 0.6046750058587255, 'SEND_NOTIFICATION': 0.7488416374981446, 'STOP': 0.0797179975048469}",SEND_NOTIFICATION,74.13532211231632,SUCCESS,99.0,,0
PAY_009763,99,NETWORK_ERROR,TEMPORARY,0,TEMPORARY,"{'RETRY_NOW': 0.5045002834854875, 'RETRY_LATER': 0.7785125482911412, 'SWITCH_METHOD': 0.6085921050508901, 'SEND_NOTIFICATION': 0.17578792044511196, 'STOP': 0.02868115064427444}",RETRY_LATER,77.07274228082298,SUCCESS,99.0,,0
PAY_008155,469,GATEWAY_TIMEOUT,TEMPORARY,0,TEMPORARY,"{'RETRY_NOW': 0.5410492302332598, 'RETRY_LATER': 0.8263789458261132, 'SWITCH_METHOD': 0.6253826274555973, 'SEND_NOTIFICATION': 0.210413915175294, 'STOP': 0.027267020724570865}",RETRY_LATER,387.5717255924471,SUCCESS,469.0,,0
PAY_002732,3254,NETWORK_ERROR,TEMPORARY,0,TEMPORARY,"{'RETRY_NOW': 0.5288730073189586, 'RETRY_LATER': 0.7942130966294413, 'SWITCH_METHOD': 0.6214079911542477, 'SEND_NOTIFICATION': 0.18957182359764252, 'STOP': 0.04341682454902593}",RETRY_LATER,2584.369416432202,SUCCESS,3254.0,,0
PAY_008997,997,AUTHENTICATION_FAILED,CUSTOMER,0,CUSTOMER,"{'RETRY_NOW': 0.3789144377339673, 'RETRY_LATER': 0.5369607102023809, 'SWITCH_METHOD': 0.45859615843136947, 'SEND_NOTIFICATION': 0.6441859681875332, 'STOP': 0.13763549419145016}",SEND_NOTIFICATION,642.2534102829705,FAILED,0.0,,0
PAY_008997,997,AUTHENTICATION_FAILED,CUSTOMER,1,CUSTOMER,"{'RETRY_NOW': 0.3789144377339673, 'RETRY_LATER': 0.5369607102023809, 'SWITCH_METHOD': 0.45859615843136947, 'SEND_NOTIFICATION': 0.6441859681875332, 'STOP': 0.13763549419145016}",SEND_NOTIFICATION,642.2534102829705,SUCCESS,997.0,,1
PAY_002455,347,NETWORK_ERROR,TEMPORARY,0,TEMPORARY,"{'RETRY_NOW': 0.512744638162444, 'RETRY_LATER': 0.7723567936254166, 'SWITCH_METHOD': 0.6057444980453591, 'SEND_NOTIFICATION': 0.17118824555499235, 'STOP': 0.02390363323436958}",RETRY_LATER,268.00780738801956,SUCCESS,347.0,,0
PAY_007216,8623,BANK_TIMEOUT,TEMPORARY,0,TEMPORARY,"{'RETRY_NOW': 0.5737249575298882, 'RETRY_LATER': 0.8385408547895308, 'SWITCH_METHOD': 0.6291498179397597, 'SEND_NOTIFICATION': 0.21721758805919064, 'STOP': 0.019306697773583903}",RETRY_LATER,7230.737790850124,SUCCESS,8623.0,,0
PAY_003105,1391,BANK_TIMEOUT,TEMPORARY,0,TEMPORARY,"{'RETRY_NOW': 0.5619233506293959, 'RETRY_LATER': 0.8317783806614386, 'SWITCH_METHOD': 0.6203312138735437, 'SEND_NOTIFICATION': 0.21437534612107462, 'STOP': 0.011986612676497995}",RETRY_LATER,1157.0037275000611,FAILED,0.0,,0
PAY_003105,1391,BANK_TIMEOUT,TEMPORARY,1,TEMPORARY,"{'RETRY_NOW': 0.5619233506293959, 'RETRY_LATER': 0.8317783806614386, 'SWITCH_METHOD': 0.6203312138735437, 'SEND_NOTIFICATION': 0.21437534612107462, 'STOP': 0.011986612676497995}",RETRY_LATER,1157.0037275000611,SUCCESS,1391.0,,1
PAY_008393,579,GATEWAY_TIMEOUT,TEMPORARY,0,TEMPORARY,"{'RETRY_NOW': 0.5610570527992716, 'RETRY_LATER': 0.83839839817943, 'SWITCH_METHOD': 0.6371694611158878, 'SEND_NOTIFICATION': 0.21647948216182034, 'STOP': 0.03771996653179893}",RETRY_LATER,485.43267254588994,SUCCESS,579.0,,0
PAY_006279,397,INVALID_ACCOUNT,HARD,0,HARD,"{'RETRY_NOW': 0.03963211882768747, 'RETRY_LATER': 0.05030282759156487, 'SWITCH_METHOD': 0.116105112935982, 'SEND_NOTIFICATION': 0.14003643206488192, 'STOP': 0.99}",SEND_NOTIFICATION,55.59446352975812,FAILED,0.0,,0
PAY_006279,397,INVALID_ACCOUNT,HARD,1,HARD,"{'RETRY_NOW': 0.03963211882768747, 'RETRY_LATER': 0.05030282759156487, 'SWITCH_METHOD': 0.116105112935982, 'SEND_NOTIFICATION': 0.14003643206488192, 'STOP': 0.99}",SEND_NOTIFICATION,55.59446352975812,FAILED,0.0,,1
PAY_006279,397,INVALID_ACCOUNT,HARD,2,HARD,{},STOP,0.0,STOPPED,0.0,MAX_RETRIES_REACHED,2
PAY_003100,883,NETWORK_ERROR,TEMPORARY,0,TEMPORARY,"{'RETRY_NOW': 0.503707704426519, 'RETRY_LATER': 0.7724747606403879, 'SWITCH_METHOD': 0.6047434522754355, 'SEND_NOTIFICATION': 0.1701705053038284, 'STOP': 0.022278819981033537}",RETRY_LATER,682.0952136454625,SUCCESS,883.0,,0
PAY_006185,2067,INSUFFICIENT_FUNDS,CUSTOMER,0,CUSTOMER,"{'RETRY_NOW': 0.21912422395505574, 'RETRY_LATER': 0.48444381767143446, 'SWITCH_METHOD': 0.6244683876838839, 'SEND_NOTIFICATION': 0.7700041913272311, 'STOP': 0.09054291564980634}",SEND_NOTIFICATION,1591.5986634733868,SUCCESS,2067.0,,0
PAY_003562,309,LIMIT_EXCEEDED,CUSTOMER,0,CUSTOMER,"{'RETRY_NOW': 0.24174034970290556, 'RETRY_LATER': 0.4123819489014801, 'SWITCH_METHOD': 0.5189925166223333, 'SEND_NOTIFICATION': 0.6071519827178382, 'STOP': 0.11845581391245219}",SEND_NOTIFICATION,187.609962659812,SUCCESS,309.0,,0
PAY_005893,850,AUTHENTICATION_FAILED,CUSTOMER,0,CUSTOMER,"{'RETRY_NOW': 0.3672109048960562, 'RETRY_LATER': 0.5045077390280865, 'SWITCH_METHOD': 0.4295051683003865, 'SEND_NOTIFICATION': 0.6044396068038961, 'STOP': 0.10615382191202148}",SEND_NOTIFICATION,513.7736657833117,SUCCESS,850.0,,0
PAY_000392,2622,BANK_TIMEOUT,TEMPORARY,0,TEMPORARY,"{'RETRY_NOW': 0.5916354398295579, 'RETRY_LATER': 0.8553086511216905, 'SWITCH_METHOD': 0.6429611314217215, 'SEND_NOTIFICATION': 0.23301664035205327, 'STOP': 0.034585301590541226}",RETRY_LATER,2242.6192832410725,FAILED,0.0,,0
PAY_000392,2622,BANK_TIMEOUT,TEMPORARY,1,TEMPORARY,"{'RETRY_NOW': 0.5916354398295579, 'RETRY_LATER': 0.8553086511216905, 'SWITCH_METHOD': 0.6429611314217215, 'SEND_NOTIFICATION': 0.23301664035205327, 'STOP': 0.034585301590541226}",RETRY_LATER,2242.6192832410725,SUCCESS,2622.0,,1
PAY_006737,1551,NETWORK_ERROR,TEMPORARY,0,TEMPORARY,"{'RETRY_NOW': 0.5288730073189586, 'RETRY_LATER': 0.7942130966294413, 'SWITCH_METHOD': 0.6214079911542477, 'SEND_NOTIFICATION': 0.18957182359764252, 'STOP': 0.04341682454902593}",RETRY_LATER,1231.8245128722635,SUCCESS,1551.0,,0
PAY_005619,309,LIMIT_EXCEEDED,CUSTOMER,0,CUSTOMER,"{'RETRY_NOW': 0.2398076479350372, 'RETRY_LATER': 0.40809733036432344, 'SWITCH_METHOD': 0.511272627391789, 'SEND_NOTIFICATION': 0.5869102974204997, 'STOP': 0.10789286575855782}",SEND_NOTIFICATION,181.35528190293442,SUCCESS,309.0,,0
PAY_005259,1264,GATEWAY_TIMEOUT,TEMPORARY,0,TEMPORARY,"{'RETRY_NOW': 0.5149614404804004, 'RETRY_LATER': 0.807829639409678, 'SWITCH_METHOD': 0.6076755041347341, 'SEND_NOTIFICATION': 0.19413146089991365, 'STOP': 0.009074572674723272}",RETRY_LATER,1021.096664213833,FAILED,0.0,,0
PAY_005259,1264,GATEWAY_TIMEOUT,TEMPORARY,1,TEMPORARY,"{'RETRY_NOW': 0.5149614404804004, 'RETRY_LATER': 0.807829639409678, 'SWITCH_METHOD': 0.6076755041347341, 'SEND_NOTIFICATION': 0.19413146089991365, 'STOP': 0.009074572674723272}",RETRY_LATER,1021.096664213833,SUCCESS,1264.0,,1
PAY_009688,849,AUTHENTICATION_FAILED,CUSTOMER,0,CUSTOMER,"{'RETRY_NOW': 0.33766688430008573, 'RETRY_LATER': 0.4935872497050052, 'SWITCH_METHOD': 0.4153325228325608, 'SEND_NOTIFICATION': 0.5975058846112448, 'STOP': 0.09374548956335117}",SEND_NOTIFICATION,507.2824960349468,FAILED,0.0,,0
PAY_009688,849,AUTHENTICATION_FAILED,CUSTOMER,1,CUSTOMER,"{'RETRY_NOW': 0.33766688430008573, 'RETRY_LATER': 0.4935872497050052, 'SWITCH_METHOD': 0.4153325228325608, 'SEND_NOTIFICATION': 0.5975058846112448, 'STOP': 0.09374548956335117}",SEND_NOTIFICATION,507.2824960349468,SUCCESS,849.0,,1
PAY_002696,3158,CARD_EXPIRED,CUSTOMER,0,CUSTOMER,"{'RETRY_NOW': 0.1183829582578626, 'RETRY_LATER': 0.15124987594567185, 'SWITCH_METHOD': 0.5744663066493662, 'SEND_NOTIFICATION': 0.6807553468298113, 'STOP': 0.1821199994762826}",SEND_NOTIFICATION,2149.825385288544,SUCCESS,3158.0,,0
PAY_002028,1976,NETWORK_ERROR,TEMPORARY,0,TEMPORARY,"{'RETRY_NOW': 0.5123314089392572, 'RETRY_LATER': 0.782347352792562, 'SWITCH_METHOD': 0.6119970449271697, 'SEND_NOTIFICATION': 0.17975603288750108, 'STOP': 0.03135202348082933}",RETRY_LATER,1545.9183691181024,SUCCESS,1976.0,,0
PAY_005464,99,CUSTOMER_DECLINED,HARD,0,HARD,"{'RETRY_NOW': 0.012266625733141657, 'RETRY_LATER': 0.013714283808289512, 'SWITCH_METHOD': 0.03140218873567282, 'SEND_NOTIFICATION': 0.051402716109750085, 'STOP': 0.9885902233872241}",RETRY_LATER,1.3577140970206618,FAILED,0.0,,0
PAY_005464,99,CUSTOMER_DECLINED,HARD,1,HARD,"{'RETRY_NOW': 0.012266625733141657, 'RETRY_LATER': 0.013714283808289512, 'SWITCH_METHOD': 0.03140218873567282, 'SEND_NOTIFICATION': 0.051402716109750085, 'STOP': 0.9885902233872241}",STOP,0.0,STOPPED,0.0,NO_POSITIVE_EV,1
PAY_002569,121,INSUFFICIENT_FUNDS,CUSTOMER,0,CUSTOMER,"{'RETRY_NOW': 0.2102122615955355, 'RETRY_LATER': 0.46889637936991696, 'SWITCH_METHOD': 0.6046750058587255, 'SEND_NOTIFICATION': 0.7488416374981446, 'STOP': 0.0797179975048469}",SEND_NOTIFICATION,90.60983813727549,SUCCESS,121.0,,0
PAY_008007,427,INSUFFICIENT_FUNDS,CUSTOMER,0,CUSTOMER,"{'RETRY_NOW': 0.2021202347325381, 'RETRY_LATER': 0.44094827234725265, 'SWITCH_METHOD': 0.5827915694581012, 'SEND_NOTIFICATION': 0.7158686598458089, 'STOP': 0.059385789620743396}",SEND_NOTIFICATION,305.6759177541604,FAILED,0.0,,0
PAY_008007,427,INSUFFICIENT_FUNDS,CUSTOMER,1,CUSTOMER,"{'RETRY_NOW': 0.2021202347325381, 'RETRY_LATER': 0.44094827234725265, 'SWITCH_METHOD': 0.5827915694581012, 'SEND_NOTIFICATION': 0.7158686598458089, 'STOP': 0.059385789620743396}",SEND_NOTIFICATION,305.6759177541604,SUCCESS,427.0,,1
PAY_000065,154,BANK_TIMEOUT,TEMPORARY,0,TEMPORARY,"{'RETRY_NOW': 0.5797298286475617, 'RETRY_LATER': 0.8444226281204142, 'SWITCH_METHOD': 0.6322527160259589, 'SEND_NOTIFICATION': 0.2215461388051978, 'STOP': 0.023968961488623184}",RETRY_LATER,130.0410847305438,SUCCESS,154.0,,0
PAY_002063,7746,BANK_TIMEOUT,TEMPORARY,0,TEMPORARY,"{'RETRY_NOW': 0.5522664395398048, 'RETRY_LATER': 0.8211778010468687, 'SWITCH_METHOD': 0.610289564634102, 'SEND_NOTIFICATION': 0.19976126462287397, 'STOP': 0.0014956926438394061}",RETRY_LATER,6360.843246909045,FAILED,0.0,,0
PAY_002063,7746,BANK_TIMEOUT,TEMPORARY,1,TEMPORARY,"{'RETRY_NOW': 0.5522664395398048, 'RETRY_LATER': 0.8211778010468687, 'SWITCH_METHOD': 0.610289564634102, 'SEND_NOTIFICATION': 0.19976126462287397, 'STOP': 0.0014956926438394061}",RETRY_LATER,6360.843246909045,SUCCESS,7746.0,,1
PAY_005277,454,NETWORK_ERROR,TEMPORARY,0,TEMPORARY,"{'RETRY_NOW': 0.49319377289569144, 'RETRY_LATER': 0.7624155429371483, 'SWITCH_METHOD': 0.597276897543849, 'SEND_NOTIFICATION': 0.16343246369134215, 'STOP': 0.011937850817150302}",RETRY_LATER,346.13665649346535,SUCCESS,454.0,,0
PAY_007209,2519,UPI_TECHNICAL_ERROR,TEMPORARY,0,TEMPORARY,"{'RETRY_NOW': 0.5296186464937046, 'RETRY_LATER': 0.8093728933441329, 'SWITCH_METHOD': 0.6784571598528856, 'SEND_NOTIFICATION': 0.2013687776410246, 'STOP': 0.030197428578548707}",RETRY_LATER,2038.8103183338708,SUCCESS,2519.0,,0
PAY_008685,291,UPI_TECHNICAL_ERROR,TEMPORARY,0,TEMPORARY,"{'RETRY_NOW': 0.512210861615233, 'RETRY_LATER': 0.7979185398066513, 'SWITCH_METHOD': 0.6657843810273621, 'SEND_NOTIFICATION': 0.19517399930742227, 'STOP': 0.019426408215872756}",RETRY_LATER,232.1942950837355,SUCCESS,291.0,,0
PAY_008572,133,INSUFFICIENT_FUNDS,CUSTOMER,0,CUSTOMER,"{'RETRY_NOW': 0.21912422395505574, 'RETRY_LATER': 0.48444381767143446, 'SWITCH_METHOD': 0.6244683876838839, 'SEND_NOTIFICATION': 0.7700041913272311, 'STOP': 0.09054291564980634}",SEND_NOTIFICATION,102.41055744652174,FAILED,0.0,,0
PAY_008572,133,INSUFFICIENT_FUNDS,CUSTOMER,1,CUSTOMER,"{'RETRY_NOW': 0.21912422395505574, 'RETRY_LATER': 0.48444381767143446, 'SWITCH_METHOD': 0.6244683876838839, 'SEND_NOTIFICATION': 0.7700041913272311, 'STOP': 0.09054291564980634}",SEND_NOTIFICATION,102.41055744652174,SUCCESS,133.0,,1
PAY_006332,1361,INSUFFICIENT_FUNDS,CUSTOMER,0,CUSTOMER,"{'RETRY_NOW': 0.18550339255205156, 'RETRY_LATER': 0.44457889836731546, 'SWITCH_METHOD': 0.58960945948188, 'SEND_NOTIFICATION': 0.718469489782771, 'STOP': 0.056102272166695576}",SEND_NOTIFICATION,977.8369755943514,SUCCESS,1361.0,,0
PAY_004860,121,GATEWAY_TIMEOUT,TEMPORARY,0,TEMPORARY,"{'RETRY_NOW': 0.5089513213749474, 'RETRY_LATER': 0.7895061865717147, 'SWITCH_METHOD': 0.5871946440738243, 'SEND_NOTIFICATION': 0.1726091828686506, 'STOP': 0.0009973822477461316}",RETRY_LATER,95.53024857517748,SUCCESS,121.0,,0
PAY_004888,602,CARD_EXPIRED,CUSTOMER,0,CUSTOMER,"{'RETRY_NOW': 0.09415795569259248, 'RETRY_LATER': 0.14029650212518407, 'SWITCH_METHOD': 0.5673376532474599, 'SEND_NOTIFICATION': 0.6601268791849643, 'STOP': 0.16454866634980778}",SEND_NOTIFICATION,397.39638126934847,FAILED,0.0,,0
PAY_004888,602,CARD_EXPIRED,CUSTOMER,1,CUSTOMER,"{'RETRY_NOW': 0.09415795569259248, 'RETRY_LATER': 0.14029650212518407, 'SWITCH_METHOD': 0.5673376532474599, 'SEND_NOTIFICATION': 0.6601268791849643, 'STOP': 0.16454866634980778}",SEND_NOTIFICATION,397.39638126934847,SUCCESS,602.0,,1
PAY_009269,851,NETWORK_ERROR,TEMPORARY,0,TEMPORARY,"{'RETRY_NOW': 0.5193962338250041, 'RETRY_LATER': 0.7876638577001868, 'SWITCH_METHOD': 0.6139823894501459, 'SEND_NOTIFICATION': 0.18385313212121146, 'STOP': 0.035647898673197904}",RETRY_LATER,670.301942902859,FAILED,0.0,,0
PAY_009269,851,NETWORK_ERROR,TEMPORARY,1,TEMPORARY,"{'RETRY_NOW': 0.5193962338250041, 'RETRY_LATER': 0.7876638577001868, 'SWITCH_METHOD': 0.6139823894501459, 'SEND_NOTIFICATION': 0.18385313212121146, 'STOP': 0.035647898673197904}",RETRY_LATER,670.301942902859,SUCCESS,851.0,,1
PAY_000879,3851,BANK_TIMEOUT,TEMPORARY,0,TEMPORARY,"{'RETRY_NOW': 0.5760026385441538, 'RETRY_LATER': 0.8481138177475984, 'SWITCH_METHOD': 0.6353097701479866, 'SEND_NOTIFICATION': 0.22707899959391206, 'STOP': 0.02702637440004829}",RETRY_LATER,3266.0863121460015,SUCCESS,3851.0,,0
PAY_008530,1959,LIMIT_EXCEEDED,CUSTOMER,0,CUSTOMER,"{'RETRY_NOW': 0.24498144271798544, 'RETRY_LATER': 0.4121017642553665, 'SWITCH_METHOD': 0.5119891198682397, 'SEND_NOTIFICATION': 0.5946264566294958, 'STOP': 0.10960263835191332}",SEND_NOTIFICATION,1164.8732285371823,SUCCESS,1959.0,,0
PAY_007917,1055,CUSTOMER_DECLINED,HARD,0,HARD,"{'RETRY_NOW': 0.025803552880159616, 'RETRY_LATER': 0.02652462975483088, 'SWITCH_METHOD': 0.04689818597014803, 'SEND_NOTIFICATION': 0.06668948016643403, 'STOP': 0.9899612819830307}",SEND_NOTIFICATION,70.3574015755879,FAILED,0.0,,0
PAY_007917,1055,CUSTOMER_DECLINED,HARD,1,HARD,"{'RETRY_NOW': 0.025803552880159616, 'RETRY_LATER': 0.02652462975483088, 'SWITCH_METHOD': 0.04689818597014803, 'SEND_NOTIFICATION': 0.06668948016643403, 'STOP': 0.9899612819830307}",SEND_NOTIFICATION,70.3574015755879,FAILED,0.0,,1
PAY_007917,1055,CUSTOMER_DECLINED,HARD,2,HARD,{},STOP,0.0,STOPPED,0.0,MAX_RETRIES_REACHED,2
PAY_006864,122,UPI_TECHNICAL_ERROR,TEMPORARY,0,TEMPORARY,"{'RETRY_NOW': 0.4962096499315957, 'RETRY_LATER': 0.7899820649047393, 'SWITCH_METHOD': 0.6570368740581093, 'SEND_NOTIFICATION': 0.18106071214190847, 'STOP': 0.00906845116527039}",RETRY_LATER,96.3778119183782,SUCCESS,122.0,,0
PAY_007893,903,BANK_TIMEOUT,TEMPORARY,0,TEMPORARY,"{'RETRY_NOW': 0.5737249575298882, 'RETRY_LATER': 0.8364737912659488, 'SWITCH_METHOD': 0.6291498179397597, 'SEND_NOTIFICATION': 0.21721758805919064, 'STOP': 0.018052695820066345}",RETRY_LATER,755.3358335131518,SUCCESS,903.0,,0
PAY_006440,342,CARD_EXPIRED,CUSTOMER,0,CUSTOMER,"{'RETRY_NOW': 0.11538392939058391, 'RETRY_LATER': 0.15192906445148918, 'SWITCH_METHOD': 0.5749039794563835, 'SEND_NOTIFICATION': 0.6811443768401126, 'STOP': 0.18394899305809498}",SEND_NOTIFICATION,232.95137687931853,FAILED,0.0,,0
PAY_006440,342,CARD_EXPIRED,CUSTOMER,1,CUSTOMER,"{'RETRY_NOW': 0.11538392939058391, 'RETRY_LATER': 0.15192906445148918, 'SWITCH_METHOD': 0.5749039794563835, 'SEND_NOTIFICATION': 0.6811443768401126, 'STOP': 0.18394899305809498}",SEND_NOTIFICATION,232.95137687931853,SUCCESS,342.0,,1
PAY_007870,4197,INVALID_ACCOUNT,HARD,0,HARD,"{'RETRY_NOW': 0.035731008923985265, 'RETRY_LATER': 0.04563589784289463, 'SWITCH_METHOD': 0.10840659824066162, 'SEND_NOTIFICATION': 0.14022871180402882, 'STOP': 0.9899950917360852}",SEND_NOTIFICATION,588.539903441509,FAILED,0.0,,0
PAY_007870,4197,INVALID_ACCOUNT,HARD,1,HARD,"{'RETRY_NOW': 0.035731008923985265, 'RETRY_LATER': 0.04563589784289463, 'SWITCH_METHOD': 0.10840659824066162, 'SEND_NOTIFICATION': 0.14022871180402882, 'STOP': 0.9899950917360852}",SEND_NOTIFICATION,588.539903441509,FAILED,0.0,,1
PAY_007870,4197,INVALID_ACCOUNT,HARD,2,HARD,{},STOP,0.0,STOPPED,0.0,MAX_RETRIES_REACHED,2
PAY_001017,697,LIMIT_EXCEEDED,CUSTOMER,0,CUSTOMER,"{'RETRY_NOW': 0.24498144271798544, 'RETRY_LATER': 0.4121017642553665, 'SWITCH_METHOD': 0.5119891198682397, 'SEND_NOTIFICATION': 0.5946264566294958, 'STOP': 0.10960263835191332}",SEND_NOTIFICATION,414.45464027075855,SUCCESS,697.0,,0
PAY_009468,135,GATEWAY_TIMEOUT,TEMPORARY,0,TEMPORARY,"{'RETRY_NOW': 0.5359127136908339, 'RETRY_LATER': 0.8204346061631976, 'SWITCH_METHOD': 0.6226626802655473, 'SEND_NOTIFICATION': 0.20780743694490453, 'STOP': 0.022576925658920406}",RETRY_LATER,110.75867183203168,SUCCESS,135.0,,0
PAY_007630,1898,AUTHENTICATION_FAILED,CUSTOMER,0,CUSTOMER,"{'RETRY_NOW': 0.3700253001366116, 'RETRY_LATER': 0.5205270619926281, 'SWITCH_METHOD': 0.44444369140166473, 'SEND_NOTIFICATION': 0.6253524020116614, 'STOP': 0.12322693756507609}",SEND_NOTIFICATION,1186.9188590181334,SUCCESS,1898.0,,0
PAY_000996,1330,BANK_TIMEOUT,TEMPORARY,0,TEMPORARY,"{'RETRY_NOW': 0.5762228890843711, 'RETRY_LATER': 0.8482659911525241, 'SWITCH_METHOD': 0.6355341919289966, 'SEND_NOTIFICATION': 0.22796501193503213, 'STOP': 0.028648971054813354}",RETRY_LATER,1128.193768232857,FAILED,0.0,,0
PAY_000996,1330,BANK_TIMEOUT,TEMPORARY,1,TEMPORARY,"{'RETRY_NOW': 0.5762228890843711, 'RETRY_LATER': 0.8482659911525241, 'SWITCH_METHOD': 0.6355341919289966, 'SEND_NOTIFICATION': 0.22796501193503213, 'STOP': 0.028648971054813354}",RETRY_LATER,1128.193768232857,FAILED,0.0,,1
PAY_000996,1330,BANK_TIMEOUT,TEMPORARY,2,TEMPORARY,{},STOP,0.0,STOPPED,0.0,MAX_RETRIES_REACHED,2
PAY_004298,257,CARD_EXPIRED,CUSTOMER,0,CUSTOMER,"{'RETRY_NOW': 0.11803394505937058, 'RETRY_LATER': 0.15471010729963303, 'SWITCH_METHOD': 0.5828268031164789, 'SEND_NOTIFICATION': 0.6863321166948629, 'STOP': 0.19033161063782014}",SEND_NOTIFICATION,176.38735399057978,FAILED,0.0,,0
PAY_004298,257,CARD_EXPIRED,CUSTOMER,1,CUSTOMER,"{'RETRY_NOW': 0.11803394505937058, 'RETRY_LATER': 0.15471010729963303, 'SWITCH_METHOD': 0.5828268031164789, 'SEND_NOTIFICATION': 0.6863321166948629, 'STOP': 0.19033161063782014}",SEND_NOTIFICATION,176.38735399057978,SUCCESS,257.0,,1
PAY_000162,290,LIMIT_EXCEEDED,CUSTOMER,0,CUSTOMER,"{'RETRY_NOW': 0.2035857164528753, 'RETRY_LATER': 0.35465353583790377, 'SWITCH_METHOD': 0.4648151013035961, 'SEND_NOTIFICATION': 0.5258470034966599, 'STOP': 0.0702421592185931}",SEND_NOTIFICATION,152.49563101403137,FAILED,0.0,,0
PAY_000162,290,LIMIT_EXCEEDED,CUSTOMER,1,CUSTOMER,"{'RETRY_NOW': 0.2035857164528753, 'RETRY_LATER': 0.35465353583790377, 'SWITCH_METHOD': 0.4648151013035961, 'SEND_NOTIFICATION': 0.5258470034966599, 'STOP': 0.0702421592185931}",SEND_NOTIFICATION,152.49563101403137,SUCCESS,290.0,,1
PAY_005676,738,BANK_TIMEOUT,TEMPORARY,0,TEMPORARY,"{'RETRY_NOW': 0.5737249575298882, 'RETRY_LATER': 0.8364737912659488, 'SWITCH_METHOD': 0.6291498179397597, 'SEND_NOTIFICATION': 0.21721758805919064, 'STOP': 0.018052695820066345}",RETRY_LATER,617.3176579542702,SUCCESS,738.0,,0
PAY_006874,311,NETWORK_ERROR,TEMPORARY,0,TEMPORARY,"{'RETRY_NOW': 0.503707704426519, 'RETRY_LATER': 0.7724747606403879, 'SWITCH_METHOD': 0.6047434522754355, 'SEND_NOTIFICATION': 0.1701705053038284, 'STOP': 0.022278819981033537}",RETRY_LATER,240.23965055916062,SUCCESS,311.0,,0
PAY_009693,717,BANK_TIMEOUT,TEMPORARY,0,TEMPORARY,"{'RETRY_NOW': 0.5901690544587485, 'RETRY_LATER': 0.8572548944418964, 'SWITCH_METHOD': 0.6445748920528869, 'SEND_NOTIFICATION': 0.23419297675421302, 'STOP': 0.035799839628748165}",RETRY_LATER,614.6517593148398,SUCCESS,717.0,,0
PAY_007990,145,UPI_TECHNICAL_ERROR,TEMPORARY,0,TEMPORARY,"{'RETRY_NOW': 0.5224085658861238, 'RETRY_LATER': 0.8073742093046153, 'SWITCH_METHOD': 0.6780683088771787, 'SEND_NOTIFICATION': 0.20007465488102727, 'STOP': 0.02895635323938477}",RETRY_LATER,117.06926034916923,SUCCESS,145.0,,0
PAY_003844,723,INSUFFICIENT_FUNDS,CUSTOMER,0,CUSTOMER,"{'RETRY_NOW': 0.20485022348877158, 'RETRY_LATER': 0.4608565036895651, 'SWITCH_METHOD': 0.598541721968187, 'SEND_NOTIFICATION': 0.7312700717928297, 'STOP': 0.06969557396065747}",SEND_NOTIFICATION,528.7082619062159,FAILED,0.0,,0
PAY_003844,723,INSUFFICIENT_FUNDS,CUSTOMER,1,CUSTOMER,"{'RETRY_NOW': 0.20485022348877158, 'RETRY_LATER': 0.4608565036895651, 'SWITCH_METHOD': 0.598541721968187, 'SEND_NOTIFICATION': 0.7312700717928297, 'STOP': 0.06969557396065747}",SEND_NOTIFICATION,528.7082619062159,SUCCESS,723.0,,1
PAY_001022,99,CARD_EXPIRED,CUSTOMER,0,CUSTOMER,"{'RETRY_NOW': 0.09415795569259248, 'RETRY_LATER': 0.14029650212518407, 'SWITCH_METHOD': 0.5673376532474599, 'SEND_NOTIFICATION': 0.6601268791849643, 'STOP': 0.16454866634980778}",SEND_NOTIFICATION,65.35256103931147,SUCCESS,99.0,,0
PAY_003074,261,LIMIT_EXCEEDED,CUSTOMER,0,CUSTOMER,"{'RETRY_NOW': 0.24046848018714542, 'RETRY_LATER': 0.4117783181581418, 'SWITCH_METHOD': 0.514655719302398, 'SEND_NOTIFICATION': 0.6021239268200854, 'STOP': 0.11263699966310457}",SEND_NOTIFICATION,157.1543449000423,FAILED,0.0,,0
PAY_003074,261,LIMIT_EXCEEDED,CUSTOMER,1,CUSTOMER,"{'RETRY_NOW': 0.24046848018714542, 'RETRY_LATER': 0.4117783181581418, 'SWITCH_METHOD': 0.514655719302398, 'SEND_NOTIFICATION': 0.6021239268200854, 'STOP': 0.11263699966310457}",SEND_NOTIFICATION,157.1543449000423,FAILED,0.0,,1
PAY_003074,261,LIMIT_EXCEEDED,CUSTOMER,2,CUSTOMER,{},STOP,0.0,STOPPED,0.0,MAX_RETRIES_REACHED,2
PAY_007556,1157,PAYMENT_EXPIRED,HARD,0,HARD,"{'RETRY_NOW': 0.040106148455618745, 'RETRY_LATER': 0.048211324192904484, 'SWITCH_METHOD': 0.08246657805105312, 'SEND_NOTIFICATION': 0.10773061044423617, 'STOP': 0.9897963021156069}",SEND_NOTIFICATION,124.64431628398124,FAILED,0.0,,0
PAY_007556,1157,PAYMENT_EXPIRED,HARD,1,HARD,"{'RETRY_NOW': 0.040106148455618745, 'RETRY_LATER': 0.048211324192904484, 'SWITCH_METHOD': 0.08246657805105312, 'SEND_NOTIFICATION': 0.10773061044423617, 'STOP': 0.9897963021156069}",SEND_NOTIFICATION,124.64431628398124,FAILED,0.0,,1
PAY_007556,1157,PAYMENT_EXPIRED,HARD,2,HARD,{},STOP,0.0,STOPPED,0.0,MAX_RETRIES_REACHED,2
PAY_003944,353,AUTHENTICATION_FAILED,CUSTOMER,0,CUSTOMER,"{'RETRY_NOW': 0.3816301050781433, 'RETRY_LATER': 0.5413224221613353, 'SWITCH_METHOD': 0.46465645086780805, 'SEND_NOTIFICATION': 0.64365086642513, 'STOP': 0.14230354384304764}",SEND_NOTIFICATION,227.2087558480709,SUCCESS,353.0,,0
PAY_001586,776,CARD_EXPIRED,CUSTOMER,0,CUSTOMER,"{'RETRY_NOW': 0.09415795569259248, 'RETRY_LATER': 0.14029650212518407, 'SWITCH_METHOD': 0.5673376532474599, 'SEND_NOTIFICATION': 0.6601268791849643, 'STOP': 0.16454866634980778}",SEND_NOTIFICATION,512.2584582475323,SUCCESS,776.0,,0
PAY_003153,102,BANK_TIMEOUT,TEMPORARY,0,TEMPORARY,"{'RETRY_NOW': 0.5696330875458853, 'RETRY_LATER': 0.835896994338851, 'SWITCH_METHOD': 0.6267842313168004, 'SEND_NOTIFICATION': 0.21369597636977036, 'STOP': 0.016458093859235613}",RETRY_LATER,85.26149342256281,SUCCESS,102.0,,0
PAY_008227,99,NETWORK_ERROR,TEMPORARY,0,TEMPORARY,"{'RETRY_NOW': 0.499213912852919, 'RETRY_LATER': 0.7727605217045811, 'SWITCH_METHOD': 0.6053534519676705, 'SEND_NOTIFICATION': 0.17077255845876768, 'STOP': 0.021031801370860685}",RETRY_LATER,76.50329164875353,SUCCESS,99.0,,0
PAY_000776,661,NETWORK_ERROR,TEMPORARY,0,TEMPORARY,"{'RETRY_NOW': 0.49319377289569144, 'RETRY_LATER': 0.7624155429371483, 'SWITCH_METHOD': 0.597276897543849, 'SEND_NOTIFICATION': 0.16343246369134215, 'STOP': 0.011937850817150302}",RETRY_LATER,503.956673881455,SUCCESS,661.0,,0
PAY_009671,362,AUTHENTICATION_FAILED,CUSTOMER,0,CUSTOMER,"{'RETRY_NOW': 0.3650603101739369, 'RETRY_LATER': 0.5126167849108241, 'SWITCH_METHOD': 0.43858567194942616, 'SEND_NOTIFICATION': 0.6172753853403206, 'STOP': 0.1171294037484171}",SEND_NOTIFICATION,223.45368949319604,SUCCESS,362.0,,0
PAY_007100,1402,CARD_EXPIRED,CUSTOMER,0,CUSTOMER,"{'RETRY_NOW': 0.08053258811839041, 'RETRY_LATER': 0.11750880427626711, 'SWITCH_METHOD': 0.541743383370896, 'SEND_NOTIFICATION': 0.6407707207039396, 'STOP': 0.14005164759829278}",SEND_NOTIFICATION,898.3605504269233,SUCCESS,1402.0,,0
PAY_005487,1237,INSUFFICIENT_FUNDS,CUSTOMER,0,CUSTOMER,"{'RETRY_NOW': 0.18550339255205156, 'RETRY_LATER': 0.44457889836731546, 'SWITCH_METHOD': 0.58960945948188, 'SEND_NOTIFICATION': 0.718469489782771, 'STOP': 0.056102272166695576}",SEND_NOTIFICATION,888.7467588612877,SUCCESS,1237.0,,0
PAY_006236,931,BANK_TIMEOUT,TEMPORARY,0,TEMPORARY,"{'RETRY_NOW': 0.5841704094432499, 'RETRY_LATER': 0.8504659739531624, 'SWITCH_METHOD': 0.6397868942063464, 'SEND_NOTIFICATION': 0.22854201803188318, 'STOP': 0.03000694746721721}",RETRY_LATER,791.7838217503942,SUCCESS,931.0,,0
PAY_009556,534,CARD_EXPIRED,CUSTOMER,0,CUSTOMER,"{'RETRY_NOW': 0.11547390042660058, 'RETRY_LATER': 0.14787983172833616, 'SWITCH_METHOD': 0.5752173401581567, 'SEND_NOTIFICATION': 0.6752095009527201, 'STOP': 0.17785107801239725}",SEND_NOTIFICATION,360.56187350875257,SUCCESS,534.0,,0
PAY_007042,291,INVALID_ACCOUNT,HARD,0,HARD,"{'RETRY_NOW': 0.05771114239314456, 'RETRY_LATER': 0.06642558965789994, 'SWITCH_METHOD': 0.13605634820954415, 'SEND_NOTIFICATION': 0.15295234647666286, 'STOP': 0.99}",SEND_NOTIFICATION,44.50913282470889,FAILED,0.0,,0
PAY_007042,291,INVALID_ACCOUNT,HARD,1,HARD,"{'RETRY_NOW': 0.05771114239314456, 'RETRY_LATER': 0.06642558965789994, 'SWITCH_METHOD': 0.13605634820954415, 'SEND_NOTIFICATION': 0.15295234647666286, 'STOP': 0.99}",SEND_NOTIFICATION,44.50913282470889,FAILED,0.0,,1
PAY_007042,291,INVALID_ACCOUNT,HARD,2,HARD,{},STOP,0.0,STOPPED,0.0,MAX_RETRIES_REACHED,2
PAY_002613,197,PAYMENT_EXPIRED,HARD,0,HARD,"{'RETRY_NOW': 0.01996545086464819, 'RETRY_LATER': 0.029116985407498876, 'SWITCH_METHOD': 0.061783532892586174, 'SEND_NOTIFICATION': 0.09035839248498242, 'STOP': 0.9888107549652638}",SEND_NOTIFICATION,17.800603319541537,FAILED,0.0,,0
PAY_002613,197,PAYMENT_EXPIRED,HARD,1,HARD,"{'RETRY_NOW': 0.01996545086464819, 'RETRY_LATER': 0.029116985407498876, 'SWITCH_METHOD': 0.061783532892586174, 'SEND_NOTIFICATION': 0.09035839248498242, 'STOP': 0.9888107549652638}",SEND_NOTIFICATION,17.800603319541537,FAILED,0.0,,1
PAY_002613,197,PAYMENT_EXPIRED,HARD,2,HARD,{},STOP,0.0,STOPPED,0.0,MAX_RETRIES_REACHED,2
PAY_007514,617,LIMIT_EXCEEDED,CUSTOMER,0,CUSTOMER,"{'RETRY_NOW': 0.21823748104419816, 'RETRY_LATER': 0.3792220190820007, 'SWITCH_METHOD': 0.48403918918878625, 'SEND_NOTIFICATION': 0.5560145146736841, 'STOP': 0.08249431445364402}",SEND_NOTIFICATION,343.0609555536631,SUCCESS,617.0,,0
PAY_008434,203,LIMIT_EXCEEDED,CUSTOMER,0,CUSTOMER,"{'RETRY_NOW': 0.21823748104419816, 'RETRY_LATER': 0.3792220190820007, 'SWITCH_METHOD': 0.48403918918878625, 'SEND_NOTIFICATION': 0.5560145146736841, 'STOP': 0.08249431445364402}",SEND_NOTIFICATION,112.87094647875787,FAILED,0.0,,0
PAY_008434,203,LIMIT_EXCEEDED,CUSTOMER,1,CUSTOMER,"{'RETRY_NOW': 0.21823748104419816, 'RETRY_LATER': 0.3792220190820007, 'SWITCH_METHOD': 0.48403918918878625, 'SEND_NOTIFICATION': 0.5560145146736841, 'STOP': 0.08249431445364402}",SEND_NOTIFICATION,112.87094647875787,SUCCESS,203.0,,1
PAY_008793,1069,INSUFFICIENT_FUNDS,CUSTOMER,0,CUSTOMER,"{'RETRY_NOW': 0.20130392957610446, 'RETRY_LATER': 0.45841684084532897, 'SWITCH_METHOD': 0.5961791660844497, 'SEND_NOTIFICATION': 0.7268607316986306, 'STOP': 0.06617957106946074}",SEND_NOTIFICATION,777.0141221858362,FAILED,0.0,,0
PAY_008793,1069,INSUFFICIENT_FUNDS,CUSTOMER,1,CUSTOMER,"{'RETRY_NOW': 0.20130392957610446, 'RETRY_LATER': 0.45841684084532897, 'SWITCH_METHOD': 0.5961791660844497, 'SEND_NOTIFICATION': 0.7268607316986306, 'STOP': 0.06617957106946074}",SEND_NOTIFICATION,777.0141221858362,SUCCESS,1069.0,,1
PAY_005394,11261,UPI_TECHNICAL_ERROR,TEMPORARY,0,TEMPORARY,"{'RETRY_NOW': 0.5509233464783473, 'RETRY_LATER': 0.8222840958700443, 'SWITCH_METHOD': 0.6841734679676751, 'SEND_NOTIFICATION': 0.20667130729120173, 'STOP': 0.04047868225933406}",RETRY_LATER,9259.741203592568,SUCCESS,11261.0,,0
PAY_008839,99,INSUFFICIENT_FUNDS,CUSTOMER,0,CUSTOMER,"{'RETRY_NOW': 0.2144046870367305, 'RETRY_LATER': 0.47833627643930077, 'SWITCH_METHOD': 0.6141874729186443, 'SEND_NOTIFICATION': 0.7551458501773496, 'STOP': 0.08381566648043251}",SEND_NOTIFICATION,74.75943916755762,SUCCESS,99.0,,0
PAY_003891,251,PAYMENT_EXPIRED,HARD,0,HARD,"{'RETRY_NOW': 0.052582235262863715, 'RETRY_LATER': 0.06136789855805326, 'SWITCH_METHOD': 0.0953030573826808, 'SEND_NOTIFICATION': 0.12167465146105141, 'STOP': 0.99}",SEND_NOTIFICATION,30.540337516723906,FAILED,0.0,,0
PAY_003891,251,PAYMENT_EXPIRED,HARD,1,HARD,"{'RETRY_NOW': 0.052582235262863715, 'RETRY_LATER': 0.06136789855805326, 'SWITCH_METHOD': 0.0953030573826808, 'SEND_NOTIFICATION': 0.12167465146105141, 'STOP': 0.99}",SEND_NOTIFICATION,30.540337516723906,FAILED,0.0,,1
PAY_003891,251,PAYMENT_EXPIRED,HARD,2,HARD,{},STOP,0.0,STOPPED,0.0,MAX_RETRIES_REACHED,2
PAY_003557,1820,CARD_EXPIRED,CUSTOMER,0,CUSTOMER,"{'RETRY_NOW': 0.11918159652354125, 'RETRY_LATER': 0.15474985617056036, 'SWITCH_METHOD': 0.5849752003466635, 'SEND_NOTIFICATION': 0.6898436327737695, 'STOP': 0.1922827813056365}",SEND_NOTIFICATION,1255.5154116482604,SUCCESS,1820.0,,0
PAY_001529,392,AUTHENTICATION_FAILED,CUSTOMER,0,CUSTOMER,"{'RETRY_NOW': 0.3716525735991396, 'RETRY_LATER': 0.5264358285990801, 'SWITCH_METHOD': 0.44726966656650413, 'SEND_NOTIFICATION': 0.6249949207990634, 'STOP': 0.12500776320423226}",SEND_NOTIFICATION,244.99800895323284,SUCCESS,392.0,,0
PAY_001268,1484,LIMIT_EXCEEDED,CUSTOMER,0,CUSTOMER,"{'RETRY_NOW': 0.24644770014164416, 'RETRY_LATER': 0.41355055031875043, 'SWITCH_METHOD': 0.5223265868375732, 'SEND_NOTIFICATION': 0.6027906327511107, 'STOP': 0.1204027281214237}",SEND_NOTIFICATION,894.5412990026482,SUCCESS,1484.0,,0
PAY_007735,374,CARD_EXPIRED,CUSTOMER,0,CUSTOMER,"{'RETRY_NOW': 0.11918159652354125, 'RETRY_LATER': 0.15474985617056036, 'SWITCH_METHOD': 0.5849752003466635, 'SEND_NOTIFICATION': 0.6898436327737695, 'STOP': 0.1922827813056365}",SEND_NOTIFICATION,258.0015186573898,SUCCESS,374.0,,0
PAY_001900,134,AUTHENTICATION_FAILED,CUSTOMER,0,CUSTOMER,"{'RETRY_NOW': 0.3672109048960562, 'RETRY_LATER': 0.5045077390280865, 'SWITCH_METHOD': 0.4299976606629388, 'SEND_NOTIFICATION': 0.6044396068038961, 'STOP': 0.11113148300909065}",SEND_NOTIFICATION,80.99490731172207,SUCCESS,134.0,,0
PAY_004659,885,CUSTOMER_DECLINED,HARD,0,HARD,"{'RETRY_NOW': 0.021012542751393443, 'RETRY_LATER': 0.022723291447438357, 'SWITCH_METHOD': 0.043110892232279756, 'SEND_NOTIFICATION': 0.061723294616396474, 'STOP': 0.9897659866096168}",SEND_NOTIFICATION,54.62511573551088,FAILED,0.0,,0
PAY_004659,885,CUSTOMER_DECLINED,HARD,1,HARD,"{'RETRY_NOW': 0.021012542751393443, 'RETRY_LATER': 0.022723291447438357, 'SWITCH_METHOD': 0.043110892232279756, 'SEND_NOTIFICATION': 0.061723294616396474, 'STOP': 0.9897659866096168}",SEND_NOTIFICATION,54.62511573551088,FAILED,0.0,,1
PAY_004659,885,CUSTOMER_DECLINED,HARD,2,HARD,{},STOP,0.0,STOPPED,0.0,MAX_RETRIES_REACHED,2
PAY_003006,937,INSUFFICIENT_FUNDS,CUSTOMER,0,CUSTOMER,"{'RETRY_NOW': 0.2144046870367305, 'RETRY_LATER': 0.47833627643930077, 'SWITCH_METHOD': 0.6141874729186443, 'SEND_NOTIFICATION': 0.7551458501773496, 'STOP': 0.08381566648043251}",SEND_NOTIFICATION,707.5716616161766,SUCCESS,937.0,,0
PAY_002735,2352,LIMIT_EXCEEDED,CUSTOMER,0,CUSTOMER,"{'RETRY_NOW': 0.2412116452595457, 'RETRY_LATER': 0.4083432848362429, 'SWITCH_METHOD': 0.5105835404293677, 'SEND_NOTIFICATION': 0.5932698100305471, 'STOP': 0.10960263835191332}",SEND_NOTIFICATION,1395.3705931918469,FAILED,0.0,,0
PAY_002735,2352,LIMIT_EXCEEDED,CUSTOMER,1,CUSTOMER,"{'RETRY_NOW': 0.2412116452595457, 'RETRY_LATER': 0.4083432848362429, 'SWITCH_METHOD': 0.5105835404293677, 'SEND_NOTIFICATION': 0.5932698100305471, 'STOP': 0.10960263835191332}",SEND_NOTIFICATION,1395.3705931918469,SUCCESS,2352.0,,1
PAY_000190,938,GATEWAY_TIMEOUT,TEMPORARY,0,TEMPORARY,"{'RETRY_NOW': 0.5149614404804004, 'RETRY_LATER': 0.807829639409678, 'SWITCH_METHOD': 0.6076755041347341, 'SEND_NOTIFICATION': 0.19413146089991365, 'STOP': 0.007559616576496005}",RETRY_LATER,757.7442017662779,SUCCESS,938.0,,0
PAY_009168,137,UPI_TECHNICAL_ERROR,TEMPORARY,0,TEMPORARY,"{'RETRY_NOW': 0.5110772229262469, 'RETRY_LATER': 0.8008764824810973, 'SWITCH_METHOD': 0.6675824069497995, 'SEND_NOTIFICATION': 0.1983825398301838, 'STOP': 0.021206551698736024}",RETRY_LATER,109.72007809991034,SUCCESS,137.0,,0
PAY_002748,557,BLOCKED_METHOD,HARD,0,HARD,"{'RETRY_NOW': 0.06781232937730544, 'RETRY_LATER': 0.07876799625982712, 'SWITCH_METHOD': 0.19159616757631953, 'SEND_NOTIFICATION': 0.22271807865488794, 'STOP': 0.989055168573295}",SEND_NOTIFICATION,124.05396981077259,SUCCESS,557.0,,0
PAY_002048,232,CARD_EXPIRED,CUSTOMER,0,CUSTOMER,"{'RETRY_NOW': 0.0885757218620707, 'RETRY_LATER': 0.12825242623285074, 'SWITCH_METHOD': 0.5533943541287869, 'SEND_NOTIFICATION': 0.6527185721440141, 'STOP': 0.1543295176392473}",SEND_NOTIFICATION,151.43070873741127,FAILED,0.0,,0
PAY_002048,232,CARD_EXPIRED,CUSTOMER,1,CUSTOMER,"{'RETRY_NOW': 0.0885757218620707, 'RETRY_LATER': 0.12825242623285074, 'SWITCH_METHOD': 0.5533943541287869, 'SEND_NOTIFICATION': 0.6527185721440141, 'STOP': 0.1543295176392473}",SEND_NOTIFICATION,151.43070873741127,SUCCESS,232.0,,1
PAY_007850,3499,BANK_TIMEOUT,TEMPORARY,0,TEMPORARY,"{'RETRY_NOW': 0.5737249575298882, 'RETRY_LATER': 0.8364737912659488, 'SWITCH_METHOD': 0.6291498179397597, 'SEND_NOTIFICATION': 0.21721758805919064, 'STOP': 0.018052695820066345}",RETRY_LATER,2926.8217956395547,SUCCESS,3499.0,,0
PAY_002559,99,INSUFFICIENT_FUNDS,CUSTOMER,0,CUSTOMER,"{'RETRY_NOW': 0.21320791903019476, 'RETRY_LATER': 0.4703213900001933, 'SWITCH_METHOD': 0.6080488418565584, 'SEND_NOTIFICATION': 0.7451829001312937, 'STOP': 0.07679878172440113}",SEND_NOTIFICATION,73.77310711299808,SUCCESS,99.0,,0
PAY_009275,1390,GATEWAY_TIMEOUT,TEMPORARY,0,TEMPORARY,"{'RETRY_NOW': 0.5152412956239563, 'RETRY_LATER': 0.798492401585454, 'SWITCH_METHOD': 0.5927440570135984, 'SEND_NOTIFICATION': 0.17959297102110086, 'STOP': 0.0010147807837068252}",RETRY_LATER,1109.904438203781,SUCCESS,1390.0,,0
PAY_008667,6296,CARD_EXPIRED,CUSTOMER,0,CUSTOMER,"{'RETRY_NOW': 0.0845964970274826, 'RETRY_LATER': 0.12604172936500221, 'SWITCH_METHOD': 0.5471019503722933, 'SEND_NOTIFICATION': 0.6457990665418742, 'STOP': 0.1504619109477577}",SEND_NOTIFICATION,4065.9509229476403,SUCCESS,6296.0,,0
PAY_006397,247,NETWORK_ERROR,TEMPORARY,0,TEMPORARY,"{'RETRY_NOW': 0.49319377289569144, 'RETRY_LATER': 0.7624155429371483, 'SWITCH_METHOD': 0.597276897543849, 'SEND_NOTIFICATION': 0.16343246369134215, 'STOP': 0.011937850817150302}",RETRY_LATER,188.31663910547564,SUCCESS,247.0,,0
PAY_003386,2170,GATEWAY_TIMEOUT,TEMPORARY,0,TEMPORARY,"{'RETRY_NOW': 0.5403072367212997, 'RETRY_LATER': 0.8236351095596709, 'SWITCH_METHOD': 0.624682397955857, 'SEND_NOTIFICATION': 0.206431164526727, 'STOP': 0.025827528946643336}",RETRY_LATER,1787.2881877444859,FAILED,0.0,,0
PAY_003386,2170,GATEWAY_TIMEOUT,TEMPORARY,1,TEMPORARY,"{'RETRY_NOW': 0.5403072367212997, 'RETRY_LATER': 0.8236351095596709, 'SWITCH_METHOD': 0.624682397955857, 'SEND_NOTIFICATION': 0.206431164526727, 'STOP': 0.025827528946643336}",RETRY_LATER,1787.2881877444859,SUCCESS,2170.0,,1
PAY_004556,277,GATEWAY_TIMEOUT,TEMPORARY,0,TEMPORARY,"{'RETRY_NOW': 0.5678124168493498, 'RETRY_LATER': 0.8420809215598802, 'SWITCH_METHOD': 0.6405301277060621, 'SEND_NOTIFICATION': 0.21648355678696243, 'STOP': 0.04073687691609079}",RETRY_LATER,233.25641527208683,SUCCESS,277.0,,0
PAY_001185,576,CUSTOMER_DECLINED,HARD,0,HARD,"{'RETRY_NOW': 0.036337720931831484, 'RETRY_LATER': 0.035072262282840556, 'SWITCH_METHOD': 0.057222603582343476, 'SEND_NOTIFICATION': 0.0770018001613318, 'STOP': 0.9899148397967259}",SEND_NOTIFICATION,44.35303689292712,FAILED,0.0,,0
PAY_001185,576,CUSTOMER_DECLINED,HARD,1,HARD,"{'RETRY_NOW': 0.036337720931831484, 'RETRY_LATER': 0.035072262282840556, 'SWITCH_METHOD': 0.057222603582343476, 'SEND_NOTIFICATION': 0.0770018001613318, 'STOP': 0.9899148397967259}",SEND_NOTIFICATION,44.35303689292712,FAILED,0.0,,1
PAY_001185,576,CUSTOMER_DECLINED,HARD,2,HARD,{},STOP,0.0,STOPPED,0.0,MAX_RETRIES_REACHED,2
PAY_006421,344,INSUFFICIENT_FUNDS,CUSTOMER,0,CUSTOMER,"{'RETRY_NOW': 0.2021202347325381, 'RETRY_LATER': 0.44094827234725265, 'SWITCH_METHOD': 0.5827915694581012, 'SEND_NOTIFICATION': 0.7158686598458089, 'STOP': 0.059385789620743396}",SEND_NOTIFICATION,246.2588189869583,SUCCESS,344.0,,0
PAY_005052,851,GATEWAY_TIMEOUT,TEMPORARY,0,TEMPORARY,"{'RETRY_NOW': 0.5305124918837583, 'RETRY_LATER': 0.8177406025094297, 'SWITCH_METHOD': 0.6208221579900054, 'SEND_NOTIFICATION': 0.20336733053742942, 'STOP': 0.01954237197609204}",RETRY_LATER,695.8972527355247,SUCCESS,851.0,,0
PAY_005312,712,GATEWAY_TIMEOUT,TEMPORARY,0,TEMPORARY,"{'RETRY_NOW': 0.5293823070611737, 'RETRY_LATER': 0.8204736823965143, 'SWITCH_METHOD': 0.6227250037118731, 'SEND_NOTIFICATION': 0.2066759756998412, 'STOP': 0.021332910643010787}",RETRY_LATER,584.1772618663182,SUCCESS,712.0,,0
PAY_002434,3462,UPI_TECHNICAL_ERROR,TEMPORARY,0,TEMPORARY,"{'RETRY_NOW': 0.4962096499315957, 'RETRY_LATER': 0.7899820649047393, 'SWITCH_METHOD': 0.6570368740581093, 'SEND_NOTIFICATION': 0.18106071214190847, 'STOP': 0.007554509232412972}",RETRY_LATER,2734.9179087002076,SUCCESS,3462.0,,0
PAY_006950,2029,AUTHENTICATION_FAILED,CUSTOMER,0,CUSTOMER,"{'RETRY_NOW': 0.3816301050781433, 'RETRY_LATER': 0.5413224221613353, 'SWITCH_METHOD': 0.46465645086780805, 'SEND_NOTIFICATION': 0.64365086642513, 'STOP': 0.14230354384304764}",SEND_NOTIFICATION,1305.9676079765889,SUCCESS,2029.0,,0
PAY_000770,1004,NETWORK_ERROR,TEMPORARY,0,TEMPORARY,"{'RETRY_NOW': 0.5256993248593425, 'RETRY_LATER': 0.7940357989029732, 'SWITCH_METHOD': 0.6188882168778729, 'SEND_NOTIFICATION': 0.18479071556538365, 'STOP': 0.040470472829535184}",RETRY_LATER,797.211942098585,SUCCESS,1004.0,,0
PAY_001686,2775,INVALID_ACCOUNT,HARD,0,HARD,"{'RETRY_NOW': 0.05771114239314456, 'RETRY_LATER': 0.06642558965789994, 'SWITCH_METHOD': 0.13605634820954415, 'SEND_NOTIFICATION': 0.15295234647666286, 'STOP': 0.99}",SEND_NOTIFICATION,424.44276147273945,FAILED,0.0,,0
PAY_001686,2775,INVALID_ACCOUNT,HARD,1,HARD,"{'RETRY_NOW': 0.05771114239314456, 'RETRY_LATER': 0.06642558965789994, 'SWITCH_METHOD': 0.13605634820954415, 'SEND_NOTIFICATION': 0.15295234647666286, 'STOP': 0.99}",SEND_NOTIFICATION,424.44276147273945,FAILED,0.0,,1
PAY_001686,2775,INVALID_ACCOUNT,HARD,2,HARD,{},STOP,0.0,STOPPED,0.0,MAX_RETRIES_REACHED,2
PAY_008323,2056,INSUFFICIENT_FUNDS,CUSTOMER,0,CUSTOMER,"{'RETRY_NOW': 0.2102122615955355, 'RETRY_LATER': 0.46889637936991696, 'SWITCH_METHOD': 0.6046750058587255, 'SEND_NOTIFICATION': 0.7488416374981446, 'STOP': 0.0797179975048469}",SEND_NOTIFICATION,1539.6184066961853,SUCCESS,2056.0,,0
PAY_005579,854,GATEWAY_TIMEOUT,TEMPORARY,0,TEMPORARY,"{'RETRY_NOW': 0.5359127136908339, 'RETRY_LATER': 0.8204346061631976, 'SWITCH_METHOD': 0.6226626802655473, 'SEND_NOTIFICATION': 0.20780743694490453, 'STOP': 0.022576925658920406}",RETRY_LATER,700.6511536633708,FAILED,0.0,,0
PAY_005579,854,GATEWAY_TIMEOUT,TEMPORARY,1,TEMPORARY,"{'RETRY_NOW': 0.5359127136908339, 'RETRY_LATER': 0.8204346061631976, 'SWITCH_METHOD': 0.6226626802655473, 'SEND_NOTIFICATION': 0.20780743694490453, 'STOP': 0.022576925658920406}",RETRY_LATER,700.6511536633708,SUCCESS,854.0,,1
PAY_004427,380,INSUFFICIENT_FUNDS,CUSTOMER,0,CUSTOMER,"{'RETRY_NOW': 0.18076507156422347, 'RETRY_LATER': 0.43522889400142156, 'SWITCH_METHOD': 0.585133584330875, 'SEND_NOTIFICATION': 0.7159537830351016, 'STOP': 0.05264599782018359}",SEND_NOTIFICATION,272.0624375533386,SUCCESS,380.0,,0
PAY_000467,1349,GATEWAY_TIMEOUT,TEMPORARY,0,TEMPORARY,"{'RETRY_NOW': 0.5189008381425456, 'RETRY_LATER': 0.8007690838501523, 'SWITCH_METHOD': 0.6010758226883762, 'SEND_NOTIFICATION': 0.18743150926881305, 'STOP': 0.0030539633602988904}",RETRY_LATER,1080.2374941138555,FAILED,0.0,,0
PAY_000467,1349,GATEWAY_TIMEOUT,TEMPORARY,1,TEMPORARY,"{'RETRY_NOW': 0.5189008381425456, 'RETRY_LATER': 0.8007690838501523, 'SWITCH_METHOD': 0.6010758226883762, 'SEND_NOTIFICATION': 0.18743150926881305, 'STOP': 0.0030539633602988904}",RETRY_LATER,1080.2374941138555,SUCCESS,1349.0,,1
PAY_006266,248,INVALID_ACCOUNT,HARD,0,HARD,"{'RETRY_NOW': 0.022581107287890395, 'RETRY_LATER': 0.03410154767435828, 'SWITCH_METHOD': 0.09457511123117769, 'SEND_NOTIFICATION': 0.12370844181561386, 'STOP': 0.9886114992734992}",SEND_NOTIFICATION,30.679693570272235,FAILED,0.0,,0
PAY_006266,248,INVALID_ACCOUNT,HARD,1,HARD,"{'RETRY_NOW': 0.022581107287890395, 'RETRY_LATER': 0.03410154767435828, 'SWITCH_METHOD': 0.09457511123117769, 'SEND_NOTIFICATION': 0.12370844181561386, 'STOP': 0.9886114992734992}",SEND_NOTIFICATION,30.679693570272235,FAILED,0.0,,1
PAY_006266,248,INVALID_ACCOUNT,HARD,2,HARD,{},STOP,0.0,STOPPED,0.0,MAX_RETRIES_REACHED,2
PAY_005735,120,INSUFFICIENT_FUNDS,CUSTOMER,0,CUSTOMER,"{'RETRY_NOW': 0.20411219368751476, 'RETRY_LATER': 0.46544286738347806, 'SWITCH_METHOD': 0.600484425316945, 'SEND_NOTIFICATION': 0.7352405937084365, 'STOP': 0.07181202829276298}",SEND_NOTIFICATION,88.22887124501239,FAILED,0.0,,0
PAY_005735,120,INSUFFICIENT_FUNDS,CUSTOMER,1,CUSTOMER,"{'RETRY_NOW': 0.20411219368751476, 'RETRY_LATER': 0.46544286738347806, 'SWITCH_METHOD': 0.600484425316945, 'SEND_NOTIFICATION': 0.7352405937084365, 'STOP': 0.07181202829276298}",SEND_NOTIFICATION,88.22887124501239,SUCCESS,120.0,,1
PAY_005192,521,BLOCKED_METHOD,HARD,0,HARD,"{'RETRY_NOW': 0.0673615785526047, 'RETRY_LATER': 0.07605256498879168, 'SWITCH_METHOD': 0.18618297108081655, 'SEND_NOTIFICATION': 0.21599398153286256, 'STOP': 0.9860173335180904}",SEND_NOTIFICATION,112.5328643786214,FAILED,0.0,,0
PAY_005192,521,BLOCKED_METHOD,HARD,1,HARD,"{'RETRY_NOW': 0.0673615785526047, 'RETRY_LATER': 0.07605256498879168, 'SWITCH_METHOD': 0.18618297108081655, 'SEND_NOTIFICATION': 0.21599398153286256, 'STOP': 0.9860173335180904}",SEND_NOTIFICATION,112.5328643786214,FAILED,0.0,,1
PAY_005192,521,BLOCKED_METHOD,HARD,2,HARD,{},STOP,0.0,STOPPED,0.0,MAX_RETRIES_REACHED,2
PAY_005391,262,BANK_TIMEOUT,TEMPORARY,0,TEMPORARY,"{'RETRY_NOW': 0.5780061904791973, 'RETRY_LATER': 0.8531322867174927, 'SWITCH_METHOD': 0.6423667953759395, 'SEND_NOTIFICATION': 0.23106464820244738, 'STOP': 0.03150091080640833}",RETRY_LATER,223.5206591199831,SUCCESS,262.0,,0
PAY_000861,851,NETWORK_ERROR,TEMPORARY,0,TEMPORARY,"{'RETRY_NOW': 0.5150670983368959, 'RETRY_LATER': 0.7842063232446957, 'SWITCH_METHOD': 0.6120497232353374, 'SEND_NOTIFICATION': 0.18082735999393668, 'STOP': 0.032681559546687576}",RETRY_LATER,667.3595810812361,FAILED,0.0,,0
PAY_000861,851,NETWORK_ERROR,TEMPORARY,1,TEMPORARY,"{'RETRY_NOW': 0.5150670983368959, 'RETRY_LATER': 0.7842063232446957, 'SWITCH_METHOD': 0.6120497232353374, 'SEND_NOTIFICATION': 0.18082735999393668, 'STOP': 0.032681559546687576}",RETRY_LATER,667.3595810812361,FAILED,0.0,,1
PAY_000861,851,NETWORK_ERROR,TEMPORARY,2,TEMPORARY,{},STOP,0.0,STOPPED,0.0,MAX_RETRIES_REACHED,2
PAY_007271,543,INSUFFICIENT_FUNDS,CUSTOMER,0,CUSTOMER,"{'RETRY_NOW': 0.19989743716049668, 'RETRY_LATER': 0.47925585901406426, 'SWITCH_METHOD': 0.6137040427668068, 'SEND_NOTIFICATION': 0.7416480321062215, 'STOP': 0.07427705786704658}",SEND_NOTIFICATION,402.7148814336783,FAILED,0.0,,0
PAY_007271,543,INSUFFICIENT_FUNDS,CUSTOMER,1,CUSTOMER,"{'RETRY_NOW': 0.19989743716049668, 'RETRY_LATER': 0.47925585901406426, 'SWITCH_METHOD': 0.6137040427668068, 'SEND_NOTIFICATION': 0.7416480321062215, 'STOP': 0.07427705786704658}",SEND_NOTIFICATION,402.7148814336783,SUCCESS,543.0,,1
