payment_id,amount,failure_code,failure_category,retry_count,ai_diagnosis,candidate_actions,selected_action,expected_recovery,actual_result,recovered_amount,stopping_reason,timestamp_step
PAY_005384,1377,AUTHENTICATION_FAILED,CUSTOMER,0,BLIND_RETRY,{},RETRY_NOW,514.998,FAILED,0.0,SINGLE_RETRY_EXHAUSTED,0
PAY_000553,140,NETWORK_ERROR,TEMPORARY,0,BLIND_RETRY,{},RETRY_NOW,68.25,FAILED,0.0,SINGLE_RETRY_EXHAUSTED,0
PAY_003145,368,BANK_TIMEOUT,TEMPORARY,0,BLIND_RETRY,{},RETRY_NOW,213.99200000000002,SUCCESS,368.0,,0
PAY_006918,752,GATEWAY_TIMEOUT,TEMPORARY,0,BLIND_RETRY,{},RETRY_NOW,404.576,FAILED,0.0,SINGLE_RETRY_EXHAUSTED,0
PAY_002057,876,UPI_TECHNICAL_ERROR,TEMPORARY,0,BLIND_RETRY,{},RETRY_NOW,453.76800000000003,FAILED,0.0,SINGLE_RETRY_EXHAUSTED,0
PAY_001926,1256,LIMIT_EXCEEDED,CUSTOMER,0,BLIND_RETRY,{},RETRY_NOW,278.204,FAILED,0.0,SINGLE_RETRY_EXHAUSTED,0
PAY_000635,1682,CARD_EXPIRED,CUSTOMER,0,BLIND_RETRY,{},RETRY_NOW,200.158,FAILED,0.0,SINGLE_RETRY_EXHAUSTED,0
PAY_006083,505,GATEWAY_TIMEOUT,TEMPORARY,0,BLIND_RETRY,{},RETRY_NOW,273.20500000000004,FAILED,0.0,SINGLE_RETRY_EXHAUSTED,0
PAY_009271,2136,CARD_EXPIRED,CUSTOMER,0,BLIND_RETRY,{},RETRY_NOW,196.512,FAILED,0.0,SINGLE_RETRY_EXHAUSTED,0
PAY_009679,1950,LIMIT_EXCEEDED,CUSTOMER,0,BLIND_RETRY,{},RETRY_NOW,496.27500000000003,FAILED,0.0,SINGLE_RETRY_EXHAUSTED,0
PAY_000106,747,BANK_TIMEOUT,TEMPORARY,0,BLIND_RETRY,{},RETRY_NOW,432.1395,FAILED,0.0,SINGLE_RETRY_EXHAUSTED,0
PAY_003042,274,BANK_TIMEOUT,TEMPORARY,0,BLIND_RETRY,{},RETRY_NOW,156.865,SUCCESS,274.0,,0
PAY_001710,2169,CARD_EXPIRED,CUSTOMER,0,BLIND_RETRY,{},RETRY_NOW,232.083,FAILED,0.0,SINGLE_RETRY_EXHAUSTED,0
PAY_000090,1097,CARD_EXPIRED,CUSTOMER,0,BLIND_RETRY,{},RETRY_NOW,128.89749999999998,FAILED,0.0,SINGLE_RETRY_EXHAUSTED,0
PAY_007015,218,CUSTOMER_DECLINED,HARD,0,BLIND_RETRY,{},RETRY_NOW,8.065999999999999,FAILED,0.0,SINGLE_RETRY_EXHAUSTED,0
PAY_003175,279,INSUFFICIENT_FUNDS,CUSTOMER,0,BLIND_RETRY,{},RETRY_NOW,50.22,FAILED,0.0,SINGLE_RETRY_EXHAUSTED,0
PAY_000918,178,CARD_EXPIRED,CUSTOMER,0,BLIND_RETRY,{},RETRY_NOW,16.91,FAILED,0.0,SINGLE_RETRY_EXHAUSTED,0
PAY_007834,1677,BANK_TIMEOUT,TEMPORARY,0,BLIND_RETRY,{},RETRY_NOW,924.8655,SUCCESS,1677.0,,0
PAY_006733,1837,GATEWAY_TIMEOUT,TEMPORARY,0,BLIND_RETRY,{},RETRY_NOW,1015.8610000000001,SUCCESS,1837.0,,0
PAY_001950,1530,INSUFFICIENT_FUNDS,CUSTOMER,0,BLIND_RETRY,{},RETRY_NOW,309.82500000000005,FAILED,0.0,SINGLE_RETRY_EXHAUSTED,0
PAY_006369,703,NETWORK_ERROR,TEMPORARY,0,BLIND_RETRY,{},RETRY_NOW,358.53000000000003,SUCCESS,703.0,,0
PAY_000002,809,UPI_TECHNICAL_ERROR,TEMPORARY,0,BLIND_RETRY,{},RETRY_NOW,421.48900000000003,SUCCESS,809.0,,0
PAY_008033,253,BANK_TIMEOUT,TEMPORARY,0,BLIND_RETRY,{},RETRY_NOW,144.08350000000002,FAILED,0.0,SINGLE_RETRY_EXHAUSTED,0
PAY_006048,2521,INSUFFICIENT_FUNDS,CUSTOMER,0,BLIND_RETRY,{},RETRY_NOW,438.654,FAILED,0.0,SINGLE_RETRY_EXHAUSTED,0
PAY_002721,605,NETWORK_ERROR,TEMPORARY,0,BLIND_RETRY,{},RETRY_NOW,302.1975,FAILED,0.0,SINGLE_RETRY_EXHAUSTED,0
PAY_009813,281,UPI_TECHNICAL_ERROR,TEMPORARY,0,BLIND_RETRY,{},RETRY_NOW,149.3515,FAILED,0.0,SINGLE_RETRY_EXHAUSTED,0
PAY_003118,99,NETWORK_ERROR,TEMPORARY,0,BLIND_RETRY,{},RETRY_NOW,49.599,FAILED,0.0,SINGLE_RETRY_EXHAUSTED,0
PAY_009466,336,CUSTOMER_DECLINED,HARD,0,BLIND_RETRY,{},RETRY_NOW,6.888,FAILED,0.0,SINGLE_RETRY_EXHAUSTED,0
PAY_003763,870,CARD_EXPIRED,CUSTOMER,0,BLIND_RETRY,{},RETRY_NOW,100.92,FAILED,0.0,SINGLE_RETRY_EXHAUSTED,0
PAY_000214,938,BANK_TIMEOUT,TEMPORARY,0,BLIND_RETRY,{},RETRY_NOW,531.377,SUCCESS,938.0,,0
PAY_000779,8592,LIMIT_EXCEEDED,CUSTOMER,0,BLIND_RETRY,{},RETRY_NOW,2135.112,SUCCESS,8592.0,,0
PAY_003497,195,BANK_TIMEOUT,TEMPORARY,0,BLIND_RETRY,{},RETRY_NOW,111.34499999999998,SUCCESS,195.0,,0
PAY_008818,1864,BANK_TIMEOUT,TEMPORARY,0,BLIND_RETRY,{},RETRY_NOW,1033.588,SUCCESS,1864.0,,0
PAY_002044,99,INVALID_ACCOUNT,HARD,0,BLIND_RETRY,{},RETRY_NOW,2.4255,FAILED,0.0,SINGLE_RETRY_EXHAUSTED,0
PAY_005421,863,AUTHENTICATION_FAILED,CUSTOMER,0,BLIND_RETRY,{},RETRY_NOW,308.5225,FAILED,0.0,SINGLE_RETRY_EXHAUSTED,0
PAY_006155,1161,NETWORK_ERROR,TEMPORARY,0,BLIND_RETRY,{},RETRY_NOW,607.7835,SUCCESS,1161.0,,0
PAY_008358,873,BANK_TIMEOUT,TEMPORARY,0,BLIND_RETRY,{},RETRY_NOW,491.9355,SUCCESS,873.0,,0
PAY_008708,99,BANK_TIMEOUT,TEMPORARY,0,BLIND_RETRY,{},RETRY_NOW,58.7565,FAILED,0.0,SINGLE_RETRY_EXHAUSTED,0
PAY_008466,1368,NETWORK_ERROR,TEMPORARY,0,BLIND_RETRY,{},RETRY_NOW,675.108,FAILED,0.0,SINGLE_RETRY_EXHAUSTED,0
PAY_004168,4593,GATEWAY_TIMEOUT,TEMPORARY,0,BLIND_RETRY,{},RETRY_NOW,2374.581,SUCCESS,4593.0,,0
PAY_003789,1611,INSUFFICIENT_FUNDS,CUSTOMER,0,BLIND_RETRY,{},RETRY_NOW,297.2295,FAILED,0.0,SINGLE_RETRY_EXHAUSTED,0
PAY_000584,337,UPI_TECHNICAL_ERROR,TEMPORARY,0,BLIND_RETRY,{},RETRY_NOW,167.9945,SUCCESS,337.0,,0
PAY_009912,4511,UPI_TECHNICAL_ERROR,TEMPORARY,0,BLIND_RETRY,{},RETRY_NOW,2431.429,FAILED,0.0,SINGLE_RETRY_EXHAUSTED,0
PAY_009987,2635,NETWORK_ERROR,TEMPORARY,0,BLIND_RETRY,{},RETRY_NOW,1371.5175,FAILED,0.0,SINGLE_RETRY_EXHAUSTED,0
PAY_000117,359,BANK_TIMEOUT,TEMPORARY,0,BLIND_RETRY,{},RETRY_NOW,198.52700000000002,SUCCESS,359.0,,0
PAY_006645,621,INSUFFICIENT_FUNDS,CUSTOMER,0,BLIND_RETRY,{},RETRY_NOW,114.5745,FAILED,0.0,SINGLE_RETRY_EXHAUSTED,0
PAY_009034,2688,UPI_TECHNICAL_ERROR,TEMPORARY,0,BLIND_RETRY,{},RETRY_NOW,1432.7040000000002,SUCCESS,2688.0,,0
PAY_009952,99,BANK_TIMEOUT,TEMPORARY,0,BLIND_RETRY,{},RETRY_NOW,57.2715,FAILED,0.0,SINGLE_RETRY_EXHAUSTED,0
PAY_008960,1357,CARD_EXPIRED,CUSTOMER,0,BLIND_RETRY,{},RETRY_NOW,139.0925,FAILED,0.0,SINGLE_RETRY_EXHAUSTED,0
PAY_001764,4245,LIMIT_EXCEEDED,CUSTOMER,0,BLIND_RETRY,{},RETRY_NOW,991.2075000000001,SUCCESS,4245.0,,0
PAY_001876,342,BANK_TIMEOUT,TEMPORARY,0,BLIND_RETRY,{},RETRY_NOW,199.386,SUCCESS,342.0,,0
PAY_003225,2596,CUSTOMER_DECLINED,HARD,0,BLIND_RETRY,{},RETRY_NOW,80.476,FAILED,0.0,SINGLE_RETRY_EXHAUSTED,0
PAY_000527,5839,AUTHENTICATION_FAILED,CUSTOMER,0,BLIND_RETRY,{},RETRY_NOW,2297.6465000000003,SUCCESS,5839.0,,0
PAY_007726,99,AUTHENTICATION_FAILED,CUSTOMER,0,BLIND_RETRY,{},RETRY_NOW,38.9565,SUCCESS,99.0,,0
PAY_002947,911,UPI_TECHNICAL_ERROR,TEMPORARY,0,BLIND_RETRY,{},RETRY_NOW,451.4005,FAILED,0.0,SINGLE_RETRY_EXHAUSTED,0
PAY_004474,3127,UPI_TECHNICAL_ERROR,TEMPORARY,0,BLIND_RETRY,{},RETRY_NOW,1619.786,FAILED,0.0,SINGLE_RETRY_EXHAUSTED,0
PAY_005656,239,GATEWAY_TIMEOUT,TEMPORARY,0,BLIND_RETRY,{},RETRY_NOW,130.01600000000002,SUCCESS,239.0,,0
PAY_006060,131,BANK_TIMEOUT,TEMPORARY,0,BLIND_RETRY,{},RETRY_NOW,72.2465,SUCCESS,131.0,,0
PAY_000960,402,GATEWAY_TIMEOUT,TEMPORARY,0,BLIND_RETRY,{},RETRY_NOW,210.849,FAILED,0.0,SINGLE_RETRY_EXHAUSTED,0
PAY_006343,502,BANK_TIMEOUT,TEMPORARY,0,BLIND_RETRY,{},RETRY_NOW,277.60600000000005,SUCCESS,502.0,,0
PAY_003634,110,BANK_TIMEOUT,TEMPORARY,0,BLIND_RETRY,{},RETRY_NOW,64.295,SUCCESS,110.0,,0
PAY_001051,543,CARD_EXPIRED,CUSTOMER,0,BLIND_RETRY,{},RETRY_NOW,61.359,FAILED,0.0,SINGLE_RETRY_EXHAUSTED,0
PAY_003381,258,UPI_TECHNICAL_ERROR,TEMPORARY,0,BLIND_RETRY,{},RETRY_NOW,133.25699999999998,SUCCESS,258.0,,0
PAY_003677,411,AUTHENTICATION_FAILED,CUSTOMER,0,BLIND_RETRY,{},RETRY_NOW,157.413,FAILED,0.0,SINGLE_RETRY_EXHAUSTED,0
PAY_005777,466,NETWORK_ERROR,TEMPORARY,0,BLIND_RETRY,{},RETRY_NOW,229.272,FAILED,0.0,SINGLE_RETRY_EXHAUSTED,0
PAY_009046,99,PAYMENT_EXPIRED,HARD,0,BLIND_RETRY,{},RETRY_NOW,4.9995,FAILED,0.0,SINGLE_RETRY_EXHAUSTED,0
PAY_006574,242,LIMIT_EXCEEDED,CUSTOMER,0,BLIND_RETRY,{},RETRY_NOW,56.507000000000005,FAILED,0.0,SINGLE_RETRY_EXHAUSTED,0
PAY_005180,689,INSUFFICIENT_FUNDS,CUSTOMER,0,BLIND_RETRY,{},RETRY_NOW,143.6565,FAILED,0.0,SINGLE_RETRY_EXHAUSTED,0
PAY_001608,99,AUTHENTICATION_FAILED,CUSTOMER,0,BLIND_RETRY,{},RETRY_NOW,35.838,SUCCESS,99.0,,0
PAY_003611,1689,BANK_TIMEOUT,TEMPORARY,0,BLIND_RETRY,{},RETRY_NOW,956.8185,FAILED,0.0,SINGLE_RETRY_EXHAUSTED,0
PAY_009759,327,BANK_TIMEOUT,TEMPORARY,0,BLIND_RETRY,{},RETRY_NOW,182.3025,SUCCESS,327.0,,0
PAY_006636,641,INVALID_ACCOUNT,HARD,0,BLIND_RETRY,{},RETRY_NOW,27.242500000000003,FAILED,0.0,SINGLE_RETRY_EXHAUSTED,0
PAY_009998,1753,CARD_EXPIRED,CUSTOMER,0,BLIND_RETRY,{},RETRY_NOW,198.089,FAILED,0.0,SINGLE_RETRY_EXHAUSTED,0
PAY_000792,732,GATEWAY_TIMEOUT,TEMPORARY,0,BLIND_RETRY,{},RETRY_NOW,402.6,SUCCESS,732.0,,0
PAY_003057,259,LIMIT_EXCEEDED,CUSTOMER,0,BLIND_RETRY,{},RETRY_NOW,63.196,SUCCESS,259.0,,0
PAY_001981,1018,BANK_TIMEOUT,TEMPORARY,0,BLIND_RETRY,{},RETRY_NOW,581.2779999999999,SUCCESS,1018.0,,0
PAY_003599,259,CARD_EXPIRED,CUSTOMER,0,BLIND_RETRY,{},RETRY_NOW,30.044,FAILED,0.0,SINGLE_RETRY_EXHAUSTED,0
PAY_000934,328,BANK_TIMEOUT,TEMPORARY,0,BLIND_RETRY,{},RETRY_NOW,194.668,SUCCESS,328.0,,0
PAY_007425,101,AUTHENTICATION_FAILED,CUSTOMER,0,BLIND_RETRY,{},RETRY_NOW,36.1075,FAILED,0.0,SINGLE_RETRY_EXHAUSTED,0
PAY_005627,490,LIMIT_EXCEEDED,CUSTOMER,0,BLIND_RETRY,{},RETRY_NOW,126.175,SUCCESS,490.0,,0
PAY_001683,702,GATEWAY_TIMEOUT,TEMPORARY,0,BLIND_RETRY,{},RETRY_NOW,357.669,SUCCESS,702.0,,0
PAY_004180,746,BANK_TIMEOUT,TEMPORARY,0,BLIND_RETRY,{},RETRY_NOW,408.062,FAILED,0.0,SINGLE_RETRY_EXHAUSTED,0
PAY_006447,830,UPI_TECHNICAL_ERROR,TEMPORARY,0,BLIND_RETRY,{},RETRY_NOW,403.795,SUCCESS,830.0,,0
PAY_004117,1753,LIMIT_EXCEEDED,CUSTOMER,0,BLIND_RETRY,{},RETRY_NOW,411.955,SUCCESS,1753.0,,0
PAY_000989,331,CARD_EXPIRED,CUSTOMER,0,BLIND_RETRY,{},RETRY_NOW,40.8785,FAILED,0.0,SINGLE_RETRY_EXHAUSTED,0
PAY_002897,502,BANK_TIMEOUT,TEMPORARY,0,BLIND_RETRY,{},RETRY_NOW,284.383,FAILED,0.0,SINGLE_RETRY_EXHAUSTED,0
PAY_003779,319,INVALID_ACCOUNT,HARD,0,BLIND_RETRY,{},RETRY_NOW,10.208,FAILED,0.0,SINGLE_RETRY_EXHAUSTED,0
PAY_005659,2379,BLOCKED_METHOD,HARD,0,BLIND_RETRY,{},RETRY_NOW,99.918,FAILED,0.0,SINGLE_RETRY_EXHAUSTED,0
PAY_003094,1244,GATEWAY_TIMEOUT,TEMPORARY,0,BLIND_RETRY,{},RETRY_NOW,650.6120000000001,SUCCESS,1244.0,,0
PAY_003156,560,GATEWAY_TIMEOUT,TEMPORARY,0,BLIND_RETRY,{},RETRY_NOW,314.72,SUCCESS,560.0,,0
PAY_001824,1978,PAYMENT_EXPIRED,HARD,0,BLIND_RETRY,{},RETRY_NOW,49.45,FAILED,0.0,SINGLE_RETRY_EXHAUSTED,0
PAY_009623,514,BANK_TIMEOUT,TEMPORARY,0,BLIND_RETRY,{},RETRY_NOW,281.158,SUCCESS,514.0,,0
PAY_001099,1859,BANK_TIMEOUT,TEMPORARY,0,BLIND_RETRY,{},RETRY_NOW,1103.3165000000001,SUCCESS,1859.0,,0
PAY_002845,1612,PAYMENT_EXPIRED,HARD,0,BLIND_RETRY,{},RETRY_NOW,59.644,FAILED,0.0,SINGLE_RETRY_EXHAUSTED,0
PAY_003343,186,UPI_TECHNICAL_ERROR,TEMPORARY,0,BLIND_RETRY,{},RETRY_NOW,99.975,FAILED,0.0,SINGLE_RETRY_EXHAUSTED,0
PAY_000039,112,LIMIT_EXCEEDED,CUSTOMER,0,BLIND_RETRY,{},RETRY_NOW,27.16,FAILED,0.0,SINGLE_RETRY_EXHAUSTED,0
PAY_006541,671,UPI_TECHNICAL_ERROR,TEMPORARY,0,BLIND_RETRY,{},RETRY_NOW,354.6235,SUCCESS,671.0,,0
PAY_009474,1656,UPI_TECHNICAL_ERROR,TEMPORARY,0,BLIND_RETRY,{},RETRY_NOW,845.3879999999999,SUCCESS,1656.0,,0
PAY_003357,3996,NETWORK_ERROR,TEMPORARY,0,BLIND_RETRY,{},RETRY_NOW,2031.966,SUCCESS,3996.0,,0
PAY_007814,1136,NETWORK_ERROR,TEMPORARY,0,BLIND_RETRY,{},RETRY_NOW,550.3919999999999,FAILED,0.0,SINGLE_RETRY_EXHAUSTED,0
PAY_008221,2369,CARD_EXPIRED,CUSTOMER,0,BLIND_RETRY,{},RETRY_NOW,168.19899999999998,FAILED,0.0,SINGLE_RETRY_EXHAUSTED,0
PAY_009228,2058,BANK_TIMEOUT,TEMPORARY,0,BLIND_RETRY,{},RETRY_NOW,1178.205,FAILED,0.0,SINGLE_RETRY_EXHAUSTED,0
PAY_002429,886,GATEWAY_TIMEOUT,TEMPORARY,0,BLIND_RETRY,{},RETRY_NOW,487.3,FAILED,0.0,SINGLE_RETRY_EXHAUSTED,0
PAY_005044,185,PAYMENT_EXPIRED,HARD,0,BLIND_RETRY,{},RETRY_NOW,6.0125,FAILED,0.0,SINGLE_RETRY_EXHAUSTED,0
PAY_005347,1169,BANK_TIMEOUT,TEMPORARY,0,BLIND_RETRY,{},RETRY_NOW,663.992,FAILED,0.0,SINGLE_RETRY_EXHAUSTED,0
PAY_004812,402,CARD_EXPIRED,CUSTOMER,0,BLIND_RETRY,{},RETRY_NOW,37.587,FAILED,0.0,SINGLE_RETRY_EXHAUSTED,0
PAY_008477,701,GATEWAY_TIMEOUT,TEMPORARY,0,BLIND_RETRY,{},RETRY_NOW,391.85900000000004,SUCCESS,701.0,,0
PAY_000687,319,INSUFFICIENT_FUNDS,CUSTOMER,0,BLIND_RETRY,{},RETRY_NOW,66.99,FAILED,0.0,SINGLE_RETRY_EXHAUSTED,0
PAY_004800,186,BANK_TIMEOUT,TEMPORARY,0,BLIND_RETRY,{},RETRY_NOW,108.996,SUCCESS,186.0,,0
PAY_007438,1704,BANK_TIMEOUT,TEMPORARY,0,BLIND_RETRY,{},RETRY_NOW,1001.1,SUCCESS,1704.0,,0
PAY_002354,601,UPI_TECHNICAL_ERROR,TEMPORARY,0,BLIND_RETRY,{},RETRY_NOW,322.136,FAILED,0.0,SINGLE_RETRY_EXHAUSTED,0
PAY_006354,2833,NETWORK_ERROR,TEMPORARY,0,BLIND_RETRY,{},RETRY_NOW,1351.341,FAILED,0.0,SINGLE_RETRY_EXHAUSTED,0
PAY_004570,976,BANK_TIMEOUT,TEMPORARY,0,BLIND_RETRY,{},RETRY_NOW,554.3679999999999,SUCCESS,976.0,,0
PAY_008214,3582,BANK_TIMEOUT,TEMPORARY,0,BLIND_RETRY,{},RETRY_NOW,2018.457,SUCCESS,3582.0,,0
PAY_002753,1219,CUSTOMER_DECLINED,HARD,0,BLIND_RETRY,{},RETRY_NOW,37.789,FAILED,0.0,SINGLE_RETRY_EXHAUSTED,0
PAY_008074,111,CARD_EXPIRED,CUSTOMER,0,BLIND_RETRY,{},RETRY_NOW,11.3775,SUCCESS,111.0,,0
PAY_001041,245,GATEWAY_TIMEOUT,TEMPORARY,0,BLIND_RETRY,{},RETRY_NOW,130.70749999999998,FAILED,0.0,SINGLE_RETRY_EXHAUSTED,0
PAY_007492,259,AUTHENTICATION_FAILED,CUSTOMER,0,BLIND_RETRY,{},RETRY_NOW,96.4775,FAILED,0.0,SINGLE_RETRY_EXHAUSTED,0
PAY_001266,709,GATEWAY_TIMEOUT,TEMPORARY,0,BLIND_RETRY,{},RETRY_NOW,365.48949999999996,SUCCESS,709.0,,0
PAY_009266,353,BANK_TIMEOUT,TEMPORARY,0,BLIND_RETRY,{},RETRY_NOW,205.2695,FAILED,0.0,SINGLE_RETRY_EXHAUSTED,0
PAY_007060,99,INSUFFICIENT_FUNDS,CUSTOMER,0,BLIND_RETRY,{},RETRY_NOW,20.047500000000003,FAILED,0.0,SINGLE_RETRY_EXHAUSTED,0
PAY_000278,378,NETWORK_ERROR,TEMPORARY,0,BLIND_RETRY,{},RETRY_NOW,197.88299999999998,SUCCESS,378.0,,0
PAY_005085,229,GATEWAY_TIMEOUT,TEMPORARY,0,BLIND_RETRY,{},RETRY_NOW,120.7975,SUCCESS,229.0,,0
PAY_002383,762,BANK_TIMEOUT,TEMPORARY,0,BLIND_RETRY,{},RETRY_NOW,421.386,SUCCESS,762.0,,0
PAY_000572,458,NETWORK_ERROR,TEMPORARY,0,BLIND_RETRY,{},RETRY_NOW,221.214,SUCCESS,458.0,,0
PAY_001436,161,GATEWAY_TIMEOUT,TEMPORARY,0,BLIND_RETRY,{},RETRY_NOW,87.3425,SUCCESS,161.0,,0
PAY_005353,3792,UPI_TECHNICAL_ERROR,TEMPORARY,0,BLIND_RETRY,{},RETRY_NOW,1975.632,SUCCESS,3792.0,,0
PAY_005446,330,BANK_TIMEOUT,TEMPORARY,0,BLIND_RETRY,{},RETRY_NOW,190.905,SUCCESS,330.0,,0
PAY_001008,541,LIMIT_EXCEEDED,CUSTOMER,0,BLIND_RETRY,{},RETRY_NOW,114.151,FAILED,0.0,SINGLE_RETRY_EXHAUSTED,0
PAY_004544,99,NETWORK_ERROR,TEMPORARY,0,BLIND_RETRY,{},RETRY_NOW,50.341499999999996,FAILED,0.0,SINGLE_RETRY_EXHAUSTED,0
PAY_008817,865,GATEWAY_TIMEOUT,TEMPORARY,0,BLIND_RETRY,{},RETRY_NOW,452.39500000000004,FAILED,0.0,SINGLE_RETRY_EXHAUSTED,0
PAY_002065,1427,NETWORK_ERROR,TEMPORARY,0,BLIND_RETRY,{},RETRY_NOW,712.7865,FAILED,0.0,SINGLE_RETRY_EXHAUSTED,0
PAY_001137,1432,BANK_TIMEOUT,TEMPORARY,0,BLIND_RETRY,{},RETRY_NOW,837.004,SUCCESS,1432.0,,0
PAY_005344,355,INVALID_ACCOUNT,HARD,0,BLIND_RETRY,{},RETRY_NOW,20.945,FAILED,0.0,SINGLE_RETRY_EXHAUSTED,0
PAY_000295,3395,BANK_TIMEOUT,TEMPORARY,0,BLIND_RETRY,{},RETRY_NOW,1948.7299999999998,SUCCESS,3395.0,,0
PAY_002404,553,NETWORK_ERROR,TEMPORARY,0,BLIND_RETRY,{},RETRY_NOW,282.85949999999997,FAILED,0.0,SINGLE_RETRY_EXHAUSTED,0
PAY_003999,6154,GATEWAY_TIMEOUT,TEMPORARY,0,BLIND_RETRY,{},RETRY_NOW,3467.779,SUCCESS,6154.0,,0
PAY_003742,99,LIMIT_EXCEEDED,CUSTOMER,0,BLIND_RETRY,{},RETRY_NOW,24.0075,FAILED,0.0,SINGLE_RETRY_EXHAUSTED,0
PAY_009223,933,GATEWAY_TIMEOUT,TEMPORARY,0,BLIND_RETRY,{},RETRY_NOW,499.15500000000003,SUCCESS,933.0,,0
PAY_002720,753,BANK_TIMEOUT,TEMPORARY,0,BLIND_RETRY,{},RETRY_NOW,420.927,FAILED,0.0,SINGLE_RETRY_EXHAUSTED,0
PAY_009200,99,BANK_TIMEOUT,TEMPORARY,0,BLIND_RETRY,{},RETRY_NOW,57.717,SUCCESS,99.0,,0
PAY_005151,2699,NETWORK_ERROR,TEMPORARY,0,BLIND_RETRY,{},RETRY_NOW,1384.587,FAILED,0.0,SINGLE_RETRY_EXHAUSTED,0
PAY_002809,878,BLOCKED_METHOD,HARD,0,BLIND_RETRY,{},RETRY_NOW,39.51,FAILED,0.0,SINGLE_RETRY_EXHAUSTED,0
PAY_000557,488,BANK_TIMEOUT,TEMPORARY,0,BLIND_RETRY,{},RETRY_NOW,288.89599999999996,SUCCESS,488.0,,0
PAY_008926,924,LIMIT_EXCEEDED,CUSTOMER,0,BLIND_RETRY,{},RETRY_NOW,214.36800000000002,FAILED,0.0,SINGLE_RETRY_EXHAUSTED,0
PAY_004796,259,AUTHENTICATION_FAILED,CUSTOMER,0,BLIND_RETRY,{},RETRY_NOW,96.089,FAILED,0.0,SINGLE_RETRY_EXHAUSTED,0
PAY_002470,1770,GATEWAY_TIMEOUT,TEMPORARY,0,BLIND_RETRY,{},RETRY_NOW,941.6400000000001,SUCCESS,1770.0,,0
PAY_003739,982,BANK_TIMEOUT,TEMPORARY,0,BLIND_RETRY,{},RETRY_NOW,579.871,SUCCESS,982.0,,0
PAY_004287,965,GATEWAY_TIMEOUT,TEMPORARY,0,BLIND_RETRY,{},RETRY_NOW,507.59000000000003,SUCCESS,965.0,,0
PAY_002605,233,INSUFFICIENT_FUNDS,CUSTOMER,0,BLIND_RETRY,{},RETRY_NOW,46.833000000000006,SUCCESS,233.0,,0
PAY_000363,811,LIMIT_EXCEEDED,CUSTOMER,0,BLIND_RETRY,{},RETRY_NOW,196.6675,FAILED,0.0,SINGLE_RETRY_EXHAUSTED,0
PAY_006925,108,CARD_EXPIRED,CUSTOMER,0,BLIND_RETRY,{},RETRY_NOW,12.366,FAILED,0.0,SINGLE_RETRY_EXHAUSTED,0
PAY_001705,1591,LIMIT_EXCEEDED,CUSTOMER,0,BLIND_RETRY,{},RETRY_NOW,397.75,FAILED,0.0,SINGLE_RETRY_EXHAUSTED,0
PAY_002140,1344,GATEWAY_TIMEOUT,TEMPORARY,0,BLIND_RETRY,{},RETRY_NOW,731.1360000000001,FAILED,0.0,SINGLE_RETRY_EXHAUSTED,0
PAY_003240,691,GATEWAY_TIMEOUT,TEMPORARY,0,BLIND_RETRY,{},RETRY_NOW,357.247,SUCCESS,691.0,,0
PAY_002384,1057,INSUFFICIENT_FUNDS,CUSTOMER,0,BLIND_RETRY,{},RETRY_NOW,202.94400000000002,SUCCESS,1057.0,,0
PAY_007315,1357,INSUFFICIENT_FUNDS,CUSTOMER,0,BLIND_RETRY,{},RETRY_NOW,268.68600000000004,FAILED,0.0,SINGLE_RETRY_EXHAUSTED,0
PAY_004312,373,NETWORK_ERROR,TEMPORARY,0,BLIND_RETRY,{},RETRY_NOW,191.34900000000002,FAILED,0.0,SINGLE_RETRY_EXHAUSTED,0
PAY_001313,343,NETWORK_ERROR,TEMPORARY,0,BLIND_RETRY,{},RETRY_NOW,168.2415,SUCCESS,343.0,,0
PAY_003931,1712,CARD_EXPIRED,CUSTOMER,0,BLIND_RETRY,{},RETRY_NOW,201.16,SUCCESS,1712.0,,0
PAY_006184,594,UPI_TECHNICAL_ERROR,TEMPORARY,0,BLIND_RETRY,{},RETRY_NOW,306.801,SUCCESS,594.0,,0
PAY_001592,185,AUTHENTICATION_FAILED,CUSTOMER,0,BLIND_RETRY,{},RETRY_NOW,72.7975,FAILED,0.0,SINGLE_RETRY_EXHAUSTED,0
PAY_009388,11782,AUTHENTICATION_FAILED,CUSTOMER,0,BLIND_RETRY,{},RETRY_NOW,4406.468,FAILED,0.0,SINGLE_RETRY_EXHAUSTED,0
PAY_002163,126,UPI_TECHNICAL_ERROR,TEMPORARY,0,BLIND_RETRY,{},RETRY_NOW,64.701,SUCCESS,126.0,,0
PAY_002397,266,AUTHENTICATION_FAILED,CUSTOMER,0,BLIND_RETRY,{},RETRY_NOW,98.28699999999999,FAILED,0.0,SINGLE_RETRY_EXHAUSTED,0
PAY_000318,1864,PAYMENT_EXPIRED,HARD,0,BLIND_RETRY,{},RETRY_NOW,38.212,FAILED,0.0,SINGLE_RETRY_EXHAUSTED,0
PAY_005234,1703,LIMIT_EXCEEDED,CUSTOMER,0,BLIND_RETRY,{},RETRY_NOW,405.31399999999996,FAILED,0.0,SINGLE_RETRY_EXHAUSTED,0
PAY_005069,1245,GATEWAY_TIMEOUT,TEMPORARY,0,BLIND_RETRY,{},RETRY_NOW,688.485,SUCCESS,1245.0,,0
PAY_004037,186,UPI_TECHNICAL_ERROR,TEMPORARY,0,BLIND_RETRY,{},RETRY_NOW,96.627,SUCCESS,186.0,,0
PAY_003021,5466,GATEWAY_TIMEOUT,TEMPORARY,0,BLIND_RETRY,{},RETRY_NOW,2809.524,FAILED,0.0,SINGLE_RETRY_EXHAUSTED,0
PAY_008229,989,NETWORK_ERROR,TEMPORARY,0,BLIND_RETRY,{},RETRY_NOW,491.0385,SUCCESS,989.0,,0
PAY_005296,2255,AUTHENTICATION_FAILED,CUSTOMER,0,BLIND_RETRY,{},RETRY_NOW,870.4300000000001,SUCCESS,2255.0,,0
PAY_003973,457,BANK_TIMEOUT,TEMPORARY,0,BLIND_RETRY,{},RETRY_NOW,263.00350000000003,FAILED,0.0,SINGLE_RETRY_EXHAUSTED,0
PAY_005371,647,BANK_TIMEOUT,TEMPORARY,0,BLIND_RETRY,{},RETRY_NOW,361.67300000000006,FAILED,0.0,SINGLE_RETRY_EXHAUSTED,0
PAY_004134,1321,CARD_EXPIRED,CUSTOMER,0,BLIND_RETRY,{},RETRY_NOW,115.58749999999999,FAILED,0.0,SINGLE_RETRY_EXHAUSTED,0
PAY_000975,1100,BANK_TIMEOUT,TEMPORARY,0,BLIND_RETRY,{},RETRY_NOW,638.0,SUCCESS,1100.0,,0
PAY_007292,1854,NETWORK_ERROR,TEMPORARY,0,BLIND_RETRY,{},RETRY_NOW,953.8829999999999,FAILED,0.0,SINGLE_RETRY_EXHAUSTED,0
PAY_000955,200,AUTHENTICATION_FAILED,CUSTOMER,0,BLIND_RETRY,{},RETRY_NOW,76.9,SUCCESS,200.0,,0
PAY_009307,401,BANK_TIMEOUT,TEMPORARY,0,BLIND_RETRY,{},RETRY_NOW,226.56499999999997,FAILED,0.0,SINGLE_RETRY_EXHAUSTED,0
PAY_005017,2824,LIMIT_EXCEEDED,CUSTOMER,0,BLIND_RETRY,{},RETRY_NOW,697.528,FAILED,0.0,SINGLE_RETRY_EXHAUSTED,0
PAY_009731,575,UPI_TECHNICAL_ERROR,TEMPORARY,0,BLIND_RETRY,{},RETRY_NOW,303.8875,SUCCESS,575.0,,0
PAY_007491,122,GATEWAY_TIMEOUT,TEMPORARY,0,BLIND_RETRY,{},RETRY_NOW,62.342,FAILED,0.0,SINGLE_RETRY_EXHAUSTED,0
PAY_001641,170,LIMIT_EXCEEDED,CUSTOMER,0,BLIND_RETRY,{},RETRY_NOW,36.89,SUCCESS,170.0,,0
PAY_001291,424,CARD_EXPIRED,CUSTOMER,0,BLIND_RETRY,{},RETRY_NOW,32.647999999999996,FAILED,0.0,SINGLE_RETRY_EXHAUSTED,0
PAY_001381,1892,INSUFFICIENT_FUNDS,CUSTOMER,0,BLIND_RETRY,{},RETRY_NOW,371.778,FAILED,0.0,SINGLE_RETRY_EXHAUSTED,0
PAY_001934,1100,INSUFFICIENT_FUNDS,CUSTOMER,0,BLIND_RETRY,{},RETRY_NOW,198.0,FAILED,0.0,SINGLE_RETRY_EXHAUSTED,0
PAY_004676,120,BANK_TIMEOUT,TEMPORARY,0,BLIND_RETRY,{},RETRY_NOW,67.26,FAILED,0.0,SINGLE_RETRY_EXHAUSTED,0
PAY_000893,339,BANK_TIMEOUT,TEMPORARY,0,BLIND_RETRY,{},RETRY_NOW,191.53499999999997,SUCCESS,339.0,,0
PAY_007288,99,GATEWAY_TIMEOUT,TEMPORARY,0,BLIND_RETRY,{},RETRY_NOW,50.886,SUCCESS,99.0,,0
PAY_004877,2287,AUTHENTICATION_FAILED,CUSTOMER,0,BLIND_RETRY,{},RETRY_NOW,858.7685,FAILED,0.0,SINGLE_RETRY_EXHAUSTED,0
PAY_007907,2398,CARD_EXPIRED,CUSTOMER,0,BLIND_RETRY,{},RETRY_NOW,231.407,FAILED,0.0,SINGLE_RETRY_EXHAUSTED,0
PAY_008195,4672,CARD_EXPIRED,CUSTOMER,0,BLIND_RETRY,{},RETRY_NOW,450.848,FAILED,0.0,SINGLE_RETRY_EXHAUSTED,0
PAY_009380,5241,GATEWAY_TIMEOUT,TEMPORARY,0,BLIND_RETRY,{},RETRY_NOW,2890.4115,SUCCESS,5241.0,,0
PAY_002467,1210,CARD_EXPIRED,CUSTOMER,0,BLIND_RETRY,{},RETRY_NOW,149.435,FAILED,0.0,SINGLE_RETRY_EXHAUSTED,0
PAY_007658,620,NETWORK_ERROR,TEMPORARY,0,BLIND_RETRY,{},RETRY_NOW,323.64,FAILED,0.0,SINGLE_RETRY_EXHAUSTED,0
PAY_001914,3708,BANK_TIMEOUT,TEMPORARY,0,BLIND_RETRY,{},RETRY_NOW,2061.648,SUCCESS,3708.0,,0
PAY_002737,1827,GATEWAY_TIMEOUT,TEMPORARY,0,BLIND_RETRY,{},RETRY_NOW,969.2235,SUCCESS,1827.0,,0
PAY_000727,2217,GATEWAY_TIMEOUT,TEMPORARY,0,BLIND_RETRY,{},RETRY_NOW,1162.8165,FAILED,0.0,SINGLE_RETRY_EXHAUSTED,0
PAY_007215,431,BLOCKED_METHOD,HARD,0,BLIND_RETRY,{},RETRY_NOW,23.274,FAILED,0.0,SINGLE_RETRY_EXHAUSTED,0
PAY_008246,1491,BANK_TIMEOUT,TEMPORARY,0,BLIND_RETRY,{},RETRY_NOW,835.7055,SUCCESS,1491.0,,0
PAY_001797,713,CARD_EXPIRED,CUSTOMER,0,BLIND_RETRY,{},RETRY_NOW,48.484,FAILED,0.0,SINGLE_RETRY_EXHAUSTED,0
PAY_003846,368,CARD_EXPIRED,CUSTOMER,0,BLIND_RETRY,{},RETRY_NOW,36.064,FAILED,0.0,SINGLE_RETRY_EXHAUSTED,0
PAY_006403,481,BANK_TIMEOUT,TEMPORARY,0,BLIND_RETRY,{},RETRY_NOW,281.1445,FAILED,0.0,SINGLE_RETRY_EXHAUSTED,0
PAY_000937,99,BANK_TIMEOUT,TEMPORARY,0,BLIND_RETRY,{},RETRY_NOW,58.311,SUCCESS,99.0,,0
PAY_002266,758,GATEWAY_TIMEOUT,TEMPORARY,0,BLIND_RETRY,{},RETRY_NOW,400.982,SUCCESS,758.0,,0
PAY_000825,250,CARD_EXPIRED,CUSTOMER,0,BLIND_RETRY,{},RETRY_NOW,25.25,FAILED,0.0,SINGLE_RETRY_EXHAUSTED,0
PAY_007275,1592,LIMIT_EXCEEDED,CUSTOMER,0,BLIND_RETRY,{},RETRY_NOW,364.56800000000004,FAILED,0.0,SINGLE_RETRY_EXHAUSTED,0
PAY_001390,4819,INSUFFICIENT_FUNDS,CUSTOMER,0,BLIND_RETRY,{},RETRY_NOW,1062.5895,FAILED,0.0,SINGLE_RETRY_EXHAUSTED,0
PAY_003565,2436,BLOCKED_METHOD,HARD,0,BLIND_RETRY,{},RETRY_NOW,175.392,SUCCESS,2436.0,,0
PAY_005430,1048,INSUFFICIENT_FUNDS,CUSTOMER,0,BLIND_RETRY,{},RETRY_NOW,196.5,FAILED,0.0,SINGLE_RETRY_EXHAUSTED,0
PAY_007828,405,CARD_EXPIRED,CUSTOMER,0,BLIND_RETRY,{},RETRY_NOW,34.222500000000004,FAILED,0.0,SINGLE_RETRY_EXHAUSTED,0
PAY_005691,182,INSUFFICIENT_FUNDS,CUSTOMER,0,BLIND_RETRY,{},RETRY_NOW,37.128,FAILED,0.0,SINGLE_RETRY_EXHAUSTED,0
PAY_007879,959,INSUFFICIENT_FUNDS,CUSTOMER,0,BLIND_RETRY,{},RETRY_NOW,199.95149999999998,FAILED,0.0,SINGLE_RETRY_EXHAUSTED,0
PAY_001869,746,NETWORK_ERROR,TEMPORARY,0,BLIND_RETRY,{},RETRY_NOW,383.81699999999995,FAILED,0.0,SINGLE_RETRY_EXHAUSTED,0
PAY_008203,99,GATEWAY_TIMEOUT,TEMPORARY,0,BLIND_RETRY,{},RETRY_NOW,55.044000000000004,SUCCESS,99.0,,0
PAY_007487,1169,UPI_TECHNICAL_ERROR,TEMPORARY,0,BLIND_RETRY,{},RETRY_NOW,631.8444999999999,SUCCESS,1169.0,,0
PAY_000807,1681,BANK_TIMEOUT,TEMPORARY,0,BLIND_RETRY,{},RETRY_NOW,942.2005,FAILED,0.0,SINGLE_RETRY_EXHAUSTED,0
PAY_004806,1350,CARD_EXPIRED,CUSTOMER,0,BLIND_RETRY,{},RETRY_NOW,162.67499999999998,FAILED,0.0,SINGLE_RETRY_EXHAUSTED,0
PAY_009153,1237,INSUFFICIENT_FUNDS,CUSTOMER,0,BLIND_RETRY,{},RETRY_NOW,261.6255,FAILED,0.0,SINGLE_RETRY_EXHAUSTED,0
PAY_007512,2033,CUSTOMER_DECLINED,HARD,0,BLIND_RETRY,{},RETRY_NOW,99.617,FAILED,0.0,SINGLE_RETRY_EXHAUSTED,0
PAY_008057,99,PAYMENT_EXPIRED,HARD,0,BLIND_RETRY,{},RETRY_NOW,4.7025,FAILED,0.0,SINGLE_RETRY_EXHAUSTED,0
PAY_004495,383,BANK_TIMEOUT,TEMPORARY,0,BLIND_RETRY,{},RETRY_NOW,224.438,FAILED,0.0,SINGLE_RETRY_EXHAUSTED,0
PAY_002633,363,CUSTOMER_DECLINED,HARD,0,BLIND_RETRY,{},RETRY_NOW,16.153499999999998,FAILED,0.0,SINGLE_RETRY_EXHAUSTED,0
PAY_008901,444,INSUFFICIENT_FUNDS,CUSTOMER,0,BLIND_RETRY,{},RETRY_NOW,90.576,FAILED,0.0,SINGLE_RETRY_EXHAUSTED,0
PAY_008624,394,BANK_TIMEOUT,TEMPORARY,0,BLIND_RETRY,{},RETRY_NOW,232.657,SUCCESS,394.0,,0
PAY_007833,577,AUTHENTICATION_FAILED,CUSTOMER,0,BLIND_RETRY,{},RETRY_NOW,202.8155,FAILED,0.0,SINGLE_RETRY_EXHAUSTED,0
PAY_004389,3776,CARD_EXPIRED,CUSTOMER,0,BLIND_RETRY,{},RETRY_NOW,364.384,FAILED,0.0,SINGLE_RETRY_EXHAUSTED,0
PAY_000146,331,LIMIT_EXCEEDED,CUSTOMER,0,BLIND_RETRY,{},RETRY_NOW,68.3515,FAILED,0.0,SINGLE_RETRY_EXHAUSTED,0
PAY_006468,453,LIMIT_EXCEEDED,CUSTOMER,0,BLIND_RETRY,{},RETRY_NOW,104.4165,FAILED,0.0,SINGLE_RETRY_EXHAUSTED,0
PAY_002034,257,BANK_TIMEOUT,TEMPORARY,0,BLIND_RETRY,{},RETRY_NOW,145.20499999999998,SUCCESS,257.0,,0
PAY_009128,494,NETWORK_ERROR,TEMPORARY,0,BLIND_RETRY,{},RETRY_NOW,258.609,SUCCESS,494.0,,0
PAY_001166,192,BANK_TIMEOUT,TEMPORARY,0,BLIND_RETRY,{},RETRY_NOW,105.312,SUCCESS,192.0,,0
PAY_002051,295,BANK_TIMEOUT,TEMPORARY,0,BLIND_RETRY,{},RETRY_NOW,173.755,FAILED,0.0,SINGLE_RETRY_EXHAUSTED,0
PAY_003761,1537,UPI_TECHNICAL_ERROR,TEMPORARY,0,BLIND_RETRY,{},RETRY_NOW,766.1945,SUCCESS,1537.0,,0
PAY_004436,1044,UPI_TECHNICAL_ERROR,TEMPORARY,0,BLIND_RETRY,{},RETRY_NOW,545.49,SUCCESS,1044.0,,0
PAY_003431,336,AUTHENTICATION_FAILED,CUSTOMER,0,BLIND_RETRY,{},RETRY_NOW,130.704,FAILED,0.0,SINGLE_RETRY_EXHAUSTED,0
PAY_008191,520,INVALID_ACCOUNT,HARD,0,BLIND_RETRY,{},RETRY_NOW,29.12,FAILED,0.0,SINGLE_RETRY_EXHAUSTED,0
PAY_008754,601,CARD_EXPIRED,CUSTOMER,0,BLIND_RETRY,{},RETRY_NOW,55.292,FAILED,0.0,SINGLE_RETRY_EXHAUSTED,0
PAY_007070,99,UPI_TECHNICAL_ERROR,TEMPORARY,0,BLIND_RETRY,{},RETRY_NOW,51.7275,SUCCESS,99.0,,0
PAY_004362,264,AUTHENTICATION_FAILED,CUSTOMER,0,BLIND_RETRY,{},RETRY_NOW,101.904,FAILED,0.0,SINGLE_RETRY_EXHAUSTED,0
PAY_001772,4092,GATEWAY_TIMEOUT,TEMPORARY,0,BLIND_RETRY,{},RETRY_NOW,2097.1499999999996,FAILED,0.0,SINGLE_RETRY_EXHAUSTED,0
PAY_003512,596,AUTHENTICATION_FAILED,CUSTOMER,0,BLIND_RETRY,{},RETRY_NOW,218.434,FAILED,0.0,SINGLE_RETRY_EXHAUSTED,0
PAY_000272,761,UPI_TECHNICAL_ERROR,TEMPORARY,0,BLIND_RETRY,{},RETRY_NOW,388.49049999999994,SUCCESS,761.0,,0
PAY_008437,6058,LIMIT_EXCEEDED,CUSTOMER,0,BLIND_RETRY,{},RETRY_NOW,1441.8039999999999,SUCCESS,6058.0,,0
PAY_002033,1250,BLOCKED_METHOD,HARD,0,BLIND_RETRY,{},RETRY_NOW,75.0,FAILED,0.0,SINGLE_RETRY_EXHAUSTED,0
PAY_009665,535,BANK_TIMEOUT,TEMPORARY,0,BLIND_RETRY,{},RETRY_NOW,295.855,FAILED,0.0,SINGLE_RETRY_EXHAUSTED,0
PAY_003811,930,INSUFFICIENT_FUNDS,CUSTOMER,0,BLIND_RETRY,{},RETRY_NOW,178.56,SUCCESS,930.0,,0
PAY_004347,2771,LIMIT_EXCEEDED,CUSTOMER,0,BLIND_RETRY,{},RETRY_NOW,634.559,FAILED,0.0,SINGLE_RETRY_EXHAUSTED,0
PAY_000546,7409,BANK_TIMEOUT,TEMPORARY,0,BLIND_RETRY,{},RETRY_NOW,4219.4255,SUCCESS,7409.0,,0
PAY_003242,167,NETWORK_ERROR,TEMPORARY,0,BLIND_RETRY,{},RETRY_NOW,81.4125,FAILED,0.0,SINGLE_RETRY_EXHAUSTED,0
PAY_008503,1027,CUSTOMER_DECLINED,HARD,0,BLIND_RETRY,{},RETRY_NOW,37.998999999999995,FAILED,0.0,SINGLE_RETRY_EXHAUSTED,0
PAY_009919,1674,BANK_TIMEOUT,TEMPORARY,0,BLIND_RETRY,{},RETRY_NOW,933.255,SUCCESS,1674.0,,0
PAY_007565,613,GATEWAY_TIMEOUT,TEMPORARY,0,BLIND_RETRY,{},RETRY_NOW,320.599,SUCCESS,613.0,,0
PAY_000921,99,BANK_TIMEOUT,TEMPORARY,0,BLIND_RETRY,{},RETRY_NOW,58.7565,FAILED,0.0,SINGLE_RETRY_EXHAUSTED,0
PAY_009119,4143,NETWORK_ERROR,TEMPORARY,0,BLIND_RETRY,{},RETRY_NOW,2106.7155,SUCCESS,4143.0,,0
PAY_006641,7470,INSUFFICIENT_FUNDS,CUSTOMER,0,BLIND_RETRY,{},RETRY_NOW,1411.83,SUCCESS,7470.0,,0
PAY_007695,222,INSUFFICIENT_FUNDS,CUSTOMER,0,BLIND_RETRY,{},RETRY_NOW,38.961,FAILED,0.0,SINGLE_RETRY_EXHAUSTED,0
PAY_008231,13719,INSUFFICIENT_FUNDS,CUSTOMER,0,BLIND_RETRY,{},RETRY_NOW,2880.99,FAILED,0.0,SINGLE_RETRY_EXHAUSTED,0
PAY_007127,1084,UPI_TECHNICAL_ERROR,TEMPORARY,0,BLIND_RETRY,{},RETRY_NOW,589.154,FAILED,0.0,SINGLE_RETRY_EXHAUSTED,0
PAY_004279,903,GATEWAY_TIMEOUT,TEMPORARY,0,BLIND_RETRY,{},RETRY_NOW,488.523,SUCCESS,903.0,,0
PAY_002984,208,UPI_TECHNICAL_ERROR,TEMPORARY,0,BLIND_RETRY,{},RETRY_NOW,106.80799999999999,SUCCESS,208.0,,0
PAY_000131,3775,BANK_TIMEOUT,TEMPORARY,0,BLIND_RETRY,{},RETRY_NOW,2155.5249999999996,FAILED,0.0,SINGLE_RETRY_EXHAUSTED,0
PAY_007981,126,GATEWAY_TIMEOUT,TEMPORARY,0,BLIND_RETRY,{},RETRY_NOW,70.623,SUCCESS,126.0,,0
PAY_002668,482,INSUFFICIENT_FUNDS,CUSTOMER,0,BLIND_RETRY,{},RETRY_NOW,82.42200000000001,FAILED,0.0,SINGLE_RETRY_EXHAUSTED,0
PAY_007139,1754,PAYMENT_EXPIRED,HARD,0,BLIND_RETRY,{},RETRY_NOW,43.85,FAILED,0.0,SINGLE_RETRY_EXHAUSTED,0
PAY_003224,430,BANK_TIMEOUT,TEMPORARY,0,BLIND_RETRY,{},RETRY_NOW,241.66000000000003,FAILED,0.0,SINGLE_RETRY_EXHAUSTED,0
PAY_007694,784,BANK_TIMEOUT,TEMPORARY,0,BLIND_RETRY,{},RETRY_NOW,459.424,SUCCESS,784.0,,0
PAY_005393,448,UPI_TECHNICAL_ERROR,TEMPORARY,0,BLIND_RETRY,{},RETRY_NOW,242.144,FAILED,0.0,SINGLE_RETRY_EXHAUSTED,0
PAY_000615,1151,GATEWAY_TIMEOUT,TEMPORARY,0,BLIND_RETRY,{},RETRY_NOW,624.4175,FAILED,0.0,SINGLE_RETRY_EXHAUSTED,0
PAY_009903,346,LIMIT_EXCEEDED,CUSTOMER,0,BLIND_RETRY,{},RETRY_NOW,85.981,FAILED,0.0,SINGLE_RETRY_EXHAUSTED,0
PAY_001467,317,NETWORK_ERROR,TEMPORARY,0,BLIND_RETRY,{},RETRY_NOW,151.68449999999999,SUCCESS,317.0,,0
PAY_004498,3795,PAYMENT_EXPIRED,HARD,0,BLIND_RETRY,{},RETRY_NOW,157.4925,FAILED,0.0,SINGLE_RETRY_EXHAUSTED,0
PAY_003043,396,AUTHENTICATION_FAILED,CUSTOMER,0,BLIND_RETRY,{},RETRY_NOW,149.886,SUCCESS,396.0,,0
PAY_002420,501,CUSTOMER_DECLINED,HARD,0,BLIND_RETRY,{},RETRY_NOW,9.519,FAILED,0.0,SINGLE_RETRY_EXHAUSTED,0
PAY_005086,875,INSUFFICIENT_FUNDS,CUSTOMER,0,BLIND_RETRY,{},RETRY_NOW,178.5,FAILED,0.0,SINGLE_RETRY_EXHAUSTED,0
PAY_003295,783,AUTHENTICATION_FAILED,CUSTOMER,0,BLIND_RETRY,{},RETRY_NOW,264.654,FAILED,0.0,SINGLE_RETRY_EXHAUSTED,0
PAY_006738,13035,GATEWAY_TIMEOUT,TEMPORARY,0,BLIND_RETRY,{},RETRY_NOW,6954.1725,FAILED,0.0,SINGLE_RETRY_EXHAUSTED,0
PAY_001501,1500,GATEWAY_TIMEOUT,TEMPORARY,0,BLIND_RETRY,{},RETRY_NOW,795.75,FAILED,0.0,SINGLE_RETRY_EXHAUSTED,0
PAY_001522,860,GATEWAY_TIMEOUT,TEMPORARY,0,BLIND_RETRY,{},RETRY_NOW,469.13,SUCCESS,860.0,,0
PAY_009118,1112,UPI_TECHNICAL_ERROR,TEMPORARY,0,BLIND_RETRY,{},RETRY_NOW,577.684,FAILED,0.0,SINGLE_RETRY_EXHAUSTED,0
PAY_004233,804,BANK_TIMEOUT,TEMPORARY,0,BLIND_RETRY,{},RETRY_NOW,462.702,SUCCESS,804.0,,0
PAY_007687,1014,BANK_TIMEOUT,TEMPORARY,0,BLIND_RETRY,{},RETRY_NOW,578.9939999999999,SUCCESS,1014.0,,0
PAY_004431,222,NETWORK_ERROR,TEMPORARY,0,BLIND_RETRY,{},RETRY_NOW,108.89099999999999,SUCCESS,222.0,,0
PAY_000391,2051,GATEWAY_TIMEOUT,TEMPORARY,0,BLIND_RETRY,{},RETRY_NOW,1060.367,SUCCESS,2051.0,,0
PAY_009859,244,NETWORK_ERROR,TEMPORARY,0,BLIND_RETRY,{},RETRY_NOW,124.80599999999998,SUCCESS,244.0,,0
PAY_007125,1351,BANK_TIMEOUT,TEMPORARY,0,BLIND_RETRY,{},RETRY_NOW,745.0765,FAILED,0.0,SINGLE_RETRY_EXHAUSTED,0
PAY_005914,2065,UPI_TECHNICAL_ERROR,TEMPORARY,0,BLIND_RETRY,{},RETRY_NOW,1082.06,FAILED,0.0,SINGLE_RETRY_EXHAUSTED,0
PAY_008593,255,BANK_TIMEOUT,TEMPORARY,0,BLIND_RETRY,{},RETRY_NOW,145.9875,SUCCESS,255.0,,0
PAY_004807,999,LIMIT_EXCEEDED,CUSTOMER,0,BLIND_RETRY,{},RETRY_NOW,213.786,FAILED,0.0,SINGLE_RETRY_EXHAUSTED,0
PAY_008955,2464,UPI_TECHNICAL_ERROR,TEMPORARY,0,BLIND_RETRY,{},RETRY_NOW,1268.96,SUCCESS,2464.0,,0
PAY_008239,207,UPI_TECHNICAL_ERROR,TEMPORARY,0,BLIND_RETRY,{},RETRY_NOW,108.1575,SUCCESS,207.0,,0
PAY_008045,1110,BANK_TIMEOUT,TEMPORARY,0,BLIND_RETRY,{},RETRY_NOW,647.13,FAILED,0.0,SINGLE_RETRY_EXHAUSTED,0
PAY_009783,1183,AUTHENTICATION_FAILED,CUSTOMER,0,BLIND_RETRY,{},RETRY_NOW,431.795,FAILED,0.0,SINGLE_RETRY_EXHAUSTED,0
PAY_003994,2621,AUTHENTICATION_FAILED,CUSTOMER,0,BLIND_RETRY,{},RETRY_NOW,1011.706,FAILED,0.0,SINGLE_RETRY_EXHAUSTED,0
PAY_009552,892,NETWORK_ERROR,TEMPORARY,0,BLIND_RETRY,{},RETRY_NOW,454.92,FAILED,0.0,SINGLE_RETRY_EXHAUSTED,0
PAY_006610,253,AUTHENTICATION_FAILED,CUSTOMER,0,BLIND_RETRY,{},RETRY_NOW,93.863,SUCCESS,253.0,,0
PAY_005320,397,AUTHENTICATION_FAILED,CUSTOMER,0,BLIND_RETRY,{},RETRY_NOW,144.30949999999999,FAILED,0.0,SINGLE_RETRY_EXHAUSTED,0
PAY_007120,383,INSUFFICIENT_FUNDS,CUSTOMER,0,BLIND_RETRY,{},RETRY_NOW,83.877,FAILED,0.0,SINGLE_RETRY_EXHAUSTED,0
PAY_002422,1116,LIMIT_EXCEEDED,CUSTOMER,0,BLIND_RETRY,{},RETRY_NOW,247.19400000000002,FAILED,0.0,SINGLE_RETRY_EXHAUSTED,0
PAY_005605,139,PAYMENT_EXPIRED,HARD,0,BLIND_RETRY,{},RETRY_NOW,2.4325,FAILED,0.0,SINGLE_RETRY_EXHAUSTED,0
PAY_001751,799,GATEWAY_TIMEOUT,TEMPORARY,0,BLIND_RETRY,{},RETRY_NOW,399.89949999999993,FAILED,0.0,SINGLE_RETRY_EXHAUSTED,0
PAY_009016,4674,BANK_TIMEOUT,TEMPORARY,0,BLIND_RETRY,{},RETRY_NOW,2577.711,SUCCESS,4674.0,,0
PAY_009719,307,NETWORK_ERROR,TEMPORARY,0,BLIND_RETRY,{},RETRY_NOW,153.3465,FAILED,0.0,SINGLE_RETRY_EXHAUSTED,0
PAY_000339,2318,NETWORK_ERROR,TEMPORARY,0,BLIND_RETRY,{},RETRY_NOW,1105.686,SUCCESS,2318.0,,0
PAY_008408,1137,CARD_EXPIRED,CUSTOMER,0,BLIND_RETRY,{},RETRY_NOW,109.7205,FAILED,0.0,SINGLE_RETRY_EXHAUSTED,0
PAY_001342,328,AUTHENTICATION_FAILED,CUSTOMER,0,BLIND_RETRY,{},RETRY_NOW,113.324,SUCCESS,328.0,,0
PAY_009545,1769,INSUFFICIENT_FUNDS,CUSTOMER,0,BLIND_RETRY,{},RETRY_NOW,323.727,FAILED,0.0,SINGLE_RETRY_EXHAUSTED,0
PAY_007983,1901,BANK_TIMEOUT,TEMPORARY,0,BLIND_RETRY,{},RETRY_NOW,1094.0255,SUCCESS,1901.0,,0
PAY_003641,1863,LIMIT_EXCEEDED,CUSTOMER,0,BLIND_RETRY,{},RETRY_NOW,437.80499999999995,FAILED,0.0,SINGLE_RETRY_EXHAUSTED,0
PAY_000330,849,NETWORK_ERROR,TEMPORARY,0,BLIND_RETRY,{},RETRY_NOW,413.8875,FAILED,0.0,SINGLE_RETRY_EXHAUSTED,0
PAY_008829,491,AUTHENTICATION_FAILED,CUSTOMER,0,BLIND_RETRY,{},RETRY_NOW,178.4785,SUCCESS,491.0,,0
PAY_003005,373,BANK_TIMEOUT,TEMPORARY,0,BLIND_RETRY,{},RETRY_NOW,220.25650000000002,SUCCESS,373.0,,0
PAY_006961,507,INSUFFICIENT_FUNDS,CUSTOMER,0,BLIND_RETRY,{},RETRY_NOW,113.3145,SUCCESS,507.0,,0
PAY_004091,728,BANK_TIMEOUT,TEMPORARY,0,BLIND_RETRY,{},RETRY_NOW,396.03200000000004,FAILED,0.0,SINGLE_RETRY_EXHAUSTED,0
PAY_002323,318,BANK_TIMEOUT,TEMPORARY,0,BLIND_RETRY,{},RETRY_NOW,184.44,SUCCESS,318.0,,0
PAY_006668,1533,GATEWAY_TIMEOUT,TEMPORARY,0,BLIND_RETRY,{},RETRY_NOW,852.3480000000001,FAILED,0.0,SINGLE_RETRY_EXHAUSTED,0
PAY_007010,843,BANK_TIMEOUT,TEMPORARY,0,BLIND_RETRY,{},RETRY_NOW,461.12100000000004,FAILED,0.0,SINGLE_RETRY_EXHAUSTED,0
PAY_004198,125,BANK_TIMEOUT,TEMPORARY,0,BLIND_RETRY,{},RETRY_NOW,70.0625,SUCCESS,125.0,,0
PAY_003550,1059,BANK_TIMEOUT,TEMPORARY,0,BLIND_RETRY,{},RETRY_NOW,628.5165000000001,FAILED,0.0,SINGLE_RETRY_EXHAUSTED,0
PAY_008364,113,INSUFFICIENT_FUNDS,CUSTOMER,0,BLIND_RETRY,{},RETRY_NOW,21.357,SUCCESS,113.0,,0
PAY_004204,1785,INSUFFICIENT_FUNDS,CUSTOMER,0,BLIND_RETRY,{},RETRY_NOW,356.1075,FAILED,0.0,SINGLE_RETRY_EXHAUSTED,0
PAY_009311,312,INVALID_ACCOUNT,HARD,0,BLIND_RETRY,{},RETRY_NOW,10.452,FAILED,0.0,SINGLE_RETRY_EXHAUSTED,0
PAY_008937,1269,LIMIT_EXCEEDED,CUSTOMER,0,BLIND_RETRY,{},RETRY_NOW,275.373,SUCCESS,1269.0,,0
PAY_006186,6993,INVALID_ACCOUNT,HARD,0,BLIND_RETRY,{},RETRY_NOW,433.566,FAILED,0.0,SINGLE_RETRY_EXHAUSTED,0
PAY_001640,1843,UPI_TECHNICAL_ERROR,TEMPORARY,0,BLIND_RETRY,{},RETRY_NOW,957.4385,SUCCESS,1843.0,,0
PAY_000061,544,UPI_TECHNICAL_ERROR,TEMPORARY,0,BLIND_RETRY,{},RETRY_NOW,291.584,SUCCESS,544.0,,0
PAY_001241,1487,UPI_TECHNICAL_ERROR,TEMPORARY,0,BLIND_RETRY,{},RETRY_NOW,805.9540000000001,SUCCESS,1487.0,,0
PAY_005761,538,NETWORK_ERROR,TEMPORARY,0,BLIND_RETRY,{},RETRY_NOW,262.275,SUCCESS,538.0,,0
PAY_005137,710,BANK_TIMEOUT,TEMPORARY,0,BLIND_RETRY,{},RETRY_NOW,418.19,SUCCESS,710.0,,0
PAY_002344,461,NETWORK_ERROR,TEMPORARY,0,BLIND_RETRY,{},RETRY_NOW,221.9715,SUCCESS,461.0,,0
PAY_002121,1010,GATEWAY_TIMEOUT,TEMPORARY,0,BLIND_RETRY,{},RETRY_NOW,549.44,FAILED,0.0,SINGLE_RETRY_EXHAUSTED,0
PAY_001525,512,INSUFFICIENT_FUNDS,CUSTOMER,0,BLIND_RETRY,{},RETRY_NOW,112.128,FAILED,0.0,SINGLE_RETRY_EXHAUSTED,0
PAY_007618,7603,INVALID_ACCOUNT,HARD,0,BLIND_RETRY,{},RETRY_NOW,425.76800000000003,FAILED,0.0,SINGLE_RETRY_EXHAUSTED,0
PAY_000154,2048,INSUFFICIENT_FUNDS,CUSTOMER,0,BLIND_RETRY,{},RETRY_NOW,423.936,FAILED,0.0,SINGLE_RETRY_EXHAUSTED,0
PAY_000482,263,AUTHENTICATION_FAILED,CUSTOMER,0,BLIND_RETRY,{},RETRY_NOW,101.91250000000001,FAILED,0.0,SINGLE_RETRY_EXHAUSTED,0
PAY_006123,403,NETWORK_ERROR,TEMPORARY,0,BLIND_RETRY,{},RETRY_NOW,207.34349999999998,SUCCESS,403.0,,0
PAY_007675,494,INSUFFICIENT_FUNDS,CUSTOMER,0,BLIND_RETRY,{},RETRY_NOW,97.812,FAILED,0.0,SINGLE_RETRY_EXHAUSTED,0
PAY_007102,153,GATEWAY_TIMEOUT,TEMPORARY,0,BLIND_RETRY,{},RETRY_NOW,79.101,SUCCESS,153.0,,0
PAY_001763,945,GATEWAY_TIMEOUT,TEMPORARY,0,BLIND_RETRY,{},RETRY_NOW,491.40000000000003,SUCCESS,945.0,,0
PAY_007716,426,INSUFFICIENT_FUNDS,CUSTOMER,0,BLIND_RETRY,{},RETRY_NOW,94.572,FAILED,0.0,SINGLE_RETRY_EXHAUSTED,0
PAY_009082,825,PAYMENT_EXPIRED,HARD,0,BLIND_RETRY,{},RETRY_NOW,24.3375,FAILED,0.0,SINGLE_RETRY_EXHAUSTED,0
PAY_007480,272,INSUFFICIENT_FUNDS,CUSTOMER,0,BLIND_RETRY,{},RETRY_NOW,52.632000000000005,FAILED,0.0,SINGLE_RETRY_EXHAUSTED,0
PAY_006213,350,BANK_TIMEOUT,TEMPORARY,0,BLIND_RETRY,{},RETRY_NOW,205.625,FAILED,0.0,SINGLE_RETRY_EXHAUSTED,0
PAY_004854,207,CARD_EXPIRED,CUSTOMER,0,BLIND_RETRY,{},RETRY_NOW,18.7335,FAILED,0.0,SINGLE_RETRY_EXHAUSTED,0
PAY_002712,2709,INSUFFICIENT_FUNDS,CUSTOMER,0,BLIND_RETRY,{},RETRY_NOW,495.747,FAILED,0.0,SINGLE_RETRY_EXHAUSTED,0
PAY_006767,761,UPI_TECHNICAL_ERROR,TEMPORARY,0,BLIND_RETRY,{},RETRY_NOW,393.05649999999997,SUCCESS,761.0,,0
PAY_004151,1809,AUTHENTICATION_FAILED,CUSTOMER,0,BLIND_RETRY,{},RETRY_NOW,700.9875000000001,FAILED,0.0,SINGLE_RETRY_EXHAUSTED,0
PAY_001334,1211,BANK_TIMEOUT,TEMPORARY,0,BLIND_RETRY,{},RETRY_NOW,706.0129999999999,SUCCESS,1211.0,,0
PAY_008379,99,PAYMENT_EXPIRED,HARD,0,BLIND_RETRY,{},RETRY_NOW,3.2175000000000002,FAILED,0.0,SINGLE_RETRY_EXHAUSTED,0
PAY_009390,1349,BANK_TIMEOUT,TEMPORARY,0,BLIND_RETRY,{},RETRY_NOW,770.2789999999999,SUCCESS,1349.0,,0
PAY_009708,469,NETWORK_ERROR,TEMPORARY,0,BLIND_RETRY,{},RETRY_NOW,239.19,FAILED,0.0,SINGLE_RETRY_EXHAUSTED,0
PAY_009122,122,NETWORK_ERROR,TEMPORARY,0,BLIND_RETRY,{},RETRY_NOW,60.573,SUCCESS,122.0,,0
PAY_003851,1219,INSUFFICIENT_FUNDS,CUSTOMER,0,BLIND_RETRY,{},RETRY_NOW,221.2485,FAILED,0.0,SINGLE_RETRY_EXHAUSTED,0
PAY_008341,2654,BANK_TIMEOUT,TEMPORARY,0,BLIND_RETRY,{},RETRY_NOW,1459.7,SUCCESS,2654.0,,0
PAY_004125,673,PAYMENT_EXPIRED,HARD,0,BLIND_RETRY,{},RETRY_NOW,10.768,FAILED,0.0,SINGLE_RETRY_EXHAUSTED,0
PAY_008964,185,UPI_TECHNICAL_ERROR,TEMPORARY,0,BLIND_RETRY,{},RETRY_NOW,94.165,SUCCESS,185.0,,0
PAY_004789,1799,NETWORK_ERROR,TEMPORARY,0,BLIND_RETRY,{},RETRY_NOW,928.284,FAILED,0.0,SINGLE_RETRY_EXHAUSTED,0
PAY_002867,289,BANK_TIMEOUT,TEMPORARY,0,BLIND_RETRY,{},RETRY_NOW,161.9845,FAILED,0.0,SINGLE_RETRY_EXHAUSTED,0
PAY_001387,99,BLOCKED_METHOD,HARD,0,BLIND_RETRY,{},RETRY_NOW,3.4155,FAILED,0.0,SINGLE_RETRY_EXHAUSTED,0
PAY_005942,1873,BANK_TIMEOUT,TEMPORARY,0,BLIND_RETRY,{},RETRY_NOW,1083.5305,SUCCESS,1873.0,,0
PAY_003068,1434,INSUFFICIENT_FUNDS,CUSTOMER,0,BLIND_RETRY,{},RETRY_NOW,268.875,FAILED,0.0,SINGLE_RETRY_EXHAUSTED,0
PAY_009059,422,INVALID_ACCOUNT,HARD,0,BLIND_RETRY,{},RETRY_NOW,16.036,FAILED,0.0,SINGLE_RETRY_EXHAUSTED,0
PAY_003630,1036,CARD_EXPIRED,CUSTOMER,0,BLIND_RETRY,{},RETRY_NOW,107.744,FAILED,0.0,SINGLE_RETRY_EXHAUSTED,0
PAY_009456,16689,CARD_EXPIRED,CUSTOMER,0,BLIND_RETRY,{},RETRY_NOW,1835.79,SUCCESS,16689.0,,0
PAY_008950,2220,INSUFFICIENT_FUNDS,CUSTOMER,0,BLIND_RETRY,{},RETRY_NOW,449.55,FAILED,0.0,SINGLE_RETRY_EXHAUSTED,0
PAY_003029,1193,GATEWAY_TIMEOUT,TEMPORARY,0,BLIND_RETRY,{},RETRY_NOW,640.0445,SUCCESS,1193.0,,0
PAY_002970,769,UPI_TECHNICAL_ERROR,TEMPORARY,0,BLIND_RETRY,{},RETRY_NOW,407.57,SUCCESS,769.0,,0
PAY_008647,170,LIMIT_EXCEEDED,CUSTOMER,0,BLIND_RETRY,{},RETRY_NOW,39.440000000000005,SUCCESS,170.0,,0
PAY_006137,148,GATEWAY_TIMEOUT,TEMPORARY,0,BLIND_RETRY,{},RETRY_NOW,80.956,FAILED,0.0,SINGLE_RETRY_EXHAUSTED,0
PAY_008802,463,NETWORK_ERROR,TEMPORARY,0,BLIND_RETRY,{},RETRY_NOW,242.38049999999998,FAILED,0.0,SINGLE_RETRY_EXHAUSTED,0
PAY_004264,99,AUTHENTICATION_FAILED,CUSTOMER,0,BLIND_RETRY,{},RETRY_NOW,38.0655,FAILED,0.0,SINGLE_RETRY_EXHAUSTED,0
PAY_000646,943,INVALID_ACCOUNT,HARD,0,BLIND_RETRY,{},RETRY_NOW,45.7355,FAILED,0.0,SINGLE_RETRY_EXHAUSTED,0
PAY_009654,358,LIMIT_EXCEEDED,CUSTOMER,0,BLIND_RETRY,{},RETRY_NOW,88.426,SUCCESS,358.0,,0
PAY_002075,774,CUSTOMER_DECLINED,HARD,0,BLIND_RETRY,{},RETRY_NOW,23.994,FAILED,0.0,SINGLE_RETRY_EXHAUSTED,0
PAY_000342,1007,INSUFFICIENT_FUNDS,CUSTOMER,0,BLIND_RETRY,{},RETRY_NOW,196.365,FAILED,0.0,SINGLE_RETRY_EXHAUSTED,0
PAY_008042,178,BANK_TIMEOUT,TEMPORARY,0,BLIND_RETRY,{},RETRY_NOW,105.643,FAILED,0.0,SINGLE_RETRY_EXHAUSTED,0
PAY_001623,1442,GATEWAY_TIMEOUT,TEMPORARY,0,BLIND_RETRY,{},RETRY_NOW,734.699,SUCCESS,1442.0,,0
PAY_007142,2852,INSUFFICIENT_FUNDS,CUSTOMER,0,BLIND_RETRY,{},RETRY_NOW,513.36,FAILED,0.0,SINGLE_RETRY_EXHAUSTED,0
PAY_005797,5130,BANK_TIMEOUT,TEMPORARY,0,BLIND_RETRY,{},RETRY_NOW,3044.655,FAILED,0.0,SINGLE_RETRY_EXHAUSTED,0
PAY_007185,1291,BANK_TIMEOUT,TEMPORARY,0,BLIND_RETRY,{},RETRY_NOW,752.6529999999999,SUCCESS,1291.0,,0
PAY_008233,4669,NETWORK_ERROR,TEMPORARY,0,BLIND_RETRY,{},RETRY_NOW,2339.169,FAILED,0.0,SINGLE_RETRY_EXHAUSTED,0
PAY_005476,1492,UPI_TECHNICAL_ERROR,TEMPORARY,0,BLIND_RETRY,{},RETRY_NOW,810.9019999999999,FAILED,0.0,SINGLE_RETRY_EXHAUSTED,0
PAY_009253,120,UPI_TECHNICAL_ERROR,TEMPORARY,0,BLIND_RETRY,{},RETRY_NOW,61.44,SUCCESS,120.0,,0
PAY_000075,414,INSUFFICIENT_FUNDS,CUSTOMER,0,BLIND_RETRY,{},RETRY_NOW,83.214,FAILED,0.0,SINGLE_RETRY_EXHAUSTED,0
PAY_008634,147,NETWORK_ERROR,TEMPORARY,0,BLIND_RETRY,{},RETRY_NOW,71.883,FAILED,0.0,SINGLE_RETRY_EXHAUSTED,0
PAY_009230,266,GATEWAY_TIMEOUT,TEMPORARY,0,BLIND_RETRY,{},RETRY_NOW,144.704,SUCCESS,266.0,,0
PAY_002052,730,NETWORK_ERROR,TEMPORARY,0,BLIND_RETRY,{},RETRY_NOW,361.35,FAILED,0.0,SINGLE_RETRY_EXHAUSTED,0
PAY_002542,761,UPI_TECHNICAL_ERROR,TEMPORARY,0,BLIND_RETRY,{},RETRY_NOW,379.3585,SUCCESS,761.0,,0
PAY_001302,99,BANK_TIMEOUT,TEMPORARY,0,BLIND_RETRY,{},RETRY_NOW,55.638000000000005,FAILED,0.0,SINGLE_RETRY_EXHAUSTED,0
PAY_005878,413,GATEWAY_TIMEOUT,TEMPORARY,0,BLIND_RETRY,{},RETRY_NOW,229.62800000000001,SUCCESS,413.0,,0
PAY_007369,647,GATEWAY_TIMEOUT,TEMPORARY,0,BLIND_RETRY,{},RETRY_NOW,363.61400000000003,FAILED,0.0,SINGLE_RETRY_EXHAUSTED,0
PAY_001305,2684,GATEWAY_TIMEOUT,TEMPORARY,0,BLIND_RETRY,{},RETRY_NOW,1431.914,SUCCESS,2684.0,,0
PAY_008429,535,INSUFFICIENT_FUNDS,CUSTOMER,0,BLIND_RETRY,{},RETRY_NOW,101.115,FAILED,0.0,SINGLE_RETRY_EXHAUSTED,0
PAY_009095,498,GATEWAY_TIMEOUT,TEMPORARY,0,BLIND_RETRY,{},RETRY_NOW,255.972,SUCCESS,498.0,,0
PAY_002600,1530,GATEWAY_TIMEOUT,TEMPORARY,0,BLIND_RETRY,{},RETRY_NOW,797.895,SUCCESS,1530.0,,0
PAY_002574,331,INSUFFICIENT_FUNDS,CUSTOMER,0,BLIND_RETRY,{},RETRY_NOW,61.566,FAILED,0.0,SINGLE_RETRY_EXHAUSTED,0
PAY_003187,1307,NETWORK_ERROR,TEMPORARY,0,BLIND_RETRY,{},RETRY_NOW,637.1625,SUCCESS,1307.0,,0
PAY_002769,2356,GATEWAY_TIMEOUT,TEMPORARY,0,BLIND_RETRY,{},RETRY_NOW,1302.8680000000002,FAILED,0.0,SINGLE_RETRY_EXHAUSTED,0
PAY_004832,362,BANK_TIMEOUT,TEMPORARY,0,BLIND_RETRY,{},RETRY_NOW,206.159,FAILED,0.0,SINGLE_RETRY_EXHAUSTED,0
PAY_004224,918,CUSTOMER_DECLINED,HARD,0,BLIND_RETRY,{},RETRY_NOW,25.704,FAILED,0.0,SINGLE_RETRY_EXHAUSTED,0
PAY_009650,829,GATEWAY_TIMEOUT,TEMPORARY,0,BLIND_RETRY,{},RETRY_NOW,443.51500000000004,SUCCESS,829.0,,0
PAY_002107,754,INSUFFICIENT_FUNDS,CUSTOMER,0,BLIND_RETRY,{},RETRY_NOW,143.637,SUCCESS,754.0,,0
PAY_002680,137,BANK_TIMEOUT,TEMPORARY,0,BLIND_RETRY,{},RETRY_NOW,76.17200000000001,FAILED,0.0,SINGLE_RETRY_EXHAUSTED,0
PAY_001388,132,LIMIT_EXCEEDED,CUSTOMER,0,BLIND_RETRY,{},RETRY_NOW,30.426000000000002,FAILED,0.0,SINGLE_RETRY_EXHAUSTED,0
PAY_008932,336,BANK_TIMEOUT,TEMPORARY,0,BLIND_RETRY,{},RETRY_NOW,188.328,FAILED,0.0,SINGLE_RETRY_EXHAUSTED,0
PAY_009660,2235,UPI_TECHNICAL_ERROR,TEMPORARY,0,BLIND_RETRY,{},RETRY_NOW,1214.7224999999999,SUCCESS,2235.0,,0
PAY_007084,1061,GATEWAY_TIMEOUT,TEMPORARY,0,BLIND_RETRY,{},RETRY_NOW,596.282,SUCCESS,1061.0,,0
PAY_001280,2077,BANK_TIMEOUT,TEMPORARY,0,BLIND_RETRY,{},RETRY_NOW,1204.6599999999999,FAILED,0.0,SINGLE_RETRY_EXHAUSTED,0
PAY_000805,1117,INSUFFICIENT_FUNDS,CUSTOMER,0,BLIND_RETRY,{},RETRY_NOW,229.5435,FAILED,0.0,SINGLE_RETRY_EXHAUSTED,0
PAY_001556,474,BANK_TIMEOUT,TEMPORARY,0,BLIND_RETRY,{},RETRY_NOW,275.63100000000003,SUCCESS,474.0,,0
PAY_009487,325,UPI_TECHNICAL_ERROR,TEMPORARY,0,BLIND_RETRY,{},RETRY_NOW,170.7875,SUCCESS,325.0,,0
PAY_004567,4479,LIMIT_EXCEEDED,CUSTOMER,0,BLIND_RETRY,{},RETRY_NOW,1052.5649999999998,FAILED,0.0,SINGLE_RETRY_EXHAUSTED,0
PAY_009670,619,PAYMENT_EXPIRED,HARD,0,BLIND_RETRY,{},RETRY_NOW,4.333,FAILED,0.0,SINGLE_RETRY_EXHAUSTED,0
PAY_004842,3624,INSUFFICIENT_FUNDS,CUSTOMER,0,BLIND_RETRY,{},RETRY_NOW,674.064,FAILED,0.0,SINGLE_RETRY_EXHAUSTED,0
PAY_003595,529,GATEWAY_TIMEOUT,TEMPORARY,0,BLIND_RETRY,{},RETRY_NOW,281.428,SUCCESS,529.0,,0
PAY_006036,1168,BANK_TIMEOUT,TEMPORARY,0,BLIND_RETRY,{},RETRY_NOW,687.952,SUCCESS,1168.0,,0
PAY_006853,202,INVALID_ACCOUNT,HARD,0,BLIND_RETRY,{},RETRY_NOW,5.555,FAILED,0.0,SINGLE_RETRY_EXHAUSTED,0
PAY_008706,747,BANK_TIMEOUT,TEMPORARY,0,BLIND_RETRY,{},RETRY_NOW,423.1755,SUCCESS,747.0,,0
PAY_004178,315,GATEWAY_TIMEOUT,TEMPORARY,0,BLIND_RETRY,{},RETRY_NOW,169.47,SUCCESS,315.0,,0
PAY_001309,875,INSUFFICIENT_FUNDS,CUSTOMER,0,BLIND_RETRY,{},RETRY_NOW,173.25,SUCCESS,875.0,,0
PAY_003453,684,BANK_TIMEOUT,TEMPORARY,0,BLIND_RETRY,{},RETRY_NOW,397.74600000000004,SUCCESS,684.0,,0
PAY_003696,519,INSUFFICIENT_FUNDS,CUSTOMER,0,BLIND_RETRY,{},RETRY_NOW,102.762,SUCCESS,519.0,,0
PAY_004243,2008,BANK_TIMEOUT,TEMPORARY,0,BLIND_RETRY,{},RETRY_NOW,1116.448,SUCCESS,2008.0,,0
PAY_002199,99,UPI_TECHNICAL_ERROR,TEMPORARY,0,BLIND_RETRY,{},RETRY_NOW,51.1335,SUCCESS,99.0,,0
PAY_004426,1224,BANK_TIMEOUT,TEMPORARY,0,BLIND_RETRY,{},RETRY_NOW,706.2479999999999,SUCCESS,1224.0,,0
PAY_006151,1090,NETWORK_ERROR,TEMPORARY,0,BLIND_RETRY,{},RETRY_NOW,564.0749999999999,FAILED,0.0,SINGLE_RETRY_EXHAUSTED,0
PAY_000944,761,BANK_TIMEOUT,TEMPORARY,0,BLIND_RETRY,{},RETRY_NOW,451.6535,SUCCESS,761.0,,0
PAY_000823,342,GATEWAY_TIMEOUT,TEMPORARY,0,BLIND_RETRY,{},RETRY_NOW,182.457,FAILED,0.0,SINGLE_RETRY_EXHAUSTED,0
PAY_005006,1237,GATEWAY_TIMEOUT,TEMPORARY,0,BLIND_RETRY,{},RETRY_NOW,687.772,FAILED,0.0,SINGLE_RETRY_EXHAUSTED,0
PAY_006613,398,NETWORK_ERROR,TEMPORARY,0,BLIND_RETRY,{},RETRY_NOW,190.44299999999998,SUCCESS,398.0,,0
PAY_008357,348,GATEWAY_TIMEOUT,TEMPORARY,0,BLIND_RETRY,{},RETRY_NOW,179.916,SUCCESS,348.0,,0
PAY_005620,1221,AUTHENTICATION_FAILED,CUSTOMER,0,BLIND_RETRY,{},RETRY_NOW,427.34999999999997,SUCCESS,1221.0,,0
PAY_004548,337,GATEWAY_TIMEOUT,TEMPORARY,0,BLIND_RETRY,{},RETRY_NOW,186.36100000000002,SUCCESS,337.0,,0
PAY_002539,1458,NETWORK_ERROR,TEMPORARY,0,BLIND_RETRY,{},RETRY_NOW,752.328,SUCCESS,1458.0,,0
PAY_005208,627,NETWORK_ERROR,TEMPORARY,0,BLIND_RETRY,{},RETRY_NOW,308.484,SUCCESS,627.0,,0
PAY_009515,726,CARD_EXPIRED,CUSTOMER,0,BLIND_RETRY,{},RETRY_NOW,71.148,FAILED,0.0,SINGLE_RETRY_EXHAUSTED,0
PAY_009010,399,INSUFFICIENT_FUNDS,CUSTOMER,0,BLIND_RETRY,{},RETRY_NOW,80.7975,FAILED,0.0,SINGLE_RETRY_EXHAUSTED,0
PAY_003055,2306,GATEWAY_TIMEOUT,TEMPORARY,0,BLIND_RETRY,{},RETRY_NOW,1251.0049999999999,SUCCESS,2306.0,,0
PAY_003676,597,INSUFFICIENT_FUNDS,CUSTOMER,0,BLIND_RETRY,{},RETRY_NOW,109.25099999999999,FAILED,0.0,SINGLE_RETRY_EXHAUSTED,0
PAY_007777,404,LIMIT_EXCEEDED,CUSTOMER,0,BLIND_RETRY,{},RETRY_NOW,86.456,FAILED,0.0,SINGLE_RETRY_EXHAUSTED,0
PAY_007219,5391,LIMIT_EXCEEDED,CUSTOMER,0,BLIND_RETRY,{},RETRY_NOW,1355.8365000000001,FAILED,0.0,SINGLE_RETRY_EXHAUSTED,0
PAY_006723,266,UPI_TECHNICAL_ERROR,TEMPORARY,0,BLIND_RETRY,{},RETRY_NOW,144.172,FAILED,0.0,SINGLE_RETRY_EXHAUSTED,0
PAY_003301,304,AUTHENTICATION_FAILED,CUSTOMER,0,BLIND_RETRY,{},RETRY_NOW,117.8,SUCCESS,304.0,,0
PAY_003311,273,UPI_TECHNICAL_ERROR,TEMPORARY,0,BLIND_RETRY,{},RETRY_NOW,147.5565,SUCCESS,273.0,,0
PAY_007222,161,BANK_TIMEOUT,TEMPORARY,0,BLIND_RETRY,{},RETRY_NOW,94.829,SUCCESS,161.0,,0
PAY_008520,122,INSUFFICIENT_FUNDS,CUSTOMER,0,BLIND_RETRY,{},RETRY_NOW,26.901,FAILED,0.0,SINGLE_RETRY_EXHAUSTED,0
PAY_005955,827,BLOCKED_METHOD,HARD,0,BLIND_RETRY,{},RETRY_NOW,54.582,FAILED,0.0,SINGLE_RETRY_EXHAUSTED,0
PAY_000833,2025,INVALID_ACCOUNT,HARD,0,BLIND_RETRY,{},RETRY_NOW,92.1375,FAILED,0.0,SINGLE_RETRY_EXHAUSTED,0
PAY_003463,1312,BANK_TIMEOUT,TEMPORARY,0,BLIND_RETRY,{},RETRY_NOW,745.2159999999999,FAILED,0.0,SINGLE_RETRY_EXHAUSTED,0
PAY_007644,164,INSUFFICIENT_FUNDS,CUSTOMER,0,BLIND_RETRY,{},RETRY_NOW,29.766,FAILED,0.0,SINGLE_RETRY_EXHAUSTED,0
PAY_000055,99,GATEWAY_TIMEOUT,TEMPORARY,0,BLIND_RETRY,{},RETRY_NOW,52.519499999999994,FAILED,0.0,SINGLE_RETRY_EXHAUSTED,0
PAY_003452,570,BANK_TIMEOUT,TEMPORARY,0,BLIND_RETRY,{},RETRY_NOW,314.355,FAILED,0.0,SINGLE_RETRY_EXHAUSTED,0
PAY_006306,771,INSUFFICIENT_FUNDS,CUSTOMER,0,BLIND_RETRY,{},RETRY_NOW,159.59699999999998,SUCCESS,771.0,,0
PAY_001482,779,BANK_TIMEOUT,TEMPORARY,0,BLIND_RETRY,{},RETRY_NOW,436.6295,FAILED,0.0,SINGLE_RETRY_EXHAUSTED,0
PAY_004874,163,AUTHENTICATION_FAILED,CUSTOMER,0,BLIND_RETRY,{},RETRY_NOW,64.1405,FAILED,0.0,SINGLE_RETRY_EXHAUSTED,0
PAY_008039,540,GATEWAY_TIMEOUT,TEMPORARY,0,BLIND_RETRY,{},RETRY_NOW,283.22999999999996,SUCCESS,540.0,,0
PAY_003336,148,NETWORK_ERROR,TEMPORARY,0,BLIND_RETRY,{},RETRY_NOW,75.924,FAILED,0.0,SINGLE_RETRY_EXHAUSTED,0
PAY_006017,9038,LIMIT_EXCEEDED,CUSTOMER,0,BLIND_RETRY,{},RETRY_NOW,2300.171,FAILED,0.0,SINGLE_RETRY_EXHAUSTED,0
PAY_004927,438,UPI_TECHNICAL_ERROR,TEMPORARY,0,BLIND_RETRY,{},RETRY_NOW,228.198,FAILED,0.0,SINGLE_RETRY_EXHAUSTED,0
PAY_005798,99,INSUFFICIENT_FUNDS,CUSTOMER,0,BLIND_RETRY,{},RETRY_NOW,20.79,FAILED,0.0,SINGLE_RETRY_EXHAUSTED,0
PAY_009832,282,GATEWAY_TIMEOUT,TEMPORARY,0,BLIND_RETRY,{},RETRY_NOW,158.907,SUCCESS,282.0,,0
PAY_005084,388,BANK_TIMEOUT,TEMPORARY,0,BLIND_RETRY,{},RETRY_NOW,219.802,FAILED,0.0,SINGLE_RETRY_EXHAUSTED,0
PAY_006646,1310,GATEWAY_TIMEOUT,TEMPORARY,0,BLIND_RETRY,{},RETRY_NOW,704.7800000000001,SUCCESS,1310.0,,0
PAY_005491,268,NETWORK_ERROR,TEMPORARY,0,BLIND_RETRY,{},RETRY_NOW,133.464,FAILED,0.0,SINGLE_RETRY_EXHAUSTED,0
PAY_000769,249,GATEWAY_TIMEOUT,TEMPORARY,0,BLIND_RETRY,{},RETRY_NOW,139.93800000000002,FAILED,0.0,SINGLE_RETRY_EXHAUSTED,0
PAY_002066,597,NETWORK_ERROR,TEMPORARY,0,BLIND_RETRY,{},RETRY_NOW,293.724,SUCCESS,597.0,,0
PAY_009501,543,LIMIT_EXCEEDED,CUSTOMER,0,BLIND_RETRY,{},RETRY_NOW,126.79050000000001,FAILED,0.0,SINGLE_RETRY_EXHAUSTED,0
PAY_007312,1303,CUSTOMER_DECLINED,HARD,0,BLIND_RETRY,{},RETRY_NOW,20.848,FAILED,0.0,SINGLE_RETRY_EXHAUSTED,0
PAY_008478,2988,BANK_TIMEOUT,TEMPORARY,0,BLIND_RETRY,{},RETRY_NOW,1652.364,FAILED,0.0,SINGLE_RETRY_EXHAUSTED,0
PAY_004525,1450,BANK_TIMEOUT,TEMPORARY,0,BLIND_RETRY,{},RETRY_NOW,845.3499999999999,FAILED,0.0,SINGLE_RETRY_EXHAUSTED,0
PAY_002718,744,UPI_TECHNICAL_ERROR,TEMPORARY,0,BLIND_RETRY,{},RETRY_NOW,374.232,SUCCESS,744.0,,0
PAY_002080,159,BLOCKED_METHOD,HARD,0,BLIND_RETRY,{},RETRY_NOW,9.7785,FAILED,0.0,SINGLE_RETRY_EXHAUSTED,0
PAY_008915,536,BANK_TIMEOUT,TEMPORARY,0,BLIND_RETRY,{},RETRY_NOW,314.096,SUCCESS,536.0,,0
PAY_000952,1742,GATEWAY_TIMEOUT,TEMPORARY,0,BLIND_RETRY,{},RETRY_NOW,929.357,FAILED,0.0,SINGLE_RETRY_EXHAUSTED,0
PAY_008059,4612,GATEWAY_TIMEOUT,TEMPORARY,0,BLIND_RETRY,{},RETRY_NOW,2481.2560000000003,FAILED,0.0,SINGLE_RETRY_EXHAUSTED,0
PAY_002483,3625,UPI_TECHNICAL_ERROR,TEMPORARY,0,BLIND_RETRY,{},RETRY_NOW,1796.1875,SUCCESS,3625.0,,0
PAY_001760,10272,AUTHENTICATION_FAILED,CUSTOMER,0,BLIND_RETRY,{},RETRY_NOW,3595.2,FAILED,0.0,SINGLE_RETRY_EXHAUSTED,0
PAY_004423,745,INSUFFICIENT_FUNDS,CUSTOMER,0,BLIND_RETRY,{},RETRY_NOW,134.1,FAILED,0.0,SINGLE_RETRY_EXHAUSTED,0
PAY_006705,1467,AUTHENTICATION_FAILED,CUSTOMER,0,BLIND_RETRY,{},RETRY_NOW,542.0565,SUCCESS,1467.0,,0
PAY_005183,1232,INSUFFICIENT_FUNDS,CUSTOMER,0,BLIND_RETRY,{},RETRY_NOW,275.35200000000003,FAILED,0.0,SINGLE_RETRY_EXHAUSTED,0
PAY_008534,823,BANK_TIMEOUT,TEMPORARY,0,BLIND_RETRY,{},RETRY_NOW,488.45050000000003,FAILED,0.0,SINGLE_RETRY_EXHAUSTED,0
PAY_003702,4745,UPI_TECHNICAL_ERROR,TEMPORARY,0,BLIND_RETRY,{},RETRY_NOW,2443.675,SUCCESS,4745.0,,0
PAY_004244,1907,INVALID_ACCOUNT,HARD,0,BLIND_RETRY,{},RETRY_NOW,55.303000000000004,FAILED,0.0,SINGLE_RETRY_EXHAUSTED,0
PAY_000689,2191,GATEWAY_TIMEOUT,TEMPORARY,0,BLIND_RETRY,{},RETRY_NOW,1234.6285,SUCCESS,2191.0,,0
PAY_003433,1240,BANK_TIMEOUT,TEMPORARY,0,BLIND_RETRY,{},RETRY_NOW,726.64,SUCCESS,1240.0,,0
PAY_004945,880,INSUFFICIENT_FUNDS,CUSTOMER,0,BLIND_RETRY,{},RETRY_NOW,195.36,FAILED,0.0,SINGLE_RETRY_EXHAUSTED,0
PAY_000967,220,NETWORK_ERROR,TEMPORARY,0,BLIND_RETRY,{},RETRY_NOW,110.22,FAILED,0.0,SINGLE_RETRY_EXHAUSTED,0
PAY_009485,102,BANK_TIMEOUT,TEMPORARY,0,BLIND_RETRY,{},RETRY_NOW,56.1,SUCCESS,102.0,,0
PAY_002714,591,BLOCKED_METHOD,HARD,0,BLIND_RETRY,{},RETRY_NOW,32.8005,FAILED,0.0,SINGLE_RETRY_EXHAUSTED,0
PAY_004758,626,UPI_TECHNICAL_ERROR,TEMPORARY,0,BLIND_RETRY,{},RETRY_NOW,330.841,SUCCESS,626.0,,0
PAY_009546,132,BANK_TIMEOUT,TEMPORARY,0,BLIND_RETRY,{},RETRY_NOW,77.74799999999999,SUCCESS,132.0,,0
PAY_006321,431,AUTHENTICATION_FAILED,CUSTOMER,0,BLIND_RETRY,{},RETRY_NOW,158.608,SUCCESS,431.0,,0
PAY_005976,4801,BLOCKED_METHOD,HARD,0,BLIND_RETRY,{},RETRY_NOW,237.64950000000002,FAILED,0.0,SINGLE_RETRY_EXHAUSTED,0
PAY_003573,4540,BANK_TIMEOUT,TEMPORARY,0,BLIND_RETRY,{},RETRY_NOW,2619.58,SUCCESS,4540.0,,0
PAY_005300,798,INSUFFICIENT_FUNDS,CUSTOMER,0,BLIND_RETRY,{},RETRY_NOW,152.019,FAILED,0.0,SINGLE_RETRY_EXHAUSTED,0
PAY_001991,1913,UPI_TECHNICAL_ERROR,TEMPORARY,0,BLIND_RETRY,{},RETRY_NOW,988.0645,SUCCESS,1913.0,,0
PAY_001206,1185,CARD_EXPIRED,CUSTOMER,0,BLIND_RETRY,{},RETRY_NOW,100.13250000000001,FAILED,0.0,SINGLE_RETRY_EXHAUSTED,0
PAY_004972,3938,UPI_TECHNICAL_ERROR,TEMPORARY,0,BLIND_RETRY,{},RETRY_NOW,2051.698,FAILED,0.0,SINGLE_RETRY_EXHAUSTED,0
PAY_006784,664,BANK_TIMEOUT,TEMPORARY,0,BLIND_RETRY,{},RETRY_NOW,369.184,FAILED,0.0,SINGLE_RETRY_EXHAUSTED,0
PAY_003601,2914,LIMIT_EXCEEDED,CUSTOMER,0,BLIND_RETRY,{},RETRY_NOW,728.5,FAILED,0.0,SINGLE_RETRY_EXHAUSTED,0
PAY_006491,272,INVALID_ACCOUNT,HARD,0,BLIND_RETRY,{},RETRY_NOW,13.600000000000001,FAILED,0.0,SINGLE_RETRY_EXHAUSTED,0
PAY_008610,99,LIMIT_EXCEEDED,CUSTOMER,0,BLIND_RETRY,{},RETRY_NOW,25.1955,SUCCESS,99.0,,0
PAY_009979,3124,INSUFFICIENT_FUNDS,CUSTOMER,0,BLIND_RETRY,{},RETRY_NOW,552.948,FAILED,0.0,SINGLE_RETRY_EXHAUSTED,0
PAY_008071,269,INSUFFICIENT_FUNDS,CUSTOMER,0,BLIND_RETRY,{},RETRY_NOW,46.806,FAILED,0.0,SINGLE_RETRY_EXHAUSTED,0
PAY_008578,511,BANK_TIMEOUT,TEMPORARY,0,BLIND_RETRY,{},RETRY_NOW,297.1465,FAILED,0.0,SINGLE_RETRY_EXHAUSTED,0
PAY_007974,509,BANK_TIMEOUT,TEMPORARY,0,BLIND_RETRY,{},RETRY_NOW,295.21999999999997,SUCCESS,509.0,,0
PAY_001626,635,INSUFFICIENT_FUNDS,CUSTOMER,0,BLIND_RETRY,{},RETRY_NOW,128.5875,FAILED,0.0,SINGLE_RETRY_EXHAUSTED,0
PAY_000537,136,GATEWAY_TIMEOUT,TEMPORARY,0,BLIND_RETRY,{},RETRY_NOW,71.74,SUCCESS,136.0,,0
PAY_008767,311,NETWORK_ERROR,TEMPORARY,0,BLIND_RETRY,{},RETRY_NOW,160.9425,FAILED,0.0,SINGLE_RETRY_EXHAUSTED,0
PAY_007971,1017,CARD_EXPIRED,CUSTOMER,0,BLIND_RETRY,{},RETRY_NOW,98.1405,FAILED,0.0,SINGLE_RETRY_EXHAUSTED,0
PAY_004213,416,BLOCKED_METHOD,HARD,0,BLIND_RETRY,{},RETRY_NOW,29.327999999999996,FAILED,0.0,SINGLE_RETRY_EXHAUSTED,0
PAY_006457,3879,BANK_TIMEOUT,TEMPORARY,0,BLIND_RETRY,{},RETRY_NOW,2209.0905000000002,SUCCESS,3879.0,,0
PAY_003508,99,INSUFFICIENT_FUNDS,CUSTOMER,0,BLIND_RETRY,{},RETRY_NOW,17.82,FAILED,0.0,SINGLE_RETRY_EXHAUSTED,0
PAY_008394,569,INSUFFICIENT_FUNDS,CUSTOMER,0,BLIND_RETRY,{},RETRY_NOW,115.22250000000001,FAILED,0.0,SINGLE_RETRY_EXHAUSTED,0
PAY_007113,362,GATEWAY_TIMEOUT,TEMPORARY,0,BLIND_RETRY,{},RETRY_NOW,200.186,FAILED,0.0,SINGLE_RETRY_EXHAUSTED,0
PAY_002709,660,AUTHENTICATION_FAILED,CUSTOMER,0,BLIND_RETRY,{},RETRY_NOW,234.95999999999998,SUCCESS,660.0,,0
PAY_005032,888,CARD_EXPIRED,CUSTOMER,0,BLIND_RETRY,{},RETRY_NOW,96.348,FAILED,0.0,SINGLE_RETRY_EXHAUSTED,0
PAY_006515,1093,NETWORK_ERROR,TEMPORARY,0,BLIND_RETRY,{},RETRY_NOW,544.314,FAILED,0.0,SINGLE_RETRY_EXHAUSTED,0
PAY_004663,643,BLOCKED_METHOD,HARD,0,BLIND_RETRY,{},RETRY_NOW,29.8995,FAILED,0.0,SINGLE_RETRY_EXHAUSTED,0
PAY_004022,743,UPI_TECHNICAL_ERROR,TEMPORARY,0,BLIND_RETRY,{},RETRY_NOW,373.729,SUCCESS,743.0,,0
PAY_001855,437,GATEWAY_TIMEOUT,TEMPORARY,0,BLIND_RETRY,{},RETRY_NOW,236.41700000000003,FAILED,0.0,SINGLE_RETRY_EXHAUSTED,0
PAY_009426,99,CARD_EXPIRED,CUSTOMER,0,BLIND_RETRY,{},RETRY_NOW,9.405,FAILED,0.0,SINGLE_RETRY_EXHAUSTED,0
PAY_002873,429,GATEWAY_TIMEOUT,TEMPORARY,0,BLIND_RETRY,{},RETRY_NOW,228.8715,SUCCESS,429.0,,0
PAY_003031,667,BANK_TIMEOUT,TEMPORARY,0,BLIND_RETRY,{},RETRY_NOW,375.8545,SUCCESS,667.0,,0
PAY_001646,3231,INSUFFICIENT_FUNDS,CUSTOMER,0,BLIND_RETRY,{},RETRY_NOW,722.1285,FAILED,0.0,SINGLE_RETRY_EXHAUSTED,0
PAY_003418,2737,GATEWAY_TIMEOUT,TEMPORARY,0,BLIND_RETRY,{},RETRY_NOW,1493.0335,FAILED,0.0,SINGLE_RETRY_EXHAUSTED,0
PAY_003477,146,UPI_TECHNICAL_ERROR,TEMPORARY,0,BLIND_RETRY,{},RETRY_NOW,75.628,SUCCESS,146.0,,0
PAY_009553,255,AUTHENTICATION_FAILED,CUSTOMER,0,BLIND_RETRY,{},RETRY_NOW,96.9,SUCCESS,255.0,,0
PAY_001793,11182,BANK_TIMEOUT,TEMPORARY,0,BLIND_RETRY,{},RETRY_NOW,6317.829999999999,FAILED,0.0,SINGLE_RETRY_EXHAUSTED,0
PAY_003798,99,GATEWAY_TIMEOUT,TEMPORARY,0,BLIND_RETRY,{},RETRY_NOW,53.4105,FAILED,0.0,SINGLE_RETRY_EXHAUSTED,0
PAY_003369,309,CARD_EXPIRED,CUSTOMER,0,BLIND_RETRY,{},RETRY_NOW,27.964499999999997,FAILED,0.0,SINGLE_RETRY_EXHAUSTED,0
PAY_007197,419,UPI_TECHNICAL_ERROR,TEMPORARY,0,BLIND_RETRY,{},RETRY_NOW,213.8995,SUCCESS,419.0,,0
PAY_009642,794,BLOCKED_METHOD,HARD,0,BLIND_RETRY,{},RETRY_NOW,30.966,FAILED,0.0,SINGLE_RETRY_EXHAUSTED,0
PAY_005110,236,INSUFFICIENT_FUNDS,CUSTOMER,0,BLIND_RETRY,{},RETRY_NOW,40.356,FAILED,0.0,SINGLE_RETRY_EXHAUSTED,0
PAY_006025,139,CARD_EXPIRED,CUSTOMER,0,BLIND_RETRY,{},RETRY_NOW,14.6645,SUCCESS,139.0,,0
PAY_008796,188,PAYMENT_EXPIRED,HARD,0,BLIND_RETRY,{},RETRY_NOW,3.854,FAILED,0.0,SINGLE_RETRY_EXHAUSTED,0
PAY_009295,743,CARD_EXPIRED,CUSTOMER,0,BLIND_RETRY,{},RETRY_NOW,87.3025,FAILED,0.0,SINGLE_RETRY_EXHAUSTED,0
PAY_000127,2379,INSUFFICIENT_FUNDS,CUSTOMER,0,BLIND_RETRY,{},RETRY_NOW,460.3365,FAILED,0.0,SINGLE_RETRY_EXHAUSTED,0
PAY_005960,759,GATEWAY_TIMEOUT,TEMPORARY,0,BLIND_RETRY,{},RETRY_NOW,410.619,FAILED,0.0,SINGLE_RETRY_EXHAUSTED,0
PAY_003877,390,NETWORK_ERROR,TEMPORARY,0,BLIND_RETRY,{},RETRY_NOW,201.825,SUCCESS,390.0,,0
PAY_004452,775,UPI_TECHNICAL_ERROR,TEMPORARY,0,BLIND_RETRY,{},RETRY_NOW,388.66249999999997,FAILED,0.0,SINGLE_RETRY_EXHAUSTED,0
PAY_007148,4610,INSUFFICIENT_FUNDS,CUSTOMER,0,BLIND_RETRY,{},RETRY_NOW,912.7800000000001,FAILED,0.0,SINGLE_RETRY_EXHAUSTED,0
PAY_003532,2256,NETWORK_ERROR,TEMPORARY,0,BLIND_RETRY,{},RETRY_NOW,1082.8799999999999,FAILED,0.0,SINGLE_RETRY_EXHAUSTED,0
PAY_000828,908,INVALID_ACCOUNT,HARD,0,BLIND_RETRY,{},RETRY_NOW,42.676,FAILED,0.0,SINGLE_RETRY_EXHAUSTED,0
PAY_007791,2013,GATEWAY_TIMEOUT,TEMPORARY,0,BLIND_RETRY,{},RETRY_NOW,1134.3255,FAILED,0.0,SINGLE_RETRY_EXHAUSTED,0
PAY_000985,1020,CARD_EXPIRED,CUSTOMER,0,BLIND_RETRY,{},RETRY_NOW,113.73,FAILED,0.0,SINGLE_RETRY_EXHAUSTED,0
PAY_007784,394,BANK_TIMEOUT,TEMPORARY,0,BLIND_RETRY,{},RETRY_NOW,221.42800000000003,FAILED,0.0,SINGLE_RETRY_EXHAUSTED,0
PAY_002444,521,CUSTOMER_DECLINED,HARD,0,BLIND_RETRY,{},RETRY_NOW,20.0585,FAILED,0.0,SINGLE_RETRY_EXHAUSTED,0
PAY_008555,2469,UPI_TECHNICAL_ERROR,TEMPORARY,0,BLIND_RETRY,{},RETRY_NOW,1290.0525,SUCCESS,2469.0,,0
PAY_000346,3415,AUTHENTICATION_FAILED,CUSTOMER,0,BLIND_RETRY,{},RETRY_NOW,1256.72,FAILED,0.0,SINGLE_RETRY_EXHAUSTED,0
PAY_000815,433,LIMIT_EXCEEDED,CUSTOMER,0,BLIND_RETRY,{},RETRY_NOW,108.25,FAILED,0.0,SINGLE_RETRY_EXHAUSTED,0
PAY_006167,1529,AUTHENTICATION_FAILED,CUSTOMER,0,BLIND_RETRY,{},RETRY_NOW,594.7810000000001,FAILED,0.0,SINGLE_RETRY_EXHAUSTED,0
PAY_005780,2284,GATEWAY_TIMEOUT,TEMPORARY,0,BLIND_RETRY,{},RETRY_NOW,1245.922,FAILED,0.0,SINGLE_RETRY_EXHAUSTED,0
PAY_002117,660,GATEWAY_TIMEOUT,TEMPORARY,0,BLIND_RETRY,{},RETRY_NOW,368.94000000000005,FAILED,0.0,SINGLE_RETRY_EXHAUSTED,0
PAY_000794,142,NETWORK_ERROR,TEMPORARY,0,BLIND_RETRY,{},RETRY_NOW,70.077,SUCCESS,142.0,,0
PAY_006899,1380,INSUFFICIENT_FUNDS,CUSTOMER,0,BLIND_RETRY,{},RETRY_NOW,300.15,FAILED,0.0,SINGLE_RETRY_EXHAUSTED,0
PAY_002675,209,BANK_TIMEOUT,TEMPORARY,0,BLIND_RETRY,{},RETRY_NOW,115.8905,SUCCESS,209.0,,0
PAY_000095,2197,LIMIT_EXCEEDED,CUSTOMER,0,BLIND_RETRY,{},RETRY_NOW,565.7275,SUCCESS,2197.0,,0
PAY_004226,1130,BANK_TIMEOUT,TEMPORARY,0,BLIND_RETRY,{},RETRY_NOW,646.925,FAILED,0.0,SINGLE_RETRY_EXHAUSTED,0
PAY_003757,1582,AUTHENTICATION_FAILED,CUSTOMER,0,BLIND_RETRY,{},RETRY_NOW,603.533,FAILED,0.0,SINGLE_RETRY_EXHAUSTED,0
PAY_002892,716,BANK_TIMEOUT,TEMPORARY,0,BLIND_RETRY,{},RETRY_NOW,405.614,FAILED,0.0,SINGLE_RETRY_EXHAUSTED,0
PAY_002372,259,NETWORK_ERROR,TEMPORARY,0,BLIND_RETRY,{},RETRY_NOW,135.5865,SUCCESS,259.0,,0
PAY_009389,243,INVALID_ACCOUNT,HARD,0,BLIND_RETRY,{},RETRY_NOW,13.9725,FAILED,0.0,SINGLE_RETRY_EXHAUSTED,0
PAY_003229,1217,UPI_TECHNICAL_ERROR,TEMPORARY,0,BLIND_RETRY,{},RETRY_NOW,624.9295,FAILED,0.0,SINGLE_RETRY_EXHAUSTED,0
PAY_007864,612,NETWORK_ERROR,TEMPORARY,0,BLIND_RETRY,{},RETRY_NOW,319.464,FAILED,0.0,SINGLE_RETRY_EXHAUSTED,0
PAY_006360,908,BANK_TIMEOUT,TEMPORARY,0,BLIND_RETRY,{},RETRY_NOW,506.21,SUCCESS,908.0,,0
PAY_009197,201,INSUFFICIENT_FUNDS,CUSTOMER,0,BLIND_RETRY,{},RETRY_NOW,44.923500000000004,FAILED,0.0,SINGLE_RETRY_EXHAUSTED,0
PAY_007327,2830,LIMIT_EXCEEDED,CUSTOMER,0,BLIND_RETRY,{},RETRY_NOW,711.745,FAILED,0.0,SINGLE_RETRY_EXHAUSTED,0
PAY_006029,246,NETWORK_ERROR,TEMPORARY,0,BLIND_RETRY,{},RETRY_NOW,118.449,SUCCESS,246.0,,0
PAY_001866,291,AUTHENTICATION_FAILED,CUSTOMER,0,BLIND_RETRY,{},RETRY_NOW,108.3975,FAILED,0.0,SINGLE_RETRY_EXHAUSTED,0
PAY_004613,99,BANK_TIMEOUT,TEMPORARY,0,BLIND_RETRY,{},RETRY_NOW,55.638000000000005,FAILED,0.0,SINGLE_RETRY_EXHAUSTED,0
PAY_002646,428,UPI_TECHNICAL_ERROR,TEMPORARY,0,BLIND_RETRY,{},RETRY_NOW,213.358,SUCCESS,428.0,,0
PAY_002244,615,NETWORK_ERROR,TEMPORARY,0,BLIND_RETRY,{},RETRY_NOW,318.2625,FAILED,0.0,SINGLE_RETRY_EXHAUSTED,0
PAY_005374,422,CARD_EXPIRED,CUSTOMER,0,BLIND_RETRY,{},RETRY_NOW,43.888,FAILED,0.0,SINGLE_RETRY_EXHAUSTED,0
PAY_002337,943,BANK_TIMEOUT,TEMPORARY,0,BLIND_RETRY,{},RETRY_NOW,531.3805,FAILED,0.0,SINGLE_RETRY_EXHAUSTED,0
PAY_000951,860,NETWORK_ERROR,TEMPORARY,0,BLIND_RETRY,{},RETRY_NOW,428.28,FAILED,0.0,SINGLE_RETRY_EXHAUSTED,0
PAY_001121,2292,GATEWAY_TIMEOUT,TEMPORARY,0,BLIND_RETRY,{},RETRY_NOW,1246.8480000000002,FAILED,0.0,SINGLE_RETRY_EXHAUSTED,0
PAY_002205,99,INSUFFICIENT_FUNDS,CUSTOMER,0,BLIND_RETRY,{},RETRY_NOW,20.79,FAILED,0.0,SINGLE_RETRY_EXHAUSTED,0
PAY_000420,1124,UPI_TECHNICAL_ERROR,TEMPORARY,0,BLIND_RETRY,{},RETRY_NOW,568.744,SUCCESS,1124.0,,0
PAY_000923,1193,BLOCKED_METHOD,HARD,0,BLIND_RETRY,{},RETRY_NOW,55.4745,FAILED,0.0,SINGLE_RETRY_EXHAUSTED,0
PAY_008670,267,LIMIT_EXCEEDED,CUSTOMER,0,BLIND_RETRY,{},RETRY_NOW,67.9515,FAILED,0.0,SINGLE_RETRY_EXHAUSTED,0
PAY_005409,8575,INSUFFICIENT_FUNDS,CUSTOMER,0,BLIND_RETRY,{},RETRY_NOW,1826.475,SUCCESS,8575.0,,0
PAY_005789,1484,INSUFFICIENT_FUNDS,CUSTOMER,0,BLIND_RETRY,{},RETRY_NOW,293.832,FAILED,0.0,SINGLE_RETRY_EXHAUSTED,0
PAY_005743,1346,BANK_TIMEOUT,TEMPORARY,0,BLIND_RETRY,{},RETRY_NOW,730.2049999999999,FAILED,0.0,SINGLE_RETRY_EXHAUSTED,0
PAY_007668,550,BLOCKED_METHOD,HARD,0,BLIND_RETRY,{},RETRY_NOW,21.45,FAILED,0.0,SINGLE_RETRY_EXHAUSTED,0
PAY_005568,889,LIMIT_EXCEEDED,CUSTOMER,0,BLIND_RETRY,{},RETRY_NOW,210.24849999999998,FAILED,0.0,SINGLE_RETRY_EXHAUSTED,0
PAY_008136,819,UPI_TECHNICAL_ERROR,TEMPORARY,0,BLIND_RETRY,{},RETRY_NOW,413.18549999999993,FAILED,0.0,SINGLE_RETRY_EXHAUSTED,0
PAY_001203,361,NETWORK_ERROR,TEMPORARY,0,BLIND_RETRY,{},RETRY_NOW,179.2365,FAILED,0.0,SINGLE_RETRY_EXHAUSTED,0
PAY_005766,1222,BANK_TIMEOUT,TEMPORARY,0,BLIND_RETRY,{},RETRY_NOW,686.7640000000001,SUCCESS,1222.0,,0
PAY_008390,677,INSUFFICIENT_FUNDS,CUSTOMER,0,BLIND_RETRY,{},RETRY_NOW,113.736,FAILED,0.0,SINGLE_RETRY_EXHAUSTED,0
PAY_001971,365,AUTHENTICATION_FAILED,CUSTOMER,0,BLIND_RETRY,{},RETRY_NOW,139.2475,SUCCESS,365.0,,0
PAY_004019,1241,BANK_TIMEOUT,TEMPORARY,0,BLIND_RETRY,{},RETRY_NOW,710.4725,SUCCESS,1241.0,,0
PAY_003688,327,NETWORK_ERROR,TEMPORARY,0,BLIND_RETRY,{},RETRY_NOW,162.3555,FAILED,0.0,SINGLE_RETRY_EXHAUSTED,0
PAY_001998,854,LIMIT_EXCEEDED,CUSTOMER,0,BLIND_RETRY,{},RETRY_NOW,207.095,FAILED,0.0,SINGLE_RETRY_EXHAUSTED,0
PAY_004034,542,NETWORK_ERROR,TEMPORARY,0,BLIND_RETRY,{},RETRY_NOW,278.859,SUCCESS,542.0,,0
PAY_001249,382,INSUFFICIENT_FUNDS,CUSTOMER,0,BLIND_RETRY,{},RETRY_NOW,71.05199999999999,FAILED,0.0,SINGLE_RETRY_EXHAUSTED,0
PAY_002193,193,BANK_TIMEOUT,TEMPORARY,0,BLIND_RETRY,{},RETRY_NOW,110.4925,FAILED,0.0,SINGLE_RETRY_EXHAUSTED,0
PAY_002713,1917,CUSTOMER_DECLINED,HARD,0,BLIND_RETRY,{},RETRY_NOW,1.917,FAILED,0.0,SINGLE_RETRY_EXHAUSTED,0
PAY_002191,617,BANK_TIMEOUT,TEMPORARY,0,BLIND_RETRY,{},RETRY_NOW,344.903,SUCCESS,617.0,,0
PAY_004671,904,INSUFFICIENT_FUNDS,CUSTOMER,0,BLIND_RETRY,{},RETRY_NOW,164.076,FAILED,0.0,SINGLE_RETRY_EXHAUSTED,0
PAY_005143,1067,INSUFFICIENT_FUNDS,CUSTOMER,0,BLIND_RETRY,{},RETRY_NOW,217.66799999999998,FAILED,0.0,SINGLE_RETRY_EXHAUSTED,0
PAY_005985,527,BLOCKED_METHOD,HARD,0,BLIND_RETRY,{},RETRY_NOW,19.7625,FAILED,0.0,SINGLE_RETRY_EXHAUSTED,0
PAY_006566,1171,NETWORK_ERROR,TEMPORARY,0,BLIND_RETRY,{},RETRY_NOW,565.593,FAILED,0.0,SINGLE_RETRY_EXHAUSTED,0
PAY_007805,628,GATEWAY_TIMEOUT,TEMPORARY,0,BLIND_RETRY,{},RETRY_NOW,353.878,FAILED,0.0,SINGLE_RETRY_EXHAUSTED,0
PAY_006944,762,BLOCKED_METHOD,HARD,0,BLIND_RETRY,{},RETRY_NOW,25.146,FAILED,0.0,SINGLE_RETRY_EXHAUSTED,0
PAY_002137,1673,UPI_TECHNICAL_ERROR,TEMPORARY,0,BLIND_RETRY,{},RETRY_NOW,849.0474999999999,SUCCESS,1673.0,,0
PAY_001066,9043,UPI_TECHNICAL_ERROR,TEMPORARY,0,BLIND_RETRY,{},RETRY_NOW,4724.9675,FAILED,0.0,SINGLE_RETRY_EXHAUSTED,0
PAY_000601,116,AUTHENTICATION_FAILED,CUSTOMER,0,BLIND_RETRY,{},RETRY_NOW,43.384,SUCCESS,116.0,,0
PAY_004228,206,GATEWAY_TIMEOUT,TEMPORARY,0,BLIND_RETRY,{},RETRY_NOW,111.137,SUCCESS,206.0,,0
PAY_007578,473,CARD_EXPIRED,CUSTOMER,0,BLIND_RETRY,{},RETRY_NOW,52.03,SUCCESS,473.0,,0
PAY_000078,99,NETWORK_ERROR,TEMPORARY,0,BLIND_RETRY,{},RETRY_NOW,47.223,SUCCESS,99.0,,0
PAY_007547,131,UPI_TECHNICAL_ERROR,TEMPORARY,0,BLIND_RETRY,{},RETRY_NOW,71.1985,FAILED,0.0,SINGLE_RETRY_EXHAUSTED,0
PAY_002899,713,INSUFFICIENT_FUNDS,CUSTOMER,0,BLIND_RETRY,{},RETRY_NOW,129.4095,FAILED,0.0,SINGLE_RETRY_EXHAUSTED,0
PAY_004821,6240,BANK_TIMEOUT,TEMPORARY,0,BLIND_RETRY,{},RETRY_NOW,3619.2,SUCCESS,6240.0,,0
PAY_009303,2695,INVALID_ACCOUNT,HARD,0,BLIND_RETRY,{},RETRY_NOW,138.7925,FAILED,0.0,SINGLE_RETRY_EXHAUSTED,0
PAY_006414,440,GATEWAY_TIMEOUT,TEMPORARY,0,BLIND_RETRY,{},RETRY_NOW,229.45999999999998,FAILED,0.0,SINGLE_RETRY_EXHAUSTED,0
PAY_009065,1578,BANK_TIMEOUT,TEMPORARY,0,BLIND_RETRY,{},RETRY_NOW,896.304,SUCCESS,1578.0,,0
PAY_008008,188,CUSTOMER_DECLINED,HARD,0,BLIND_RETRY,{},RETRY_NOW,3.854,FAILED,0.0,SINGLE_RETRY_EXHAUSTED,0
PAY_005469,326,INSUFFICIENT_FUNDS,CUSTOMER,0,BLIND_RETRY,{},RETRY_NOW,66.993,FAILED,0.0,SINGLE_RETRY_EXHAUSTED,0
PAY_005952,99,NETWORK_ERROR,TEMPORARY,0,BLIND_RETRY,{},RETRY_NOW,49.599,FAILED,0.0,SINGLE_RETRY_EXHAUSTED,0
PAY_003392,398,BANK_TIMEOUT,TEMPORARY,0,BLIND_RETRY,{},RETRY_NOW,218.303,FAILED,0.0,SINGLE_RETRY_EXHAUSTED,0
PAY_005416,1334,UPI_TECHNICAL_ERROR,TEMPORARY,0,BLIND_RETRY,{},RETRY_NOW,699.0160000000001,FAILED,0.0,SINGLE_RETRY_EXHAUSTED,0
PAY_002561,1618,NETWORK_ERROR,TEMPORARY,0,BLIND_RETRY,{},RETRY_NOW,844.596,SUCCESS,1618.0,,0
PAY_008163,757,BANK_TIMEOUT,TEMPORARY,0,BLIND_RETRY,{},RETRY_NOW,416.35,SUCCESS,757.0,,0
PAY_002636,8906,INSUFFICIENT_FUNDS,CUSTOMER,0,BLIND_RETRY,{},RETRY_NOW,1990.491,FAILED,0.0,SINGLE_RETRY_EXHAUSTED,0
PAY_005257,1188,AUTHENTICATION_FAILED,CUSTOMER,0,BLIND_RETRY,{},RETRY_NOW,415.79999999999995,FAILED,0.0,SINGLE_RETRY_EXHAUSTED,0
PAY_003531,613,CARD_EXPIRED,CUSTOMER,0,BLIND_RETRY,{},RETRY_NOW,71.108,FAILED,0.0,SINGLE_RETRY_EXHAUSTED,0
PAY_008568,2088,LIMIT_EXCEEDED,CUSTOMER,0,BLIND_RETRY,{},RETRY_NOW,528.264,FAILED,0.0,SINGLE_RETRY_EXHAUSTED,0
PAY_001909,1485,NETWORK_ERROR,TEMPORARY,0,BLIND_RETRY,{},RETRY_NOW,748.44,SUCCESS,1485.0,,0
PAY_000236,1184,GATEWAY_TIMEOUT,TEMPORARY,0,BLIND_RETRY,{},RETRY_NOW,619.232,SUCCESS,1184.0,,0
PAY_001605,185,INSUFFICIENT_FUNDS,CUSTOMER,0,BLIND_RETRY,{},RETRY_NOW,35.52,FAILED,0.0,SINGLE_RETRY_EXHAUSTED,0
PAY_007985,1914,GATEWAY_TIMEOUT,TEMPORARY,0,BLIND_RETRY,{},RETRY_NOW,1001.022,FAILED,0.0,SINGLE_RETRY_EXHAUSTED,0
PAY_003491,200,INVALID_ACCOUNT,HARD,0,BLIND_RETRY,{},RETRY_NOW,6.7,FAILED,0.0,SINGLE_RETRY_EXHAUSTED,0
PAY_001995,10277,INSUFFICIENT_FUNDS,CUSTOMER,0,BLIND_RETRY,{},RETRY_NOW,1988.5995,FAILED,0.0,SINGLE_RETRY_EXHAUSTED,0
PAY_002825,179,BANK_TIMEOUT,TEMPORARY,0,BLIND_RETRY,{},RETRY_NOW,103.5515,FAILED,0.0,SINGLE_RETRY_EXHAUSTED,0
PAY_009286,383,NETWORK_ERROR,TEMPORARY,0,BLIND_RETRY,{},RETRY_NOW,198.2025,SUCCESS,383.0,,0
PAY_001343,165,GATEWAY_TIMEOUT,TEMPORARY,0,BLIND_RETRY,{},RETRY_NOW,88.5225,FAILED,0.0,SINGLE_RETRY_EXHAUSTED,0
PAY_008513,99,BANK_TIMEOUT,TEMPORARY,0,BLIND_RETRY,{},RETRY_NOW,56.528999999999996,FAILED,0.0,SINGLE_RETRY_EXHAUSTED,0
PAY_001620,1556,BLOCKED_METHOD,HARD,0,BLIND_RETRY,{},RETRY_NOW,65.352,FAILED,0.0,SINGLE_RETRY_EXHAUSTED,0
PAY_005288,829,GATEWAY_TIMEOUT,TEMPORARY,0,BLIND_RETRY,{},RETRY_NOW,444.75849999999997,SUCCESS,829.0,,0
PAY_002061,188,CARD_EXPIRED,CUSTOMER,0,BLIND_RETRY,{},RETRY_NOW,17.578,FAILED,0.0,SINGLE_RETRY_EXHAUSTED,0
PAY_009956,1851,GATEWAY_TIMEOUT,TEMPORARY,0,BLIND_RETRY,{},RETRY_NOW,1026.3795,SUCCESS,1851.0,,0
PAY_002220,1185,GATEWAY_TIMEOUT,TEMPORARY,0,BLIND_RETRY,{},RETRY_NOW,628.6424999999999,SUCCESS,1185.0,,0
PAY_006039,290,BANK_TIMEOUT,TEMPORARY,0,BLIND_RETRY,{},RETRY_NOW,165.58999999999997,FAILED,0.0,SINGLE_RETRY_EXHAUSTED,0
PAY_000261,128,GATEWAY_TIMEOUT,TEMPORARY,0,BLIND_RETRY,{},RETRY_NOW,69.824,FAILED,0.0,SINGLE_RETRY_EXHAUSTED,0
PAY_009366,170,INSUFFICIENT_FUNDS,CUSTOMER,0,BLIND_RETRY,{},RETRY_NOW,30.599999999999998,SUCCESS,170.0,,0
PAY_009094,104,NETWORK_ERROR,TEMPORARY,0,BLIND_RETRY,{},RETRY_NOW,54.443999999999996,SUCCESS,104.0,,0
PAY_003745,434,NETWORK_ERROR,TEMPORARY,0,BLIND_RETRY,{},RETRY_NOW,208.32,FAILED,0.0,SINGLE_RETRY_EXHAUSTED,0
PAY_002027,314,AUTHENTICATION_FAILED,CUSTOMER,0,BLIND_RETRY,{},RETRY_NOW,113.197,SUCCESS,314.0,,0
PAY_006989,99,BLOCKED_METHOD,HARD,0,BLIND_RETRY,{},RETRY_NOW,5.1975,FAILED,0.0,SINGLE_RETRY_EXHAUSTED,0
PAY_004235,373,INSUFFICIENT_FUNDS,CUSTOMER,0,BLIND_RETRY,{},RETRY_NOW,77.7705,FAILED,0.0,SINGLE_RETRY_EXHAUSTED,0
PAY_001918,970,AUTHENTICATION_FAILED,CUSTOMER,0,BLIND_RETRY,{},RETRY_NOW,381.695,FAILED,0.0,SINGLE_RETRY_EXHAUSTED,0
PAY_001829,988,INVALID_ACCOUNT,HARD,0,BLIND_RETRY,{},RETRY_NOW,34.580000000000005,FAILED,0.0,SINGLE_RETRY_EXHAUSTED,0
PAY_006234,99,BANK_TIMEOUT,TEMPORARY,0,BLIND_RETRY,{},RETRY_NOW,56.528999999999996,FAILED,0.0,SINGLE_RETRY_EXHAUSTED,0
PAY_009333,1701,INSUFFICIENT_FUNDS,CUSTOMER,0,BLIND_RETRY,{},RETRY_NOW,313.8345,FAILED,0.0,SINGLE_RETRY_EXHAUSTED,0
PAY_006284,365,GATEWAY_TIMEOUT,TEMPORARY,0,BLIND_RETRY,{},RETRY_NOW,187.61,SUCCESS,365.0,,0
PAY_004209,1073,LIMIT_EXCEEDED,CUSTOMER,0,BLIND_RETRY,{},RETRY_NOW,271.469,FAILED,0.0,SINGLE_RETRY_EXHAUSTED,0
PAY_000225,3712,NETWORK_ERROR,TEMPORARY,0,BLIND_RETRY,{},RETRY_NOW,1781.76,SUCCESS,3712.0,,0
PAY_008916,767,UPI_TECHNICAL_ERROR,TEMPORARY,0,BLIND_RETRY,{},RETRY_NOW,397.30600000000004,FAILED,0.0,SINGLE_RETRY_EXHAUSTED,0
PAY_006470,371,INSUFFICIENT_FUNDS,CUSTOMER,0,BLIND_RETRY,{},RETRY_NOW,70.119,FAILED,0.0,SINGLE_RETRY_EXHAUSTED,0
PAY_009414,1489,BLOCKED_METHOD,HARD,0,BLIND_RETRY,{},RETRY_NOW,82.6395,FAILED,0.0,SINGLE_RETRY_EXHAUSTED,0
PAY_000847,2787,CARD_EXPIRED,CUSTOMER,0,BLIND_RETRY,{},RETRY_NOW,260.5845,SUCCESS,2787.0,,0
PAY_004290,1562,LIMIT_EXCEEDED,CUSTOMER,0,BLIND_RETRY,{},RETRY_NOW,411.58700000000005,SUCCESS,1562.0,,0
PAY_005561,486,CARD_EXPIRED,CUSTOMER,0,BLIND_RETRY,{},RETRY_NOW,55.647000000000006,FAILED,0.0,SINGLE_RETRY_EXHAUSTED,0
PAY_002552,237,NETWORK_ERROR,TEMPORARY,0,BLIND_RETRY,{},RETRY_NOW,117.6705,FAILED,0.0,SINGLE_RETRY_EXHAUSTED,0
PAY_000118,1901,INSUFFICIENT_FUNDS,CUSTOMER,0,BLIND_RETRY,{},RETRY_NOW,362.14050000000003,FAILED,0.0,SINGLE_RETRY_EXHAUSTED,0
PAY_008838,427,BANK_TIMEOUT,TEMPORARY,0,BLIND_RETRY,{},RETRY_NOW,248.94099999999997,FAILED,0.0,SINGLE_RETRY_EXHAUSTED,0
PAY_005967,782,NETWORK_ERROR,TEMPORARY,0,BLIND_RETRY,{},RETRY_NOW,385.917,SUCCESS,782.0,,0
PAY_008196,274,INSUFFICIENT_FUNDS,CUSTOMER,0,BLIND_RETRY,{},RETRY_NOW,52.608000000000004,FAILED,0.0,SINGLE_RETRY_EXHAUSTED,0
PAY_008660,538,NETWORK_ERROR,TEMPORARY,0,BLIND_RETRY,{},RETRY_NOW,260.661,SUCCESS,538.0,,0
PAY_007490,1130,LIMIT_EXCEEDED,CUSTOMER,0,BLIND_RETRY,{},RETRY_NOW,282.5,FAILED,0.0,SINGLE_RETRY_EXHAUSTED,0
PAY_000006,406,INSUFFICIENT_FUNDS,CUSTOMER,0,BLIND_RETRY,{},RETRY_NOW,79.779,SUCCESS,406.0,,0
PAY_005343,985,PAYMENT_EXPIRED,HARD,0,BLIND_RETRY,{},RETRY_NOW,48.265,FAILED,0.0,SINGLE_RETRY_EXHAUSTED,0
PAY_009112,248,GATEWAY_TIMEOUT,TEMPORARY,0,BLIND_RETRY,{},RETRY_NOW,130.448,SUCCESS,248.0,,0
PAY_004325,2046,INSUFFICIENT_FUNDS,CUSTOMER,0,BLIND_RETRY,{},RETRY_NOW,454.212,FAILED,0.0,SINGLE_RETRY_EXHAUSTED,0
PAY_001064,16187,UPI_TECHNICAL_ERROR,TEMPORARY,0,BLIND_RETRY,{},RETRY_NOW,8117.780499999999,FAILED,0.0,SINGLE_RETRY_EXHAUSTED,0
PAY_002591,2093,PAYMENT_EXPIRED,HARD,0,BLIND_RETRY,{},RETRY_NOW,102.557,FAILED,0.0,SINGLE_RETRY_EXHAUSTED,0
PAY_008435,383,NETWORK_ERROR,TEMPORARY,0,BLIND_RETRY,{},RETRY_NOW,200.5005,SUCCESS,383.0,,0
PAY_003736,215,NETWORK_ERROR,TEMPORARY,0,BLIND_RETRY,{},RETRY_NOW,107.3925,FAILED,0.0,SINGLE_RETRY_EXHAUSTED,0
PAY_003518,1128,CUSTOMER_DECLINED,HARD,0,BLIND_RETRY,{},RETRY_NOW,18.048000000000002,FAILED,0.0,SINGLE_RETRY_EXHAUSTED,0
PAY_006987,99,AUTHENTICATION_FAILED,CUSTOMER,0,BLIND_RETRY,{},RETRY_NOW,35.541,FAILED,0.0,SINGLE_RETRY_EXHAUSTED,0
PAY_006768,1633,UPI_TECHNICAL_ERROR,TEMPORARY,0,BLIND_RETRY,{},RETRY_NOW,840.995,SUCCESS,1633.0,,0
PAY_005623,1350,BANK_TIMEOUT,TEMPORARY,0,BLIND_RETRY,{},RETRY_NOW,793.125,SUCCESS,1350.0,,0
PAY_001606,672,BANK_TIMEOUT,TEMPORARY,0,BLIND_RETRY,{},RETRY_NOW,398.832,SUCCESS,672.0,,0
PAY_001734,235,CARD_EXPIRED,CUSTOMER,0,BLIND_RETRY,{},RETRY_NOW,23.03,FAILED,0.0,SINGLE_RETRY_EXHAUSTED,0
PAY_009342,1838,INSUFFICIENT_FUNDS,CUSTOMER,0,BLIND_RETRY,{},RETRY_NOW,394.251,FAILED,0.0,SINGLE_RETRY_EXHAUSTED,0
PAY_003813,118,UPI_TECHNICAL_ERROR,TEMPORARY,0,BLIND_RETRY,{},RETRY_NOW,62.00899999999999,SUCCESS,118.0,,0
PAY_009625,4048,UPI_TECHNICAL_ERROR,TEMPORARY,0,BLIND_RETRY,{},RETRY_NOW,2169.728,FAILED,0.0,SINGLE_RETRY_EXHAUSTED,0
PAY_001762,1507,INSUFFICIENT_FUNDS,CUSTOMER,0,BLIND_RETRY,{},RETRY_NOW,327.7725,FAILED,0.0,SINGLE_RETRY_EXHAUSTED,0
PAY_005402,1161,CARD_EXPIRED,CUSTOMER,0,BLIND_RETRY,{},RETRY_NOW,119.0025,FAILED,0.0,SINGLE_RETRY_EXHAUSTED,0
PAY_002740,982,CARD_EXPIRED,CUSTOMER,0,BLIND_RETRY,{},RETRY_NOW,93.29,FAILED,0.0,SINGLE_RETRY_EXHAUSTED,0
PAY_002473,312,BANK_TIMEOUT,TEMPORARY,0,BLIND_RETRY,{},RETRY_NOW,172.536,SUCCESS,312.0,,0
PAY_006739,528,NETWORK_ERROR,TEMPORARY,0,BLIND_RETRY,{},RETRY_NOW,262.944,FAILED,0.0,SINGLE_RETRY_EXHAUSTED,0
PAY_006892,1926,UPI_TECHNICAL_ERROR,TEMPORARY,0,BLIND_RETRY,{},RETRY_NOW,963.0,FAILED,0.0,SINGLE_RETRY_EXHAUSTED,0
PAY_007944,2142,NETWORK_ERROR,TEMPORARY,0,BLIND_RETRY,{},RETRY_NOW,1098.846,FAILED,0.0,SINGLE_RETRY_EXHAUSTED,0
PAY_004207,3600,INSUFFICIENT_FUNDS,CUSTOMER,0,BLIND_RETRY,{},RETRY_NOW,707.4,FAILED,0.0,SINGLE_RETRY_EXHAUSTED,0
PAY_006372,502,BLOCKED_METHOD,HARD,0,BLIND_RETRY,{},RETRY_NOW,22.59,FAILED,0.0,SINGLE_RETRY_EXHAUSTED,0
PAY_000233,465,GATEWAY_TIMEOUT,TEMPORARY,0,BLIND_RETRY,{},RETRY_NOW,239.70749999999998,SUCCESS,465.0,,0
PAY_008259,1862,INSUFFICIENT_FUNDS,CUSTOMER,0,BLIND_RETRY,{},RETRY_NOW,391.02,FAILED,0.0,SINGLE_RETRY_EXHAUSTED,0
PAY_007562,548,BANK_TIMEOUT,TEMPORARY,0,BLIND_RETRY,{},RETRY_NOW,310.442,FAILED,0.0,SINGLE_RETRY_EXHAUSTED,0
PAY_006169,4825,NETWORK_ERROR,TEMPORARY,0,BLIND_RETRY,{},RETRY_NOW,2410.0875,FAILED,0.0,SINGLE_RETRY_EXHAUSTED,0
PAY_003597,402,BANK_TIMEOUT,TEMPORARY,0,BLIND_RETRY,{},RETRY_NOW,233.763,FAILED,0.0,SINGLE_RETRY_EXHAUSTED,0
PAY_006289,2309,GATEWAY_TIMEOUT,TEMPORARY,0,BLIND_RETRY,{},RETRY_NOW,1224.9244999999999,SUCCESS,2309.0,,0
PAY_004633,146,BANK_TIMEOUT,TEMPORARY,0,BLIND_RETRY,{},RETRY_NOW,80.30000000000001,FAILED,0.0,SINGLE_RETRY_EXHAUSTED,0
PAY_000126,747,LIMIT_EXCEEDED,CUSTOMER,0,BLIND_RETRY,{},RETRY_NOW,172.1835,FAILED,0.0,SINGLE_RETRY_EXHAUSTED,0
PAY_007642,490,UPI_TECHNICAL_ERROR,TEMPORARY,0,BLIND_RETRY,{},RETRY_NOW,249.41,FAILED,0.0,SINGLE_RETRY_EXHAUSTED,0
PAY_006230,252,BANK_TIMEOUT,TEMPORARY,0,BLIND_RETRY,{},RETRY_NOW,142.758,FAILED,0.0,SINGLE_RETRY_EXHAUSTED,0
PAY_001297,373,BANK_TIMEOUT,TEMPORARY,0,BLIND_RETRY,{},RETRY_NOW,218.57799999999997,SUCCESS,373.0,,0
PAY_001977,172,LIMIT_EXCEEDED,CUSTOMER,0,BLIND_RETRY,{},RETRY_NOW,42.484,SUCCESS,172.0,,0
PAY_009481,99,NETWORK_ERROR,TEMPORARY,0,BLIND_RETRY,{},RETRY_NOW,50.193,SUCCESS,99.0,,0
PAY_009582,1272,BANK_TIMEOUT,TEMPORARY,0,BLIND_RETRY,{},RETRY_NOW,732.0360000000001,FAILED,0.0,SINGLE_RETRY_EXHAUSTED,0
PAY_005751,106,BANK_TIMEOUT,TEMPORARY,0,BLIND_RETRY,{},RETRY_NOW,61.957,FAILED,0.0,SINGLE_RETRY_EXHAUSTED,0
PAY_008153,1991,NETWORK_ERROR,TEMPORARY,0,BLIND_RETRY,{},RETRY_NOW,1012.4234999999999,FAILED,0.0,SINGLE_RETRY_EXHAUSTED,0
PAY_003087,605,UPI_TECHNICAL_ERROR,TEMPORARY,0,BLIND_RETRY,{},RETRY_NOW,327.0025,FAILED,0.0,SINGLE_RETRY_EXHAUSTED,0
PAY_009277,130,UPI_TECHNICAL_ERROR,TEMPORARY,0,BLIND_RETRY,{},RETRY_NOW,69.68,SUCCESS,130.0,,0
PAY_006883,260,INSUFFICIENT_FUNDS,CUSTOMER,0,BLIND_RETRY,{},RETRY_NOW,44.46,FAILED,0.0,SINGLE_RETRY_EXHAUSTED,0
PAY_009306,1021,GATEWAY_TIMEOUT,TEMPORARY,0,BLIND_RETRY,{},RETRY_NOW,535.5145,FAILED,0.0,SINGLE_RETRY_EXHAUSTED,0
PAY_007674,1145,NETWORK_ERROR,TEMPORARY,0,BLIND_RETRY,{},RETRY_NOW,592.5374999999999,FAILED,0.0,SINGLE_RETRY_EXHAUSTED,0
PAY_003346,142,NETWORK_ERROR,TEMPORARY,0,BLIND_RETRY,{},RETRY_NOW,73.69800000000001,SUCCESS,142.0,,0
PAY_008173,126,AUTHENTICATION_FAILED,CUSTOMER,0,BLIND_RETRY,{},RETRY_NOW,48.447,FAILED,0.0,SINGLE_RETRY_EXHAUSTED,0
PAY_009422,1367,BANK_TIMEOUT,TEMPORARY,0,BLIND_RETRY,{},RETRY_NOW,749.7995,SUCCESS,1367.0,,0
PAY_005871,121,BLOCKED_METHOD,HARD,0,BLIND_RETRY,{},RETRY_NOW,7.26,FAILED,0.0,SINGLE_RETRY_EXHAUSTED,0
PAY_006507,711,INVALID_ACCOUNT,HARD,0,BLIND_RETRY,{},RETRY_NOW,12.087000000000002,SUCCESS,711.0,,0
PAY_002798,2181,BANK_TIMEOUT,TEMPORARY,0,BLIND_RETRY,{},RETRY_NOW,1251.894,FAILED,0.0,SINGLE_RETRY_EXHAUSTED,0
PAY_000919,99,AUTHENTICATION_FAILED,CUSTOMER,0,BLIND_RETRY,{},RETRY_NOW,36.2835,FAILED,0.0,SINGLE_RETRY_EXHAUSTED,0
PAY_001647,2490,CARD_EXPIRED,CUSTOMER,0,BLIND_RETRY,{},RETRY_NOW,247.75500000000002,FAILED,0.0,SINGLE_RETRY_EXHAUSTED,0
PAY_005123,4226,BANK_TIMEOUT,TEMPORARY,0,BLIND_RETRY,{},RETRY_NOW,2495.453,FAILED,0.0,SINGLE_RETRY_EXHAUSTED,0
PAY_005127,2309,PAYMENT_EXPIRED,HARD,0,BLIND_RETRY,{},RETRY_NOW,50.797999999999995,FAILED,0.0,SINGLE_RETRY_EXHAUSTED,0
PAY_004622,868,INVALID_ACCOUNT,HARD,0,BLIND_RETRY,{},RETRY_NOW,21.266000000000002,FAILED,0.0,SINGLE_RETRY_EXHAUSTED,0
PAY_006810,1744,BANK_TIMEOUT,TEMPORARY,0,BLIND_RETRY,{},RETRY_NOW,1003.672,SUCCESS,1744.0,,0
PAY_000365,6504,GATEWAY_TIMEOUT,TEMPORARY,0,BLIND_RETRY,{},RETRY_NOW,3625.98,SUCCESS,6504.0,,0
PAY_002126,1279,NETWORK_ERROR,TEMPORARY,0,BLIND_RETRY,{},RETRY_NOW,619.6754999999999,FAILED,0.0,SINGLE_RETRY_EXHAUSTED,0
PAY_008151,1093,GATEWAY_TIMEOUT,TEMPORARY,0,BLIND_RETRY,{},RETRY_NOW,566.7204999999999,FAILED,0.0,SINGLE_RETRY_EXHAUSTED,0
PAY_008718,513,NETWORK_ERROR,TEMPORARY,0,BLIND_RETRY,{},RETRY_NOW,261.63,SUCCESS,513.0,,0
PAY_000056,541,CARD_EXPIRED,CUSTOMER,0,BLIND_RETRY,{},RETRY_NOW,63.567499999999995,FAILED,0.0,SINGLE_RETRY_EXHAUSTED,0
PAY_000639,904,UPI_TECHNICAL_ERROR,TEMPORARY,0,BLIND_RETRY,{},RETRY_NOW,483.188,SUCCESS,904.0,,0
PAY_000303,470,GATEWAY_TIMEOUT,TEMPORARY,0,BLIND_RETRY,{},RETRY_NOW,258.5,FAILED,0.0,SINGLE_RETRY_EXHAUSTED,0
PAY_005812,1440,BANK_TIMEOUT,TEMPORARY,0,BLIND_RETRY,{},RETRY_NOW,807.12,SUCCESS,1440.0,,0
PAY_001277,282,BANK_TIMEOUT,TEMPORARY,0,BLIND_RETRY,{},RETRY_NOW,159.75300000000001,SUCCESS,282.0,,0
PAY_004433,149,CARD_EXPIRED,CUSTOMER,0,BLIND_RETRY,{},RETRY_NOW,17.284000000000002,FAILED,0.0,SINGLE_RETRY_EXHAUSTED,0
PAY_003645,2104,CARD_EXPIRED,CUSTOMER,0,BLIND_RETRY,{},RETRY_NOW,209.348,SUCCESS,2104.0,,0
PAY_004144,1714,UPI_TECHNICAL_ERROR,TEMPORARY,0,BLIND_RETRY,{},RETRY_NOW,854.429,SUCCESS,1714.0,,0
PAY_002879,1522,LIMIT_EXCEEDED,CUSTOMER,0,BLIND_RETRY,{},RETRY_NOW,401.047,FAILED,0.0,SINGLE_RETRY_EXHAUSTED,0
PAY_006494,6150,NETWORK_ERROR,TEMPORARY,0,BLIND_RETRY,{},RETRY_NOW,2961.225,SUCCESS,6150.0,,0
PAY_005241,698,GATEWAY_TIMEOUT,TEMPORARY,0,BLIND_RETRY,{},RETRY_NOW,384.947,SUCCESS,698.0,,0
PAY_009409,369,UPI_TECHNICAL_ERROR,TEMPORARY,0,BLIND_RETRY,{},RETRY_NOW,197.23049999999998,SUCCESS,369.0,,0
PAY_006938,3029,CARD_EXPIRED,CUSTOMER,0,BLIND_RETRY,{},RETRY_NOW,315.01599999999996,SUCCESS,3029.0,,0
PAY_007241,329,AUTHENTICATION_FAILED,CUSTOMER,0,BLIND_RETRY,{},RETRY_NOW,124.033,FAILED,0.0,SINGLE_RETRY_EXHAUSTED,0
PAY_002594,6009,GATEWAY_TIMEOUT,TEMPORARY,0,BLIND_RETRY,{},RETRY_NOW,3322.9770000000003,SUCCESS,6009.0,,0
PAY_002394,99,CUSTOMER_DECLINED,HARD,0,BLIND_RETRY,{},RETRY_NOW,1.7325000000000002,FAILED,0.0,SINGLE_RETRY_EXHAUSTED,0
PAY_000524,132,UPI_TECHNICAL_ERROR,TEMPORARY,0,BLIND_RETRY,{},RETRY_NOW,67.782,SUCCESS,132.0,,0
PAY_006377,99,INSUFFICIENT_FUNDS,CUSTOMER,0,BLIND_RETRY,{},RETRY_NOW,22.1265,SUCCESS,99.0,,0
PAY_006982,386,NETWORK_ERROR,TEMPORARY,0,BLIND_RETRY,{},RETRY_NOW,195.123,FAILED,0.0,SINGLE_RETRY_EXHAUSTED,0
PAY_006678,1042,UPI_TECHNICAL_ERROR,TEMPORARY,0,BLIND_RETRY,{},RETRY_NOW,538.193,FAILED,0.0,SINGLE_RETRY_EXHAUSTED,0
PAY_003901,412,AUTHENTICATION_FAILED,CUSTOMER,0,BLIND_RETRY,{},RETRY_NOW,155.324,FAILED,0.0,SINGLE_RETRY_EXHAUSTED,0
PAY_009635,1370,INSUFFICIENT_FUNDS,CUSTOMER,0,BLIND_RETRY,{},RETRY_NOW,242.48999999999998,FAILED,0.0,SINGLE_RETRY_EXHAUSTED,0
PAY_005586,15103,AUTHENTICATION_FAILED,CUSTOMER,0,BLIND_RETRY,{},RETRY_NOW,5897.721500000001,FAILED,0.0,SINGLE_RETRY_EXHAUSTED,0
PAY_009361,5185,CUSTOMER_DECLINED,HARD,0,BLIND_RETRY,{},RETRY_NOW,98.515,FAILED,0.0,SINGLE_RETRY_EXHAUSTED,0
PAY_007957,182,CARD_EXPIRED,CUSTOMER,0,BLIND_RETRY,{},RETRY_NOW,18.382,FAILED,0.0,SINGLE_RETRY_EXHAUSTED,0
PAY_007571,2593,AUTHENTICATION_FAILED,CUSTOMER,0,BLIND_RETRY,{},RETRY_NOW,919.2185,SUCCESS,2593.0,,0
PAY_006778,99,NETWORK_ERROR,TEMPORARY,0,BLIND_RETRY,{},RETRY_NOW,48.114,SUCCESS,99.0,,0
PAY_000672,3971,AUTHENTICATION_FAILED,CUSTOMER,0,BLIND_RETRY,{},RETRY_NOW,1425.589,FAILED,0.0,SINGLE_RETRY_EXHAUSTED,0
PAY_004189,1441,CUSTOMER_DECLINED,HARD,0,BLIND_RETRY,{},RETRY_NOW,25.2175,FAILED,0.0,SINGLE_RETRY_EXHAUSTED,0
PAY_000667,2660,LIMIT_EXCEEDED,CUSTOMER,0,BLIND_RETRY,{},RETRY_NOW,613.13,FAILED,0.0,SINGLE_RETRY_EXHAUSTED,0
PAY_003267,773,AUTHENTICATION_FAILED,CUSTOMER,0,BLIND_RETRY,{},RETRY_NOW,304.1755,FAILED,0.0,SINGLE_RETRY_EXHAUSTED,0
PAY_001888,1504,GATEWAY_TIMEOUT,TEMPORARY,0,BLIND_RETRY,{},RETRY_NOW,784.3359999999999,SUCCESS,1504.0,,0
PAY_008473,122,BANK_TIMEOUT,TEMPORARY,0,BLIND_RETRY,{},RETRY_NOW,71.49199999999999,FAILED,0.0,SINGLE_RETRY_EXHAUSTED,0
PAY_009092,680,NETWORK_ERROR,TEMPORARY,0,BLIND_RETRY,{},RETRY_NOW,338.64,SUCCESS,680.0,,0
PAY_007688,1277,BANK_TIMEOUT,TEMPORARY,0,BLIND_RETRY,{},RETRY_NOW,723.4205000000001,SUCCESS,1277.0,,0
PAY_006032,746,INVALID_ACCOUNT,HARD,0,BLIND_RETRY,{},RETRY_NOW,42.895,FAILED,0.0,SINGLE_RETRY_EXHAUSTED,0
PAY_006091,359,UPI_TECHNICAL_ERROR,TEMPORARY,0,BLIND_RETRY,{},RETRY_NOW,183.808,SUCCESS,359.0,,0
PAY_006239,815,NETWORK_ERROR,TEMPORARY,0,BLIND_RETRY,{},RETRY_NOW,397.3125,FAILED,0.0,SINGLE_RETRY_EXHAUSTED,0
PAY_007351,1073,INVALID_ACCOUNT,HARD,0,BLIND_RETRY,{},RETRY_NOW,29.5075,FAILED,0.0,SINGLE_RETRY_EXHAUSTED,0
PAY_007831,1010,AUTHENTICATION_FAILED,CUSTOMER,0,BLIND_RETRY,{},RETRY_NOW,353.5,SUCCESS,1010.0,,0
PAY_000761,2201,NETWORK_ERROR,TEMPORARY,0,BLIND_RETRY,{},RETRY_NOW,1102.701,SUCCESS,2201.0,,0
PAY_006255,249,AUTHENTICATION_FAILED,CUSTOMER,0,BLIND_RETRY,{},RETRY_NOW,91.632,FAILED,0.0,SINGLE_RETRY_EXHAUSTED,0
PAY_001907,99,GATEWAY_TIMEOUT,TEMPORARY,0,BLIND_RETRY,{},RETRY_NOW,54.74700000000001,FAILED,0.0,SINGLE_RETRY_EXHAUSTED,0
PAY_003819,6387,UPI_TECHNICAL_ERROR,TEMPORARY,0,BLIND_RETRY,{},RETRY_NOW,3461.7540000000004,SUCCESS,6387.0,,0
PAY_006270,402,AUTHENTICATION_FAILED,CUSTOMER,0,BLIND_RETRY,{},RETRY_NOW,147.333,SUCCESS,402.0,,0
PAY_004301,1541,PAYMENT_EXPIRED,HARD,0,BLIND_RETRY,{},RETRY_NOW,59.3285,FAILED,0.0,SINGLE_RETRY_EXHAUSTED,0
PAY_005570,869,BANK_TIMEOUT,TEMPORARY,0,BLIND_RETRY,{},RETRY_NOW,494.8955,SUCCESS,869.0,,0
PAY_007942,581,BANK_TIMEOUT,TEMPORARY,0,BLIND_RETRY,{},RETRY_NOW,322.1645,SUCCESS,581.0,,0
PAY_004165,561,NETWORK_ERROR,TEMPORARY,0,BLIND_RETRY,{},RETRY_NOW,284.427,SUCCESS,561.0,,0
PAY_005972,1819,BANK_TIMEOUT,TEMPORARY,0,BLIND_RETRY,{},RETRY_NOW,1038.649,SUCCESS,1819.0,,0
PAY_003580,99,LIMIT_EXCEEDED,CUSTOMER,0,BLIND_RETRY,{},RETRY_NOW,26.0865,FAILED,0.0,SINGLE_RETRY_EXHAUSTED,0
PAY_002833,1669,GATEWAY_TIMEOUT,TEMPORARY,0,BLIND_RETRY,{},RETRY_NOW,890.4114999999999,SUCCESS,1669.0,,0
PAY_005450,687,LIMIT_EXCEEDED,CUSTOMER,0,BLIND_RETRY,{},RETRY_NOW,158.3535,FAILED,0.0,SINGLE_RETRY_EXHAUSTED,0
PAY_003473,110,BLOCKED_METHOD,HARD,0,BLIND_RETRY,{},RETRY_NOW,5.7749999999999995,FAILED,0.0,SINGLE_RETRY_EXHAUSTED,0
PAY_006328,434,CARD_EXPIRED,CUSTOMER,0,BLIND_RETRY,{},RETRY_NOW,36.673,FAILED,0.0,SINGLE_RETRY_EXHAUSTED,0
PAY_000138,406,AUTHENTICATION_FAILED,CUSTOMER,0,BLIND_RETRY,{},RETRY_NOW,146.363,FAILED,0.0,SINGLE_RETRY_EXHAUSTED,0
PAY_007044,313,BANK_TIMEOUT,TEMPORARY,0,BLIND_RETRY,{},RETRY_NOW,176.84499999999997,SUCCESS,313.0,,0
PAY_004893,1291,UPI_TECHNICAL_ERROR,TEMPORARY,0,BLIND_RETRY,{},RETRY_NOW,633.881,SUCCESS,1291.0,,0
PAY_002181,147,NETWORK_ERROR,TEMPORARY,0,BLIND_RETRY,{},RETRY_NOW,71.883,FAILED,0.0,SINGLE_RETRY_EXHAUSTED,0
PAY_007731,262,BLOCKED_METHOD,HARD,0,BLIND_RETRY,{},RETRY_NOW,11.004000000000001,FAILED,0.0,SINGLE_RETRY_EXHAUSTED,0
PAY_003178,3256,NETWORK_ERROR,TEMPORARY,0,BLIND_RETRY,{},RETRY_NOW,1592.184,SUCCESS,3256.0,,0
PAY_004855,867,INSUFFICIENT_FUNDS,CUSTOMER,0,BLIND_RETRY,{},RETRY_NOW,176.868,FAILED,0.0,SINGLE_RETRY_EXHAUSTED,0
PAY_004638,160,AUTHENTICATION_FAILED,CUSTOMER,0,BLIND_RETRY,{},RETRY_NOW,62.72,SUCCESS,160.0,,0
PAY_005116,593,CARD_EXPIRED,CUSTOMER,0,BLIND_RETRY,{},RETRY_NOW,72.346,FAILED,0.0,SINGLE_RETRY_EXHAUSTED,0
PAY_007649,540,BANK_TIMEOUT,TEMPORARY,0,BLIND_RETRY,{},RETRY_NOW,320.49,FAILED,0.0,SINGLE_RETRY_EXHAUSTED,0
PAY_004262,285,INSUFFICIENT_FUNDS,CUSTOMER,0,BLIND_RETRY,{},RETRY_NOW,57.712500000000006,FAILED,0.0,SINGLE_RETRY_EXHAUSTED,0
PAY_001332,4078,AUTHENTICATION_FAILED,CUSTOMER,0,BLIND_RETRY,{},RETRY_NOW,1512.9379999999999,SUCCESS,4078.0,,0
PAY_007003,611,GATEWAY_TIMEOUT,TEMPORARY,0,BLIND_RETRY,{},RETRY_NOW,322.3025,FAILED,0.0,SINGLE_RETRY_EXHAUSTED,0
PAY_006942,365,GATEWAY_TIMEOUT,TEMPORARY,0,BLIND_RETRY,{},RETRY_NOW,204.03500000000003,FAILED,0.0,SINGLE_RETRY_EXHAUSTED,0
PAY_008018,958,BANK_TIMEOUT,TEMPORARY,0,BLIND_RETRY,{},RETRY_NOW,532.648,FAILED,0.0,SINGLE_RETRY_EXHAUSTED,0
PAY_006242,1483,CARD_EXPIRED,CUSTOMER,0,BLIND_RETRY,{},RETRY_NOW,145.334,SUCCESS,1483.0,,0
PAY_009988,778,GATEWAY_TIMEOUT,TEMPORARY,0,BLIND_RETRY,{},RETRY_NOW,418.564,SUCCESS,778.0,,0
PAY_006882,444,GATEWAY_TIMEOUT,TEMPORARY,0,BLIND_RETRY,{},RETRY_NOW,235.54199999999997,FAILED,0.0,SINGLE_RETRY_EXHAUSTED,0
PAY_004531,1249,BANK_TIMEOUT,TEMPORARY,0,BLIND_RETRY,{},RETRY_NOW,731.914,SUCCESS,1249.0,,0
PAY_004674,148,BANK_TIMEOUT,TEMPORARY,0,BLIND_RETRY,{},RETRY_NOW,85.174,SUCCESS,148.0,,0
PAY_006997,99,NETWORK_ERROR,TEMPORARY,0,BLIND_RETRY,{},RETRY_NOW,47.223,SUCCESS,99.0,,0
PAY_001253,2189,UPI_TECHNICAL_ERROR,TEMPORARY,0,BLIND_RETRY,{},RETRY_NOW,1166.737,FAILED,0.0,SINGLE_RETRY_EXHAUSTED,0
PAY_003375,3587,CUSTOMER_DECLINED,HARD,0,BLIND_RETRY,{},RETRY_NOW,84.2945,FAILED,0.0,SINGLE_RETRY_EXHAUSTED,0
PAY_002815,267,AUTHENTICATION_FAILED,CUSTOMER,0,BLIND_RETRY,{},RETRY_NOW,97.455,SUCCESS,267.0,,0
PAY_004720,342,UPI_TECHNICAL_ERROR,TEMPORARY,0,BLIND_RETRY,{},RETRY_NOW,182.79899999999998,FAILED,0.0,SINGLE_RETRY_EXHAUSTED,0
PAY_006545,294,BANK_TIMEOUT,TEMPORARY,0,BLIND_RETRY,{},RETRY_NOW,166.992,SUCCESS,294.0,,0
PAY_004859,184,GATEWAY_TIMEOUT,TEMPORARY,0,BLIND_RETRY,{},RETRY_NOW,100.096,SUCCESS,184.0,,0
PAY_007902,1104,LIMIT_EXCEEDED,CUSTOMER,0,BLIND_RETRY,{},RETRY_NOW,262.752,SUCCESS,1104.0,,0
PAY_008581,1560,CARD_EXPIRED,CUSTOMER,0,BLIND_RETRY,{},RETRY_NOW,192.66,FAILED,0.0,SINGLE_RETRY_EXHAUSTED,0
PAY_008428,2104,LIMIT_EXCEEDED,CUSTOMER,0,BLIND_RETRY,{},RETRY_NOW,510.21999999999997,FAILED,0.0,SINGLE_RETRY_EXHAUSTED,0
PAY_001078,220,INSUFFICIENT_FUNDS,CUSTOMER,0,BLIND_RETRY,{},RETRY_NOW,47.519999999999996,SUCCESS,220.0,,0
PAY_004364,547,BANK_TIMEOUT,TEMPORARY,0,BLIND_RETRY,{},RETRY_NOW,309.8755,SUCCESS,547.0,,0
PAY_000771,398,UPI_TECHNICAL_ERROR,TEMPORARY,0,BLIND_RETRY,{},RETRY_NOW,211.53699999999998,FAILED,0.0,SINGLE_RETRY_EXHAUSTED,0
PAY_008866,535,GATEWAY_TIMEOUT,TEMPORARY,0,BLIND_RETRY,{},RETRY_NOW,285.4225,FAILED,0.0,SINGLE_RETRY_EXHAUSTED,0
PAY_000250,113,NETWORK_ERROR,TEMPORARY,0,BLIND_RETRY,{},RETRY_NOW,57.969,SUCCESS,113.0,,0
PAY_007240,7088,LIMIT_EXCEEDED,CUSTOMER,0,BLIND_RETRY,{},RETRY_NOW,1867.688,FAILED,0.0,SINGLE_RETRY_EXHAUSTED,0
PAY_003420,5390,GATEWAY_TIMEOUT,TEMPORARY,0,BLIND_RETRY,{},RETRY_NOW,3021.095,SUCCESS,5390.0,,0
PAY_004977,939,BANK_TIMEOUT,TEMPORARY,0,BLIND_RETRY,{},RETRY_NOW,531.9435,FAILED,0.0,SINGLE_RETRY_EXHAUSTED,0
PAY_004545,1517,LIMIT_EXCEEDED,CUSTOMER,0,BLIND_RETRY,{},RETRY_NOW,347.39300000000003,FAILED,0.0,SINGLE_RETRY_EXHAUSTED,0
PAY_005566,364,BLOCKED_METHOD,HARD,0,BLIND_RETRY,{},RETRY_NOW,18.564,FAILED,0.0,SINGLE_RETRY_EXHAUSTED,0
PAY_007940,2608,GATEWAY_TIMEOUT,TEMPORARY,0,BLIND_RETRY,{},RETRY_NOW,1407.0159999999998,FAILED,0.0,SINGLE_RETRY_EXHAUSTED,0
PAY_000717,2501,GATEWAY_TIMEOUT,TEMPORARY,0,BLIND_RETRY,{},RETRY_NOW,1338.035,FAILED,0.0,SINGLE_RETRY_EXHAUSTED,0
PAY_009653,1107,CARD_EXPIRED,CUSTOMER,0,BLIND_RETRY,{},RETRY_NOW,120.1095,FAILED,0.0,SINGLE_RETRY_EXHAUSTED,0
PAY_002049,2304,CARD_EXPIRED,CUSTOMER,0,BLIND_RETRY,{},RETRY_NOW,201.6,FAILED,0.0,SINGLE_RETRY_EXHAUSTED,0
PAY_005998,860,INSUFFICIENT_FUNDS,CUSTOMER,0,BLIND_RETRY,{},RETRY_NOW,157.38,SUCCESS,860.0,,0
PAY_006601,99,UPI_TECHNICAL_ERROR,TEMPORARY,0,BLIND_RETRY,{},RETRY_NOW,51.876000000000005,SUCCESS,99.0,,0
PAY_007246,1793,GATEWAY_TIMEOUT,TEMPORARY,0,BLIND_RETRY,{},RETRY_NOW,921.602,FAILED,0.0,SINGLE_RETRY_EXHAUSTED,0
PAY_004179,1557,CARD_EXPIRED,CUSTOMER,0,BLIND_RETRY,{},RETRY_NOW,152.586,SUCCESS,1557.0,,0
PAY_004810,332,AUTHENTICATION_FAILED,CUSTOMER,0,BLIND_RETRY,{},RETRY_NOW,120.682,SUCCESS,332.0,,0
PAY_009483,2490,GATEWAY_TIMEOUT,TEMPORARY,0,BLIND_RETRY,{},RETRY_NOW,1376.97,SUCCESS,2490.0,,0
PAY_007141,558,AUTHENTICATION_FAILED,CUSTOMER,0,BLIND_RETRY,{},RETRY_NOW,202.833,FAILED,0.0,SINGLE_RETRY_EXHAUSTED,0
PAY_007191,1223,BLOCKED_METHOD,HARD,0,BLIND_RETRY,{},RETRY_NOW,55.035,FAILED,0.0,SINGLE_RETRY_EXHAUSTED,0
PAY_001461,99,BANK_TIMEOUT,TEMPORARY,0,BLIND_RETRY,{},RETRY_NOW,55.1925,SUCCESS,99.0,,0
PAY_005990,143,BANK_TIMEOUT,TEMPORARY,0,BLIND_RETRY,{},RETRY_NOW,80.36600000000001,SUCCESS,143.0,,0
PAY_002001,99,GATEWAY_TIMEOUT,TEMPORARY,0,BLIND_RETRY,{},RETRY_NOW,49.995,SUCCESS,99.0,,0
PAY_008176,521,INSUFFICIENT_FUNDS,CUSTOMER,0,BLIND_RETRY,{},RETRY_NOW,116.4435,FAILED,0.0,SINGLE_RETRY_EXHAUSTED,0
PAY_000405,145,UPI_TECHNICAL_ERROR,TEMPORARY,0,BLIND_RETRY,{},RETRY_NOW,76.6325,FAILED,0.0,SINGLE_RETRY_EXHAUSTED,0
PAY_000385,710,BANK_TIMEOUT,TEMPORARY,0,BLIND_RETRY,{},RETRY_NOW,409.66999999999996,FAILED,0.0,SINGLE_RETRY_EXHAUSTED,0
PAY_009449,199,NETWORK_ERROR,TEMPORARY,0,BLIND_RETRY,{},RETRY_NOW,100.5945,SUCCESS,199.0,,0
PAY_009488,665,BANK_TIMEOUT,TEMPORARY,0,BLIND_RETRY,{},RETRY_NOW,373.73,FAILED,0.0,SINGLE_RETRY_EXHAUSTED,0
PAY_001634,964,CARD_EXPIRED,CUSTOMER,0,BLIND_RETRY,{},RETRY_NOW,108.932,FAILED,0.0,SINGLE_RETRY_EXHAUSTED,0
PAY_009854,1883,INSUFFICIENT_FUNDS,CUSTOMER,0,BLIND_RETRY,{},RETRY_NOW,381.3075,SUCCESS,1883.0,,0
PAY_004785,657,CARD_EXPIRED,CUSTOMER,0,BLIND_RETRY,{},RETRY_NOW,57.4875,FAILED,0.0,SINGLE_RETRY_EXHAUSTED,0
PAY_009457,1156,BANK_TIMEOUT,TEMPORARY,0,BLIND_RETRY,{},RETRY_NOW,658.342,SUCCESS,1156.0,,0
PAY_006971,264,GATEWAY_TIMEOUT,TEMPORARY,0,BLIND_RETRY,{},RETRY_NOW,147.18,FAILED,0.0,SINGLE_RETRY_EXHAUSTED,0
PAY_003926,5906,NETWORK_ERROR,TEMPORARY,0,BLIND_RETRY,{},RETRY_NOW,2976.624,FAILED,0.0,SINGLE_RETRY_EXHAUSTED,0
PAY_004159,707,INSUFFICIENT_FUNDS,CUSTOMER,0,BLIND_RETRY,{},RETRY_NOW,147.40949999999998,FAILED,0.0,SINGLE_RETRY_EXHAUSTED,0
PAY_007450,960,GATEWAY_TIMEOUT,TEMPORARY,0,BLIND_RETRY,{},RETRY_NOW,497.76,SUCCESS,960.0,,0
PAY_008416,1192,CARD_EXPIRED,CUSTOMER,0,BLIND_RETRY,{},RETRY_NOW,140.06,FAILED,0.0,SINGLE_RETRY_EXHAUSTED,0
PAY_002194,1170,GATEWAY_TIMEOUT,TEMPORARY,0,BLIND_RETRY,{},RETRY_NOW,615.4200000000001,FAILED,0.0,SINGLE_RETRY_EXHAUSTED,0
PAY_001016,315,GATEWAY_TIMEOUT,TEMPORARY,0,BLIND_RETRY,{},RETRY_NOW,167.58,SUCCESS,315.0,,0
PAY_005125,153,NETWORK_ERROR,TEMPORARY,0,BLIND_RETRY,{},RETRY_NOW,73.899,SUCCESS,153.0,,0
PAY_007419,221,INSUFFICIENT_FUNDS,CUSTOMER,0,BLIND_RETRY,{},RETRY_NOW,39.78,SUCCESS,221.0,,0
PAY_007410,1053,NETWORK_ERROR,TEMPORARY,0,BLIND_RETRY,{},RETRY_NOW,508.599,SUCCESS,1053.0,,0
PAY_008990,748,GATEWAY_TIMEOUT,TEMPORARY,0,BLIND_RETRY,{},RETRY_NOW,418.13200000000006,FAILED,0.0,SINGLE_RETRY_EXHAUSTED,0
PAY_002872,197,NETWORK_ERROR,TEMPORARY,0,BLIND_RETRY,{},RETRY_NOW,102.834,FAILED,0.0,SINGLE_RETRY_EXHAUSTED,0
PAY_000010,3574,NETWORK_ERROR,TEMPORARY,0,BLIND_RETRY,{},RETRY_NOW,1753.047,FAILED,0.0,SINGLE_RETRY_EXHAUSTED,0
PAY_001839,1366,INSUFFICIENT_FUNDS,CUSTOMER,0,BLIND_RETRY,{},RETRY_NOW,235.635,FAILED,0.0,SINGLE_RETRY_EXHAUSTED,0
PAY_004805,278,INSUFFICIENT_FUNDS,CUSTOMER,0,BLIND_RETRY,{},RETRY_NOW,56.295,FAILED,0.0,SINGLE_RETRY_EXHAUSTED,0
PAY_000256,619,AUTHENTICATION_FAILED,CUSTOMER,0,BLIND_RETRY,{},RETRY_NOW,222.221,FAILED,0.0,SINGLE_RETRY_EXHAUSTED,0
PAY_007027,1074,BANK_TIMEOUT,TEMPORARY,0,BLIND_RETRY,{},RETRY_NOW,610.0319999999999,FAILED,0.0,SINGLE_RETRY_EXHAUSTED,0
PAY_005714,1876,AUTHENTICATION_FAILED,CUSTOMER,0,BLIND_RETRY,{},RETRY_NOW,718.508,SUCCESS,1876.0,,0
PAY_003325,140,LIMIT_EXCEEDED,CUSTOMER,0,BLIND_RETRY,{},RETRY_NOW,34.37,FAILED,0.0,SINGLE_RETRY_EXHAUSTED,0
PAY_007715,1110,CARD_EXPIRED,CUSTOMER,0,BLIND_RETRY,{},RETRY_NOW,110.44500000000001,FAILED,0.0,SINGLE_RETRY_EXHAUSTED,0
PAY_001582,456,GATEWAY_TIMEOUT,TEMPORARY,0,BLIND_RETRY,{},RETRY_NOW,250.11599999999999,SUCCESS,456.0,,0
PAY_000925,1377,AUTHENTICATION_FAILED,CUSTOMER,0,BLIND_RETRY,{},RETRY_NOW,467.49150000000003,FAILED,0.0,SINGLE_RETRY_EXHAUSTED,0
PAY_002780,474,CARD_EXPIRED,CUSTOMER,0,BLIND_RETRY,{},RETRY_NOW,38.631,FAILED,0.0,SINGLE_RETRY_EXHAUSTED,0
PAY_007892,99,INVALID_ACCOUNT,HARD,0,BLIND_RETRY,{},RETRY_NOW,2.277,FAILED,0.0,SINGLE_RETRY_EXHAUSTED,0
PAY_006133,476,LIMIT_EXCEEDED,CUSTOMER,0,BLIND_RETRY,{},RETRY_NOW,119.0,FAILED,0.0,SINGLE_RETRY_EXHAUSTED,0
PAY_005321,362,AUTHENTICATION_FAILED,CUSTOMER,0,BLIND_RETRY,{},RETRY_NOW,133.759,FAILED,0.0,SINGLE_RETRY_EXHAUSTED,0
PAY_007313,1486,BANK_TIMEOUT,TEMPORARY,0,BLIND_RETRY,{},RETRY_NOW,832.903,SUCCESS,1486.0,,0
PAY_007103,1574,INSUFFICIENT_FUNDS,CUSTOMER,0,BLIND_RETRY,{},RETRY_NOW,290.403,SUCCESS,1574.0,,0
PAY_006043,5637,AUTHENTICATION_FAILED,CUSTOMER,0,BLIND_RETRY,{},RETRY_NOW,2006.772,FAILED,0.0,SINGLE_RETRY_EXHAUSTED,0
PAY_003776,2390,LIMIT_EXCEEDED,CUSTOMER,0,BLIND_RETRY,{},RETRY_NOW,507.875,FAILED,0.0,SINGLE_RETRY_EXHAUSTED,0
PAY_004836,417,AUTHENTICATION_FAILED,CUSTOMER,0,BLIND_RETRY,{},RETRY_NOW,150.954,FAILED,0.0,SINGLE_RETRY_EXHAUSTED,0
PAY_004965,99,INSUFFICIENT_FUNDS,CUSTOMER,0,BLIND_RETRY,{},RETRY_NOW,19.899,SUCCESS,99.0,,0
PAY_000540,187,CARD_EXPIRED,CUSTOMER,0,BLIND_RETRY,{},RETRY_NOW,21.9725,FAILED,0.0,SINGLE_RETRY_EXHAUSTED,0
PAY_007484,1620,GATEWAY_TIMEOUT,TEMPORARY,0,BLIND_RETRY,{},RETRY_NOW,861.84,SUCCESS,1620.0,,0
PAY_002746,1023,GATEWAY_TIMEOUT,TEMPORARY,0,BLIND_RETRY,{},RETRY_NOW,558.0465,FAILED,0.0,SINGLE_RETRY_EXHAUSTED,0
PAY_003720,367,CARD_EXPIRED,CUSTOMER,0,BLIND_RETRY,{},RETRY_NOW,38.168,FAILED,0.0,SINGLE_RETRY_EXHAUSTED,0
PAY_006820,1265,GATEWAY_TIMEOUT,TEMPORARY,0,BLIND_RETRY,{},RETRY_NOW,665.39,SUCCESS,1265.0,,0
PAY_009338,505,BLOCKED_METHOD,HARD,0,BLIND_RETRY,{},RETRY_NOW,23.482499999999998,FAILED,0.0,SINGLE_RETRY_EXHAUSTED,0
PAY_004469,286,BLOCKED_METHOD,HARD,0,BLIND_RETRY,{},RETRY_NOW,16.731,FAILED,0.0,SINGLE_RETRY_EXHAUSTED,0
PAY_000668,808,INSUFFICIENT_FUNDS,CUSTOMER,0,BLIND_RETRY,{},RETRY_NOW,162.40800000000002,FAILED,0.0,SINGLE_RETRY_EXHAUSTED,0
PAY_007576,244,NETWORK_ERROR,TEMPORARY,0,BLIND_RETRY,{},RETRY_NOW,121.878,SUCCESS,244.0,,0
PAY_008550,198,CUSTOMER_DECLINED,HARD,0,BLIND_RETRY,{},RETRY_NOW,10.593,FAILED,0.0,SINGLE_RETRY_EXHAUSTED,0
PAY_005064,714,CARD_EXPIRED,CUSTOMER,0,BLIND_RETRY,{},RETRY_NOW,68.901,FAILED,0.0,SINGLE_RETRY_EXHAUSTED,0
PAY_001354,4856,INSUFFICIENT_FUNDS,CUSTOMER,0,BLIND_RETRY,{},RETRY_NOW,932.352,FAILED,0.0,SINGLE_RETRY_EXHAUSTED,0
PAY_007115,310,CUSTOMER_DECLINED,HARD,0,BLIND_RETRY,{},RETRY_NOW,8.215,FAILED,0.0,SINGLE_RETRY_EXHAUSTED,0
PAY_009774,2501,UPI_TECHNICAL_ERROR,TEMPORARY,0,BLIND_RETRY,{},RETRY_NOW,1299.2694999999999,FAILED,0.0,SINGLE_RETRY_EXHAUSTED,0
PAY_008663,1216,AUTHENTICATION_FAILED,CUSTOMER,0,BLIND_RETRY,{},RETRY_NOW,465.728,SUCCESS,1216.0,,0
PAY_002704,1155,AUTHENTICATION_FAILED,CUSTOMER,0,BLIND_RETRY,{},RETRY_NOW,426.7725,FAILED,0.0,SINGLE_RETRY_EXHAUSTED,0
PAY_003331,496,BANK_TIMEOUT,TEMPORARY,0,BLIND_RETRY,{},RETRY_NOW,283.21599999999995,SUCCESS,496.0,,0
PAY_008054,1216,NETWORK_ERROR,TEMPORARY,0,BLIND_RETRY,{},RETRY_NOW,607.392,SUCCESS,1216.0,,0
PAY_003585,4485,GATEWAY_TIMEOUT,TEMPORARY,0,BLIND_RETRY,{},RETRY_NOW,2318.745,FAILED,0.0,SINGLE_RETRY_EXHAUSTED,0
PAY_009442,834,GATEWAY_TIMEOUT,TEMPORARY,0,BLIND_RETRY,{},RETRY_NOW,439.935,FAILED,0.0,SINGLE_RETRY_EXHAUSTED,0
PAY_005646,159,LIMIT_EXCEEDED,CUSTOMER,0,BLIND_RETRY,{},RETRY_NOW,38.5575,FAILED,0.0,SINGLE_RETRY_EXHAUSTED,0
PAY_003377,858,NETWORK_ERROR,TEMPORARY,0,BLIND_RETRY,{},RETRY_NOW,445.302,SUCCESS,858.0,,0
PAY_001257,790,BANK_TIMEOUT,TEMPORARY,0,BLIND_RETRY,{},RETRY_NOW,454.645,FAILED,0.0,SINGLE_RETRY_EXHAUSTED,0
PAY_006191,3278,BLOCKED_METHOD,HARD,0,BLIND_RETRY,{},RETRY_NOW,137.67600000000002,FAILED,0.0,SINGLE_RETRY_EXHAUSTED,0
PAY_005349,360,NETWORK_ERROR,TEMPORARY,0,BLIND_RETRY,{},RETRY_NOW,184.14,SUCCESS,360.0,,0
PAY_004176,1318,GATEWAY_TIMEOUT,TEMPORARY,0,BLIND_RETRY,{},RETRY_NOW,716.9920000000001,SUCCESS,1318.0,,0
PAY_004911,360,PAYMENT_EXPIRED,HARD,0,BLIND_RETRY,{},RETRY_NOW,12.24,FAILED,0.0,SINGLE_RETRY_EXHAUSTED,0
PAY_001853,717,INSUFFICIENT_FUNDS,CUSTOMER,0,BLIND_RETRY,{},RETRY_NOW,134.4375,SUCCESS,717.0,,0
PAY_006317,478,PAYMENT_EXPIRED,HARD,0,BLIND_RETRY,{},RETRY_NOW,16.252000000000002,FAILED,0.0,SINGLE_RETRY_EXHAUSTED,0
PAY_009855,261,GATEWAY_TIMEOUT,TEMPORARY,0,BLIND_RETRY,{},RETRY_NOW,145.899,SUCCESS,261.0,,0
PAY_002106,345,LIMIT_EXCEEDED,CUSTOMER,0,BLIND_RETRY,{},RETRY_NOW,84.6975,FAILED,0.0,SINGLE_RETRY_EXHAUSTED,0
PAY_000134,267,UPI_TECHNICAL_ERROR,TEMPORARY,0,BLIND_RETRY,{},RETRY_NOW,134.301,FAILED,0.0,SINGLE_RETRY_EXHAUSTED,0
PAY_005030,225,GATEWAY_TIMEOUT,TEMPORARY,0,BLIND_RETRY,{},RETRY_NOW,122.4,FAILED,0.0,SINGLE_RETRY_EXHAUSTED,0
PAY_000929,477,CARD_EXPIRED,CUSTOMER,0,BLIND_RETRY,{},RETRY_NOW,51.039,FAILED,0.0,SINGLE_RETRY_EXHAUSTED,0
PAY_000824,2785,BANK_TIMEOUT,TEMPORARY,0,BLIND_RETRY,{},RETRY_NOW,1652.8975,SUCCESS,2785.0,,0
PAY_007577,568,GATEWAY_TIMEOUT,TEMPORARY,0,BLIND_RETRY,{},RETRY_NOW,313.252,SUCCESS,568.0,,0
PAY_001532,278,NETWORK_ERROR,TEMPORARY,0,BLIND_RETRY,{},RETRY_NOW,144.282,SUCCESS,278.0,,0
PAY_001215,2576,UPI_TECHNICAL_ERROR,TEMPORARY,0,BLIND_RETRY,{},RETRY_NOW,1349.824,FAILED,0.0,SINGLE_RETRY_EXHAUSTED,0
PAY_000505,766,INSUFFICIENT_FUNDS,CUSTOMER,0,BLIND_RETRY,{},RETRY_NOW,150.519,FAILED,0.0,SINGLE_RETRY_EXHAUSTED,0
PAY_006531,669,NETWORK_ERROR,TEMPORARY,0,BLIND_RETRY,{},RETRY_NOW,339.183,FAILED,0.0,SINGLE_RETRY_EXHAUSTED,0
PAY_003073,1001,INSUFFICIENT_FUNDS,CUSTOMER,0,BLIND_RETRY,{},RETRY_NOW,187.6875,FAILED,0.0,SINGLE_RETRY_EXHAUSTED,0
PAY_009087,1493,INSUFFICIENT_FUNDS,CUSTOMER,0,BLIND_RETRY,{},RETRY_NOW,311.2905,FAILED,0.0,SINGLE_RETRY_EXHAUSTED,0
PAY_008648,2747,LIMIT_EXCEEDED,CUSTOMER,0,BLIND_RETRY,{},RETRY_NOW,657.9064999999999,FAILED,0.0,SINGLE_RETRY_EXHAUSTED,0
PAY_006620,1072,AUTHENTICATION_FAILED,CUSTOMER,0,BLIND_RETRY,{},RETRY_NOW,367.16,FAILED,0.0,SINGLE_RETRY_EXHAUSTED,0
PAY_009274,535,INSUFFICIENT_FUNDS,CUSTOMER,0,BLIND_RETRY,{},RETRY_NOW,90.6825,FAILED,0.0,SINGLE_RETRY_EXHAUSTED,0
PAY_003710,422,NETWORK_ERROR,TEMPORARY,0,BLIND_RETRY,{},RETRY_NOW,217.752,FAILED,0.0,SINGLE_RETRY_EXHAUSTED,0
PAY_004850,4627,AUTHENTICATION_FAILED,CUSTOMER,0,BLIND_RETRY,{},RETRY_NOW,1723.5575,SUCCESS,4627.0,,0
PAY_004749,876,NETWORK_ERROR,TEMPORARY,0,BLIND_RETRY,{},RETRY_NOW,425.736,SUCCESS,876.0,,0
PAY_004269,2332,INVALID_ACCOUNT,HARD,0,BLIND_RETRY,{},RETRY_NOW,71.126,FAILED,0.0,SINGLE_RETRY_EXHAUSTED,0
PAY_009879,8218,INSUFFICIENT_FUNDS,CUSTOMER,0,BLIND_RETRY,{},RETRY_NOW,1787.415,FAILED,0.0,SINGLE_RETRY_EXHAUSTED,0
PAY_008906,619,LIMIT_EXCEEDED,CUSTOMER,0,BLIND_RETRY,{},RETRY_NOW,152.893,FAILED,0.0,SINGLE_RETRY_EXHAUSTED,0
PAY_004187,861,LIMIT_EXCEEDED,CUSTOMER,0,BLIND_RETRY,{},RETRY_NOW,207.501,FAILED,0.0,SINGLE_RETRY_EXHAUSTED,0
PAY_005302,2270,CUSTOMER_DECLINED,HARD,0,BLIND_RETRY,{},RETRY_NOW,77.18,FAILED,0.0,SINGLE_RETRY_EXHAUSTED,0
PAY_002924,1015,GATEWAY_TIMEOUT,TEMPORARY,0,BLIND_RETRY,{},RETRY_NOW,552.1600000000001,SUCCESS,1015.0,,0
PAY_006589,1462,CARD_EXPIRED,CUSTOMER,0,BLIND_RETRY,{},RETRY_NOW,180.557,SUCCESS,1462.0,,0
PAY_001811,1039,PAYMENT_EXPIRED,HARD,0,BLIND_RETRY,{},RETRY_NOW,22.857999999999997,FAILED,0.0,SINGLE_RETRY_EXHAUSTED,0
PAY_003487,293,UPI_TECHNICAL_ERROR,TEMPORARY,0,BLIND_RETRY,{},RETRY_NOW,149.57649999999998,FAILED,0.0,SINGLE_RETRY_EXHAUSTED,0
PAY_007420,1300,BANK_TIMEOUT,TEMPORARY,0,BLIND_RETRY,{},RETRY_NOW,746.1999999999999,SUCCESS,1300.0,,0
PAY_003142,360,LIMIT_EXCEEDED,CUSTOMER,0,BLIND_RETRY,{},RETRY_NOW,87.3,FAILED,0.0,SINGLE_RETRY_EXHAUSTED,0
PAY_009348,254,INSUFFICIENT_FUNDS,CUSTOMER,0,BLIND_RETRY,{},RETRY_NOW,43.053000000000004,FAILED,0.0,SINGLE_RETRY_EXHAUSTED,0
PAY_001325,204,LIMIT_EXCEEDED,CUSTOMER,0,BLIND_RETRY,{},RETRY_NOW,50.388,FAILED,0.0,SINGLE_RETRY_EXHAUSTED,0
PAY_004313,2787,LIMIT_EXCEEDED,CUSTOMER,0,BLIND_RETRY,{},RETRY_NOW,696.75,FAILED,0.0,SINGLE_RETRY_EXHAUSTED,0
PAY_007495,327,UPI_TECHNICAL_ERROR,TEMPORARY,0,BLIND_RETRY,{},RETRY_NOW,173.8005,FAILED,0.0,SINGLE_RETRY_EXHAUSTED,0
PAY_008703,987,BANK_TIMEOUT,TEMPORARY,0,BLIND_RETRY,{},RETRY_NOW,572.4599999999999,SUCCESS,987.0,,0
PAY_008692,151,UPI_TECHNICAL_ERROR,TEMPORARY,0,BLIND_RETRY,{},RETRY_NOW,74.594,FAILED,0.0,SINGLE_RETRY_EXHAUSTED,0
PAY_009504,238,INSUFFICIENT_FUNDS,CUSTOMER,0,BLIND_RETRY,{},RETRY_NOW,44.982,FAILED,0.0,SINGLE_RETRY_EXHAUSTED,0
PAY_005542,1010,NETWORK_ERROR,TEMPORARY,0,BLIND_RETRY,{},RETRY_NOW,501.465,SUCCESS,1010.0,,0
PAY_006173,283,PAYMENT_EXPIRED,HARD,0,BLIND_RETRY,{},RETRY_NOW,5.377,FAILED,0.0,SINGLE_RETRY_EXHAUSTED,0
PAY_001541,1557,UPI_TECHNICAL_ERROR,TEMPORARY,0,BLIND_RETRY,{},RETRY_NOW,797.184,FAILED,0.0,SINGLE_RETRY_EXHAUSTED,0
PAY_009410,99,BANK_TIMEOUT,TEMPORARY,0,BLIND_RETRY,{},RETRY_NOW,58.311,SUCCESS,99.0,,0
PAY_002682,1324,LIMIT_EXCEEDED,CUSTOMER,0,BLIND_RETRY,{},RETRY_NOW,315.11199999999997,FAILED,0.0,SINGLE_RETRY_EXHAUSTED,0
PAY_009883,99,UPI_TECHNICAL_ERROR,TEMPORARY,0,BLIND_RETRY,{},RETRY_NOW,52.024499999999996,SUCCESS,99.0,,0
PAY_006314,1348,UPI_TECHNICAL_ERROR,TEMPORARY,0,BLIND_RETRY,{},RETRY_NOW,694.22,FAILED,0.0,SINGLE_RETRY_EXHAUSTED,0
PAY_001192,435,UPI_TECHNICAL_ERROR,TEMPORARY,0,BLIND_RETRY,{},RETRY_NOW,222.72,SUCCESS,435.0,,0
PAY_005294,414,LIMIT_EXCEEDED,CUSTOMER,0,BLIND_RETRY,{},RETRY_NOW,97.28999999999999,FAILED,0.0,SINGLE_RETRY_EXHAUSTED,0
PAY_001543,6194,INVALID_ACCOUNT,HARD,0,BLIND_RETRY,{},RETRY_NOW,170.335,FAILED,0.0,SINGLE_RETRY_EXHAUSTED,0
PAY_007057,5146,BANK_TIMEOUT,TEMPORARY,0,BLIND_RETRY,{},RETRY_NOW,2915.209,SUCCESS,5146.0,,0
PAY_002540,99,LIMIT_EXCEEDED,CUSTOMER,0,BLIND_RETRY,{},RETRY_NOW,22.374000000000002,FAILED,0.0,SINGLE_RETRY_EXHAUSTED,0
PAY_000954,1525,INVALID_ACCOUNT,HARD,0,BLIND_RETRY,{},RETRY_NOW,60.2375,FAILED,0.0,SINGLE_RETRY_EXHAUSTED,0
PAY_007242,1327,GATEWAY_TIMEOUT,TEMPORARY,0,BLIND_RETRY,{},RETRY_NOW,709.945,FAILED,0.0,SINGLE_RETRY_EXHAUSTED,0
PAY_006732,1158,BANK_TIMEOUT,TEMPORARY,0,BLIND_RETRY,{},RETRY_NOW,624.741,SUCCESS,1158.0,,0
PAY_004847,2382,GATEWAY_TIMEOUT,TEMPORARY,0,BLIND_RETRY,{},RETRY_NOW,1256.5049999999999,SUCCESS,2382.0,,0
PAY_006802,1248,UPI_TECHNICAL_ERROR,TEMPORARY,0,BLIND_RETRY,{},RETRY_NOW,659.568,SUCCESS,1248.0,,0
PAY_008011,226,BANK_TIMEOUT,TEMPORARY,0,BLIND_RETRY,{},RETRY_NOW,129.724,SUCCESS,226.0,,0
PAY_004331,347,INSUFFICIENT_FUNDS,CUSTOMER,0,BLIND_RETRY,{},RETRY_NOW,77.5545,FAILED,0.0,SINGLE_RETRY_EXHAUSTED,0
PAY_008925,1027,GATEWAY_TIMEOUT,TEMPORARY,0,BLIND_RETRY,{},RETRY_NOW,555.6070000000001,SUCCESS,1027.0,,0
PAY_005335,2428,GATEWAY_TIMEOUT,TEMPORARY,0,BLIND_RETRY,{},RETRY_NOW,1291.6960000000001,SUCCESS,2428.0,,0
PAY_007331,4777,BANK_TIMEOUT,TEMPORARY,0,BLIND_RETRY,{},RETRY_NOW,2835.1495,SUCCESS,4777.0,,0
PAY_009349,248,NETWORK_ERROR,TEMPORARY,0,BLIND_RETRY,{},RETRY_NOW,123.504,FAILED,0.0,SINGLE_RETRY_EXHAUSTED,0
PAY_004730,726,GATEWAY_TIMEOUT,TEMPORARY,0,BLIND_RETRY,{},RETRY_NOW,399.3,FAILED,0.0,SINGLE_RETRY_EXHAUSTED,0
PAY_006542,99,AUTHENTICATION_FAILED,CUSTOMER,0,BLIND_RETRY,{},RETRY_NOW,37.323,SUCCESS,99.0,,0
PAY_005306,110,BANK_TIMEOUT,TEMPORARY,0,BLIND_RETRY,{},RETRY_NOW,61.160000000000004,SUCCESS,110.0,,0
PAY_005162,320,BANK_TIMEOUT,TEMPORARY,0,BLIND_RETRY,{},RETRY_NOW,183.2,SUCCESS,320.0,,0
PAY_007861,553,LIMIT_EXCEEDED,CUSTOMER,0,BLIND_RETRY,{},RETRY_NOW,131.614,FAILED,0.0,SINGLE_RETRY_EXHAUSTED,0
PAY_002157,1897,BANK_TIMEOUT,TEMPORARY,0,BLIND_RETRY,{},RETRY_NOW,1097.4145,SUCCESS,1897.0,,0
PAY_001063,1599,LIMIT_EXCEEDED,CUSTOMER,0,BLIND_RETRY,{},RETRY_NOW,344.5845,FAILED,0.0,SINGLE_RETRY_EXHAUSTED,0
PAY_001168,396,NETWORK_ERROR,TEMPORARY,0,BLIND_RETRY,{},RETRY_NOW,194.238,SUCCESS,396.0,,0
PAY_003637,441,INVALID_ACCOUNT,HARD,0,BLIND_RETRY,{},RETRY_NOW,15.435000000000002,FAILED,0.0,SINGLE_RETRY_EXHAUSTED,0
PAY_007652,653,AUTHENTICATION_FAILED,CUSTOMER,0,BLIND_RETRY,{},RETRY_NOW,251.07850000000002,FAILED,0.0,SINGLE_RETRY_EXHAUSTED,0
PAY_005589,356,UPI_TECHNICAL_ERROR,TEMPORARY,0,BLIND_RETRY,{},RETRY_NOW,187.07799999999997,FAILED,0.0,SINGLE_RETRY_EXHAUSTED,0
PAY_007193,2066,GATEWAY_TIMEOUT,TEMPORARY,0,BLIND_RETRY,{},RETRY_NOW,1142.498,FAILED,0.0,SINGLE_RETRY_EXHAUSTED,0
PAY_004492,1447,INSUFFICIENT_FUNDS,CUSTOMER,0,BLIND_RETRY,{},RETRY_NOW,301.6995,FAILED,0.0,SINGLE_RETRY_EXHAUSTED,0
PAY_007267,986,CARD_EXPIRED,CUSTOMER,0,BLIND_RETRY,{},RETRY_NOW,117.33399999999999,SUCCESS,986.0,,0
PAY_004981,125,BANK_TIMEOUT,TEMPORARY,0,BLIND_RETRY,{},RETRY_NOW,70.625,SUCCESS,125.0,,0
PAY_008336,484,GATEWAY_TIMEOUT,TEMPORARY,0,BLIND_RETRY,{},RETRY_NOW,272.734,SUCCESS,484.0,,0
PAY_009953,1074,GATEWAY_TIMEOUT,TEMPORARY,0,BLIND_RETRY,{},RETRY_NOW,605.199,FAILED,0.0,SINGLE_RETRY_EXHAUSTED,0
PAY_004947,350,GATEWAY_TIMEOUT,TEMPORARY,0,BLIND_RETRY,{},RETRY_NOW,194.60000000000002,SUCCESS,350.0,,0
PAY_002783,362,GATEWAY_TIMEOUT,TEMPORARY,0,BLIND_RETRY,{},RETRY_NOW,197.471,SUCCESS,362.0,,0
PAY_000718,550,BLOCKED_METHOD,HARD,0,BLIND_RETRY,{},RETRY_NOW,35.475,FAILED,0.0,SINGLE_RETRY_EXHAUSTED,0
PAY_002503,613,UPI_TECHNICAL_ERROR,TEMPORARY,0,BLIND_RETRY,{},RETRY_NOW,314.77549999999997,FAILED,0.0,SINGLE_RETRY_EXHAUSTED,0
PAY_004361,290,AUTHENTICATION_FAILED,CUSTOMER,0,BLIND_RETRY,{},RETRY_NOW,103.675,FAILED,0.0,SINGLE_RETRY_EXHAUSTED,0
PAY_004172,3677,NETWORK_ERROR,TEMPORARY,0,BLIND_RETRY,{},RETRY_NOW,1880.7854999999997,SUCCESS,3677.0,,0
PAY_008083,283,GATEWAY_TIMEOUT,TEMPORARY,0,BLIND_RETRY,{},RETRY_NOW,150.556,FAILED,0.0,SINGLE_RETRY_EXHAUSTED,0
PAY_009761,208,AUTHENTICATION_FAILED,CUSTOMER,0,BLIND_RETRY,{},RETRY_NOW,72.488,FAILED,0.0,SINGLE_RETRY_EXHAUSTED,0
PAY_000396,559,NETWORK_ERROR,TEMPORARY,0,BLIND_RETRY,{},RETRY_NOW,290.12100000000004,FAILED,0.0,SINGLE_RETRY_EXHAUSTED,0
PAY_007187,1970,CARD_EXPIRED,CUSTOMER,0,BLIND_RETRY,{},RETRY_NOW,213.745,FAILED,0.0,SINGLE_RETRY_EXHAUSTED,0
PAY_009823,393,CARD_EXPIRED,CUSTOMER,0,BLIND_RETRY,{},RETRY_NOW,37.335,FAILED,0.0,SINGLE_RETRY_EXHAUSTED,0
PAY_004493,120,BANK_TIMEOUT,TEMPORARY,0,BLIND_RETRY,{},RETRY_NOW,70.5,FAILED,0.0,SINGLE_RETRY_EXHAUSTED,0
PAY_001366,1650,LIMIT_EXCEEDED,CUSTOMER,0,BLIND_RETRY,{},RETRY_NOW,424.875,FAILED,0.0,SINGLE_RETRY_EXHAUSTED,0
PAY_009527,370,BANK_TIMEOUT,TEMPORARY,0,BLIND_RETRY,{},RETRY_NOW,216.26500000000001,FAILED,0.0,SINGLE_RETRY_EXHAUSTED,0
PAY_008788,802,GATEWAY_TIMEOUT,TEMPORARY,0,BLIND_RETRY,{},RETRY_NOW,413.431,SUCCESS,802.0,,0
PAY_005918,311,PAYMENT_EXPIRED,HARD,0,BLIND_RETRY,{},RETRY_NOW,12.906500000000001,SUCCESS,311.0,,0
PAY_004969,136,GATEWAY_TIMEOUT,TEMPORARY,0,BLIND_RETRY,{},RETRY_NOW,74.39200000000001,SUCCESS,136.0,,0
PAY_002915,3619,LIMIT_EXCEEDED,CUSTOMER,0,BLIND_RETRY,{},RETRY_NOW,817.894,FAILED,0.0,SINGLE_RETRY_EXHAUSTED,0
PAY_005645,151,AUTHENTICATION_FAILED,CUSTOMER,0,BLIND_RETRY,{},RETRY_NOW,57.38,FAILED,0.0,SINGLE_RETRY_EXHAUSTED,0
PAY_003767,427,INSUFFICIENT_FUNDS,CUSTOMER,0,BLIND_RETRY,{},RETRY_NOW,92.232,FAILED,0.0,SINGLE_RETRY_EXHAUSTED,0
PAY_003441,632,NETWORK_ERROR,TEMPORARY,0,BLIND_RETRY,{},RETRY_NOW,319.47599999999994,SUCCESS,632.0,,0
PAY_007358,3120,LIMIT_EXCEEDED,CUSTOMER,0,BLIND_RETRY,{},RETRY_NOW,761.28,SUCCESS,3120.0,,0
PAY_006807,12435,LIMIT_EXCEEDED,CUSTOMER,0,BLIND_RETRY,{},RETRY_NOW,2661.09,FAILED,0.0,SINGLE_RETRY_EXHAUSTED,0
PAY_002144,9946,NETWORK_ERROR,TEMPORARY,0,BLIND_RETRY,{},RETRY_NOW,4893.432,SUCCESS,9946.0,,0
PAY_005105,445,NETWORK_ERROR,TEMPORARY,0,BLIND_RETRY,{},RETRY_NOW,212.265,SUCCESS,445.0,,0
PAY_005074,718,NETWORK_ERROR,TEMPORARY,0,BLIND_RETRY,{},RETRY_NOW,351.102,FAILED,0.0,SINGLE_RETRY_EXHAUSTED,0
PAY_001572,280,INSUFFICIENT_FUNDS,CUSTOMER,0,BLIND_RETRY,{},RETRY_NOW,54.18,FAILED,0.0,SINGLE_RETRY_EXHAUSTED,0
PAY_004080,213,LIMIT_EXCEEDED,CUSTOMER,0,BLIND_RETRY,{},RETRY_NOW,55.4865,FAILED,0.0,SINGLE_RETRY_EXHAUSTED,0
PAY_001123,177,BANK_TIMEOUT,TEMPORARY,0,BLIND_RETRY,{},RETRY_NOW,101.3325,FAILED,0.0,SINGLE_RETRY_EXHAUSTED,0
PAY_002787,4422,BLOCKED_METHOD,HARD,0,BLIND_RETRY,{},RETRY_NOW,198.98999999999998,FAILED,0.0,SINGLE_RETRY_EXHAUSTED,0
PAY_002968,364,BANK_TIMEOUT,TEMPORARY,0,BLIND_RETRY,{},RETRY_NOW,203.47600000000003,SUCCESS,364.0,,0
PAY_002505,151,GATEWAY_TIMEOUT,TEMPORARY,0,BLIND_RETRY,{},RETRY_NOW,78.06700000000001,SUCCESS,151.0,,0
PAY_005989,1594,BANK_TIMEOUT,TEMPORARY,0,BLIND_RETRY,{},RETRY_NOW,895.8280000000001,SUCCESS,1594.0,,0
PAY_008868,101,UPI_TECHNICAL_ERROR,TEMPORARY,0,BLIND_RETRY,{},RETRY_NOW,52.1665,FAILED,0.0,SINGLE_RETRY_EXHAUSTED,0
PAY_007165,305,NETWORK_ERROR,TEMPORARY,0,BLIND_RETRY,{},RETRY_NOW,152.3475,SUCCESS,305.0,,0
PAY_000729,472,CARD_EXPIRED,CUSTOMER,0,BLIND_RETRY,{},RETRY_NOW,51.92,SUCCESS,472.0,,0
PAY_007588,344,GATEWAY_TIMEOUT,TEMPORARY,0,BLIND_RETRY,{},RETRY_NOW,184.04000000000002,FAILED,0.0,SINGLE_RETRY_EXHAUSTED,0
PAY_007544,269,GATEWAY_TIMEOUT,TEMPORARY,0,BLIND_RETRY,{},RETRY_NOW,148.757,FAILED,0.0,SINGLE_RETRY_EXHAUSTED,0
PAY_000413,554,LIMIT_EXCEEDED,CUSTOMER,0,BLIND_RETRY,{},RETRY_NOW,137.669,SUCCESS,554.0,,0
PAY_005746,1204,INSUFFICIENT_FUNDS,CUSTOMER,0,BLIND_RETRY,{},RETRY_NOW,240.198,FAILED,0.0,SINGLE_RETRY_EXHAUSTED,0
PAY_007669,2212,CUSTOMER_DECLINED,HARD,0,BLIND_RETRY,{},RETRY_NOW,98.434,FAILED,0.0,SINGLE_RETRY_EXHAUSTED,0
PAY_000826,11172,PAYMENT_EXPIRED,HARD,0,BLIND_RETRY,{},RETRY_NOW,346.332,FAILED,0.0,SINGLE_RETRY_EXHAUSTED,0
PAY_003268,583,GATEWAY_TIMEOUT,TEMPORARY,0,BLIND_RETRY,{},RETRY_NOW,309.2815,FAILED,0.0,SINGLE_RETRY_EXHAUSTED,0
PAY_003975,680,BANK_TIMEOUT,TEMPORARY,0,BLIND_RETRY,{},RETRY_NOW,387.26,SUCCESS,680.0,,0
PAY_008809,603,CARD_EXPIRED,CUSTOMER,0,BLIND_RETRY,{},RETRY_NOW,69.04350000000001,SUCCESS,603.0,,0
PAY_008307,714,NETWORK_ERROR,TEMPORARY,0,BLIND_RETRY,{},RETRY_NOW,365.21099999999996,FAILED,0.0,SINGLE_RETRY_EXHAUSTED,0
PAY_000418,571,INSUFFICIENT_FUNDS,CUSTOMER,0,BLIND_RETRY,{},RETRY_NOW,115.62750000000001,FAILED,0.0,SINGLE_RETRY_EXHAUSTED,0
PAY_006749,567,BANK_TIMEOUT,TEMPORARY,0,BLIND_RETRY,{},RETRY_NOW,322.9065,FAILED,0.0,SINGLE_RETRY_EXHAUSTED,0
PAY_008968,224,GATEWAY_TIMEOUT,TEMPORARY,0,BLIND_RETRY,{},RETRY_NOW,123.87200000000001,SUCCESS,224.0,,0
PAY_002083,1126,INSUFFICIENT_FUNDS,CUSTOMER,0,BLIND_RETRY,{},RETRY_NOW,217.881,FAILED,0.0,SINGLE_RETRY_EXHAUSTED,0
PAY_008946,99,INSUFFICIENT_FUNDS,CUSTOMER,0,BLIND_RETRY,{},RETRY_NOW,21.2355,FAILED,0.0,SINGLE_RETRY_EXHAUSTED,0
PAY_003374,587,BANK_TIMEOUT,TEMPORARY,0,BLIND_RETRY,{},RETRY_NOW,328.13300000000004,FAILED,0.0,SINGLE_RETRY_EXHAUSTED,0
PAY_005727,3981,BLOCKED_METHOD,HARD,0,BLIND_RETRY,{},RETRY_NOW,220.9455,FAILED,0.0,SINGLE_RETRY_EXHAUSTED,0
PAY_004108,206,BANK_TIMEOUT,TEMPORARY,0,BLIND_RETRY,{},RETRY_NOW,116.38999999999999,SUCCESS,206.0,,0
PAY_004381,2606,NETWORK_ERROR,TEMPORARY,0,BLIND_RETRY,{},RETRY_NOW,1344.6960000000001,SUCCESS,2606.0,,0
PAY_007724,838,BANK_TIMEOUT,TEMPORARY,0,BLIND_RETRY,{},RETRY_NOW,492.32500000000005,SUCCESS,838.0,,0
PAY_001067,171,BANK_TIMEOUT,TEMPORARY,0,BLIND_RETRY,{},RETRY_NOW,101.4885,SUCCESS,171.0,,0
PAY_003914,380,BANK_TIMEOUT,TEMPORARY,0,BLIND_RETRY,{},RETRY_NOW,209.00000000000003,FAILED,0.0,SINGLE_RETRY_EXHAUSTED,0
PAY_005537,11575,INSUFFICIENT_FUNDS,CUSTOMER,0,BLIND_RETRY,{},RETRY_NOW,2587.0125000000003,FAILED,0.0,SINGLE_RETRY_EXHAUSTED,0
PAY_008003,643,GATEWAY_TIMEOUT,TEMPORARY,0,BLIND_RETRY,{},RETRY_NOW,347.863,FAILED,0.0,SINGLE_RETRY_EXHAUSTED,0
PAY_005388,255,INSUFFICIENT_FUNDS,CUSTOMER,0,BLIND_RETRY,{},RETRY_NOW,52.402499999999996,FAILED,0.0,SINGLE_RETRY_EXHAUSTED,0
PAY_005733,311,LIMIT_EXCEEDED,CUSTOMER,0,BLIND_RETRY,{},RETRY_NOW,69.353,FAILED,0.0,SINGLE_RETRY_EXHAUSTED,0
PAY_002739,599,UPI_TECHNICAL_ERROR,TEMPORARY,0,BLIND_RETRY,{},RETRY_NOW,303.094,FAILED,0.0,SINGLE_RETRY_EXHAUSTED,0
PAY_005053,234,INSUFFICIENT_FUNDS,CUSTOMER,0,BLIND_RETRY,{},RETRY_NOW,46.332,SUCCESS,234.0,,0
PAY_004001,197,NETWORK_ERROR,TEMPORARY,0,BLIND_RETRY,{},RETRY_NOW,101.3565,FAILED,0.0,SINGLE_RETRY_EXHAUSTED,0
PAY_002428,356,GATEWAY_TIMEOUT,TEMPORARY,0,BLIND_RETRY,{},RETRY_NOW,193.13,FAILED,0.0,SINGLE_RETRY_EXHAUSTED,0
PAY_006834,1802,PAYMENT_EXPIRED,HARD,0,BLIND_RETRY,{},RETRY_NOW,26.129,FAILED,0.0,SINGLE_RETRY_EXHAUSTED,0
PAY_001688,906,INSUFFICIENT_FUNDS,CUSTOMER,0,BLIND_RETRY,{},RETRY_NOW,187.542,SUCCESS,906.0,,0
PAY_000852,4733,BANK_TIMEOUT,TEMPORARY,0,BLIND_RETRY,{},RETRY_NOW,2723.8415,SUCCESS,4733.0,,0
PAY_006304,946,INSUFFICIENT_FUNDS,CUSTOMER,0,BLIND_RETRY,{},RETRY_NOW,180.213,SUCCESS,946.0,,0
PAY_009088,121,GATEWAY_TIMEOUT,TEMPORARY,0,BLIND_RETRY,{},RETRY_NOW,67.0945,SUCCESS,121.0,,0
PAY_005879,2455,GATEWAY_TIMEOUT,TEMPORARY,0,BLIND_RETRY,{},RETRY_NOW,1295.0124999999998,FAILED,0.0,SINGLE_RETRY_EXHAUSTED,0
PAY_008528,435,INSUFFICIENT_FUNDS,CUSTOMER,0,BLIND_RETRY,{},RETRY_NOW,74.385,FAILED,0.0,SINGLE_RETRY_EXHAUSTED,0
PAY_002840,4857,CARD_EXPIRED,CUSTOMER,0,BLIND_RETRY,{},RETRY_NOW,548.841,FAILED,0.0,SINGLE_RETRY_EXHAUSTED,0
PAY_004612,99,AUTHENTICATION_FAILED,CUSTOMER,0,BLIND_RETRY,{},RETRY_NOW,35.3925,FAILED,0.0,SINGLE_RETRY_EXHAUSTED,0
PAY_009541,266,BLOCKED_METHOD,HARD,0,BLIND_RETRY,{},RETRY_NOW,17.157,FAILED,0.0,SINGLE_RETRY_EXHAUSTED,0
PAY_009208,486,BLOCKED_METHOD,HARD,0,BLIND_RETRY,{},RETRY_NOW,18.954,FAILED,0.0,SINGLE_RETRY_EXHAUSTED,0
PAY_002490,912,CARD_EXPIRED,CUSTOMER,0,BLIND_RETRY,{},RETRY_NOW,103.056,FAILED,0.0,SINGLE_RETRY_EXHAUSTED,0
PAY_006906,718,INSUFFICIENT_FUNDS,CUSTOMER,0,BLIND_RETRY,{},RETRY_NOW,137.856,FAILED,0.0,SINGLE_RETRY_EXHAUSTED,0
PAY_007391,1427,INSUFFICIENT_FUNDS,CUSTOMER,0,BLIND_RETRY,{},RETRY_NOW,299.67,FAILED,0.0,SINGLE_RETRY_EXHAUSTED,0
PAY_002850,632,NETWORK_ERROR,TEMPORARY,0,BLIND_RETRY,{},RETRY_NOW,302.412,FAILED,0.0,SINGLE_RETRY_EXHAUSTED,0
PAY_006666,265,AUTHENTICATION_FAILED,CUSTOMER,0,BLIND_RETRY,{},RETRY_NOW,91.955,FAILED,0.0,SINGLE_RETRY_EXHAUSTED,0
PAY_005882,459,CUSTOMER_DECLINED,HARD,0,BLIND_RETRY,{},RETRY_NOW,7.344,FAILED,0.0,SINGLE_RETRY_EXHAUSTED,0
PAY_004453,3505,UPI_TECHNICAL_ERROR,TEMPORARY,0,BLIND_RETRY,{},RETRY_NOW,1878.68,FAILED,0.0,SINGLE_RETRY_EXHAUSTED,0
PAY_007422,110,LIMIT_EXCEEDED,CUSTOMER,0,BLIND_RETRY,{},RETRY_NOW,25.355,FAILED,0.0,SINGLE_RETRY_EXHAUSTED,0
PAY_006485,1799,AUTHENTICATION_FAILED,CUSTOMER,0,BLIND_RETRY,{},RETRY_NOW,659.3335,SUCCESS,1799.0,,0
PAY_002480,1003,GATEWAY_TIMEOUT,TEMPORARY,0,BLIND_RETRY,{},RETRY_NOW,551.6500000000001,SUCCESS,1003.0,,0
PAY_006618,717,INSUFFICIENT_FUNDS,CUSTOMER,0,BLIND_RETRY,{},RETRY_NOW,140.8905,FAILED,0.0,SINGLE_RETRY_EXHAUSTED,0
PAY_002142,24420,GATEWAY_TIMEOUT,TEMPORARY,0,BLIND_RETRY,{},RETRY_NOW,13394.369999999999,FAILED,0.0,SINGLE_RETRY_EXHAUSTED,0
PAY_005189,99,GATEWAY_TIMEOUT,TEMPORARY,0,BLIND_RETRY,{},RETRY_NOW,54.74700000000001,SUCCESS,99.0,,0
PAY_009705,326,GATEWAY_TIMEOUT,TEMPORARY,0,BLIND_RETRY,{},RETRY_NOW,179.3,FAILED,0.0,SINGLE_RETRY_EXHAUSTED,0
PAY_002745,622,INSUFFICIENT_FUNDS,CUSTOMER,0,BLIND_RETRY,{},RETRY_NOW,139.017,FAILED,0.0,SINGLE_RETRY_EXHAUSTED,0
PAY_007254,519,AUTHENTICATION_FAILED,CUSTOMER,0,BLIND_RETRY,{},RETRY_NOW,187.0995,FAILED,0.0,SINGLE_RETRY_EXHAUSTED,0
PAY_003507,2026,GATEWAY_TIMEOUT,TEMPORARY,0,BLIND_RETRY,{},RETRY_NOW,1108.222,SUCCESS,2026.0,,0
PAY_001680,7438,BLOCKED_METHOD,HARD,0,BLIND_RETRY,{},RETRY_NOW,390.495,FAILED,0.0,SINGLE_RETRY_EXHAUSTED,0
PAY_004250,5221,GATEWAY_TIMEOUT,TEMPORARY,0,BLIND_RETRY,{},RETRY_NOW,2754.0775,SUCCESS,5221.0,,0
PAY_003148,239,GATEWAY_TIMEOUT,TEMPORARY,0,BLIND_RETRY,{},RETRY_NOW,129.299,SUCCESS,239.0,,0
PAY_008131,174,GATEWAY_TIMEOUT,TEMPORARY,0,BLIND_RETRY,{},RETRY_NOW,93.87299999999999,SUCCESS,174.0,,0
PAY_007005,3729,BANK_TIMEOUT,TEMPORARY,0,BLIND_RETRY,{},RETRY_NOW,2112.4785,FAILED,0.0,SINGLE_RETRY_EXHAUSTED,0
PAY_000581,1454,INSUFFICIENT_FUNDS,CUSTOMER,0,BLIND_RETRY,{},RETRY_NOW,298.79699999999997,FAILED,0.0,SINGLE_RETRY_EXHAUSTED,0
PAY_004071,969,LIMIT_EXCEEDED,CUSTOMER,0,BLIND_RETRY,{},RETRY_NOW,227.71499999999997,FAILED,0.0,SINGLE_RETRY_EXHAUSTED,0
PAY_003344,3032,AUTHENTICATION_FAILED,CUSTOMER,0,BLIND_RETRY,{},RETRY_NOW,1115.776,SUCCESS,3032.0,,0
PAY_007405,2209,INSUFFICIENT_FUNDS,CUSTOMER,0,BLIND_RETRY,{},RETRY_NOW,420.8145,FAILED,0.0,SINGLE_RETRY_EXHAUSTED,0
PAY_003673,306,BANK_TIMEOUT,TEMPORARY,0,BLIND_RETRY,{},RETRY_NOW,165.54600000000002,SUCCESS,306.0,,0
PAY_000560,1284,INVALID_ACCOUNT,HARD,0,BLIND_RETRY,{},RETRY_NOW,44.940000000000005,FAILED,0.0,SINGLE_RETRY_EXHAUSTED,0
PAY_005238,1672,CUSTOMER_DECLINED,HARD,0,BLIND_RETRY,{},RETRY_NOW,56.848000000000006,FAILED,0.0,SINGLE_RETRY_EXHAUSTED,0
PAY_007806,506,UPI_TECHNICAL_ERROR,TEMPORARY,0,BLIND_RETRY,{},RETRY_NOW,253.759,SUCCESS,506.0,,0
PAY_000513,7824,CARD_EXPIRED,CUSTOMER,0,BLIND_RETRY,{},RETRY_NOW,860.64,SUCCESS,7824.0,,0
PAY_001082,105,BANK_TIMEOUT,TEMPORARY,0,BLIND_RETRY,{},RETRY_NOW,61.057500000000005,FAILED,0.0,SINGLE_RETRY_EXHAUSTED,0
PAY_001665,1203,INSUFFICIENT_FUNDS,CUSTOMER,0,BLIND_RETRY,{},RETRY_NOW,241.80300000000003,FAILED,0.0,SINGLE_RETRY_EXHAUSTED,0
PAY_009205,3486,GATEWAY_TIMEOUT,TEMPORARY,0,BLIND_RETRY,{},RETRY_NOW,1953.903,SUCCESS,3486.0,,0
PAY_001932,783,INSUFFICIENT_FUNDS,CUSTOMER,0,BLIND_RETRY,{},RETRY_NOW,158.5575,FAILED,0.0,SINGLE_RETRY_EXHAUSTED,0
PAY_009667,690,LIMIT_EXCEEDED,CUSTOMER,0,BLIND_RETRY,{},RETRY_NOW,174.57,FAILED,0.0,SINGLE_RETRY_EXHAUSTED,0
PAY_001151,458,NETWORK_ERROR,TEMPORARY,0,BLIND_RETRY,{},RETRY_NOW,232.206,SUCCESS,458.0,,0
PAY_002839,1435,BANK_TIMEOUT,TEMPORARY,0,BLIND_RETRY,{},RETRY_NOW,812.9275,SUCCESS,1435.0,,0
PAY_005950,3273,BANK_TIMEOUT,TEMPORARY,0,BLIND_RETRY,{},RETRY_NOW,1839.4260000000002,FAILED,0.0,SINGLE_RETRY_EXHAUSTED,0
PAY_008309,917,CUSTOMER_DECLINED,HARD,0,BLIND_RETRY,{},RETRY_NOW,38.0555,SUCCESS,917.0,,0
PAY_008933,310,GATEWAY_TIMEOUT,TEMPORARY,0,BLIND_RETRY,{},RETRY_NOW,165.85000000000002,FAILED,0.0,SINGLE_RETRY_EXHAUSTED,0
PAY_009789,432,BANK_TIMEOUT,TEMPORARY,0,BLIND_RETRY,{},RETRY_NOW,251.856,FAILED,0.0,SINGLE_RETRY_EXHAUSTED,0
PAY_005178,666,UPI_TECHNICAL_ERROR,TEMPORARY,0,BLIND_RETRY,{},RETRY_NOW,357.97499999999997,FAILED,0.0,SINGLE_RETRY_EXHAUSTED,0
PAY_000831,671,NETWORK_ERROR,TEMPORARY,0,BLIND_RETRY,{},RETRY_NOW,342.21,SUCCESS,671.0,,0
PAY_008312,398,INSUFFICIENT_FUNDS,CUSTOMER,0,BLIND_RETRY,{},RETRY_NOW,74.625,FAILED,0.0,SINGLE_RETRY_EXHAUSTED,0
PAY_004753,246,INSUFFICIENT_FUNDS,CUSTOMER,0,BLIND_RETRY,{},RETRY_NOW,50.553,SUCCESS,246.0,,0
PAY_009851,2002,UPI_TECHNICAL_ERROR,TEMPORARY,0,BLIND_RETRY,{},RETRY_NOW,1058.057,FAILED,0.0,SINGLE_RETRY_EXHAUSTED,0
PAY_000636,463,BANK_TIMEOUT,TEMPORARY,0,BLIND_RETRY,{},RETRY_NOW,260.9005,SUCCESS,463.0,,0
PAY_004466,3323,LIMIT_EXCEEDED,CUSTOMER,0,BLIND_RETRY,{},RETRY_NOW,746.0135,FAILED,0.0,SINGLE_RETRY_EXHAUSTED,0
PAY_006800,354,BANK_TIMEOUT,TEMPORARY,0,BLIND_RETRY,{},RETRY_NOW,201.07199999999997,SUCCESS,354.0,,0
PAY_007988,313,INSUFFICIENT_FUNDS,CUSTOMER,0,BLIND_RETRY,{},RETRY_NOW,63.852,FAILED,0.0,SINGLE_RETRY_EXHAUSTED,0
PAY_007080,1701,NETWORK_ERROR,TEMPORARY,0,BLIND_RETRY,{},RETRY_NOW,859.8554999999999,SUCCESS,1701.0,,0
PAY_006967,660,LIMIT_EXCEEDED,CUSTOMER,0,BLIND_RETRY,{},RETRY_NOW,169.95000000000002,FAILED,0.0,SINGLE_RETRY_EXHAUSTED,0
PAY_004143,703,GATEWAY_TIMEOUT,TEMPORARY,0,BLIND_RETRY,{},RETRY_NOW,372.94149999999996,SUCCESS,703.0,,0
PAY_007028,230,BANK_TIMEOUT,TEMPORARY,0,BLIND_RETRY,{},RETRY_NOW,127.535,FAILED,0.0,SINGLE_RETRY_EXHAUSTED,0
PAY_009184,793,INSUFFICIENT_FUNDS,CUSTOMER,0,BLIND_RETRY,{},RETRY_NOW,148.6875,FAILED,0.0,SINGLE_RETRY_EXHAUSTED,0
PAY_000877,1920,BANK_TIMEOUT,TEMPORARY,0,BLIND_RETRY,{},RETRY_NOW,1047.36,SUCCESS,1920.0,,0
PAY_004870,889,CUSTOMER_DECLINED,HARD,0,BLIND_RETRY,{},RETRY_NOW,15.557500000000001,FAILED,0.0,SINGLE_RETRY_EXHAUSTED,0
PAY_005316,832,BANK_TIMEOUT,TEMPORARY,0,BLIND_RETRY,{},RETRY_NOW,473.824,FAILED,0.0,SINGLE_RETRY_EXHAUSTED,0
PAY_005223,253,CARD_EXPIRED,CUSTOMER,0,BLIND_RETRY,{},RETRY_NOW,27.070999999999998,FAILED,0.0,SINGLE_RETRY_EXHAUSTED,0
PAY_000005,1945,NETWORK_ERROR,TEMPORARY,0,BLIND_RETRY,{},RETRY_NOW,939.435,SUCCESS,1945.0,,0
PAY_003052,517,BANK_TIMEOUT,TEMPORARY,0,BLIND_RETRY,{},RETRY_NOW,293.65599999999995,SUCCESS,517.0,,0
PAY_005692,1100,NETWORK_ERROR,TEMPORARY,0,BLIND_RETRY,{},RETRY_NOW,529.65,SUCCESS,1100.0,,0
PAY_003125,158,BANK_TIMEOUT,TEMPORARY,0,BLIND_RETRY,{},RETRY_NOW,93.536,FAILED,0.0,SINGLE_RETRY_EXHAUSTED,0
PAY_002492,530,BANK_TIMEOUT,TEMPORARY,0,BLIND_RETRY,{},RETRY_NOW,312.16999999999996,FAILED,0.0,SINGLE_RETRY_EXHAUSTED,0
PAY_003855,1475,BLOCKED_METHOD,HARD,0,BLIND_RETRY,{},RETRY_NOW,99.5625,SUCCESS,1475.0,,0
PAY_004778,465,CARD_EXPIRED,CUSTOMER,0,BLIND_RETRY,{},RETRY_NOW,49.755,FAILED,0.0,SINGLE_RETRY_EXHAUSTED,0
PAY_007510,3499,GATEWAY_TIMEOUT,TEMPORARY,0,BLIND_RETRY,{},RETRY_NOW,1924.45,SUCCESS,3499.0,,0
PAY_006458,1550,UPI_TECHNICAL_ERROR,TEMPORARY,0,BLIND_RETRY,{},RETRY_NOW,784.3,SUCCESS,1550.0,,0
PAY_006294,523,BANK_TIMEOUT,TEMPORARY,0,BLIND_RETRY,{},RETRY_NOW,288.4345,SUCCESS,523.0,,0
PAY_001149,851,INSUFFICIENT_FUNDS,CUSTOMER,0,BLIND_RETRY,{},RETRY_NOW,173.60399999999998,FAILED,0.0,SINGLE_RETRY_EXHAUSTED,0
PAY_000575,270,AUTHENTICATION_FAILED,CUSTOMER,0,BLIND_RETRY,{},RETRY_NOW,104.22,SUCCESS,270.0,,0
PAY_003770,2797,BANK_TIMEOUT,TEMPORARY,0,BLIND_RETRY,{},RETRY_NOW,1634.8465,FAILED,0.0,SINGLE_RETRY_EXHAUSTED,0
PAY_004147,582,UPI_TECHNICAL_ERROR,TEMPORARY,0,BLIND_RETRY,{},RETRY_NOW,309.33299999999997,SUCCESS,582.0,,0
PAY_000854,1460,CARD_EXPIRED,CUSTOMER,0,BLIND_RETRY,{},RETRY_NOW,110.22999999999999,FAILED,0.0,SINGLE_RETRY_EXHAUSTED,0
PAY_005920,292,NETWORK_ERROR,TEMPORARY,0,BLIND_RETRY,{},RETRY_NOW,152.862,FAILED,0.0,SINGLE_RETRY_EXHAUSTED,0
PAY_009359,582,BANK_TIMEOUT,TEMPORARY,0,BLIND_RETRY,{},RETRY_NOW,331.449,SUCCESS,582.0,,0
PAY_006615,2507,BANK_TIMEOUT,TEMPORARY,0,BLIND_RETRY,{},RETRY_NOW,1420.2155,SUCCESS,2507.0,,0
PAY_006003,557,BANK_TIMEOUT,TEMPORARY,0,BLIND_RETRY,{},RETRY_NOW,301.33700000000005,SUCCESS,557.0,,0
PAY_009164,743,GATEWAY_TIMEOUT,TEMPORARY,0,BLIND_RETRY,{},RETRY_NOW,418.6805,FAILED,0.0,SINGLE_RETRY_EXHAUSTED,0
PAY_004496,658,CARD_EXPIRED,CUSTOMER,0,BLIND_RETRY,{},RETRY_NOW,62.51,FAILED,0.0,SINGLE_RETRY_EXHAUSTED,0
PAY_008174,1958,BLOCKED_METHOD,HARD,0,BLIND_RETRY,{},RETRY_NOW,114.543,FAILED,0.0,SINGLE_RETRY_EXHAUSTED,0
PAY_006656,968,INSUFFICIENT_FUNDS,CUSTOMER,0,BLIND_RETRY,{},RETRY_NOW,197.47199999999998,FAILED,0.0,SINGLE_RETRY_EXHAUSTED,0
PAY_002369,273,UPI_TECHNICAL_ERROR,TEMPORARY,0,BLIND_RETRY,{},RETRY_NOW,146.328,FAILED,0.0,SINGLE_RETRY_EXHAUSTED,0
PAY_004781,2612,BANK_TIMEOUT,TEMPORARY,0,BLIND_RETRY,{},RETRY_NOW,1530.6319999999998,SUCCESS,2612.0,,0
PAY_007993,448,NETWORK_ERROR,TEMPORARY,0,BLIND_RETRY,{},RETRY_NOW,229.824,SUCCESS,448.0,,0
PAY_002951,255,BANK_TIMEOUT,TEMPORARY,0,BLIND_RETRY,{},RETRY_NOW,150.95999999999998,SUCCESS,255.0,,0
PAY_005626,167,INVALID_ACCOUNT,HARD,0,BLIND_RETRY,{},RETRY_NOW,9.602500000000001,FAILED,0.0,SINGLE_RETRY_EXHAUSTED,0
PAY_006972,1020,INSUFFICIENT_FUNDS,CUSTOMER,0,BLIND_RETRY,{},RETRY_NOW,200.43,FAILED,0.0,SINGLE_RETRY_EXHAUSTED,0
PAY_008717,150,INSUFFICIENT_FUNDS,CUSTOMER,0,BLIND_RETRY,{},RETRY_NOW,29.700000000000003,FAILED,0.0,SINGLE_RETRY_EXHAUSTED,0
PAY_001842,1515,BANK_TIMEOUT,TEMPORARY,0,BLIND_RETRY,{},RETRY_NOW,842.34,SUCCESS,1515.0,,0
PAY_005987,502,BANK_TIMEOUT,TEMPORARY,0,BLIND_RETRY,{},RETRY_NOW,280.61800000000005,FAILED,0.0,SINGLE_RETRY_EXHAUSTED,0
PAY_000538,895,GATEWAY_TIMEOUT,TEMPORARY,0,BLIND_RETRY,{},RETRY_NOW,496.2775,FAILED,0.0,SINGLE_RETRY_EXHAUSTED,0
PAY_002807,601,BANK_TIMEOUT,TEMPORARY,0,BLIND_RETRY,{},RETRY_NOW,329.6485,SUCCESS,601.0,,0
PAY_005802,1229,NETWORK_ERROR,TEMPORARY,0,BLIND_RETRY,{},RETRY_NOW,628.6334999999999,SUCCESS,1229.0,,0
PAY_005597,589,INSUFFICIENT_FUNDS,CUSTOMER,0,BLIND_RETRY,{},RETRY_NOW,129.8745,SUCCESS,589.0,,0
PAY_007207,1107,AUTHENTICATION_FAILED,CUSTOMER,0,BLIND_RETRY,{},RETRY_NOW,425.6415,FAILED,0.0,SINGLE_RETRY_EXHAUSTED,0
PAY_007344,4135,LIMIT_EXCEEDED,CUSTOMER,0,BLIND_RETRY,{},RETRY_NOW,965.5225,FAILED,0.0,SINGLE_RETRY_EXHAUSTED,0
PAY_007561,1800,INVALID_ACCOUNT,HARD,0,BLIND_RETRY,{},RETRY_NOW,98.1,FAILED,0.0,SINGLE_RETRY_EXHAUSTED,0
PAY_008097,2184,GATEWAY_TIMEOUT,TEMPORARY,0,BLIND_RETRY,{},RETRY_NOW,1132.404,SUCCESS,2184.0,,0
PAY_000785,1549,BANK_TIMEOUT,TEMPORARY,0,BLIND_RETRY,{},RETRY_NOW,865.8910000000001,FAILED,0.0,SINGLE_RETRY_EXHAUSTED,0
PAY_001410,313,NETWORK_ERROR,TEMPORARY,0,BLIND_RETRY,{},RETRY_NOW,162.447,FAILED,0.0,SINGLE_RETRY_EXHAUSTED,0
PAY_000155,1334,GATEWAY_TIMEOUT,TEMPORARY,0,BLIND_RETRY,{},RETRY_NOW,747.707,FAILED,0.0,SINGLE_RETRY_EXHAUSTED,0
PAY_007807,1154,CARD_EXPIRED,CUSTOMER,0,BLIND_RETRY,{},RETRY_NOW,109.63,FAILED,0.0,SINGLE_RETRY_EXHAUSTED,0
PAY_003010,176,INSUFFICIENT_FUNDS,CUSTOMER,0,BLIND_RETRY,{},RETRY_NOW,34.584,SUCCESS,176.0,,0
PAY_001687,400,CARD_EXPIRED,CUSTOMER,0,BLIND_RETRY,{},RETRY_NOW,48.8,FAILED,0.0,SINGLE_RETRY_EXHAUSTED,0
PAY_004015,496,NETWORK_ERROR,TEMPORARY,0,BLIND_RETRY,{},RETRY_NOW,255.936,FAILED,0.0,SINGLE_RETRY_EXHAUSTED,0
PAY_007456,254,BANK_TIMEOUT,TEMPORARY,0,BLIND_RETRY,{},RETRY_NOW,145.034,SUCCESS,254.0,,0
PAY_003864,163,INSUFFICIENT_FUNDS,CUSTOMER,0,BLIND_RETRY,{},RETRY_NOW,31.0515,FAILED,0.0,SINGLE_RETRY_EXHAUSTED,0
PAY_002734,477,BANK_TIMEOUT,TEMPORARY,0,BLIND_RETRY,{},RETRY_NOW,268.074,SUCCESS,477.0,,0
PAY_001896,5499,AUTHENTICATION_FAILED,CUSTOMER,0,BLIND_RETRY,{},RETRY_NOW,2015.3835,FAILED,0.0,SINGLE_RETRY_EXHAUSTED,0
PAY_005443,775,UPI_TECHNICAL_ERROR,TEMPORARY,0,BLIND_RETRY,{},RETRY_NOW,413.07500000000005,FAILED,0.0,SINGLE_RETRY_EXHAUSTED,0
PAY_000570,792,PAYMENT_EXPIRED,HARD,0,BLIND_RETRY,{},RETRY_NOW,36.432,FAILED,0.0,SINGLE_RETRY_EXHAUSTED,0
PAY_006710,960,LIMIT_EXCEEDED,CUSTOMER,0,BLIND_RETRY,{},RETRY_NOW,247.20000000000002,FAILED,0.0,SINGLE_RETRY_EXHAUSTED,0
PAY_005855,4226,INSUFFICIENT_FUNDS,CUSTOMER,0,BLIND_RETRY,{},RETRY_NOW,843.087,FAILED,0.0,SINGLE_RETRY_EXHAUSTED,0
PAY_001817,1467,BANK_TIMEOUT,TEMPORARY,0,BLIND_RETRY,{},RETRY_NOW,811.2510000000001,SUCCESS,1467.0,,0
PAY_008320,1353,BANK_TIMEOUT,TEMPORARY,0,BLIND_RETRY,{},RETRY_NOW,776.622,SUCCESS,1353.0,,0
PAY_003395,211,CARD_EXPIRED,CUSTOMER,0,BLIND_RETRY,{},RETRY_NOW,18.779,FAILED,0.0,SINGLE_RETRY_EXHAUSTED,0
PAY_003328,99,BLOCKED_METHOD,HARD,0,BLIND_RETRY,{},RETRY_NOW,6.237,FAILED,0.0,SINGLE_RETRY_EXHAUSTED,0
PAY_009983,794,BANK_TIMEOUT,TEMPORARY,0,BLIND_RETRY,{},RETRY_NOW,466.475,FAILED,0.0,SINGLE_RETRY_EXHAUSTED,0
PAY_006103,536,CARD_EXPIRED,CUSTOMER,0,BLIND_RETRY,{},RETRY_NOW,62.176,SUCCESS,536.0,,0
PAY_002976,375,UPI_TECHNICAL_ERROR,TEMPORARY,0,BLIND_RETRY,{},RETRY_NOW,202.125,FAILED,0.0,SINGLE_RETRY_EXHAUSTED,0
PAY_000981,1258,UPI_TECHNICAL_ERROR,TEMPORARY,0,BLIND_RETRY,{},RETRY_NOW,683.723,FAILED,0.0,SINGLE_RETRY_EXHAUSTED,0
PAY_000191,742,AUTHENTICATION_FAILED,CUSTOMER,0,BLIND_RETRY,{},RETRY_NOW,271.943,SUCCESS,742.0,,0
PAY_009332,3391,BANK_TIMEOUT,TEMPORARY,0,BLIND_RETRY,{},RETRY_NOW,1982.0395,SUCCESS,3391.0,,0
PAY_005089,3935,INSUFFICIENT_FUNDS,CUSTOMER,0,BLIND_RETRY,{},RETRY_NOW,714.2025,FAILED,0.0,SINGLE_RETRY_EXHAUSTED,0
PAY_000700,1118,AUTHENTICATION_FAILED,CUSTOMER,0,BLIND_RETRY,{},RETRY_NOW,384.592,SUCCESS,1118.0,,0
PAY_009760,1960,CARD_EXPIRED,CUSTOMER,0,BLIND_RETRY,{},RETRY_NOW,221.48000000000002,FAILED,0.0,SINGLE_RETRY_EXHAUSTED,0
PAY_000607,2624,BANK_TIMEOUT,TEMPORARY,0,BLIND_RETRY,{},RETRY_NOW,1431.392,SUCCESS,2624.0,,0
PAY_000302,99,CARD_EXPIRED,CUSTOMER,0,BLIND_RETRY,{},RETRY_NOW,8.811,FAILED,0.0,SINGLE_RETRY_EXHAUSTED,0
PAY_003421,99,BANK_TIMEOUT,TEMPORARY,0,BLIND_RETRY,{},RETRY_NOW,56.6775,FAILED,0.0,SINGLE_RETRY_EXHAUSTED,0
PAY_009805,139,CARD_EXPIRED,CUSTOMER,0,BLIND_RETRY,{},RETRY_NOW,16.3325,FAILED,0.0,SINGLE_RETRY_EXHAUSTED,0
PAY_001061,1952,BANK_TIMEOUT,TEMPORARY,0,BLIND_RETRY,{},RETRY_NOW,1105.808,SUCCESS,1952.0,,0
PAY_003445,901,NETWORK_ERROR,TEMPORARY,0,BLIND_RETRY,{},RETRY_NOW,462.213,FAILED,0.0,SINGLE_RETRY_EXHAUSTED,0
PAY_001070,2032,BLOCKED_METHOD,HARD,0,BLIND_RETRY,{},RETRY_NOW,94.488,FAILED,0.0,SINGLE_RETRY_EXHAUSTED,0
PAY_002206,1064,CARD_EXPIRED,CUSTOMER,0,BLIND_RETRY,{},RETRY_NOW,117.04,FAILED,0.0,SINGLE_RETRY_EXHAUSTED,0
PAY_009436,616,GATEWAY_TIMEOUT,TEMPORARY,0,BLIND_RETRY,{},RETRY_NOW,339.724,FAILED,0.0,SINGLE_RETRY_EXHAUSTED,0
PAY_007340,261,UPI_TECHNICAL_ERROR,TEMPORARY,0,BLIND_RETRY,{},RETRY_NOW,137.9385,SUCCESS,261.0,,0
PAY_008209,1317,INSUFFICIENT_FUNDS,CUSTOMER,0,BLIND_RETRY,{},RETRY_NOW,290.3985,SUCCESS,1317.0,,0
PAY_007680,1828,CARD_EXPIRED,CUSTOMER,0,BLIND_RETRY,{},RETRY_NOW,209.306,FAILED,0.0,SINGLE_RETRY_EXHAUSTED,0
PAY_004643,278,UPI_TECHNICAL_ERROR,TEMPORARY,0,BLIND_RETRY,{},RETRY_NOW,141.502,FAILED,0.0,SINGLE_RETRY_EXHAUSTED,0
PAY_007684,2098,GATEWAY_TIMEOUT,TEMPORARY,0,BLIND_RETRY,{},RETRY_NOW,1153.9,FAILED,0.0,SINGLE_RETRY_EXHAUSTED,0
PAY_009008,173,NETWORK_ERROR,TEMPORARY,0,BLIND_RETRY,{},RETRY_NOW,90.5655,FAILED,0.0,SINGLE_RETRY_EXHAUSTED,0
PAY_007997,431,NETWORK_ERROR,TEMPORARY,0,BLIND_RETRY,{},RETRY_NOW,218.517,FAILED,0.0,SINGLE_RETRY_EXHAUSTED,0
PAY_005601,1553,UPI_TECHNICAL_ERROR,TEMPORARY,0,BLIND_RETRY,{},RETRY_NOW,790.477,SUCCESS,1553.0,,0
PAY_009152,314,NETWORK_ERROR,TEMPORARY,0,BLIND_RETRY,{},RETRY_NOW,156.843,SUCCESS,314.0,,0
PAY_007023,1230,INVALID_ACCOUNT,HARD,0,BLIND_RETRY,{},RETRY_NOW,28.29,FAILED,0.0,SINGLE_RETRY_EXHAUSTED,0
PAY_004894,4541,NETWORK_ERROR,TEMPORARY,0,BLIND_RETRY,{},RETRY_NOW,2240.9835,SUCCESS,4541.0,,0
PAY_000226,1326,INVALID_ACCOUNT,HARD,0,BLIND_RETRY,{},RETRY_NOW,50.388,FAILED,0.0,SINGLE_RETRY_EXHAUSTED,0
PAY_003355,310,BANK_TIMEOUT,TEMPORARY,0,BLIND_RETRY,{},RETRY_NOW,172.36,SUCCESS,310.0,,0
PAY_005896,233,BANK_TIMEOUT,TEMPORARY,0,BLIND_RETRY,{},RETRY_NOW,138.2855,SUCCESS,233.0,,0
PAY_008755,721,NETWORK_ERROR,TEMPORARY,0,BLIND_RETRY,{},RETRY_NOW,357.9765,FAILED,0.0,SINGLE_RETRY_EXHAUSTED,0
PAY_003437,1118,CARD_EXPIRED,CUSTOMER,0,BLIND_RETRY,{},RETRY_NOW,138.073,FAILED,0.0,SINGLE_RETRY_EXHAUSTED,0
PAY_001694,762,GATEWAY_TIMEOUT,TEMPORARY,0,BLIND_RETRY,{},RETRY_NOW,425.958,FAILED,0.0,SINGLE_RETRY_EXHAUSTED,0
PAY_006894,505,PAYMENT_EXPIRED,HARD,0,BLIND_RETRY,{},RETRY_NOW,27.0175,FAILED,0.0,SINGLE_RETRY_EXHAUSTED,0
PAY_001046,1414,INVALID_ACCOUNT,HARD,0,BLIND_RETRY,{},RETRY_NOW,89.789,FAILED,0.0,SINGLE_RETRY_EXHAUSTED,0
PAY_003447,2006,LIMIT_EXCEEDED,CUSTOMER,0,BLIND_RETRY,{},RETRY_NOW,513.5360000000001,FAILED,0.0,SINGLE_RETRY_EXHAUSTED,0
PAY_008051,1696,UPI_TECHNICAL_ERROR,TEMPORARY,0,BLIND_RETRY,{},RETRY_NOW,886.16,FAILED,0.0,SINGLE_RETRY_EXHAUSTED,0
PAY_009147,167,BANK_TIMEOUT,TEMPORARY,0,BLIND_RETRY,{},RETRY_NOW,97.862,FAILED,0.0,SINGLE_RETRY_EXHAUSTED,0
PAY_009982,167,NETWORK_ERROR,TEMPORARY,0,BLIND_RETRY,{},RETRY_NOW,85.42049999999999,FAILED,0.0,SINGLE_RETRY_EXHAUSTED,0
PAY_004736,675,NETWORK_ERROR,TEMPORARY,0,BLIND_RETRY,{},RETRY_NOW,336.15,SUCCESS,675.0,,0
PAY_004497,1029,NETWORK_ERROR,TEMPORARY,0,BLIND_RETRY,{},RETRY_NOW,518.616,SUCCESS,1029.0,,0
PAY_001219,5111,INSUFFICIENT_FUNDS,CUSTOMER,0,BLIND_RETRY,{},RETRY_NOW,942.9795,FAILED,0.0,SINGLE_RETRY_EXHAUSTED,0
PAY_006016,334,INSUFFICIENT_FUNDS,CUSTOMER,0,BLIND_RETRY,{},RETRY_NOW,68.136,SUCCESS,334.0,,0
PAY_009720,140,GATEWAY_TIMEOUT,TEMPORARY,0,BLIND_RETRY,{},RETRY_NOW,75.53,SUCCESS,140.0,,0
PAY_003988,1173,UPI_TECHNICAL_ERROR,TEMPORARY,0,BLIND_RETRY,{},RETRY_NOW,595.2974999999999,FAILED,0.0,SINGLE_RETRY_EXHAUSTED,0
PAY_004912,1863,BANK_TIMEOUT,TEMPORARY,0,BLIND_RETRY,{},RETRY_NOW,1080.54,SUCCESS,1863.0,,0
PAY_009493,2274,BANK_TIMEOUT,TEMPORARY,0,BLIND_RETRY,{},RETRY_NOW,1332.5639999999999,SUCCESS,2274.0,,0
PAY_004494,4441,CUSTOMER_DECLINED,HARD,0,BLIND_RETRY,{},RETRY_NOW,144.3325,FAILED,0.0,SINGLE_RETRY_EXHAUSTED,0
PAY_006945,166,CARD_EXPIRED,CUSTOMER,0,BLIND_RETRY,{},RETRY_NOW,12.782,FAILED,0.0,SINGLE_RETRY_EXHAUSTED,0
PAY_005700,4315,UPI_TECHNICAL_ERROR,TEMPORARY,0,BLIND_RETRY,{},RETRY_NOW,2261.06,FAILED,0.0,SINGLE_RETRY_EXHAUSTED,0
PAY_008353,1853,BANK_TIMEOUT,TEMPORARY,0,BLIND_RETRY,{},RETRY_NOW,1060.8425,SUCCESS,1853.0,,0
PAY_000957,599,PAYMENT_EXPIRED,HARD,0,BLIND_RETRY,{},RETRY_NOW,11.381,FAILED,0.0,SINGLE_RETRY_EXHAUSTED,0
PAY_002870,927,CARD_EXPIRED,CUSTOMER,0,BLIND_RETRY,{},RETRY_NOW,114.4845,FAILED,0.0,SINGLE_RETRY_EXHAUSTED,0
PAY_004434,532,GATEWAY_TIMEOUT,TEMPORARY,0,BLIND_RETRY,{},RETRY_NOW,279.034,FAILED,0.0,SINGLE_RETRY_EXHAUSTED,0
PAY_004974,379,BANK_TIMEOUT,TEMPORARY,0,BLIND_RETRY,{},RETRY_NOW,224.368,FAILED,0.0,SINGLE_RETRY_EXHAUSTED,0
PAY_002962,648,NETWORK_ERROR,TEMPORARY,0,BLIND_RETRY,{},RETRY_NOW,327.56399999999996,SUCCESS,648.0,,0
PAY_002201,336,NETWORK_ERROR,TEMPORARY,0,BLIND_RETRY,{},RETRY_NOW,161.784,SUCCESS,336.0,,0
PAY_000099,331,LIMIT_EXCEEDED,CUSTOMER,0,BLIND_RETRY,{},RETRY_NOW,73.813,FAILED,0.0,SINGLE_RETRY_EXHAUSTED,0
PAY_009850,1541,BANK_TIMEOUT,TEMPORARY,0,BLIND_RETRY,{},RETRY_NOW,893.78,FAILED,0.0,SINGLE_RETRY_EXHAUSTED,0
PAY_002558,138,BANK_TIMEOUT,TEMPORARY,0,BLIND_RETRY,{},RETRY_NOW,77.14200000000001,SUCCESS,138.0,,0
PAY_008446,1715,GATEWAY_TIMEOUT,TEMPORARY,0,BLIND_RETRY,{},RETRY_NOW,938.105,SUCCESS,1715.0,,0
PAY_004200,976,INSUFFICIENT_FUNDS,CUSTOMER,0,BLIND_RETRY,{},RETRY_NOW,181.536,FAILED,0.0,SINGLE_RETRY_EXHAUSTED,0
PAY_009638,1877,LIMIT_EXCEEDED,CUSTOMER,0,BLIND_RETRY,{},RETRY_NOW,432.6485,FAILED,0.0,SINGLE_RETRY_EXHAUSTED,0
PAY_005540,1943,BANK_TIMEOUT,TEMPORARY,0,BLIND_RETRY,{},RETRY_NOW,1150.2559999999999,FAILED,0.0,SINGLE_RETRY_EXHAUSTED,0
PAY_001649,967,BLOCKED_METHOD,HARD,0,BLIND_RETRY,{},RETRY_NOW,53.6685,FAILED,0.0,SINGLE_RETRY_EXHAUSTED,0
PAY_006198,965,CUSTOMER_DECLINED,HARD,0,BLIND_RETRY,{},RETRY_NOW,28.467499999999998,FAILED,0.0,SINGLE_RETRY_EXHAUSTED,0
PAY_006296,782,GATEWAY_TIMEOUT,TEMPORARY,0,BLIND_RETRY,{},RETRY_NOW,413.678,FAILED,0.0,SINGLE_RETRY_EXHAUSTED,0
PAY_004500,99,PAYMENT_EXPIRED,HARD,0,BLIND_RETRY,{},RETRY_NOW,2.178,FAILED,0.0,SINGLE_RETRY_EXHAUSTED,0
PAY_001155,766,PAYMENT_EXPIRED,HARD,0,BLIND_RETRY,{},RETRY_NOW,37.534,FAILED,0.0,SINGLE_RETRY_EXHAUSTED,0
PAY_002256,641,INSUFFICIENT_FUNDS,CUSTOMER,0,BLIND_RETRY,{},RETRY_NOW,124.0335,FAILED,0.0,SINGLE_RETRY_EXHAUSTED,0
PAY_003171,400,BANK_TIMEOUT,TEMPORARY,0,BLIND_RETRY,{},RETRY_NOW,229.0,FAILED,0.0,SINGLE_RETRY_EXHAUSTED,0
PAY_007401,328,UPI_TECHNICAL_ERROR,TEMPORARY,0,BLIND_RETRY,{},RETRY_NOW,178.268,SUCCESS,328.0,,0
PAY_007159,524,GATEWAY_TIMEOUT,TEMPORARY,0,BLIND_RETRY,{},RETRY_NOW,277.196,SUCCESS,524.0,,0
PAY_003109,2519,GATEWAY_TIMEOUT,TEMPORARY,0,BLIND_RETRY,{},RETRY_NOW,1359.0004999999999,SUCCESS,2519.0,,0
PAY_004549,99,CARD_EXPIRED,CUSTOMER,0,BLIND_RETRY,{},RETRY_NOW,7.4745,FAILED,0.0,SINGLE_RETRY_EXHAUSTED,0
PAY_005424,203,AUTHENTICATION_FAILED,CUSTOMER,0,BLIND_RETRY,{},RETRY_NOW,71.05,FAILED,0.0,SINGLE_RETRY_EXHAUSTED,0
PAY_002050,236,INSUFFICIENT_FUNDS,CUSTOMER,0,BLIND_RETRY,{},RETRY_NOW,50.268,SUCCESS,236.0,,0
PAY_009209,5419,CUSTOMER_DECLINED,HARD,0,BLIND_RETRY,{},RETRY_NOW,200.503,FAILED,0.0,SINGLE_RETRY_EXHAUSTED,0
PAY_008816,1486,INSUFFICIENT_FUNDS,CUSTOMER,0,BLIND_RETRY,{},RETRY_NOW,291.999,SUCCESS,1486.0,,0
PAY_009798,558,UPI_TECHNICAL_ERROR,TEMPORARY,0,BLIND_RETRY,{},RETRY_NOW,272.304,SUCCESS,558.0,,0
PAY_000263,831,GATEWAY_TIMEOUT,TEMPORARY,0,BLIND_RETRY,{},RETRY_NOW,458.2965,SUCCESS,831.0,,0
PAY_004062,862,GATEWAY_TIMEOUT,TEMPORARY,0,BLIND_RETRY,{},RETRY_NOW,472.807,SUCCESS,862.0,,0
PAY_005535,644,CUSTOMER_DECLINED,HARD,0,BLIND_RETRY,{},RETRY_NOW,14.168,FAILED,0.0,SINGLE_RETRY_EXHAUSTED,0
PAY_006617,631,UPI_TECHNICAL_ERROR,TEMPORARY,0,BLIND_RETRY,{},RETRY_NOW,340.10900000000004,FAILED,0.0,SINGLE_RETRY_EXHAUSTED,0
PAY_008121,208,INSUFFICIENT_FUNDS,CUSTOMER,0,BLIND_RETRY,{},RETRY_NOW,43.68,FAILED,0.0,SINGLE_RETRY_EXHAUSTED,0
PAY_008156,243,GATEWAY_TIMEOUT,TEMPORARY,0,BLIND_RETRY,{},RETRY_NOW,134.0145,SUCCESS,243.0,,0
PAY_001803,687,GATEWAY_TIMEOUT,TEMPORARY,0,BLIND_RETRY,{},RETRY_NOW,387.1245,FAILED,0.0,SINGLE_RETRY_EXHAUSTED,0
PAY_004737,484,BLOCKED_METHOD,HARD,0,BLIND_RETRY,{},RETRY_NOW,20.328000000000003,FAILED,0.0,SINGLE_RETRY_EXHAUSTED,0
PAY_002386,105,UPI_TECHNICAL_ERROR,TEMPORARY,0,BLIND_RETRY,{},RETRY_NOW,53.13,FAILED,0.0,SINGLE_RETRY_EXHAUSTED,0
PAY_006695,218,AUTHENTICATION_FAILED,CUSTOMER,0,BLIND_RETRY,{},RETRY_NOW,82.513,SUCCESS,218.0,,0
PAY_005760,99,LIMIT_EXCEEDED,CUSTOMER,0,BLIND_RETRY,{},RETRY_NOW,22.374000000000002,FAILED,0.0,SINGLE_RETRY_EXHAUSTED,0
PAY_001960,3201,INVALID_ACCOUNT,HARD,0,BLIND_RETRY,{},RETRY_NOW,102.432,FAILED,0.0,SINGLE_RETRY_EXHAUSTED,0
PAY_002977,99,BLOCKED_METHOD,HARD,0,BLIND_RETRY,{},RETRY_NOW,4.158,FAILED,0.0,SINGLE_RETRY_EXHAUSTED,0
PAY_008681,520,BANK_TIMEOUT,TEMPORARY,0,BLIND_RETRY,{},RETRY_NOW,287.56,SUCCESS,520.0,,0
PAY_001844,1290,UPI_TECHNICAL_ERROR,TEMPORARY,0,BLIND_RETRY,{},RETRY_NOW,646.935,SUCCESS,1290.0,,0
PAY_001735,1151,BANK_TIMEOUT,TEMPORARY,0,BLIND_RETRY,{},RETRY_NOW,658.9475,FAILED,0.0,SINGLE_RETRY_EXHAUSTED,0
PAY_002912,1106,BANK_TIMEOUT,TEMPORARY,0,BLIND_RETRY,{},RETRY_NOW,636.503,SUCCESS,1106.0,,0
PAY_008339,2268,NETWORK_ERROR,TEMPORARY,0,BLIND_RETRY,{},RETRY_NOW,1153.2779999999998,FAILED,0.0,SINGLE_RETRY_EXHAUSTED,0
PAY_001987,9417,GATEWAY_TIMEOUT,TEMPORARY,0,BLIND_RETRY,{},RETRY_NOW,5292.354,FAILED,0.0,SINGLE_RETRY_EXHAUSTED,0
PAY_009562,1616,CARD_EXPIRED,CUSTOMER,0,BLIND_RETRY,{},RETRY_NOW,180.184,FAILED,0.0,SINGLE_RETRY_EXHAUSTED,0
PAY_006547,9755,GATEWAY_TIMEOUT,TEMPORARY,0,BLIND_RETRY,{},RETRY_NOW,5335.985000000001,SUCCESS,9755.0,,0
PAY_007099,228,BLOCKED_METHOD,HARD,0,BLIND_RETRY,{},RETRY_NOW,12.312,FAILED,0.0,SINGLE_RETRY_EXHAUSTED,0
PAY_002812,1432,INSUFFICIENT_FUNDS,CUSTOMER,0,BLIND_RETRY,{},RETRY_NOW,305.016,FAILED,0.0,SINGLE_RETRY_EXHAUSTED,0
PAY_000660,99,NETWORK_ERROR,TEMPORARY,0,BLIND_RETRY,{},RETRY_NOW,50.63849999999999,FAILED,0.0,SINGLE_RETRY_EXHAUSTED,0
PAY_002512,150,BANK_TIMEOUT,TEMPORARY,0,BLIND_RETRY,{},RETRY_NOW,84.075,SUCCESS,150.0,,0
PAY_004283,859,BANK_TIMEOUT,TEMPORARY,0,BLIND_RETRY,{},RETRY_NOW,495.643,SUCCESS,859.0,,0
PAY_009340,1566,GATEWAY_TIMEOUT,TEMPORARY,0,BLIND_RETRY,{},RETRY_NOW,849.555,FAILED,0.0,SINGLE_RETRY_EXHAUSTED,0
PAY_008801,249,BANK_TIMEOUT,TEMPORARY,0,BLIND_RETRY,{},RETRY_NOW,141.8055,SUCCESS,249.0,,0
PAY_006288,444,INSUFFICIENT_FUNDS,CUSTOMER,0,BLIND_RETRY,{},RETRY_NOW,89.244,FAILED,0.0,SINGLE_RETRY_EXHAUSTED,0
PAY_001931,494,BANK_TIMEOUT,TEMPORARY,0,BLIND_RETRY,{},RETRY_NOW,276.146,SUCCESS,494.0,,0
PAY_007126,129,BANK_TIMEOUT,TEMPORARY,0,BLIND_RETRY,{},RETRY_NOW,71.724,SUCCESS,129.0,,0
PAY_000198,1101,BLOCKED_METHOD,HARD,0,BLIND_RETRY,{},RETRY_NOW,54.499500000000005,FAILED,0.0,SINGLE_RETRY_EXHAUSTED,0
PAY_007778,496,LIMIT_EXCEEDED,CUSTOMER,0,BLIND_RETRY,{},RETRY_NOW,115.816,FAILED,0.0,SINGLE_RETRY_EXHAUSTED,0
PAY_002932,604,PAYMENT_EXPIRED,HARD,0,BLIND_RETRY,{},RETRY_NOW,17.817999999999998,FAILED,0.0,SINGLE_RETRY_EXHAUSTED,0
PAY_008005,354,UPI_TECHNICAL_ERROR,TEMPORARY,0,BLIND_RETRY,{},RETRY_NOW,190.806,SUCCESS,354.0,,0
PAY_002328,1297,BANK_TIMEOUT,TEMPORARY,0,BLIND_RETRY,{},RETRY_NOW,709.4590000000001,FAILED,0.0,SINGLE_RETRY_EXHAUSTED,0
PAY_004390,840,PAYMENT_EXPIRED,HARD,0,BLIND_RETRY,{},RETRY_NOW,27.3,FAILED,0.0,SINGLE_RETRY_EXHAUSTED,0
PAY_008959,250,NETWORK_ERROR,TEMPORARY,0,BLIND_RETRY,{},RETRY_NOW,124.5,SUCCESS,250.0,,0
PAY_004219,1511,BANK_TIMEOUT,TEMPORARY,0,BLIND_RETRY,{},RETRY_NOW,883.1795000000001,SUCCESS,1511.0,,0
PAY_000203,282,CARD_EXPIRED,CUSTOMER,0,BLIND_RETRY,{},RETRY_NOW,26.367,FAILED,0.0,SINGLE_RETRY_EXHAUSTED,0
PAY_003511,666,AUTHENTICATION_FAILED,CUSTOMER,0,BLIND_RETRY,{},RETRY_NOW,257.076,FAILED,0.0,SINGLE_RETRY_EXHAUSTED,0
PAY_004932,1729,BANK_TIMEOUT,TEMPORARY,0,BLIND_RETRY,{},RETRY_NOW,1013.194,FAILED,0.0,SINGLE_RETRY_EXHAUSTED,0
PAY_005536,441,AUTHENTICATION_FAILED,CUSTOMER,0,BLIND_RETRY,{},RETRY_NOW,162.9495,FAILED,0.0,SINGLE_RETRY_EXHAUSTED,0
PAY_005792,345,INSUFFICIENT_FUNDS,CUSTOMER,0,BLIND_RETRY,{},RETRY_NOW,77.1075,FAILED,0.0,SINGLE_RETRY_EXHAUSTED,0
PAY_001708,705,GATEWAY_TIMEOUT,TEMPORARY,0,BLIND_RETRY,{},RETRY_NOW,381.40500000000003,FAILED,0.0,SINGLE_RETRY_EXHAUSTED,0
PAY_005173,1652,GATEWAY_TIMEOUT,TEMPORARY,0,BLIND_RETRY,{},RETRY_NOW,908.6,SUCCESS,1652.0,,0
PAY_005250,565,CUSTOMER_DECLINED,HARD,0,BLIND_RETRY,{},RETRY_NOW,5.65,FAILED,0.0,SINGLE_RETRY_EXHAUSTED,0
PAY_006529,1417,INSUFFICIENT_FUNDS,CUSTOMER,0,BLIND_RETRY,{},RETRY_NOW,295.4445,FAILED,0.0,SINGLE_RETRY_EXHAUSTED,0
PAY_009849,1480,UPI_TECHNICAL_ERROR,TEMPORARY,0,BLIND_RETRY,{},RETRY_NOW,802.1600000000001,FAILED,0.0,SINGLE_RETRY_EXHAUSTED,0
PAY_005856,1011,AUTHENTICATION_FAILED,CUSTOMER,0,BLIND_RETRY,{},RETRY_NOW,397.8285,SUCCESS,1011.0,,0
PAY_008165,2400,AUTHENTICATION_FAILED,CUSTOMER,0,BLIND_RETRY,{},RETRY_NOW,883.1999999999999,FAILED,0.0,SINGLE_RETRY_EXHAUSTED,0
PAY_000855,523,INSUFFICIENT_FUNDS,CUSTOMER,0,BLIND_RETRY,{},RETRY_NOW,94.9245,SUCCESS,523.0,,0
PAY_004738,236,BANK_TIMEOUT,TEMPORARY,0,BLIND_RETRY,{},RETRY_NOW,132.632,SUCCESS,236.0,,0
PAY_000699,331,INSUFFICIENT_FUNDS,CUSTOMER,0,BLIND_RETRY,{},RETRY_NOW,67.524,SUCCESS,331.0,,0
PAY_003697,2464,BANK_TIMEOUT,TEMPORARY,0,BLIND_RETRY,{},RETRY_NOW,1373.68,SUCCESS,2464.0,,0
PAY_001637,220,NETWORK_ERROR,TEMPORARY,0,BLIND_RETRY,{},RETRY_NOW,106.92,SUCCESS,220.0,,0
PAY_007281,587,LIMIT_EXCEEDED,CUSTOMER,0,BLIND_RETRY,{},RETRY_NOW,131.7815,FAILED,0.0,SINGLE_RETRY_EXHAUSTED,0
PAY_007555,453,BANK_TIMEOUT,TEMPORARY,0,BLIND_RETRY,{},RETRY_NOW,258.66299999999995,SUCCESS,453.0,,0
PAY_003582,99,UPI_TECHNICAL_ERROR,TEMPORARY,0,BLIND_RETRY,{},RETRY_NOW,51.7275,FAILED,0.0,SINGLE_RETRY_EXHAUSTED,0
PAY_001292,2034,AUTHENTICATION_FAILED,CUSTOMER,0,BLIND_RETRY,{},RETRY_NOW,736.308,SUCCESS,2034.0,,0
PAY_006586,506,GATEWAY_TIMEOUT,TEMPORARY,0,BLIND_RETRY,{},RETRY_NOW,264.63800000000003,SUCCESS,506.0,,0
PAY_001854,233,CARD_EXPIRED,CUSTOMER,0,BLIND_RETRY,{},RETRY_NOW,22.834,SUCCESS,233.0,,0
PAY_005233,578,NETWORK_ERROR,TEMPORARY,0,BLIND_RETRY,{},RETRY_NOW,298.248,SUCCESS,578.0,,0
PAY_003764,1019,UPI_TECHNICAL_ERROR,TEMPORARY,0,BLIND_RETRY,{},RETRY_NOW,512.557,SUCCESS,1019.0,,0
PAY_003305,174,INSUFFICIENT_FUNDS,CUSTOMER,0,BLIND_RETRY,{},RETRY_NOW,33.408,SUCCESS,174.0,,0
PAY_001496,764,GATEWAY_TIMEOUT,TEMPORARY,0,BLIND_RETRY,{},RETRY_NOW,423.638,SUCCESS,764.0,,0
PAY_007995,2051,CUSTOMER_DECLINED,HARD,0,BLIND_RETRY,{},RETRY_NOW,38.969,FAILED,0.0,SINGLE_RETRY_EXHAUSTED,0
PAY_001999,2617,INSUFFICIENT_FUNDS,CUSTOMER,0,BLIND_RETRY,{},RETRY_NOW,565.272,SUCCESS,2617.0,,0
PAY_000664,99,UPI_TECHNICAL_ERROR,TEMPORARY,0,BLIND_RETRY,{},RETRY_NOW,53.658,FAILED,0.0,SINGLE_RETRY_EXHAUSTED,0
PAY_003749,2658,GATEWAY_TIMEOUT,TEMPORARY,0,BLIND_RETRY,{},RETRY_NOW,1390.134,SUCCESS,2658.0,,0
PAY_004414,297,GATEWAY_TIMEOUT,TEMPORARY,0,BLIND_RETRY,{},RETRY_NOW,159.786,FAILED,0.0,SINGLE_RETRY_EXHAUSTED,0
PAY_005531,593,AUTHENTICATION_FAILED,CUSTOMER,0,BLIND_RETRY,{},RETRY_NOW,223.561,FAILED,0.0,SINGLE_RETRY_EXHAUSTED,0
PAY_005576,220,INSUFFICIENT_FUNDS,CUSTOMER,0,BLIND_RETRY,{},RETRY_NOW,42.9,SUCCESS,220.0,,0
PAY_008902,366,UPI_TECHNICAL_ERROR,TEMPORARY,0,BLIND_RETRY,{},RETRY_NOW,183.54899999999998,FAILED,0.0,SINGLE_RETRY_EXHAUSTED,0
PAY_007527,816,UPI_TECHNICAL_ERROR,TEMPORARY,0,BLIND_RETRY,{},RETRY_NOW,417.79200000000003,SUCCESS,816.0,,0
PAY_009475,2268,NETWORK_ERROR,TEMPORARY,0,BLIND_RETRY,{},RETRY_NOW,1105.6499999999999,SUCCESS,2268.0,,0
PAY_005865,616,UPI_TECHNICAL_ERROR,TEMPORARY,0,BLIND_RETRY,{},RETRY_NOW,328.32800000000003,FAILED,0.0,SINGLE_RETRY_EXHAUSTED,0
PAY_006777,9713,INSUFFICIENT_FUNDS,CUSTOMER,0,BLIND_RETRY,{},RETRY_NOW,1690.062,SUCCESS,9713.0,,0
PAY_001307,932,GATEWAY_TIMEOUT,TEMPORARY,0,BLIND_RETRY,{},RETRY_NOW,525.182,FAILED,0.0,SINGLE_RETRY_EXHAUSTED,0
PAY_007393,960,AUTHENTICATION_FAILED,CUSTOMER,0,BLIND_RETRY,{},RETRY_NOW,376.32,SUCCESS,960.0,,0
PAY_005593,550,NETWORK_ERROR,TEMPORARY,0,BLIND_RETRY,{},RETRY_NOW,278.85,FAILED,0.0,SINGLE_RETRY_EXHAUSTED,0
PAY_009722,487,NETWORK_ERROR,TEMPORARY,0,BLIND_RETRY,{},RETRY_NOW,239.60399999999998,FAILED,0.0,SINGLE_RETRY_EXHAUSTED,0
PAY_001664,136,GATEWAY_TIMEOUT,TEMPORARY,0,BLIND_RETRY,{},RETRY_NOW,74.188,SUCCESS,136.0,,0
PAY_005451,514,UPI_TECHNICAL_ERROR,TEMPORARY,0,BLIND_RETRY,{},RETRY_NOW,258.542,SUCCESS,514.0,,0
PAY_009955,736,LIMIT_EXCEEDED,CUSTOMER,0,BLIND_RETRY,{},RETRY_NOW,160.816,SUCCESS,736.0,,0
PAY_003628,513,GATEWAY_TIMEOUT,TEMPORARY,0,BLIND_RETRY,{},RETRY_NOW,289.0755,SUCCESS,513.0,,0
PAY_002694,310,NETWORK_ERROR,TEMPORARY,0,BLIND_RETRY,{},RETRY_NOW,155.31,SUCCESS,310.0,,0
PAY_009790,1272,INSUFFICIENT_FUNDS,CUSTOMER,0,BLIND_RETRY,{},RETRY_NOW,244.22400000000002,FAILED,0.0,SINGLE_RETRY_EXHAUSTED,0
PAY_005916,4210,NETWORK_ERROR,TEMPORARY,0,BLIND_RETRY,{},RETRY_NOW,2203.935,FAILED,0.0,SINGLE_RETRY_EXHAUSTED,0
PAY_003158,99,UPI_TECHNICAL_ERROR,TEMPORARY,0,BLIND_RETRY,{},RETRY_NOW,49.3515,SUCCESS,99.0,,0
PAY_006669,1166,BLOCKED_METHOD,HARD,0,BLIND_RETRY,{},RETRY_NOW,31.482,FAILED,0.0,SINGLE_RETRY_EXHAUSTED,0
PAY_001060,1271,INSUFFICIENT_FUNDS,CUSTOMER,0,BLIND_RETRY,{},RETRY_NOW,228.78,SUCCESS,1271.0,,0
PAY_004637,395,PAYMENT_EXPIRED,HARD,0,BLIND_RETRY,{},RETRY_NOW,16.392500000000002,FAILED,0.0,SINGLE_RETRY_EXHAUSTED,0
PAY_003243,2629,INVALID_ACCOUNT,HARD,0,BLIND_RETRY,{},RETRY_NOW,162.998,FAILED,0.0,SINGLE_RETRY_EXHAUSTED,0
PAY_001679,99,PAYMENT_EXPIRED,HARD,0,BLIND_RETRY,{},RETRY_NOW,0.8415,FAILED,0.0,SINGLE_RETRY_EXHAUSTED,0
PAY_006893,1438,BANK_TIMEOUT,TEMPORARY,0,BLIND_RETRY,{},RETRY_NOW,831.883,FAILED,0.0,SINGLE_RETRY_EXHAUSTED,0
PAY_006375,1115,CARD_EXPIRED,CUSTOMER,0,BLIND_RETRY,{},RETRY_NOW,95.88999999999999,FAILED,0.0,SINGLE_RETRY_EXHAUSTED,0
PAY_007575,4867,AUTHENTICATION_FAILED,CUSTOMER,0,BLIND_RETRY,{},RETRY_NOW,1703.4499999999998,FAILED,0.0,SINGLE_RETRY_EXHAUSTED,0
PAY_001758,534,BANK_TIMEOUT,TEMPORARY,0,BLIND_RETRY,{},RETRY_NOW,310.521,FAILED,0.0,SINGLE_RETRY_EXHAUSTED,0
PAY_006020,827,BANK_TIMEOUT,TEMPORARY,0,BLIND_RETRY,{},RETRY_NOW,472.217,SUCCESS,827.0,,0
PAY_005117,1086,GATEWAY_TIMEOUT,TEMPORARY,0,BLIND_RETRY,{},RETRY_NOW,590.784,SUCCESS,1086.0,,0
PAY_008756,198,CARD_EXPIRED,CUSTOMER,0,BLIND_RETRY,{},RETRY_NOW,20.592,FAILED,0.0,SINGLE_RETRY_EXHAUSTED,0
PAY_007409,180,INVALID_ACCOUNT,HARD,0,BLIND_RETRY,{},RETRY_NOW,8.19,FAILED,0.0,SINGLE_RETRY_EXHAUSTED,0
PAY_002791,283,GATEWAY_TIMEOUT,TEMPORARY,0,BLIND_RETRY,{},RETRY_NOW,151.405,SUCCESS,283.0,,0
PAY_000864,392,INSUFFICIENT_FUNDS,CUSTOMER,0,BLIND_RETRY,{},RETRY_NOW,85.848,SUCCESS,392.0,,0
PAY_007859,440,BANK_TIMEOUT,TEMPORARY,0,BLIND_RETRY,{},RETRY_NOW,244.64000000000001,FAILED,0.0,SINGLE_RETRY_EXHAUSTED,0
PAY_001485,337,NETWORK_ERROR,TEMPORARY,0,BLIND_RETRY,{},RETRY_NOW,169.34249999999997,FAILED,0.0,SINGLE_RETRY_EXHAUSTED,0
PAY_007036,325,CARD_EXPIRED,CUSTOMER,0,BLIND_RETRY,{},RETRY_NOW,40.1375,FAILED,0.0,SINGLE_RETRY_EXHAUSTED,0
PAY_007722,102,NETWORK_ERROR,TEMPORARY,0,BLIND_RETRY,{},RETRY_NOW,52.326,FAILED,0.0,SINGLE_RETRY_EXHAUSTED,0
PAY_005978,101,INSUFFICIENT_FUNDS,CUSTOMER,0,BLIND_RETRY,{},RETRY_NOW,20.4525,SUCCESS,101.0,,0
PAY_005135,595,UPI_TECHNICAL_ERROR,TEMPORARY,0,BLIND_RETRY,{},RETRY_NOW,307.3175,SUCCESS,595.0,,0
PAY_000207,166,GATEWAY_TIMEOUT,TEMPORARY,0,BLIND_RETRY,{},RETRY_NOW,91.30000000000001,SUCCESS,166.0,,0
PAY_004489,4907,AUTHENTICATION_FAILED,CUSTOMER,0,BLIND_RETRY,{},RETRY_NOW,1879.381,FAILED,0.0,SINGLE_RETRY_EXHAUSTED,0
PAY_006939,3656,CARD_EXPIRED,CUSTOMER,0,BLIND_RETRY,{},RETRY_NOW,402.16,FAILED,0.0,SINGLE_RETRY_EXHAUSTED,0
PAY_009063,273,NETWORK_ERROR,TEMPORARY,0,BLIND_RETRY,{},RETRY_NOW,133.9065,SUCCESS,273.0,,0
PAY_006911,469,LIMIT_EXCEEDED,CUSTOMER,0,BLIND_RETRY,{},RETRY_NOW,122.17450000000001,FAILED,0.0,SINGLE_RETRY_EXHAUSTED,0
PAY_000503,914,BANK_TIMEOUT,TEMPORARY,0,BLIND_RETRY,{},RETRY_NOW,542.4590000000001,SUCCESS,914.0,,0
PAY_007386,987,GATEWAY_TIMEOUT,TEMPORARY,0,BLIND_RETRY,{},RETRY_NOW,544.3305,FAILED,0.0,SINGLE_RETRY_EXHAUSTED,0
PAY_001029,99,BANK_TIMEOUT,TEMPORARY,0,BLIND_RETRY,{},RETRY_NOW,57.865500000000004,FAILED,0.0,SINGLE_RETRY_EXHAUSTED,0
PAY_003841,426,GATEWAY_TIMEOUT,TEMPORARY,0,BLIND_RETRY,{},RETRY_NOW,224.71499999999997,FAILED,0.0,SINGLE_RETRY_EXHAUSTED,0
PAY_008111,3007,INSUFFICIENT_FUNDS,CUSTOMER,0,BLIND_RETRY,{},RETRY_NOW,527.7284999999999,FAILED,0.0,SINGLE_RETRY_EXHAUSTED,0
PAY_005057,99,INSUFFICIENT_FUNDS,CUSTOMER,0,BLIND_RETRY,{},RETRY_NOW,20.79,FAILED,0.0,SINGLE_RETRY_EXHAUSTED,0
PAY_009763,99,NETWORK_ERROR,TEMPORARY,0,BLIND_RETRY,{},RETRY_NOW,50.341499999999996,FAILED,0.0,SINGLE_RETRY_EXHAUSTED,0
PAY_008155,469,GATEWAY_TIMEOUT,TEMPORARY,0,BLIND_RETRY,{},RETRY_NOW,256.543,SUCCESS,469.0,,0
PAY_002732,3254,NETWORK_ERROR,TEMPORARY,0,BLIND_RETRY,{},RETRY_NOW,1703.4689999999998,SUCCESS,3254.0,,0
PAY_008997,997,AUTHENTICATION_FAILED,CUSTOMER,0,BLIND_RETRY,{},RETRY_NOW,384.842,FAILED,0.0,SINGLE_RETRY_EXHAUSTED,0
PAY_002455,347,NETWORK_ERROR,TEMPORARY,0,BLIND_RETRY,{},RETRY_NOW,174.888,FAILED,0.0,SINGLE_RETRY_EXHAUSTED,0
PAY_007216,8623,BANK_TIMEOUT,TEMPORARY,0,BLIND_RETRY,{},RETRY_NOW,4910.7985,SUCCESS,8623.0,,0
PAY_003105,1391,BANK_TIMEOUT,TEMPORARY,0,BLIND_RETRY,{},RETRY_NOW,781.7420000000001,SUCCESS,1391.0,,0
PAY_008393,579,GATEWAY_TIMEOUT,TEMPORARY,0,BLIND_RETRY,{},RETRY_NOW,322.7925,FAILED,0.0,SINGLE_RETRY_EXHAUSTED,0
PAY_006279,397,INVALID_ACCOUNT,HARD,0,BLIND_RETRY,{},RETRY_NOW,15.6815,SUCCESS,397.0,,0
PAY_003100,883,NETWORK_ERROR,TEMPORARY,0,BLIND_RETRY,{},RETRY_NOW,443.7074999999999,FAILED,0.0,SINGLE_RETRY_EXHAUSTED,0
PAY_006185,2067,INSUFFICIENT_FUNDS,CUSTOMER,0,BLIND_RETRY,{},RETRY_NOW,461.97450000000003,FAILED,0.0,SINGLE_RETRY_EXHAUSTED,0
PAY_003562,309,LIMIT_EXCEEDED,CUSTOMER,0,BLIND_RETRY,{},RETRY_NOW,79.5675,FAILED,0.0,SINGLE_RETRY_EXHAUSTED,0
PAY_005893,850,AUTHENTICATION_FAILED,CUSTOMER,0,BLIND_RETRY,{},RETRY_NOW,303.875,FAILED,0.0,SINGLE_RETRY_EXHAUSTED,0
PAY_000392,2622,BANK_TIMEOUT,TEMPORARY,0,BLIND_RETRY,{},RETRY_NOW,1532.559,SUCCESS,2622.0,,0
PAY_006737,1551,NETWORK_ERROR,TEMPORARY,0,BLIND_RETRY,{},RETRY_NOW,811.9485,SUCCESS,1551.0,,0
PAY_005619,309,LIMIT_EXCEEDED,CUSTOMER,0,BLIND_RETRY,{},RETRY_NOW,76.7865,FAILED,0.0,SINGLE_RETRY_EXHAUSTED,0
PAY_005259,1264,GATEWAY_TIMEOUT,TEMPORARY,0,BLIND_RETRY,{},RETRY_NOW,668.6560000000001,SUCCESS,1264.0,,0
PAY_009688,849,AUTHENTICATION_FAILED,CUSTOMER,0,BLIND_RETRY,{},RETRY_NOW,292.056,FAILED,0.0,SINGLE_RETRY_EXHAUSTED,0
PAY_002696,3158,CARD_EXPIRED,CUSTOMER,0,BLIND_RETRY,{},RETRY_NOW,352.117,FAILED,0.0,SINGLE_RETRY_EXHAUSTED,0
PAY_002028,1976,NETWORK_ERROR,TEMPORARY,0,BLIND_RETRY,{},RETRY_NOW,1010.7239999999999,SUCCESS,1976.0,,0
PAY_005464,99,CUSTOMER_DECLINED,HARD,0,BLIND_RETRY,{},RETRY_NOW,1.287,FAILED,0.0,SINGLE_RETRY_EXHAUSTED,0
PAY_002569,121,INSUFFICIENT_FUNDS,CUSTOMER,0,BLIND_RETRY,{},RETRY_NOW,25.41,FAILED,0.0,SINGLE_RETRY_EXHAUSTED,0
PAY_008007,427,INSUFFICIENT_FUNDS,CUSTOMER,0,BLIND_RETRY,{},RETRY_NOW,80.703,FAILED,0.0,SINGLE_RETRY_EXHAUSTED,0
PAY_000065,154,BANK_TIMEOUT,TEMPORARY,0,BLIND_RETRY,{},RETRY_NOW,88.39599999999999,SUCCESS,154.0,,0
PAY_002063,7746,BANK_TIMEOUT,TEMPORARY,0,BLIND_RETRY,{},RETRY_NOW,4271.919,FAILED,0.0,SINGLE_RETRY_EXHAUSTED,0
PAY_005277,454,NETWORK_ERROR,TEMPORARY,0,BLIND_RETRY,{},RETRY_NOW,223.368,SUCCESS,454.0,,0
PAY_007209,2519,UPI_TECHNICAL_ERROR,TEMPORARY,0,BLIND_RETRY,{},RETRY_NOW,1335.0700000000002,SUCCESS,2519.0,,0
PAY_008685,291,UPI_TECHNICAL_ERROR,TEMPORARY,0,BLIND_RETRY,{},RETRY_NOW,151.1745,SUCCESS,291.0,,0
PAY_008572,133,INSUFFICIENT_FUNDS,CUSTOMER,0,BLIND_RETRY,{},RETRY_NOW,29.7255,FAILED,0.0,SINGLE_RETRY_EXHAUSTED,0
PAY_006332,1361,INSUFFICIENT_FUNDS,CUSTOMER,0,BLIND_RETRY,{},RETRY_NOW,251.1045,FAILED,0.0,SINGLE_RETRY_EXHAUSTED,0
PAY_004860,121,GATEWAY_TIMEOUT,TEMPORARY,0,BLIND_RETRY,{},RETRY_NOW,61.831,FAILED,0.0,SINGLE_RETRY_EXHAUSTED,0
PAY_004888,602,CARD_EXPIRED,CUSTOMER,0,BLIND_RETRY,{},RETRY_NOW,58.093,FAILED,0.0,SINGLE_RETRY_EXHAUSTED,0
PAY_009269,851,NETWORK_ERROR,TEMPORARY,0,BLIND_RETRY,{},RETRY_NOW,439.116,FAILED,0.0,SINGLE_RETRY_EXHAUSTED,0
PAY_000879,3851,BANK_TIMEOUT,TEMPORARY,0,BLIND_RETRY,{},RETRY_NOW,2222.027,FAILED,0.0,SINGLE_RETRY_EXHAUSTED,0
PAY_008530,1959,LIMIT_EXCEEDED,CUSTOMER,0,BLIND_RETRY,{},RETRY_NOW,492.6885,FAILED,0.0,SINGLE_RETRY_EXHAUSTED,0
PAY_007917,1055,CUSTOMER_DECLINED,HARD,0,BLIND_RETRY,{},RETRY_NOW,27.9575,FAILED,0.0,SINGLE_RETRY_EXHAUSTED,0
PAY_006864,122,UPI_TECHNICAL_ERROR,TEMPORARY,0,BLIND_RETRY,{},RETRY_NOW,62.098,SUCCESS,122.0,,0
PAY_007893,903,BANK_TIMEOUT,TEMPORARY,0,BLIND_RETRY,{},RETRY_NOW,512.904,FAILED,0.0,SINGLE_RETRY_EXHAUSTED,0
PAY_006440,342,CARD_EXPIRED,CUSTOMER,0,BLIND_RETRY,{},RETRY_NOW,38.646,FAILED,0.0,SINGLE_RETRY_EXHAUSTED,0
PAY_007870,4197,INVALID_ACCOUNT,HARD,0,BLIND_RETRY,{},RETRY_NOW,146.895,FAILED,0.0,SINGLE_RETRY_EXHAUSTED,0
PAY_001017,697,LIMIT_EXCEEDED,CUSTOMER,0,BLIND_RETRY,{},RETRY_NOW,175.2955,FAILED,0.0,SINGLE_RETRY_EXHAUSTED,0
PAY_009468,135,GATEWAY_TIMEOUT,TEMPORARY,0,BLIND_RETRY,{},RETRY_NOW,73.2375,SUCCESS,135.0,,0
PAY_007630,1898,AUTHENTICATION_FAILED,CUSTOMER,0,BLIND_RETRY,{},RETRY_NOW,707.005,FAILED,0.0,SINGLE_RETRY_EXHAUSTED,0
PAY_000996,1330,BANK_TIMEOUT,TEMPORARY,0,BLIND_RETRY,{},RETRY_NOW,769.405,SUCCESS,1330.0,,0
PAY_004298,257,CARD_EXPIRED,CUSTOMER,0,BLIND_RETRY,{},RETRY_NOW,30.197499999999998,SUCCESS,257.0,,0
PAY_000162,290,LIMIT_EXCEEDED,CUSTOMER,0,BLIND_RETRY,{},RETRY_NOW,58.580000000000005,FAILED,0.0,SINGLE_RETRY_EXHAUSTED,0
PAY_005676,738,BANK_TIMEOUT,TEMPORARY,0,BLIND_RETRY,{},RETRY_NOW,419.18399999999997,FAILED,0.0,SINGLE_RETRY_EXHAUSTED,0
PAY_006874,311,NETWORK_ERROR,TEMPORARY,0,BLIND_RETRY,{},RETRY_NOW,156.27749999999997,FAILED,0.0,SINGLE_RETRY_EXHAUSTED,0
PAY_009693,717,BANK_TIMEOUT,TEMPORARY,0,BLIND_RETRY,{},RETRY_NOW,420.162,SUCCESS,717.0,,0
PAY_007990,145,UPI_TECHNICAL_ERROR,TEMPORARY,0,BLIND_RETRY,{},RETRY_NOW,76.6325,FAILED,0.0,SINGLE_RETRY_EXHAUSTED,0
PAY_003844,723,INSUFFICIENT_FUNDS,CUSTOMER,0,BLIND_RETRY,{},RETRY_NOW,144.23850000000002,FAILED,0.0,SINGLE_RETRY_EXHAUSTED,0
PAY_001022,99,CARD_EXPIRED,CUSTOMER,0,BLIND_RETRY,{},RETRY_NOW,9.5535,FAILED,0.0,SINGLE_RETRY_EXHAUSTED,0
PAY_003074,261,LIMIT_EXCEEDED,CUSTOMER,0,BLIND_RETRY,{},RETRY_NOW,66.4245,FAILED,0.0,SINGLE_RETRY_EXHAUSTED,0
PAY_007556,1157,PAYMENT_EXPIRED,HARD,0,BLIND_RETRY,{},RETRY_NOW,44.5445,FAILED,0.0,SINGLE_RETRY_EXHAUSTED,0
PAY_003944,353,AUTHENTICATION_FAILED,CUSTOMER,0,BLIND_RETRY,{},RETRY_NOW,138.376,SUCCESS,353.0,,0
PAY_001586,776,CARD_EXPIRED,CUSTOMER,0,BLIND_RETRY,{},RETRY_NOW,74.884,FAILED,0.0,SINGLE_RETRY_EXHAUSTED,0
PAY_003153,102,BANK_TIMEOUT,TEMPORARY,0,BLIND_RETRY,{},RETRY_NOW,57.783,SUCCESS,102.0,,0
PAY_008227,99,NETWORK_ERROR,TEMPORARY,0,BLIND_RETRY,{},RETRY_NOW,49.599,SUCCESS,99.0,,0
PAY_000776,661,NETWORK_ERROR,TEMPORARY,0,BLIND_RETRY,{},RETRY_NOW,325.212,SUCCESS,661.0,,0
PAY_009671,362,AUTHENTICATION_FAILED,CUSTOMER,0,BLIND_RETRY,{},RETRY_NOW,132.673,SUCCESS,362.0,,0
PAY_007100,1402,CARD_EXPIRED,CUSTOMER,0,BLIND_RETRY,{},RETRY_NOW,105.851,FAILED,0.0,SINGLE_RETRY_EXHAUSTED,0
PAY_005487,1237,INSUFFICIENT_FUNDS,CUSTOMER,0,BLIND_RETRY,{},RETRY_NOW,228.2265,SUCCESS,1237.0,,0
PAY_006236,931,BANK_TIMEOUT,TEMPORARY,0,BLIND_RETRY,{},RETRY_NOW,539.98,FAILED,0.0,SINGLE_RETRY_EXHAUSTED,0
PAY_009556,534,CARD_EXPIRED,CUSTOMER,0,BLIND_RETRY,{},RETRY_NOW,57.939,FAILED,0.0,SINGLE_RETRY_EXHAUSTED,0
PAY_007042,291,INVALID_ACCOUNT,HARD,0,BLIND_RETRY,{},RETRY_NOW,16.296,FAILED,0.0,SINGLE_RETRY_EXHAUSTED,0
PAY_002613,197,PAYMENT_EXPIRED,HARD,0,BLIND_RETRY,{},RETRY_NOW,3.743,FAILED,0.0,SINGLE_RETRY_EXHAUSTED,0
PAY_007514,617,LIMIT_EXCEEDED,CUSTOMER,0,BLIND_RETRY,{},RETRY_NOW,136.6655,FAILED,0.0,SINGLE_RETRY_EXHAUSTED,0
PAY_008434,203,LIMIT_EXCEEDED,CUSTOMER,0,BLIND_RETRY,{},RETRY_NOW,44.9645,FAILED,0.0,SINGLE_RETRY_EXHAUSTED,0
PAY_008793,1069,INSUFFICIENT_FUNDS,CUSTOMER,0,BLIND_RETRY,{},RETRY_NOW,210.0585,FAILED,0.0,SINGLE_RETRY_EXHAUSTED,0
PAY_005394,11261,UPI_TECHNICAL_ERROR,TEMPORARY,0,BLIND_RETRY,{},RETRY_NOW,6086.5705,FAILED,0.0,SINGLE_RETRY_EXHAUSTED,0
PAY_008839,99,INSUFFICIENT_FUNDS,CUSTOMER,0,BLIND_RETRY,{},RETRY_NOW,21.2355,FAILED,0.0,SINGLE_RETRY_EXHAUSTED,0
PAY_003891,251,PAYMENT_EXPIRED,HARD,0,BLIND_RETRY,{},RETRY_NOW,13.4285,FAILED,0.0,SINGLE_RETRY_EXHAUSTED,0
PAY_003557,1820,CARD_EXPIRED,CUSTOMER,0,BLIND_RETRY,{},RETRY_NOW,216.57999999999998,SUCCESS,1820.0,,0
PAY_001529,392,AUTHENTICATION_FAILED,CUSTOMER,0,BLIND_RETRY,{},RETRY_NOW,147.196,SUCCESS,392.0,,0
PAY_001268,1484,LIMIT_EXCEEDED,CUSTOMER,0,BLIND_RETRY,{},RETRY_NOW,384.356,FAILED,0.0,SINGLE_RETRY_EXHAUSTED,0
PAY_007735,374,CARD_EXPIRED,CUSTOMER,0,BLIND_RETRY,{},RETRY_NOW,44.506,FAILED,0.0,SINGLE_RETRY_EXHAUSTED,0
PAY_001900,134,AUTHENTICATION_FAILED,CUSTOMER,0,BLIND_RETRY,{},RETRY_NOW,48.105999999999995,FAILED,0.0,SINGLE_RETRY_EXHAUSTED,0
PAY_004659,885,CUSTOMER_DECLINED,HARD,0,BLIND_RETRY,{},RETRY_NOW,18.142500000000002,FAILED,0.0,SINGLE_RETRY_EXHAUSTED,0
PAY_003006,937,INSUFFICIENT_FUNDS,CUSTOMER,0,BLIND_RETRY,{},RETRY_NOW,200.9865,FAILED,0.0,SINGLE_RETRY_EXHAUSTED,0
PAY_002735,2352,LIMIT_EXCEEDED,CUSTOMER,0,BLIND_RETRY,{},RETRY_NOW,588.0,FAILED,0.0,SINGLE_RETRY_EXHAUSTED,0
PAY_000190,938,GATEWAY_TIMEOUT,TEMPORARY,0,BLIND_RETRY,{},RETRY_NOW,494.79499999999996,FAILED,0.0,SINGLE_RETRY_EXHAUSTED,0
PAY_009168,137,UPI_TECHNICAL_ERROR,TEMPORARY,0,BLIND_RETRY,{},RETRY_NOW,71.37700000000001,FAILED,0.0,SINGLE_RETRY_EXHAUSTED,0
PAY_002748,557,BLOCKED_METHOD,HARD,0,BLIND_RETRY,{},RETRY_NOW,38.433,FAILED,0.0,SINGLE_RETRY_EXHAUSTED,0
PAY_002048,232,CARD_EXPIRED,CUSTOMER,0,BLIND_RETRY,{},RETRY_NOW,19.951999999999998,FAILED,0.0,SINGLE_RETRY_EXHAUSTED,0
PAY_007850,3499,BANK_TIMEOUT,TEMPORARY,0,BLIND_RETRY,{},RETRY_NOW,1987.4319999999998,SUCCESS,3499.0,,0
PAY_002559,99,INSUFFICIENT_FUNDS,CUSTOMER,0,BLIND_RETRY,{},RETRY_NOW,20.6415,SUCCESS,99.0,,0
PAY_009275,1390,GATEWAY_TIMEOUT,TEMPORARY,0,BLIND_RETRY,{},RETRY_NOW,720.7149999999999,FAILED,0.0,SINGLE_RETRY_EXHAUSTED,0
PAY_008667,6296,CARD_EXPIRED,CUSTOMER,0,BLIND_RETRY,{},RETRY_NOW,522.568,FAILED,0.0,SINGLE_RETRY_EXHAUSTED,0
PAY_006397,247,NETWORK_ERROR,TEMPORARY,0,BLIND_RETRY,{},RETRY_NOW,121.524,FAILED,0.0,SINGLE_RETRY_EXHAUSTED,0
PAY_003386,2170,GATEWAY_TIMEOUT,TEMPORARY,0,BLIND_RETRY,{},RETRY_NOW,1183.735,SUCCESS,2170.0,,0
PAY_004556,277,GATEWAY_TIMEOUT,TEMPORARY,0,BLIND_RETRY,{},RETRY_NOW,155.2585,FAILED,0.0,SINGLE_RETRY_EXHAUSTED,0
PAY_001185,576,CUSTOMER_DECLINED,HARD,0,BLIND_RETRY,{},RETRY_NOW,20.447999999999997,FAILED,0.0,SINGLE_RETRY_EXHAUSTED,0
PAY_006421,344,INSUFFICIENT_FUNDS,CUSTOMER,0,BLIND_RETRY,{},RETRY_NOW,65.016,FAILED,0.0,SINGLE_RETRY_EXHAUSTED,0
PAY_005052,851,GATEWAY_TIMEOUT,TEMPORARY,0,BLIND_RETRY,{},RETRY_NOW,459.11449999999996,SUCCESS,851.0,,0
PAY_005312,712,GATEWAY_TIMEOUT,TEMPORARY,0,BLIND_RETRY,{},RETRY_NOW,385.192,SUCCESS,712.0,,0
PAY_002434,3462,UPI_TECHNICAL_ERROR,TEMPORARY,0,BLIND_RETRY,{},RETRY_NOW,1756.965,FAILED,0.0,SINGLE_RETRY_EXHAUSTED,0
PAY_006950,2029,AUTHENTICATION_FAILED,CUSTOMER,0,BLIND_RETRY,{},RETRY_NOW,795.368,FAILED,0.0,SINGLE_RETRY_EXHAUSTED,0
PAY_000770,1004,NETWORK_ERROR,TEMPORARY,0,BLIND_RETRY,{},RETRY_NOW,522.582,SUCCESS,1004.0,,0
PAY_001686,2775,INVALID_ACCOUNT,HARD,0,BLIND_RETRY,{},RETRY_NOW,155.4,FAILED,0.0,SINGLE_RETRY_EXHAUSTED,0
PAY_008323,2056,INSUFFICIENT_FUNDS,CUSTOMER,0,BLIND_RETRY,{},RETRY_NOW,431.76,SUCCESS,2056.0,,0
PAY_005579,854,GATEWAY_TIMEOUT,TEMPORARY,0,BLIND_RETRY,{},RETRY_NOW,463.29499999999996,SUCCESS,854.0,,0
PAY_004427,380,INSUFFICIENT_FUNDS,CUSTOMER,0,BLIND_RETRY,{},RETRY_NOW,68.97,FAILED,0.0,SINGLE_RETRY_EXHAUSTED,0
PAY_000467,1349,GATEWAY_TIMEOUT,TEMPORARY,0,BLIND_RETRY,{},RETRY_NOW,705.527,SUCCESS,1349.0,,0
PAY_006266,248,INVALID_ACCOUNT,HARD,0,BLIND_RETRY,{},RETRY_NOW,5.332,FAILED,0.0,SINGLE_RETRY_EXHAUSTED,0
PAY_005735,120,INSUFFICIENT_FUNDS,CUSTOMER,0,BLIND_RETRY,{},RETRY_NOW,24.12,FAILED,0.0,SINGLE_RETRY_EXHAUSTED,0
PAY_005192,521,BLOCKED_METHOD,HARD,0,BLIND_RETRY,{},RETRY_NOW,34.386,FAILED,0.0,SINGLE_RETRY_EXHAUSTED,0
PAY_005391,262,BANK_TIMEOUT,TEMPORARY,0,BLIND_RETRY,{},RETRY_NOW,152.353,FAILED,0.0,SINGLE_RETRY_EXHAUSTED,0
PAY_000861,851,NETWORK_ERROR,TEMPORARY,0,BLIND_RETRY,{},RETRY_NOW,436.563,FAILED,0.0,SINGLE_RETRY_EXHAUSTED,0
PAY_007271,543,INSUFFICIENT_FUNDS,CUSTOMER,0,BLIND_RETRY,{},RETRY_NOW,110.77199999999999,FAILED,0.0,SINGLE_RETRY_EXHAUSTED,0
