payment_id,amount,failure_code,failure_category,retry_count,ai_diagnosis,candidate_actions,selected_action,expected_recovery,actual_result,recovered_amount,stopping_reason,timestamp_step
PAY_005384,1377,AUTHENTICATION_FAILED,CUSTOMER,0,RULE_BASED,{},SEND_NOTIFICATION,859.248,SUCCESS,1377.0,,0
PAY_000553,140,NETWORK_ERROR,TEMPORARY,0,RULE_BASED,{},RETRY_LATER,106.05,SUCCESS,140.0,,0
PAY_003145,368,BANK_TIMEOUT,TEMPORARY,0,RULE_BASED,{},RETRY_LATER,313.35200000000003,SUCCESS,368.0,,0
PAY_006918,752,GATEWAY_TIMEOUT,TEMPORARY,0,RULE_BASED,{},RETRY_LATER,615.136,SUCCESS,752.0,,0
PAY_002057,876,UPI_TECHNICAL_ERROR,TEMPORARY,0,RULE_BASED,{},RETRY_LATER,699.048,SUCCESS,876.0,,0
PAY_001926,1256,LIMIT_EXCEEDED,CUSTOMER,0,RULE_BASED,{},SEND_NOTIFICATION,692.684,SUCCESS,1256.0,,0
PAY_000635,1682,CARD_EXPIRED,CUSTOMER,0,RULE_BASED,{},SEND_NOTIFICATION,1158.898,SUCCESS,1682.0,,0
PAY_006083,505,GATEWAY_TIMEOUT,TEMPORARY,0,RULE_BASED,{},RETRY_LATER,414.60499999999996,SUCCESS,505.0,,0
PAY_009271,2136,CARD_EXPIRED,CUSTOMER,0,RULE_BASED,{},SEND_NOTIFICATION,1414.0320000000002,SUCCESS,2136.0,,0
PAY_009679,1950,LIMIT_EXCEEDED,CUSTOMER,0,RULE_BASED,{},SEND_NOTIFICATION,1139.775,SUCCESS,1950.0,,0
PAY_000106,747,BANK_TIMEOUT,TEMPORARY,0,RULE_BASED,{},RETRY_LATER,633.8295,FAILED,0.0,SINGLE_ATTEMPT_EXHAUSTED,0
PAY_003042,274,BANK_TIMEOUT,TEMPORARY,0,RULE_BASED,{},RETRY_LATER,230.845,SUCCESS,274.0,,0
PAY_001710,2169,CARD_EXPIRED,CUSTOMER,0,RULE_BASED,{},SEND_NOTIFICATION,1468.413,SUCCESS,2169.0,,0
PAY_000090,1097,CARD_EXPIRED,CUSTOMER,0,RULE_BASED,{},SEND_NOTIFICATION,754.1875,SUCCESS,1097.0,,0
PAY_007015,218,CUSTOMER_DECLINED,HARD,0,RULE_BASED,{},STOP,0.0,STOPPED,0.0,RULE_HARD_FAILURE,0
PAY_003175,279,INSUFFICIENT_FUNDS,CUSTOMER,0,RULE_BASED,{},SEND_NOTIFICATION,200.88,SUCCESS,279.0,,0
PAY_000918,178,CARD_EXPIRED,CUSTOMER,0,RULE_BASED,{},SEND_NOTIFICATION,118.37,SUCCESS,178.0,,0
PAY_007834,1677,BANK_TIMEOUT,TEMPORARY,0,RULE_BASED,{},RETRY_LATER,1377.6555,FAILED,0.0,SINGLE_ATTEMPT_EXHAUSTED,0
PAY_006733,1837,GATEWAY_TIMEOUT,TEMPORARY,0,RULE_BASED,{},RETRY_LATER,1530.221,FAILED,0.0,SINGLE_ATTEMPT_EXHAUSTED,0
PAY_001950,1530,INSUFFICIENT_FUNDS,CUSTOMER,0,RULE_BASED,{},SEND_NOTIFICATION,1136.025,SUCCESS,1530.0,,0
PAY_006369,703,NETWORK_ERROR,TEMPORARY,0,RULE_BASED,{},RETRY_LATER,548.34,SUCCESS,703.0,,0
PAY_000002,809,UPI_TECHNICAL_ERROR,TEMPORARY,0,RULE_BASED,{},RETRY_LATER,648.009,SUCCESS,809.0,,0
PAY_008033,253,BANK_TIMEOUT,TEMPORARY,0,RULE_BASED,{},RETRY_LATER,212.39350000000002,SUCCESS,253.0,,0
PAY_006048,2521,INSUFFICIENT_FUNDS,CUSTOMER,0,RULE_BASED,{},SEND_NOTIFICATION,1799.994,SUCCESS,2521.0,,0
PAY_002721,605,NETWORK_ERROR,TEMPORARY,0,RULE_BASED,{},RETRY_LATER,465.54749999999996,SUCCESS,605.0,,0
PAY_009813,281,UPI_TECHNICAL_ERROR,TEMPORARY,0,RULE_BASED,{},RETRY_LATER,228.0315,SUCCESS,281.0,,0
PAY_003118,99,NETWORK_ERROR,TEMPORARY,0,RULE_BASED,{},RETRY_LATER,76.32900000000001,SUCCESS,99.0,,0
PAY_009466,336,CUSTOMER_DECLINED,HARD,0,RULE_BASED,{},STOP,0.0,STOPPED,0.0,RULE_HARD_FAILURE,0
PAY_003763,870,CARD_EXPIRED,CUSTOMER,0,RULE_BASED,{},SEND_NOTIFICATION,596.82,SUCCESS,870.0,,0
PAY_000214,938,BANK_TIMEOUT,TEMPORARY,0,RULE_BASED,{},RETRY_LATER,784.6370000000001,SUCCESS,938.0,,0
PAY_000779,8592,LIMIT_EXCEEDED,CUSTOMER,0,RULE_BASED,{},SEND_NOTIFICATION,4970.472,SUCCESS,8592.0,,0
PAY_003497,195,BANK_TIMEOUT,TEMPORARY,0,RULE_BASED,{},RETRY_LATER,163.995,SUCCESS,195.0,,0
PAY_008818,1864,BANK_TIMEOUT,TEMPORARY,0,RULE_BASED,{},RETRY_LATER,1536.868,SUCCESS,1864.0,,0
PAY_002044,99,INVALID_ACCOUNT,HARD,0,RULE_BASED,{},STOP,0.0,STOPPED,0.0,RULE_HARD_FAILURE,0
PAY_005421,863,AUTHENTICATION_FAILED,CUSTOMER,0,RULE_BASED,{},SEND_NOTIFICATION,524.2725,SUCCESS,863.0,,0
PAY_006155,1161,NETWORK_ERROR,TEMPORARY,0,RULE_BASED,{},RETRY_LATER,921.2535,SUCCESS,1161.0,,0
PAY_008358,873,BANK_TIMEOUT,TEMPORARY,0,RULE_BASED,{},RETRY_LATER,727.6455,FAILED,0.0,SINGLE_ATTEMPT_EXHAUSTED,0
PAY_008708,99,BANK_TIMEOUT,TEMPORARY,0,RULE_BASED,{},RETRY_LATER,85.4865,SUCCESS,99.0,,0
PAY_008466,1368,NETWORK_ERROR,TEMPORARY,0,RULE_BASED,{},RETRY_LATER,1044.4679999999998,SUCCESS,1368.0,,0
PAY_004168,4593,GATEWAY_TIMEOUT,TEMPORARY,0,RULE_BASED,{},RETRY_LATER,3660.621,SUCCESS,4593.0,,0
PAY_003789,1611,INSUFFICIENT_FUNDS,CUSTOMER,0,RULE_BASED,{},SEND_NOTIFICATION,1167.1695,SUCCESS,1611.0,,0
PAY_000584,337,UPI_TECHNICAL_ERROR,TEMPORARY,0,RULE_BASED,{},RETRY_LATER,262.3545,SUCCESS,337.0,,0
PAY_009912,4511,UPI_TECHNICAL_ERROR,TEMPORARY,0,RULE_BASED,{},RETRY_LATER,3694.5089999999996,FAILED,0.0,SINGLE_ATTEMPT_EXHAUSTED,0
PAY_009987,2635,NETWORK_ERROR,TEMPORARY,0,RULE_BASED,{},RETRY_LATER,2082.9674999999997,SUCCESS,2635.0,,0
PAY_000117,359,BANK_TIMEOUT,TEMPORARY,0,RULE_BASED,{},RETRY_LATER,295.457,SUCCESS,359.0,,0
PAY_006645,621,INSUFFICIENT_FUNDS,CUSTOMER,0,RULE_BASED,{},SEND_NOTIFICATION,449.91450000000003,SUCCESS,621.0,,0
PAY_009034,2688,UPI_TECHNICAL_ERROR,TEMPORARY,0,RULE_BASED,{},RETRY_LATER,2185.344,SUCCESS,2688.0,,0
PAY_009952,99,BANK_TIMEOUT,TEMPORARY,0,RULE_BASED,{},RETRY_LATER,84.00150000000001,SUCCESS,99.0,,0
PAY_008960,1357,CARD_EXPIRED,CUSTOMER,0,RULE_BASED,{},SEND_NOTIFICATION,912.5825,SUCCESS,1357.0,,0
PAY_001764,4245,LIMIT_EXCEEDED,CUSTOMER,0,RULE_BASED,{},SEND_NOTIFICATION,2392.0575,FAILED,0.0,SINGLE_ATTEMPT_EXHAUSTED,0
PAY_001876,342,BANK_TIMEOUT,TEMPORARY,0,RULE_BASED,{},RETRY_LATER,291.726,SUCCESS,342.0,,0
PAY_003225,2596,CUSTOMER_DECLINED,HARD,0,RULE_BASED,{},STOP,0.0,STOPPED,0.0,RULE_HARD_FAILURE,0
PAY_000527,5839,AUTHENTICATION_FAILED,CUSTOMER,0,RULE_BASED,{},SEND_NOTIFICATION,3757.3965,SUCCESS,5839.0,,0
PAY_007726,99,AUTHENTICATION_FAILED,CUSTOMER,0,RULE_BASED,{},SEND_NOTIFICATION,63.7065,FAILED,0.0,SINGLE_ATTEMPT_EXHAUSTED,0
PAY_002947,911,UPI_TECHNICAL_ERROR,TEMPORARY,0,RULE_BASED,{},RETRY_LATER,706.4805,SUCCESS,911.0,,0
PAY_004474,3127,UPI_TECHNICAL_ERROR,TEMPORARY,0,RULE_BASED,{},RETRY_LATER,2495.346,SUCCESS,3127.0,,0
PAY_005656,239,GATEWAY_TIMEOUT,TEMPORARY,0,RULE_BASED,{},RETRY_LATER,196.93599999999998,SUCCESS,239.0,,0
PAY_006060,131,BANK_TIMEOUT,TEMPORARY,0,RULE_BASED,{},RETRY_LATER,107.6165,SUCCESS,131.0,,0
PAY_000960,402,GATEWAY_TIMEOUT,TEMPORARY,0,RULE_BASED,{},RETRY_LATER,323.409,SUCCESS,402.0,,0
PAY_006343,502,BANK_TIMEOUT,TEMPORARY,0,RULE_BASED,{},RETRY_LATER,413.14599999999996,SUCCESS,502.0,,0
PAY_003634,110,BANK_TIMEOUT,TEMPORARY,0,RULE_BASED,{},RETRY_LATER,93.995,SUCCESS,110.0,,0
PAY_001051,543,CARD_EXPIRED,CUSTOMER,0,RULE_BASED,{},SEND_NOTIFICATION,370.869,FAILED,0.0,SINGLE_ATTEMPT_EXHAUSTED,0
PAY_003381,258,UPI_TECHNICAL_ERROR,TEMPORARY,0,RULE_BASED,{},RETRY_LATER,205.49699999999999,SUCCESS,258.0,,0
PAY_003677,411,AUTHENTICATION_FAILED,CUSTOMER,0,RULE_BASED,{},SEND_NOTIFICATION,260.163,SUCCESS,411.0,,0
PAY_005777,466,NETWORK_ERROR,TEMPORARY,0,RULE_BASED,{},RETRY_LATER,355.092,SUCCESS,466.0,,0
PAY_009046,99,PAYMENT_EXPIRED,HARD,0,RULE_BASED,{},STOP,0.0,STOPPED,0.0,RULE_HARD_FAILURE,0
PAY_006574,242,LIMIT_EXCEEDED,CUSTOMER,0,RULE_BASED,{},SEND_NOTIFICATION,136.367,FAILED,0.0,SINGLE_ATTEMPT_EXHAUSTED,0
PAY_005180,689,INSUFFICIENT_FUNDS,CUSTOMER,0,RULE_BASED,{},SEND_NOTIFICATION,515.7165,SUCCESS,689.0,,0
PAY_001608,99,AUTHENTICATION_FAILED,CUSTOMER,0,RULE_BASED,{},SEND_NOTIFICATION,60.588,FAILED,0.0,SINGLE_ATTEMPT_EXHAUSTED,0
PAY_003611,1689,BANK_TIMEOUT,TEMPORARY,0,RULE_BASED,{},RETRY_LATER,1412.8485,SUCCESS,1689.0,,0
PAY_009759,327,BANK_TIMEOUT,TEMPORARY,0,RULE_BASED,{},RETRY_LATER,270.59250000000003,FAILED,0.0,SINGLE_ATTEMPT_EXHAUSTED,0
PAY_006636,641,INVALID_ACCOUNT,HARD,0,RULE_BASED,{},STOP,0.0,STOPPED,0.0,RULE_HARD_FAILURE,0
PAY_009998,1753,CARD_EXPIRED,CUSTOMER,0,RULE_BASED,{},SEND_NOTIFICATION,1197.299,SUCCESS,1753.0,,0
PAY_000792,732,GATEWAY_TIMEOUT,TEMPORARY,0,RULE_BASED,{},RETRY_LATER,607.56,FAILED,0.0,SINGLE_ATTEMPT_EXHAUSTED,0
PAY_003057,259,LIMIT_EXCEEDED,CUSTOMER,0,RULE_BASED,{},SEND_NOTIFICATION,148.666,SUCCESS,259.0,,0
PAY_001981,1018,BANK_TIMEOUT,TEMPORARY,0,RULE_BASED,{},RETRY_LATER,856.1379999999999,SUCCESS,1018.0,,0
PAY_003599,259,CARD_EXPIRED,CUSTOMER,0,RULE_BASED,{},SEND_NOTIFICATION,177.674,SUCCESS,259.0,,0
PAY_000934,328,BANK_TIMEOUT,TEMPORARY,0,RULE_BASED,{},RETRY_LATER,283.228,SUCCESS,328.0,,0
PAY_007425,101,AUTHENTICATION_FAILED,CUSTOMER,0,RULE_BASED,{},SEND_NOTIFICATION,61.3575,FAILED,0.0,SINGLE_ATTEMPT_EXHAUSTED,0
PAY_005627,490,LIMIT_EXCEEDED,CUSTOMER,0,RULE_BASED,{},SEND_NOTIFICATION,287.875,SUCCESS,490.0,,0
PAY_001683,702,GATEWAY_TIMEOUT,TEMPORARY,0,RULE_BASED,{},RETRY_LATER,554.229,SUCCESS,702.0,,0
PAY_004180,746,BANK_TIMEOUT,TEMPORARY,0,RULE_BASED,{},RETRY_LATER,609.482,SUCCESS,746.0,,0
PAY_006447,830,UPI_TECHNICAL_ERROR,TEMPORARY,0,RULE_BASED,{},RETRY_LATER,636.1949999999999,SUCCESS,830.0,,0
PAY_004117,1753,LIMIT_EXCEEDED,CUSTOMER,0,RULE_BASED,{},SEND_NOTIFICATION,990.4449999999999,SUCCESS,1753.0,,0
PAY_000989,331,CARD_EXPIRED,CUSTOMER,0,RULE_BASED,{},SEND_NOTIFICATION,229.5485,SUCCESS,331.0,,0
PAY_002897,502,BANK_TIMEOUT,TEMPORARY,0,RULE_BASED,{},RETRY_LATER,419.923,SUCCESS,502.0,,0
PAY_003779,319,INVALID_ACCOUNT,HARD,0,RULE_BASED,{},STOP,0.0,STOPPED,0.0,RULE_HARD_FAILURE,0
PAY_005659,2379,BLOCKED_METHOD,HARD,0,RULE_BASED,{},STOP,0.0,STOPPED,0.0,RULE_HARD_FAILURE,0
PAY_003094,1244,GATEWAY_TIMEOUT,TEMPORARY,0,RULE_BASED,{},RETRY_LATER,998.932,SUCCESS,1244.0,,0
PAY_003156,560,GATEWAY_TIMEOUT,TEMPORARY,0,RULE_BASED,{},RETRY_LATER,471.52,FAILED,0.0,SINGLE_ATTEMPT_EXHAUSTED,0
PAY_001824,1978,PAYMENT_EXPIRED,HARD,0,RULE_BASED,{},STOP,0.0,STOPPED,0.0,RULE_HARD_FAILURE,0
PAY_009623,514,BANK_TIMEOUT,TEMPORARY,0,RULE_BASED,{},RETRY_LATER,419.938,FAILED,0.0,SINGLE_ATTEMPT_EXHAUSTED,0
PAY_001099,1859,BANK_TIMEOUT,TEMPORARY,0,RULE_BASED,{},RETRY_LATER,1605.2465000000002,SUCCESS,1859.0,,0
PAY_002845,1612,PAYMENT_EXPIRED,HARD,0,RULE_BASED,{},STOP,0.0,STOPPED,0.0,RULE_HARD_FAILURE,0
PAY_003343,186,UPI_TECHNICAL_ERROR,TEMPORARY,0,RULE_BASED,{},RETRY_LATER,152.055,SUCCESS,186.0,,0
PAY_000039,112,LIMIT_EXCEEDED,CUSTOMER,0,RULE_BASED,{},SEND_NOTIFICATION,64.12,FAILED,0.0,SINGLE_ATTEMPT_EXHAUSTED,0
PAY_006541,671,UPI_TECHNICAL_ERROR,TEMPORARY,0,RULE_BASED,{},RETRY_LATER,542.5035,FAILED,0.0,SINGLE_ATTEMPT_EXHAUSTED,0
PAY_009474,1656,UPI_TECHNICAL_ERROR,TEMPORARY,0,RULE_BASED,{},RETRY_LATER,1309.068,SUCCESS,1656.0,,0
PAY_003357,3996,NETWORK_ERROR,TEMPORARY,0,RULE_BASED,{},RETRY_LATER,3110.886,FAILED,0.0,SINGLE_ATTEMPT_EXHAUSTED,0
PAY_007814,1136,NETWORK_ERROR,TEMPORARY,0,RULE_BASED,{},RETRY_LATER,857.112,SUCCESS,1136.0,,0
PAY_008221,2369,CARD_EXPIRED,CUSTOMER,0,RULE_BASED,{},SEND_NOTIFICATION,1518.529,SUCCESS,2369.0,,0
PAY_009228,2058,BANK_TIMEOUT,TEMPORARY,0,RULE_BASED,{},RETRY_LATER,1733.865,SUCCESS,2058.0,,0
PAY_002429,886,GATEWAY_TIMEOUT,TEMPORARY,0,RULE_BASED,{},RETRY_LATER,735.38,SUCCESS,886.0,,0
PAY_005044,185,PAYMENT_EXPIRED,HARD,0,RULE_BASED,{},STOP,0.0,STOPPED,0.0,RULE_HARD_FAILURE,0
PAY_005347,1169,BANK_TIMEOUT,TEMPORARY,0,RULE_BASED,{},RETRY_LATER,979.622,SUCCESS,1169.0,,0
PAY_004812,402,CARD_EXPIRED,CUSTOMER,0,RULE_BASED,{},SEND_NOTIFICATION,266.727,SUCCESS,402.0,,0
PAY_008477,701,GATEWAY_TIMEOUT,TEMPORARY,0,RULE_BASED,{},RETRY_LATER,588.139,SUCCESS,701.0,,0
PAY_000687,319,INSUFFICIENT_FUNDS,CUSTOMER,0,RULE_BASED,{},SEND_NOTIFICATION,239.25,SUCCESS,319.0,,0
PAY_004800,186,BANK_TIMEOUT,TEMPORARY,0,RULE_BASED,{},RETRY_LATER,159.216,SUCCESS,186.0,,0
PAY_007438,1704,BANK_TIMEOUT,TEMPORARY,0,RULE_BASED,{},RETRY_LATER,1461.18,SUCCESS,1704.0,,0
PAY_002354,601,UPI_TECHNICAL_ERROR,TEMPORARY,0,RULE_BASED,{},RETRY_LATER,490.416,SUCCESS,601.0,,0
PAY_006354,2833,NETWORK_ERROR,TEMPORARY,0,RULE_BASED,{},RETRY_LATER,2116.251,SUCCESS,2833.0,,0
PAY_004570,976,BANK_TIMEOUT,TEMPORARY,0,RULE_BASED,{},RETRY_LATER,817.8879999999999,SUCCESS,976.0,,0
PAY_008214,3582,BANK_TIMEOUT,TEMPORARY,0,RULE_BASED,{},RETRY_LATER,2985.597,SUCCESS,3582.0,,0
PAY_002753,1219,CUSTOMER_DECLINED,HARD,0,RULE_BASED,{},STOP,0.0,STOPPED,0.0,RULE_HARD_FAILURE,0
PAY_008074,111,CARD_EXPIRED,CUSTOMER,0,RULE_BASED,{},SEND_NOTIFICATION,74.6475,SUCCESS,111.0,,0
PAY_001041,245,GATEWAY_TIMEOUT,TEMPORARY,0,RULE_BASED,{},RETRY_LATER,199.3075,SUCCESS,245.0,,0
PAY_007492,259,AUTHENTICATION_FAILED,CUSTOMER,0,RULE_BASED,{},SEND_NOTIFICATION,161.22750000000002,SUCCESS,259.0,,0
PAY_001266,709,GATEWAY_TIMEOUT,TEMPORARY,0,RULE_BASED,{},RETRY_LATER,564.0095,SUCCESS,709.0,,0
PAY_009266,353,BANK_TIMEOUT,TEMPORARY,0,RULE_BASED,{},RETRY_LATER,300.5795,SUCCESS,353.0,,0
PAY_007060,99,INSUFFICIENT_FUNDS,CUSTOMER,0,RULE_BASED,{},SEND_NOTIFICATION,73.50750000000001,SUCCESS,99.0,,0
PAY_000278,378,NETWORK_ERROR,TEMPORARY,0,RULE_BASED,{},RETRY_LATER,299.943,FAILED,0.0,SINGLE_ATTEMPT_EXHAUSTED,0
PAY_005085,229,GATEWAY_TIMEOUT,TEMPORARY,0,RULE_BASED,{},RETRY_LATER,184.9175,FAILED,0.0,SINGLE_ATTEMPT_EXHAUSTED,0
PAY_002383,762,BANK_TIMEOUT,TEMPORARY,0,RULE_BASED,{},RETRY_LATER,627.126,SUCCESS,762.0,,0
PAY_000572,458,NETWORK_ERROR,TEMPORARY,0,RULE_BASED,{},RETRY_LATER,344.874,SUCCESS,458.0,,0
PAY_001436,161,GATEWAY_TIMEOUT,TEMPORARY,0,RULE_BASED,{},RETRY_LATER,132.4225,SUCCESS,161.0,,0
PAY_005353,3792,UPI_TECHNICAL_ERROR,TEMPORARY,0,RULE_BASED,{},RETRY_LATER,3037.3920000000003,SUCCESS,3792.0,,0
PAY_005446,330,BANK_TIMEOUT,TEMPORARY,0,RULE_BASED,{},RETRY_LATER,280.005,SUCCESS,330.0,,0
PAY_001008,541,LIMIT_EXCEEDED,CUSTOMER,0,RULE_BASED,{},SEND_NOTIFICATION,292.68100000000004,FAILED,0.0,SINGLE_ATTEMPT_EXHAUSTED,0
PAY_004544,99,NETWORK_ERROR,TEMPORARY,0,RULE_BASED,{},RETRY_LATER,77.0715,SUCCESS,99.0,,0
PAY_008817,865,GATEWAY_TIMEOUT,TEMPORARY,0,RULE_BASED,{},RETRY_LATER,694.595,FAILED,0.0,SINGLE_ATTEMPT_EXHAUSTED,0
PAY_002065,1427,NETWORK_ERROR,TEMPORARY,0,RULE_BASED,{},RETRY_LATER,1098.0765,SUCCESS,1427.0,,0
PAY_001137,1432,BANK_TIMEOUT,TEMPORARY,0,RULE_BASED,{},RETRY_LATER,1223.644,SUCCESS,1432.0,,0
PAY_005344,355,INVALID_ACCOUNT,HARD,0,RULE_BASED,{},STOP,0.0,STOPPED,0.0,RULE_HARD_FAILURE,0
PAY_000295,3395,BANK_TIMEOUT,TEMPORARY,0,RULE_BASED,{},RETRY_LATER,2865.38,SUCCESS,3395.0,,0
PAY_002404,553,NETWORK_ERROR,TEMPORARY,0,RULE_BASED,{},RETRY_LATER,432.16949999999997,SUCCESS,553.0,,0
PAY_003999,6154,GATEWAY_TIMEOUT,TEMPORARY,0,RULE_BASED,{},RETRY_LATER,5190.899,SUCCESS,6154.0,,0
PAY_003742,99,LIMIT_EXCEEDED,CUSTOMER,0,RULE_BASED,{},SEND_NOTIFICATION,56.6775,SUCCESS,99.0,,0
PAY_009223,933,GATEWAY_TIMEOUT,TEMPORARY,0,RULE_BASED,{},RETRY_LATER,760.395,SUCCESS,933.0,,0
PAY_002720,753,BANK_TIMEOUT,TEMPORARY,0,RULE_BASED,{},RETRY_LATER,624.237,SUCCESS,753.0,,0
PAY_009200,99,BANK_TIMEOUT,TEMPORARY,0,RULE_BASED,{},RETRY_LATER,84.447,FAILED,0.0,SINGLE_ATTEMPT_EXHAUSTED,0
PAY_005151,2699,NETWORK_ERROR,TEMPORARY,0,RULE_BASED,{},RETRY_LATER,2113.317,SUCCESS,2699.0,,0
PAY_002809,878,BLOCKED_METHOD,HARD,0,RULE_BASED,{},STOP,0.0,STOPPED,0.0,RULE_HARD_FAILURE,0
PAY_000557,488,BANK_TIMEOUT,TEMPORARY,0,RULE_BASED,{},RETRY_LATER,420.656,SUCCESS,488.0,,0
PAY_008926,924,LIMIT_EXCEEDED,CUSTOMER,0,RULE_BASED,{},SEND_NOTIFICATION,519.288,SUCCESS,924.0,,0
PAY_004796,259,AUTHENTICATION_FAILED,CUSTOMER,0,RULE_BASED,{},SEND_NOTIFICATION,160.839,SUCCESS,259.0,,0
PAY_002470,1770,GATEWAY_TIMEOUT,TEMPORARY,0,RULE_BASED,{},RETRY_LATER,1437.24,SUCCESS,1770.0,,0
PAY_003739,982,BANK_TIMEOUT,TEMPORARY,0,RULE_BASED,{},RETRY_LATER,845.0110000000001,FAILED,0.0,SINGLE_ATTEMPT_EXHAUSTED,0
PAY_004287,965,GATEWAY_TIMEOUT,TEMPORARY,0,RULE_BASED,{},RETRY_LATER,777.7900000000001,SUCCESS,965.0,,0
PAY_002605,233,INSUFFICIENT_FUNDS,CUSTOMER,0,RULE_BASED,{},SEND_NOTIFICATION,172.653,FAILED,0.0,SINGLE_ATTEMPT_EXHAUSTED,0
PAY_000363,811,LIMIT_EXCEEDED,CUSTOMER,0,RULE_BASED,{},SEND_NOTIFICATION,464.2975,SUCCESS,811.0,,0
PAY_006925,108,CARD_EXPIRED,CUSTOMER,0,RULE_BASED,{},SEND_NOTIFICATION,73.926,SUCCESS,108.0,,0
PAY_001705,1591,LIMIT_EXCEEDED,CUSTOMER,0,RULE_BASED,{},SEND_NOTIFICATION,922.78,FAILED,0.0,SINGLE_ATTEMPT_EXHAUSTED,0
PAY_002140,1344,GATEWAY_TIMEOUT,TEMPORARY,0,RULE_BASED,{},RETRY_LATER,1107.456,SUCCESS,1344.0,,0
PAY_003240,691,GATEWAY_TIMEOUT,TEMPORARY,0,RULE_BASED,{},RETRY_LATER,550.727,SUCCESS,691.0,,0
PAY_002384,1057,INSUFFICIENT_FUNDS,CUSTOMER,0,RULE_BASED,{},SEND_NOTIFICATION,773.7239999999999,FAILED,0.0,SINGLE_ATTEMPT_EXHAUSTED,0
PAY_007315,1357,INSUFFICIENT_FUNDS,CUSTOMER,0,RULE_BASED,{},SEND_NOTIFICATION,1001.466,FAILED,0.0,SINGLE_ATTEMPT_EXHAUSTED,0
PAY_004312,373,NETWORK_ERROR,TEMPORARY,0,RULE_BASED,{},RETRY_LATER,292.059,FAILED,0.0,SINGLE_ATTEMPT_EXHAUSTED,0
PAY_001313,343,NETWORK_ERROR,TEMPORARY,0,RULE_BASED,{},RETRY_LATER,260.8515,SUCCESS,343.0,,0
PAY_003931,1712,CARD_EXPIRED,CUSTOMER,0,RULE_BASED,{},SEND_NOTIFICATION,1177.0,SUCCESS,1712.0,,0
PAY_006184,594,UPI_TECHNICAL_ERROR,TEMPORARY,0,RULE_BASED,{},RETRY_LATER,473.121,FAILED,0.0,SINGLE_ATTEMPT_EXHAUSTED,0
PAY_001592,185,AUTHENTICATION_FAILED,CUSTOMER,0,RULE_BASED,{},SEND_NOTIFICATION,119.0475,SUCCESS,185.0,,0
PAY_009388,11782,AUTHENTICATION_FAILED,CUSTOMER,0,RULE_BASED,{},SEND_NOTIFICATION,7351.968,FAILED,0.0,SINGLE_ATTEMPT_EXHAUSTED,0
PAY_002163,126,UPI_TECHNICAL_ERROR,TEMPORARY,0,RULE_BASED,{},RETRY_LATER,99.981,SUCCESS,126.0,,0
PAY_002397,266,AUTHENTICATION_FAILED,CUSTOMER,0,RULE_BASED,{},SEND_NOTIFICATION,164.787,SUCCESS,266.0,,0
PAY_000318,1864,PAYMENT_EXPIRED,HARD,0,RULE_BASED,{},STOP,0.0,STOPPED,0.0,RULE_HARD_FAILURE,0
PAY_005234,1703,LIMIT_EXCEEDED,CUSTOMER,0,RULE_BASED,{},SEND_NOTIFICATION,967.3039999999999,FAILED,0.0,SINGLE_ATTEMPT_EXHAUSTED,0
PAY_005069,1245,GATEWAY_TIMEOUT,TEMPORARY,0,RULE_BASED,{},RETRY_LATER,1037.085,SUCCESS,1245.0,,0
PAY_004037,186,UPI_TECHNICAL_ERROR,TEMPORARY,0,RULE_BASED,{},RETRY_LATER,148.707,FAILED,0.0,SINGLE_ATTEMPT_EXHAUSTED,0
PAY_003021,5466,GATEWAY_TIMEOUT,TEMPORARY,0,RULE_BASED,{},RETRY_LATER,4340.004,SUCCESS,5466.0,,0
PAY_008229,989,NETWORK_ERROR,TEMPORARY,0,RULE_BASED,{},RETRY_LATER,758.0685,SUCCESS,989.0,,0
PAY_005296,2255,AUTHENTICATION_FAILED,CUSTOMER,0,RULE_BASED,{},SEND_NOTIFICATION,1434.18,FAILED,0.0,SINGLE_ATTEMPT_EXHAUSTED,0
PAY_003973,457,BANK_TIMEOUT,TEMPORARY,0,RULE_BASED,{},RETRY_LATER,386.3935,SUCCESS,457.0,,0
PAY_005371,647,BANK_TIMEOUT,TEMPORARY,0,RULE_BASED,{},RETRY_LATER,536.3629999999999,FAILED,0.0,SINGLE_ATTEMPT_EXHAUSTED,0
PAY_004134,1321,CARD_EXPIRED,CUSTOMER,0,RULE_BASED,{},SEND_NOTIFICATION,868.5575,FAILED,0.0,SINGLE_ATTEMPT_EXHAUSTED,0
PAY_000975,1100,BANK_TIMEOUT,TEMPORARY,0,RULE_BASED,{},RETRY_LATER,935.0,SUCCESS,1100.0,,0
PAY_007292,1854,NETWORK_ERROR,TEMPORARY,0,RULE_BASED,{},RETRY_LATER,1454.463,SUCCESS,1854.0,,0
PAY_000955,200,AUTHENTICATION_FAILED,CUSTOMER,0,RULE_BASED,{},SEND_NOTIFICATION,126.89999999999999,SUCCESS,200.0,,0
PAY_009307,401,BANK_TIMEOUT,TEMPORARY,0,RULE_BASED,{},RETRY_LATER,334.835,SUCCESS,401.0,,0
PAY_005017,2824,LIMIT_EXCEEDED,CUSTOMER,0,RULE_BASED,{},SEND_NOTIFICATION,1629.4479999999999,FAILED,0.0,SINGLE_ATTEMPT_EXHAUSTED,0
PAY_009731,575,UPI_TECHNICAL_ERROR,TEMPORARY,0,RULE_BASED,{},RETRY_LATER,464.8875,SUCCESS,575.0,,0
PAY_007491,122,GATEWAY_TIMEOUT,TEMPORARY,0,RULE_BASED,{},RETRY_LATER,96.50200000000001,SUCCESS,122.0,,0
PAY_001641,170,LIMIT_EXCEEDED,CUSTOMER,0,RULE_BASED,{},SEND_NOTIFICATION,92.99000000000001,FAILED,0.0,SINGLE_ATTEMPT_EXHAUSTED,0
PAY_001291,424,CARD_EXPIRED,CUSTOMER,0,RULE_BASED,{},SEND_NOTIFICATION,274.32800000000003,SUCCESS,424.0,,0
PAY_001381,1892,INSUFFICIENT_FUNDS,CUSTOMER,0,RULE_BASED,{},SEND_NOTIFICATION,1393.458,SUCCESS,1892.0,,0
PAY_001934,1100,INSUFFICIENT_FUNDS,CUSTOMER,0,RULE_BASED,{},SEND_NOTIFICATION,792.0,SUCCESS,1100.0,,0
PAY_004676,120,BANK_TIMEOUT,TEMPORARY,0,RULE_BASED,{},RETRY_LATER,99.66,SUCCESS,120.0,,0
PAY_000893,339,BANK_TIMEOUT,TEMPORARY,0,RULE_BASED,{},RETRY_LATER,283.065,SUCCESS,339.0,,0
PAY_007288,99,GATEWAY_TIMEOUT,TEMPORARY,0,RULE_BASED,{},RETRY_LATER,78.60600000000001,SUCCESS,99.0,,0
PAY_004877,2287,AUTHENTICATION_FAILED,CUSTOMER,0,RULE_BASED,{},SEND_NOTIFICATION,1430.5185,SUCCESS,2287.0,,0
PAY_007907,2398,CARD_EXPIRED,CUSTOMER,0,RULE_BASED,{},SEND_NOTIFICATION,1598.267,SUCCESS,2398.0,,0
PAY_008195,4672,CARD_EXPIRED,CUSTOMER,0,RULE_BASED,{},SEND_NOTIFICATION,3113.888,FAILED,0.0,SINGLE_ATTEMPT_EXHAUSTED,0
PAY_009380,5241,GATEWAY_TIMEOUT,TEMPORARY,0,RULE_BASED,{},RETRY_LATER,4357.8915,SUCCESS,5241.0,,0
PAY_002467,1210,CARD_EXPIRED,CUSTOMER,0,RULE_BASED,{},SEND_NOTIFICATION,839.135,SUCCESS,1210.0,,0
PAY_007658,620,NETWORK_ERROR,TEMPORARY,0,RULE_BASED,{},RETRY_LATER,491.04,SUCCESS,620.0,,0
PAY_001914,3708,BANK_TIMEOUT,TEMPORARY,0,RULE_BASED,{},RETRY_LATER,3062.808,SUCCESS,3708.0,,0
PAY_002737,1827,GATEWAY_TIMEOUT,TEMPORARY,0,RULE_BASED,{},RETRY_LATER,1480.7835,FAILED,0.0,SINGLE_ATTEMPT_EXHAUSTED,0
PAY_000727,2217,GATEWAY_TIMEOUT,TEMPORARY,0,RULE_BASED,{},RETRY_LATER,1783.5765,SUCCESS,2217.0,,0
PAY_007215,431,BLOCKED_METHOD,HARD,0,RULE_BASED,{},STOP,0.0,STOPPED,0.0,RULE_HARD_FAILURE,0
PAY_008246,1491,BANK_TIMEOUT,TEMPORARY,0,RULE_BASED,{},RETRY_LATER,1238.2755,SUCCESS,1491.0,,0
PAY_001797,713,CARD_EXPIRED,CUSTOMER,0,RULE_BASED,{},SEND_NOTIFICATION,454.894,SUCCESS,713.0,,0
PAY_003846,368,CARD_EXPIRED,CUSTOMER,0,RULE_BASED,{},SEND_NOTIFICATION,245.824,FAILED,0.0,SINGLE_ATTEMPT_EXHAUSTED,0
PAY_006403,481,BANK_TIMEOUT,TEMPORARY,0,RULE_BASED,{},RETRY_LATER,411.0145,FAILED,0.0,SINGLE_ATTEMPT_EXHAUSTED,0
PAY_000937,99,BANK_TIMEOUT,TEMPORARY,0,RULE_BASED,{},RETRY_LATER,85.041,FAILED,0.0,SINGLE_ATTEMPT_EXHAUSTED,0
PAY_002266,758,GATEWAY_TIMEOUT,TEMPORARY,0,RULE_BASED,{},RETRY_LATER,613.2220000000001,SUCCESS,758.0,,0
PAY_000825,250,CARD_EXPIRED,CUSTOMER,0,RULE_BASED,{},SEND_NOTIFICATION,167.75,FAILED,0.0,SINGLE_ATTEMPT_EXHAUSTED,0
PAY_007275,1592,LIMIT_EXCEEDED,CUSTOMER,0,RULE_BASED,{},SEND_NOTIFICATION,889.9280000000001,SUCCESS,1592.0,,0
PAY_001390,4819,INSUFFICIENT_FUNDS,CUSTOMER,0,RULE_BASED,{},SEND_NOTIFICATION,3664.8495,FAILED,0.0,SINGLE_ATTEMPT_EXHAUSTED,0
PAY_003565,2436,BLOCKED_METHOD,HARD,0,RULE_BASED,{},STOP,0.0,STOPPED,0.0,RULE_HARD_FAILURE,0
PAY_005430,1048,INSUFFICIENT_FUNDS,CUSTOMER,0,RULE_BASED,{},SEND_NOTIFICATION,762.4200000000001,FAILED,0.0,SINGLE_ATTEMPT_EXHAUSTED,0
PAY_007828,405,CARD_EXPIRED,CUSTOMER,0,RULE_BASED,{},SEND_NOTIFICATION,265.0725,SUCCESS,405.0,,0
PAY_005691,182,INSUFFICIENT_FUNDS,CUSTOMER,0,RULE_BASED,{},SEND_NOTIFICATION,135.408,SUCCESS,182.0,,0
PAY_007879,959,INSUFFICIENT_FUNDS,CUSTOMER,0,RULE_BASED,{},SEND_NOTIFICATION,717.8115,SUCCESS,959.0,,0
PAY_001869,746,NETWORK_ERROR,TEMPORARY,0,RULE_BASED,{},RETRY_LATER,585.237,SUCCESS,746.0,,0
PAY_008203,99,GATEWAY_TIMEOUT,TEMPORARY,0,RULE_BASED,{},RETRY_LATER,82.764,FAILED,0.0,SINGLE_ATTEMPT_EXHAUSTED,0
PAY_007487,1169,UPI_TECHNICAL_ERROR,TEMPORARY,0,RULE_BASED,{},RETRY_LATER,959.1645,SUCCESS,1169.0,,0
PAY_000807,1681,BANK_TIMEOUT,TEMPORARY,0,RULE_BASED,{},RETRY_LATER,1396.0705,FAILED,0.0,SINGLE_ATTEMPT_EXHAUSTED,0
PAY_004806,1350,CARD_EXPIRED,CUSTOMER,0,RULE_BASED,{},SEND_NOTIFICATION,932.175,SUCCESS,1350.0,,0
PAY_009153,1237,INSUFFICIENT_FUNDS,CUSTOMER,0,RULE_BASED,{},SEND_NOTIFICATION,929.6054999999999,SUCCESS,1237.0,,0
PAY_007512,2033,CUSTOMER_DECLINED,HARD,0,RULE_BASED,{},STOP,0.0,STOPPED,0.0,RULE_HARD_FAILURE,0
PAY_008057,99,PAYMENT_EXPIRED,HARD,0,RULE_BASED,{},STOP,0.0,STOPPED,0.0,RULE_HARD_FAILURE,0
PAY_004495,383,BANK_TIMEOUT,TEMPORARY,0,RULE_BASED,{},RETRY_LATER,327.848,SUCCESS,383.0,,0
PAY_002633,363,CUSTOMER_DECLINED,HARD,0,RULE_BASED,{},STOP,0.0,STOPPED,0.0,RULE_HARD_FAILURE,0
PAY_008901,444,INSUFFICIENT_FUNDS,CUSTOMER,0,RULE_BASED,{},SEND_NOTIFICATION,330.336,FAILED,0.0,SINGLE_ATTEMPT_EXHAUSTED,0
PAY_008624,394,BANK_TIMEOUT,TEMPORARY,0,RULE_BASED,{},RETRY_LATER,339.03700000000003,SUCCESS,394.0,,0
PAY_007833,577,AUTHENTICATION_FAILED,CUSTOMER,0,RULE_BASED,{},SEND_NOTIFICATION,347.06550000000004,FAILED,0.0,SINGLE_ATTEMPT_EXHAUSTED,0
PAY_004389,3776,CARD_EXPIRED,CUSTOMER,0,RULE_BASED,{},SEND_NOTIFICATION,2516.7039999999997,SUCCESS,3776.0,,0
PAY_000146,331,LIMIT_EXCEEDED,CUSTOMER,0,RULE_BASED,{},SEND_NOTIFICATION,177.5815,SUCCESS,331.0,,0
PAY_006468,453,LIMIT_EXCEEDED,CUSTOMER,0,RULE_BASED,{},SEND_NOTIFICATION,253.9065,FAILED,0.0,SINGLE_ATTEMPT_EXHAUSTED,0
PAY_002034,257,BANK_TIMEOUT,TEMPORARY,0,RULE_BASED,{},RETRY_LATER,214.595,SUCCESS,257.0,,0
PAY_009128,494,NETWORK_ERROR,TEMPORARY,0,RULE_BASED,{},RETRY_LATER,391.989,SUCCESS,494.0,,0
PAY_001166,192,BANK_TIMEOUT,TEMPORARY,0,RULE_BASED,{},RETRY_LATER,157.152,FAILED,0.0,SINGLE_ATTEMPT_EXHAUSTED,0
PAY_002051,295,BANK_TIMEOUT,TEMPORARY,0,RULE_BASED,{},RETRY_LATER,253.405,SUCCESS,295.0,,0
PAY_003761,1537,UPI_TECHNICAL_ERROR,TEMPORARY,0,RULE_BASED,{},RETRY_LATER,1196.5545,SUCCESS,1537.0,,0
PAY_004436,1044,UPI_TECHNICAL_ERROR,TEMPORARY,0,RULE_BASED,{},RETRY_LATER,837.81,SUCCESS,1044.0,,0
PAY_003431,336,AUTHENTICATION_FAILED,CUSTOMER,0,RULE_BASED,{},SEND_NOTIFICATION,214.704,SUCCESS,336.0,,0
PAY_008191,520,INVALID_ACCOUNT,HARD,0,RULE_BASED,{},STOP,0.0,STOPPED,0.0,RULE_HARD_FAILURE,0
PAY_008754,601,CARD_EXPIRED,CUSTOMER,0,RULE_BASED,{},SEND_NOTIFICATION,397.862,FAILED,0.0,SINGLE_ATTEMPT_EXHAUSTED,0
PAY_007070,99,UPI_TECHNICAL_ERROR,TEMPORARY,0,RULE_BASED,{},RETRY_LATER,79.4475,FAILED,0.0,SINGLE_ATTEMPT_EXHAUSTED,0
PAY_004362,264,AUTHENTICATION_FAILED,CUSTOMER,0,RULE_BASED,{},SEND_NOTIFICATION,167.904,SUCCESS,264.0,,0
PAY_001772,4092,GATEWAY_TIMEOUT,TEMPORARY,0,RULE_BASED,{},RETRY_LATER,3242.91,SUCCESS,4092.0,,0
PAY_003512,596,AUTHENTICATION_FAILED,CUSTOMER,0,RULE_BASED,{},SEND_NOTIFICATION,367.434,SUCCESS,596.0,,0
PAY_000272,761,UPI_TECHNICAL_ERROR,TEMPORARY,0,RULE_BASED,{},RETRY_LATER,601.5705,FAILED,0.0,SINGLE_ATTEMPT_EXHAUSTED,0
PAY_008437,6058,LIMIT_EXCEEDED,CUSTOMER,0,RULE_BASED,{},SEND_NOTIFICATION,3440.9439999999995,FAILED,0.0,SINGLE_ATTEMPT_EXHAUSTED,0
PAY_002033,1250,BLOCKED_METHOD,HARD,0,RULE_BASED,{},STOP,0.0,STOPPED,0.0,RULE_HARD_FAILURE,0
PAY_009665,535,BANK_TIMEOUT,TEMPORARY,0,RULE_BASED,{},RETRY_LATER,440.30499999999995,SUCCESS,535.0,,0
PAY_003811,930,INSUFFICIENT_FUNDS,CUSTOMER,0,RULE_BASED,{},SEND_NOTIFICATION,680.76,SUCCESS,930.0,,0
PAY_004347,2771,LIMIT_EXCEEDED,CUSTOMER,0,RULE_BASED,{},SEND_NOTIFICATION,1548.989,FAILED,0.0,SINGLE_ATTEMPT_EXHAUSTED,0
PAY_000546,7409,BANK_TIMEOUT,TEMPORARY,0,RULE_BASED,{},RETRY_LATER,6219.855500000001,SUCCESS,7409.0,,0
PAY_003242,167,NETWORK_ERROR,TEMPORARY,0,RULE_BASED,{},RETRY_LATER,126.5025,SUCCESS,167.0,,0
PAY_008503,1027,CUSTOMER_DECLINED,HARD,0,RULE_BASED,{},STOP,0.0,STOPPED,0.0,RULE_HARD_FAILURE,0
PAY_009919,1674,BANK_TIMEOUT,TEMPORARY,0,RULE_BASED,{},RETRY_LATER,1385.2350000000001,SUCCESS,1674.0,,0
PAY_007565,613,GATEWAY_TIMEOUT,TEMPORARY,0,RULE_BASED,{},RETRY_LATER,492.23900000000003,SUCCESS,613.0,,0
PAY_000921,99,BANK_TIMEOUT,TEMPORARY,0,RULE_BASED,{},RETRY_LATER,85.4865,SUCCESS,99.0,,0
PAY_009119,4143,NETWORK_ERROR,TEMPORARY,0,RULE_BASED,{},RETRY_LATER,3225.3255,SUCCESS,4143.0,,0
PAY_006641,7470,INSUFFICIENT_FUNDS,CUSTOMER,0,RULE_BASED,{},SEND_NOTIFICATION,5445.63,SUCCESS,7470.0,,0
PAY_007695,222,INSUFFICIENT_FUNDS,CUSTOMER,0,RULE_BASED,{},SEND_NOTIFICATION,158.841,FAILED,0.0,SINGLE_ATTEMPT_EXHAUSTED,0
PAY_008231,13719,INSUFFICIENT_FUNDS,CUSTOMER,0,RULE_BASED,{},SEND_NOTIFICATION,10289.25,FAILED,0.0,SINGLE_ATTEMPT_EXHAUSTED,0
PAY_007127,1084,UPI_TECHNICAL_ERROR,TEMPORARY,0,RULE_BASED,{},RETRY_LATER,892.674,FAILED,0.0,SINGLE_ATTEMPT_EXHAUSTED,0
PAY_004279,903,GATEWAY_TIMEOUT,TEMPORARY,0,RULE_BASED,{},RETRY_LATER,741.3629999999999,SUCCESS,903.0,,0
PAY_002984,208,UPI_TECHNICAL_ERROR,TEMPORARY,0,RULE_BASED,{},RETRY_LATER,165.048,FAILED,0.0,SINGLE_ATTEMPT_EXHAUSTED,0
PAY_000131,3775,BANK_TIMEOUT,TEMPORARY,0,RULE_BASED,{},RETRY_LATER,3174.775,SUCCESS,3775.0,,0
PAY_007981,126,GATEWAY_TIMEOUT,TEMPORARY,0,RULE_BASED,{},RETRY_LATER,105.903,SUCCESS,126.0,,0
PAY_002668,482,INSUFFICIENT_FUNDS,CUSTOMER,0,RULE_BASED,{},SEND_NOTIFICATION,342.702,SUCCESS,482.0,,0
PAY_007139,1754,PAYMENT_EXPIRED,HARD,0,RULE_BASED,{},STOP,0.0,STOPPED,0.0,RULE_HARD_FAILURE,0
PAY_003224,430,BANK_TIMEOUT,TEMPORARY,0,RULE_BASED,{},RETRY_LATER,357.76,SUCCESS,430.0,,0
PAY_007694,784,BANK_TIMEOUT,TEMPORARY,0,RULE_BASED,{},RETRY_LATER,671.104,SUCCESS,784.0,,0
PAY_005393,448,UPI_TECHNICAL_ERROR,TEMPORARY,0,RULE_BASED,{},RETRY_LATER,367.584,FAILED,0.0,SINGLE_ATTEMPT_EXHAUSTED,0
PAY_000615,1151,GATEWAY_TIMEOUT,TEMPORARY,0,RULE_BASED,{},RETRY_LATER,946.6975,FAILED,0.0,SINGLE_ATTEMPT_EXHAUSTED,0
PAY_009903,346,LIMIT_EXCEEDED,CUSTOMER,0,RULE_BASED,{},SEND_NOTIFICATION,200.161,SUCCESS,346.0,,0
PAY_001467,317,NETWORK_ERROR,TEMPORARY,0,RULE_BASED,{},RETRY_LATER,237.27450000000002,FAILED,0.0,SINGLE_ATTEMPT_EXHAUSTED,0
PAY_004498,3795,PAYMENT_EXPIRED,HARD,0,RULE_BASED,{},STOP,0.0,STOPPED,0.0,RULE_HARD_FAILURE,0
PAY_003043,396,AUTHENTICATION_FAILED,CUSTOMER,0,RULE_BASED,{},SEND_NOTIFICATION,248.88599999999997,SUCCESS,396.0,,0
PAY_002420,501,CUSTOMER_DECLINED,HARD,0,RULE_BASED,{},STOP,0.0,STOPPED,0.0,RULE_HARD_FAILURE,0
PAY_005086,875,INSUFFICIENT_FUNDS,CUSTOMER,0,RULE_BASED,{},SEND_NOTIFICATION,651.0,SUCCESS,875.0,,0
PAY_003295,783,AUTHENTICATION_FAILED,CUSTOMER,0,RULE_BASED,{},SEND_NOTIFICATION,460.404,SUCCESS,783.0,,0
PAY_006738,13035,GATEWAY_TIMEOUT,TEMPORARY,0,RULE_BASED,{},RETRY_LATER,10603.9725,SUCCESS,13035.0,,0
PAY_001501,1500,GATEWAY_TIMEOUT,TEMPORARY,0,RULE_BASED,{},RETRY_LATER,1215.75,FAILED,0.0,SINGLE_ATTEMPT_EXHAUSTED,0
PAY_001522,860,GATEWAY_TIMEOUT,TEMPORARY,0,RULE_BASED,{},RETRY_LATER,709.9300000000001,FAILED,0.0,SINGLE_ATTEMPT_EXHAUSTED,0
PAY_009118,1112,UPI_TECHNICAL_ERROR,TEMPORARY,0,RULE_BASED,{},RETRY_LATER,889.044,SUCCESS,1112.0,,0
PAY_004233,804,BANK_TIMEOUT,TEMPORARY,0,RULE_BASED,{},RETRY_LATER,679.782,FAILED,0.0,SINGLE_ATTEMPT_EXHAUSTED,0
PAY_007687,1014,BANK_TIMEOUT,TEMPORARY,0,RULE_BASED,{},RETRY_LATER,852.774,SUCCESS,1014.0,,0
PAY_004431,222,NETWORK_ERROR,TEMPORARY,0,RULE_BASED,{},RETRY_LATER,168.831,SUCCESS,222.0,,0
PAY_000391,2051,GATEWAY_TIMEOUT,TEMPORARY,0,RULE_BASED,{},RETRY_LATER,1634.6470000000002,SUCCESS,2051.0,,0
PAY_009859,244,NETWORK_ERROR,TEMPORARY,0,RULE_BASED,{},RETRY_LATER,190.686,SUCCESS,244.0,,0
PAY_007125,1351,BANK_TIMEOUT,TEMPORARY,0,RULE_BASED,{},RETRY_LATER,1109.8465,SUCCESS,1351.0,,0
PAY_005914,2065,UPI_TECHNICAL_ERROR,TEMPORARY,0,RULE_BASED,{},RETRY_LATER,1660.26,SUCCESS,2065.0,,0
PAY_008593,255,BANK_TIMEOUT,TEMPORARY,0,RULE_BASED,{},RETRY_LATER,214.8375,FAILED,0.0,SINGLE_ATTEMPT_EXHAUSTED,0
PAY_004807,999,LIMIT_EXCEEDED,CUSTOMER,0,RULE_BASED,{},SEND_NOTIFICATION,543.456,FAILED,0.0,SINGLE_ATTEMPT_EXHAUSTED,0
PAY_008955,2464,UPI_TECHNICAL_ERROR,TEMPORARY,0,RULE_BASED,{},RETRY_LATER,1958.88,SUCCESS,2464.0,,0
PAY_008239,207,UPI_TECHNICAL_ERROR,TEMPORARY,0,RULE_BASED,{},RETRY_LATER,166.1175,SUCCESS,207.0,,0
PAY_008045,1110,BANK_TIMEOUT,TEMPORARY,0,RULE_BASED,{},RETRY_LATER,946.8299999999999,SUCCESS,1110.0,,0
PAY_009783,1183,AUTHENTICATION_FAILED,CUSTOMER,0,RULE_BASED,{},SEND_NOTIFICATION,727.545,FAILED,0.0,SINGLE_ATTEMPT_EXHAUSTED,0
PAY_003994,2621,AUTHENTICATION_FAILED,CUSTOMER,0,RULE_BASED,{},SEND_NOTIFICATION,1666.9560000000001,SUCCESS,2621.0,,0
PAY_009552,892,NETWORK_ERROR,TEMPORARY,0,RULE_BASED,{},RETRY_LATER,695.76,SUCCESS,892.0,,0
PAY_006610,253,AUTHENTICATION_FAILED,CUSTOMER,0,RULE_BASED,{},SEND_NOTIFICATION,157.113,SUCCESS,253.0,,0
PAY_005320,397,AUTHENTICATION_FAILED,CUSTOMER,0,RULE_BASED,{},SEND_NOTIFICATION,243.5595,SUCCESS,397.0,,0
PAY_007120,383,INSUFFICIENT_FUNDS,CUSTOMER,0,RULE_BASED,{},SEND_NOTIFICATION,290.697,SUCCESS,383.0,,0
PAY_002422,1116,LIMIT_EXCEEDED,CUSTOMER,0,RULE_BASED,{},SEND_NOTIFICATION,615.4739999999999,FAILED,0.0,SINGLE_ATTEMPT_EXHAUSTED,0
PAY_005605,139,PAYMENT_EXPIRED,HARD,0,RULE_BASED,{},STOP,0.0,STOPPED,0.0,RULE_HARD_FAILURE,0
PAY_001751,799,GATEWAY_TIMEOUT,TEMPORARY,0,RULE_BASED,{},RETRY_LATER,623.6195,SUCCESS,799.0,,0
PAY_009016,4674,BANK_TIMEOUT,TEMPORARY,0,RULE_BASED,{},RETRY_LATER,3839.6910000000003,SUCCESS,4674.0,,0
PAY_009719,307,NETWORK_ERROR,TEMPORARY,0,RULE_BASED,{},RETRY_LATER,236.23649999999998,SUCCESS,307.0,,0
PAY_000339,2318,NETWORK_ERROR,TEMPORARY,0,RULE_BASED,{},RETRY_LATER,1731.546,SUCCESS,2318.0,,0
PAY_008408,1137,CARD_EXPIRED,CUSTOMER,0,RULE_BASED,{},SEND_NOTIFICATION,757.8104999999999,SUCCESS,1137.0,,0
PAY_001342,328,AUTHENTICATION_FAILED,CUSTOMER,0,RULE_BASED,{},SEND_NOTIFICATION,195.324,FAILED,0.0,SINGLE_ATTEMPT_EXHAUSTED,0
PAY_009545,1769,INSUFFICIENT_FUNDS,CUSTOMER,0,RULE_BASED,{},SEND_NOTIFICATION,1278.9869999999999,SUCCESS,1769.0,,0
PAY_007983,1901,BANK_TIMEOUT,TEMPORARY,0,RULE_BASED,{},RETRY_LATER,1607.2955,SUCCESS,1901.0,,0
PAY_003641,1863,LIMIT_EXCEEDED,CUSTOMER,0,RULE_BASED,{},SEND_NOTIFICATION,1052.5949999999998,FAILED,0.0,SINGLE_ATTEMPT_EXHAUSTED,0
PAY_000330,849,NETWORK_ERROR,TEMPORARY,0,RULE_BASED,{},RETRY_LATER,643.1175,FAILED,0.0,SINGLE_ATTEMPT_EXHAUSTED,0
PAY_008829,491,AUTHENTICATION_FAILED,CUSTOMER,0,RULE_BASED,{},SEND_NOTIFICATION,301.2285,SUCCESS,491.0,,0
PAY_003005,373,BANK_TIMEOUT,TEMPORARY,0,RULE_BASED,{},RETRY_LATER,320.9665,SUCCESS,373.0,,0
PAY_006961,507,INSUFFICIENT_FUNDS,CUSTOMER,0,RULE_BASED,{},SEND_NOTIFICATION,387.0945,FAILED,0.0,SINGLE_ATTEMPT_EXHAUSTED,0
PAY_004091,728,BANK_TIMEOUT,TEMPORARY,0,RULE_BASED,{},RETRY_LATER,592.592,SUCCESS,728.0,,0
PAY_002323,318,BANK_TIMEOUT,TEMPORARY,0,RULE_BASED,{},RETRY_LATER,270.3,SUCCESS,318.0,,0
PAY_006668,1533,GATEWAY_TIMEOUT,TEMPORARY,0,RULE_BASED,{},RETRY_LATER,1281.588,SUCCESS,1533.0,,0
PAY_007010,843,BANK_TIMEOUT,TEMPORARY,0,RULE_BASED,{},RETRY_LATER,688.731,SUCCESS,843.0,,0
PAY_004198,125,BANK_TIMEOUT,TEMPORARY,0,RULE_BASED,{},RETRY_LATER,103.8125,SUCCESS,125.0,,0
PAY_003550,1059,BANK_TIMEOUT,TEMPORARY,0,RULE_BASED,{},RETRY_LATER,914.4465,SUCCESS,1059.0,,0
PAY_008364,113,INSUFFICIENT_FUNDS,CUSTOMER,0,RULE_BASED,{},SEND_NOTIFICATION,82.377,SUCCESS,113.0,,0
PAY_004204,1785,INSUFFICIENT_FUNDS,CUSTOMER,0,RULE_BASED,{},SEND_NOTIFICATION,1320.0075000000002,SUCCESS,1785.0,,0
PAY_009311,312,INVALID_ACCOUNT,HARD,0,RULE_BASED,{},STOP,0.0,STOPPED,0.0,RULE_HARD_FAILURE,0
PAY_008937,1269,LIMIT_EXCEEDED,CUSTOMER,0,RULE_BASED,{},SEND_NOTIFICATION,694.143,FAILED,0.0,SINGLE_ATTEMPT_EXHAUSTED,0
PAY_006186,6993,INVALID_ACCOUNT,HARD,0,RULE_BASED,{},STOP,0.0,STOPPED,0.0,RULE_HARD_FAILURE,0
PAY_001640,1843,UPI_TECHNICAL_ERROR,TEMPORARY,0,RULE_BASED,{},RETRY_LATER,1473.4785,SUCCESS,1843.0,,0
PAY_000061,544,UPI_TECHNICAL_ERROR,TEMPORARY,0,RULE_BASED,{},RETRY_LATER,443.904,SUCCESS,544.0,,0
PAY_001241,1487,UPI_TECHNICAL_ERROR,TEMPORARY,0,RULE_BASED,{},RETRY_LATER,1222.3139999999999,SUCCESS,1487.0,,0
PAY_005761,538,NETWORK_ERROR,TEMPORARY,0,RULE_BASED,{},RETRY_LATER,407.53499999999997,SUCCESS,538.0,,0
PAY_005137,710,BANK_TIMEOUT,TEMPORARY,0,RULE_BASED,{},RETRY_LATER,609.89,SUCCESS,710.0,,0
PAY_002344,461,NETWORK_ERROR,TEMPORARY,0,RULE_BASED,{},RETRY_LATER,346.44149999999996,FAILED,0.0,SINGLE_ATTEMPT_EXHAUSTED,0
PAY_002121,1010,GATEWAY_TIMEOUT,TEMPORARY,0,RULE_BASED,{},RETRY_LATER,832.24,SUCCESS,1010.0,,0
PAY_001525,512,INSUFFICIENT_FUNDS,CUSTOMER,0,RULE_BASED,{},SEND_NOTIFICATION,388.608,FAILED,0.0,SINGLE_ATTEMPT_EXHAUSTED,0
PAY_007618,7603,INVALID_ACCOUNT,HARD,0,RULE_BASED,{},STOP,0.0,STOPPED,0.0,RULE_HARD_FAILURE,0
PAY_000154,2048,INSUFFICIENT_FUNDS,CUSTOMER,0,RULE_BASED,{},SEND_NOTIFICATION,1529.856,SUCCESS,2048.0,,0
PAY_000482,263,AUTHENTICATION_FAILED,CUSTOMER,0,RULE_BASED,{},SEND_NOTIFICATION,167.6625,FAILED,0.0,SINGLE_ATTEMPT_EXHAUSTED,0
PAY_006123,403,NETWORK_ERROR,TEMPORARY,0,RULE_BASED,{},RETRY_LATER,316.1535,SUCCESS,403.0,,0
PAY_007675,494,INSUFFICIENT_FUNDS,CUSTOMER,0,RULE_BASED,{},SEND_NOTIFICATION,364.572,SUCCESS,494.0,,0
PAY_007102,153,GATEWAY_TIMEOUT,TEMPORARY,0,RULE_BASED,{},RETRY_LATER,121.941,SUCCESS,153.0,,0
PAY_001763,945,GATEWAY_TIMEOUT,TEMPORARY,0,RULE_BASED,{},RETRY_LATER,756.0,FAILED,0.0,SINGLE_ATTEMPT_EXHAUSTED,0
PAY_007716,426,INSUFFICIENT_FUNDS,CUSTOMER,0,RULE_BASED,{},SEND_NOTIFICATION,324.612,FAILED,0.0,SINGLE_ATTEMPT_EXHAUSTED,0
PAY_009082,825,PAYMENT_EXPIRED,HARD,0,RULE_BASED,{},STOP,0.0,STOPPED,0.0,RULE_HARD_FAILURE,0
PAY_007480,272,INSUFFICIENT_FUNDS,CUSTOMER,0,RULE_BASED,{},SEND_NOTIFICATION,199.512,SUCCESS,272.0,,0
PAY_006213,350,BANK_TIMEOUT,TEMPORARY,0,RULE_BASED,{},RETRY_LATER,300.125,SUCCESS,350.0,,0
PAY_004854,207,CARD_EXPIRED,CUSTOMER,0,RULE_BASED,{},SEND_NOTIFICATION,136.7235,SUCCESS,207.0,,0
PAY_002712,2709,INSUFFICIENT_FUNDS,CUSTOMER,0,RULE_BASED,{},SEND_NOTIFICATION,1958.607,SUCCESS,2709.0,,0
PAY_006767,761,UPI_TECHNICAL_ERROR,TEMPORARY,0,RULE_BASED,{},RETRY_LATER,606.1365,SUCCESS,761.0,,0
PAY_004151,1809,AUTHENTICATION_FAILED,CUSTOMER,0,RULE_BASED,{},SEND_NOTIFICATION,1153.2375,SUCCESS,1809.0,,0
PAY_001334,1211,BANK_TIMEOUT,TEMPORARY,0,RULE_BASED,{},RETRY_LATER,1032.983,FAILED,0.0,SINGLE_ATTEMPT_EXHAUSTED,0
PAY_008379,99,PAYMENT_EXPIRED,HARD,0,RULE_BASED,{},STOP,0.0,STOPPED,0.0,RULE_HARD_FAILURE,0
PAY_009390,1349,BANK_TIMEOUT,TEMPORARY,0,RULE_BASED,{},RETRY_LATER,1134.509,SUCCESS,1349.0,,0
PAY_009708,469,NETWORK_ERROR,TEMPORARY,0,RULE_BASED,{},RETRY_LATER,365.82,FAILED,0.0,SINGLE_ATTEMPT_EXHAUSTED,0
PAY_009122,122,NETWORK_ERROR,TEMPORARY,0,RULE_BASED,{},RETRY_LATER,93.51299999999999,SUCCESS,122.0,,0
PAY_003851,1219,INSUFFICIENT_FUNDS,CUSTOMER,0,RULE_BASED,{},SEND_NOTIFICATION,879.5085,SUCCESS,1219.0,,0
PAY_008341,2654,BANK_TIMEOUT,TEMPORARY,0,RULE_BASED,{},RETRY_LATER,2176.2799999999997,SUCCESS,2654.0,,0
PAY_004125,673,PAYMENT_EXPIRED,HARD,0,RULE_BASED,{},STOP,0.0,STOPPED,0.0,RULE_HARD_FAILURE,0
PAY_008964,185,UPI_TECHNICAL_ERROR,TEMPORARY,0,RULE_BASED,{},RETRY_LATER,145.965,FAILED,0.0,SINGLE_ATTEMPT_EXHAUSTED,0
PAY_004789,1799,NETWORK_ERROR,TEMPORARY,0,RULE_BASED,{},RETRY_LATER,1414.0140000000001,SUCCESS,1799.0,,0
PAY_002867,289,BANK_TIMEOUT,TEMPORARY,0,RULE_BASED,{},RETRY_LATER,240.0145,SUCCESS,289.0,,0
PAY_001387,99,BLOCKED_METHOD,HARD,0,RULE_BASED,{},STOP,0.0,STOPPED,0.0,RULE_HARD_FAILURE,0
PAY_005942,1873,BANK_TIMEOUT,TEMPORARY,0,RULE_BASED,{},RETRY_LATER,1589.2405,SUCCESS,1873.0,,0
PAY_003068,1434,INSUFFICIENT_FUNDS,CUSTOMER,0,RULE_BASED,{},SEND_NOTIFICATION,1043.2350000000001,FAILED,0.0,SINGLE_ATTEMPT_EXHAUSTED,0
PAY_009059,422,INVALID_ACCOUNT,HARD,0,RULE_BASED,{},STOP,0.0,STOPPED,0.0,RULE_HARD_FAILURE,0
PAY_003630,1036,CARD_EXPIRED,CUSTOMER,0,RULE_BASED,{},SEND_NOTIFICATION,698.264,FAILED,0.0,SINGLE_ATTEMPT_EXHAUSTED,0
PAY_009456,16689,CARD_EXPIRED,CUSTOMER,0,RULE_BASED,{},SEND_NOTIFICATION,11348.52,SUCCESS,16689.0,,0
PAY_008950,2220,INSUFFICIENT_FUNDS,CUSTOMER,0,RULE_BASED,{},SEND_NOTIFICATION,1648.3500000000001,SUCCESS,2220.0,,0
PAY_003029,1193,GATEWAY_TIMEOUT,TEMPORARY,0,RULE_BASED,{},RETRY_LATER,974.0845,SUCCESS,1193.0,,0
PAY_002970,769,UPI_TECHNICAL_ERROR,TEMPORARY,0,RULE_BASED,{},RETRY_LATER,622.89,FAILED,0.0,SINGLE_ATTEMPT_EXHAUSTED,0
PAY_008647,170,LIMIT_EXCEEDED,CUSTOMER,0,RULE_BASED,{},SEND_NOTIFICATION,95.54,SUCCESS,170.0,,0
PAY_006137,148,GATEWAY_TIMEOUT,TEMPORARY,0,RULE_BASED,{},RETRY_LATER,122.39599999999999,SUCCESS,148.0,,0
PAY_008802,463,NETWORK_ERROR,TEMPORARY,0,RULE_BASED,{},RETRY_LATER,367.3905,SUCCESS,463.0,,0
PAY_004264,99,AUTHENTICATION_FAILED,CUSTOMER,0,RULE_BASED,{},SEND_NOTIFICATION,62.81549999999999,SUCCESS,99.0,,0
PAY_000646,943,INVALID_ACCOUNT,HARD,0,RULE_BASED,{},STOP,0.0,STOPPED,0.0,RULE_HARD_FAILURE,0
PAY_009654,358,LIMIT_EXCEEDED,CUSTOMER,0,RULE_BASED,{},SEND_NOTIFICATION,206.56599999999997,FAILED,0.0,SINGLE_ATTEMPT_EXHAUSTED,0
PAY_002075,774,CUSTOMER_DECLINED,HARD,0,RULE_BASED,{},STOP,0.0,STOPPED,0.0,RULE_HARD_FAILURE,0
PAY_000342,1007,INSUFFICIENT_FUNDS,CUSTOMER,0,RULE_BASED,{},SEND_NOTIFICATION,740.145,FAILED,0.0,SINGLE_ATTEMPT_EXHAUSTED,0
PAY_008042,178,BANK_TIMEOUT,TEMPORARY,0,RULE_BASED,{},RETRY_LATER,153.703,SUCCESS,178.0,,0
PAY_001623,1442,GATEWAY_TIMEOUT,TEMPORARY,0,RULE_BASED,{},RETRY_LATER,1138.459,FAILED,0.0,SINGLE_ATTEMPT_EXHAUSTED,0
PAY_007142,2852,INSUFFICIENT_FUNDS,CUSTOMER,0,RULE_BASED,{},SEND_NOTIFICATION,2053.44,SUCCESS,2852.0,,0
PAY_005797,5130,BANK_TIMEOUT,TEMPORARY,0,RULE_BASED,{},RETRY_LATER,4429.755,SUCCESS,5130.0,,0
PAY_007185,1291,BANK_TIMEOUT,TEMPORARY,0,RULE_BASED,{},RETRY_LATER,1101.223,SUCCESS,1291.0,,0
PAY_008233,4669,NETWORK_ERROR,TEMPORARY,0,RULE_BASED,{},RETRY_LATER,3599.799,FAILED,0.0,SINGLE_ATTEMPT_EXHAUSTED,0
PAY_005476,1492,UPI_TECHNICAL_ERROR,TEMPORARY,0,RULE_BASED,{},RETRY_LATER,1228.662,FAILED,0.0,SINGLE_ATTEMPT_EXHAUSTED,0
PAY_009253,120,UPI_TECHNICAL_ERROR,TEMPORARY,0,RULE_BASED,{},RETRY_LATER,95.04,SUCCESS,120.0,,0
PAY_000075,414,INSUFFICIENT_FUNDS,CUSTOMER,0,RULE_BASED,{},SEND_NOTIFICATION,306.774,SUCCESS,414.0,,0
PAY_008634,147,NETWORK_ERROR,TEMPORARY,0,RULE_BASED,{},RETRY_LATER,111.57300000000001,SUCCESS,147.0,,0
PAY_009230,266,GATEWAY_TIMEOUT,TEMPORARY,0,RULE_BASED,{},RETRY_LATER,219.184,FAILED,0.0,SINGLE_ATTEMPT_EXHAUSTED,0
PAY_002052,730,NETWORK_ERROR,TEMPORARY,0,RULE_BASED,{},RETRY_LATER,558.45,FAILED,0.0,SINGLE_ATTEMPT_EXHAUSTED,0
PAY_002542,761,UPI_TECHNICAL_ERROR,TEMPORARY,0,RULE_BASED,{},RETRY_LATER,592.4385,SUCCESS,761.0,,0
PAY_001302,99,BANK_TIMEOUT,TEMPORARY,0,RULE_BASED,{},RETRY_LATER,82.368,FAILED,0.0,SINGLE_ATTEMPT_EXHAUSTED,0
PAY_005878,413,GATEWAY_TIMEOUT,TEMPORARY,0,RULE_BASED,{},RETRY_LATER,345.268,SUCCESS,413.0,,0
PAY_007369,647,GATEWAY_TIMEOUT,TEMPORARY,0,RULE_BASED,{},RETRY_LATER,544.774,SUCCESS,647.0,,0
PAY_001305,2684,GATEWAY_TIMEOUT,TEMPORARY,0,RULE_BASED,{},RETRY_LATER,2183.434,SUCCESS,2684.0,,0
PAY_008429,535,INSUFFICIENT_FUNDS,CUSTOMER,0,RULE_BASED,{},SEND_NOTIFICATION,390.015,SUCCESS,535.0,,0
PAY_009095,498,GATEWAY_TIMEOUT,TEMPORARY,0,RULE_BASED,{},RETRY_LATER,395.41200000000003,SUCCESS,498.0,,0
PAY_002600,1530,GATEWAY_TIMEOUT,TEMPORARY,0,RULE_BASED,{},RETRY_LATER,1226.295,FAILED,0.0,SINGLE_ATTEMPT_EXHAUSTED,0
PAY_002574,331,INSUFFICIENT_FUNDS,CUSTOMER,0,RULE_BASED,{},SEND_NOTIFICATION,240.30599999999998,SUCCESS,331.0,,0
PAY_003187,1307,NETWORK_ERROR,TEMPORARY,0,RULE_BASED,{},RETRY_LATER,990.0524999999999,SUCCESS,1307.0,,0
PAY_002769,2356,GATEWAY_TIMEOUT,TEMPORARY,0,RULE_BASED,{},RETRY_LATER,1962.548,SUCCESS,2356.0,,0
PAY_004832,362,BANK_TIMEOUT,TEMPORARY,0,RULE_BASED,{},RETRY_LATER,303.899,SUCCESS,362.0,,0
PAY_004224,918,CUSTOMER_DECLINED,HARD,0,RULE_BASED,{},STOP,0.0,STOPPED,0.0,RULE_HARD_FAILURE,0
PAY_009650,829,GATEWAY_TIMEOUT,TEMPORARY,0,RULE_BASED,{},RETRY_LATER,675.635,SUCCESS,829.0,,0
PAY_002107,754,INSUFFICIENT_FUNDS,CUSTOMER,0,RULE_BASED,{},SEND_NOTIFICATION,550.797,SUCCESS,754.0,,0
PAY_002680,137,BANK_TIMEOUT,TEMPORARY,0,RULE_BASED,{},RETRY_LATER,113.16199999999999,SUCCESS,137.0,,0
PAY_001388,132,LIMIT_EXCEEDED,CUSTOMER,0,RULE_BASED,{},SEND_NOTIFICATION,73.986,SUCCESS,132.0,,0
PAY_008932,336,BANK_TIMEOUT,TEMPORARY,0,RULE_BASED,{},RETRY_LATER,279.048,SUCCESS,336.0,,0
PAY_009660,2235,UPI_TECHNICAL_ERROR,TEMPORARY,0,RULE_BASED,{},RETRY_LATER,1840.5225,SUCCESS,2235.0,,0
PAY_007084,1061,GATEWAY_TIMEOUT,TEMPORARY,0,RULE_BASED,{},RETRY_LATER,893.362,SUCCESS,1061.0,,0
PAY_001280,2077,BANK_TIMEOUT,TEMPORARY,0,RULE_BASED,{},RETRY_LATER,1765.45,FAILED,0.0,SINGLE_ATTEMPT_EXHAUSTED,0
PAY_000805,1117,INSUFFICIENT_FUNDS,CUSTOMER,0,RULE_BASED,{},SEND_NOTIFICATION,832.7235000000001,SUCCESS,1117.0,,0
PAY_001556,474,BANK_TIMEOUT,TEMPORARY,0,RULE_BASED,{},RETRY_LATER,403.611,SUCCESS,474.0,,0
PAY_009487,325,UPI_TECHNICAL_ERROR,TEMPORARY,0,RULE_BASED,{},RETRY_LATER,261.7875,SUCCESS,325.0,,0
PAY_004567,4479,LIMIT_EXCEEDED,CUSTOMER,0,RULE_BASED,{},SEND_NOTIFICATION,2530.6349999999998,SUCCESS,4479.0,,0
PAY_009670,619,PAYMENT_EXPIRED,HARD,0,RULE_BASED,{},STOP,0.0,STOPPED,0.0,RULE_HARD_FAILURE,0
PAY_004842,3624,INSUFFICIENT_FUNDS,CUSTOMER,0,RULE_BASED,{},SEND_NOTIFICATION,2631.024,SUCCESS,3624.0,,0
PAY_003595,529,GATEWAY_TIMEOUT,TEMPORARY,0,RULE_BASED,{},RETRY_LATER,429.548,SUCCESS,529.0,,0
PAY_006036,1168,BANK_TIMEOUT,TEMPORARY,0,RULE_BASED,{},RETRY_LATER,1003.312,SUCCESS,1168.0,,0
PAY_006853,202,INVALID_ACCOUNT,HARD,0,RULE_BASED,{},STOP,0.0,STOPPED,0.0,RULE_HARD_FAILURE,0
PAY_008706,747,BANK_TIMEOUT,TEMPORARY,0,RULE_BASED,{},RETRY_LATER,624.8655,SUCCESS,747.0,,0
PAY_004178,315,GATEWAY_TIMEOUT,TEMPORARY,0,RULE_BASED,{},RETRY_LATER,257.66999999999996,SUCCESS,315.0,,0
PAY_001309,875,INSUFFICIENT_FUNDS,CUSTOMER,0,RULE_BASED,{},SEND_NOTIFICATION,645.75,SUCCESS,875.0,,0
PAY_003453,684,BANK_TIMEOUT,TEMPORARY,0,RULE_BASED,{},RETRY_LATER,582.426,SUCCESS,684.0,,0
PAY_003696,519,INSUFFICIENT_FUNDS,CUSTOMER,0,RULE_BASED,{},SEND_NOTIFICATION,383.022,FAILED,0.0,SINGLE_ATTEMPT_EXHAUSTED,0
PAY_004243,2008,BANK_TIMEOUT,TEMPORARY,0,RULE_BASED,{},RETRY_LATER,1658.608,SUCCESS,2008.0,,0
PAY_002199,99,UPI_TECHNICAL_ERROR,TEMPORARY,0,RULE_BASED,{},RETRY_LATER,78.8535,SUCCESS,99.0,,0
PAY_004426,1224,BANK_TIMEOUT,TEMPORARY,0,RULE_BASED,{},RETRY_LATER,1036.728,FAILED,0.0,SINGLE_ATTEMPT_EXHAUSTED,0
PAY_006151,1090,NETWORK_ERROR,TEMPORARY,0,RULE_BASED,{},RETRY_LATER,858.375,SUCCESS,1090.0,,0
PAY_000944,761,BANK_TIMEOUT,TEMPORARY,0,RULE_BASED,{},RETRY_LATER,657.1235,SUCCESS,761.0,,0
PAY_000823,342,GATEWAY_TIMEOUT,TEMPORARY,0,RULE_BASED,{},RETRY_LATER,278.217,SUCCESS,342.0,,0
PAY_005006,1237,GATEWAY_TIMEOUT,TEMPORARY,0,RULE_BASED,{},RETRY_LATER,1034.132,SUCCESS,1237.0,,0
PAY_006613,398,NETWORK_ERROR,TEMPORARY,0,RULE_BASED,{},RETRY_LATER,297.903,SUCCESS,398.0,,0
PAY_008357,348,GATEWAY_TIMEOUT,TEMPORARY,0,RULE_BASED,{},RETRY_LATER,277.356,SUCCESS,348.0,,0
PAY_005620,1221,AUTHENTICATION_FAILED,CUSTOMER,0,RULE_BASED,{},SEND_NOTIFICATION,732.6,SUCCESS,1221.0,,0
PAY_004548,337,GATEWAY_TIMEOUT,TEMPORARY,0,RULE_BASED,{},RETRY_LATER,280.721,FAILED,0.0,SINGLE_ATTEMPT_EXHAUSTED,0
PAY_002539,1458,NETWORK_ERROR,TEMPORARY,0,RULE_BASED,{},RETRY_LATER,1145.988,SUCCESS,1458.0,,0
PAY_005208,627,NETWORK_ERROR,TEMPORARY,0,RULE_BASED,{},RETRY_LATER,477.774,SUCCESS,627.0,,0
PAY_009515,726,CARD_EXPIRED,CUSTOMER,0,RULE_BASED,{},SEND_NOTIFICATION,484.968,FAILED,0.0,SINGLE_ATTEMPT_EXHAUSTED,0
PAY_009010,399,INSUFFICIENT_FUNDS,CUSTOMER,0,RULE_BASED,{},SEND_NOTIFICATION,296.2575,FAILED,0.0,SINGLE_ATTEMPT_EXHAUSTED,0
PAY_003055,2306,GATEWAY_TIMEOUT,TEMPORARY,0,RULE_BASED,{},RETRY_LATER,1896.685,FAILED,0.0,SINGLE_ATTEMPT_EXHAUSTED,0
PAY_003676,597,INSUFFICIENT_FUNDS,CUSTOMER,0,RULE_BASED,{},SEND_NOTIFICATION,431.631,SUCCESS,597.0,,0
PAY_007777,404,LIMIT_EXCEEDED,CUSTOMER,0,RULE_BASED,{},SEND_NOTIFICATION,219.776,FAILED,0.0,SINGLE_ATTEMPT_EXHAUSTED,0
PAY_007219,5391,LIMIT_EXCEEDED,CUSTOMER,0,RULE_BASED,{},SEND_NOTIFICATION,3134.8665,FAILED,0.0,SINGLE_ATTEMPT_EXHAUSTED,0
PAY_006723,266,UPI_TECHNICAL_ERROR,TEMPORARY,0,RULE_BASED,{},RETRY_LATER,218.652,SUCCESS,266.0,,0
PAY_003301,304,AUTHENTICATION_FAILED,CUSTOMER,0,RULE_BASED,{},SEND_NOTIFICATION,193.79999999999998,FAILED,0.0,SINGLE_ATTEMPT_EXHAUSTED,0
PAY_003311,273,UPI_TECHNICAL_ERROR,TEMPORARY,0,RULE_BASED,{},RETRY_LATER,223.9965,SUCCESS,273.0,,0
PAY_007222,161,BANK_TIMEOUT,TEMPORARY,0,RULE_BASED,{},RETRY_LATER,138.299,SUCCESS,161.0,,0
PAY_008520,122,INSUFFICIENT_FUNDS,CUSTOMER,0,RULE_BASED,{},SEND_NOTIFICATION,92.78099999999999,SUCCESS,122.0,,0
PAY_005955,827,BLOCKED_METHOD,HARD,0,RULE_BASED,{},STOP,0.0,STOPPED,0.0,RULE_HARD_FAILURE,0
PAY_000833,2025,INVALID_ACCOUNT,HARD,0,RULE_BASED,{},STOP,0.0,STOPPED,0.0,RULE_HARD_FAILURE,0
PAY_003463,1312,BANK_TIMEOUT,TEMPORARY,0,RULE_BASED,{},RETRY_LATER,1099.456,SUCCESS,1312.0,,0
PAY_007644,164,INSUFFICIENT_FUNDS,CUSTOMER,0,RULE_BASED,{},SEND_NOTIFICATION,118.32600000000001,SUCCESS,164.0,,0
PAY_000055,99,GATEWAY_TIMEOUT,TEMPORARY,0,RULE_BASED,{},RETRY_LATER,80.2395,SUCCESS,99.0,,0
PAY_003452,570,BANK_TIMEOUT,TEMPORARY,0,RULE_BASED,{},RETRY_LATER,468.255,SUCCESS,570.0,,0
PAY_006306,771,INSUFFICIENT_FUNDS,CUSTOMER,0,RULE_BASED,{},SEND_NOTIFICATION,575.937,FAILED,0.0,SINGLE_ATTEMPT_EXHAUSTED,0
PAY_001482,779,BANK_TIMEOUT,TEMPORARY,0,RULE_BASED,{},RETRY_LATER,646.9595,SUCCESS,779.0,,0
PAY_004874,163,AUTHENTICATION_FAILED,CUSTOMER,0,RULE_BASED,{},SEND_NOTIFICATION,104.89049999999999,SUCCESS,163.0,,0
PAY_008039,540,GATEWAY_TIMEOUT,TEMPORARY,0,RULE_BASED,{},RETRY_LATER,434.43,SUCCESS,540.0,,0
PAY_003336,148,NETWORK_ERROR,TEMPORARY,0,RULE_BASED,{},RETRY_LATER,115.884,SUCCESS,148.0,,0
PAY_006017,9038,LIMIT_EXCEEDED,CUSTOMER,0,RULE_BASED,{},SEND_NOTIFICATION,5282.711,SUCCESS,9038.0,,0
PAY_004927,438,UPI_TECHNICAL_ERROR,TEMPORARY,0,RULE_BASED,{},RETRY_LATER,350.838,SUCCESS,438.0,,0
PAY_005798,99,INSUFFICIENT_FUNDS,CUSTOMER,0,RULE_BASED,{},SEND_NOTIFICATION,74.25,FAILED,0.0,SINGLE_ATTEMPT_EXHAUSTED,0
PAY_009832,282,GATEWAY_TIMEOUT,TEMPORARY,0,RULE_BASED,{},RETRY_LATER,237.86700000000002,SUCCESS,282.0,,0
PAY_005084,388,BANK_TIMEOUT,TEMPORARY,0,RULE_BASED,{},RETRY_LATER,324.562,SUCCESS,388.0,,0
PAY_006646,1310,GATEWAY_TIMEOUT,TEMPORARY,0,RULE_BASED,{},RETRY_LATER,1071.58,SUCCESS,1310.0,,0
PAY_005491,268,NETWORK_ERROR,TEMPORARY,0,RULE_BASED,{},RETRY_LATER,205.824,SUCCESS,268.0,,0
PAY_000769,249,GATEWAY_TIMEOUT,TEMPORARY,0,RULE_BASED,{},RETRY_LATER,209.658,SUCCESS,249.0,,0
PAY_002066,597,NETWORK_ERROR,TEMPORARY,0,RULE_BASED,{},RETRY_LATER,454.914,FAILED,0.0,SINGLE_ATTEMPT_EXHAUSTED,0
PAY_009501,543,LIMIT_EXCEEDED,CUSTOMER,0,RULE_BASED,{},SEND_NOTIFICATION,305.9805,SUCCESS,543.0,,0
PAY_007312,1303,CUSTOMER_DECLINED,HARD,0,RULE_BASED,{},STOP,0.0,STOPPED,0.0,RULE_HARD_FAILURE,0
PAY_008478,2988,BANK_TIMEOUT,TEMPORARY,0,RULE_BASED,{},RETRY_LATER,2459.124,SUCCESS,2988.0,,0
PAY_004525,1450,BANK_TIMEOUT,TEMPORARY,0,RULE_BASED,{},RETRY_LATER,1236.85,SUCCESS,1450.0,,0
PAY_002718,744,UPI_TECHNICAL_ERROR,TEMPORARY,0,RULE_BASED,{},RETRY_LATER,582.552,SUCCESS,744.0,,0
PAY_002080,159,BLOCKED_METHOD,HARD,0,RULE_BASED,{},STOP,0.0,STOPPED,0.0,RULE_HARD_FAILURE,0
PAY_008915,536,BANK_TIMEOUT,TEMPORARY,0,RULE_BASED,{},RETRY_LATER,458.816,SUCCESS,536.0,,0
PAY_000952,1742,GATEWAY_TIMEOUT,TEMPORARY,0,RULE_BASED,{},RETRY_LATER,1417.117,SUCCESS,1742.0,,0
PAY_008059,4612,GATEWAY_TIMEOUT,TEMPORARY,0,RULE_BASED,{},RETRY_LATER,3772.616,SUCCESS,4612.0,,0
PAY_002483,3625,UPI_TECHNICAL_ERROR,TEMPORARY,0,RULE_BASED,{},RETRY_LATER,2811.1875,SUCCESS,3625.0,,0
PAY_001760,10272,AUTHENTICATION_FAILED,CUSTOMER,0,RULE_BASED,{},SEND_NOTIFICATION,6163.2,SUCCESS,10272.0,,0
PAY_004423,745,INSUFFICIENT_FUNDS,CUSTOMER,0,RULE_BASED,{},SEND_NOTIFICATION,536.4,FAILED,0.0,SINGLE_ATTEMPT_EXHAUSTED,0
PAY_006705,1467,AUTHENTICATION_FAILED,CUSTOMER,0,RULE_BASED,{},SEND_NOTIFICATION,908.8065,SUCCESS,1467.0,,0
PAY_005183,1232,INSUFFICIENT_FUNDS,CUSTOMER,0,RULE_BASED,{},SEND_NOTIFICATION,940.632,SUCCESS,1232.0,,0
PAY_008534,823,BANK_TIMEOUT,TEMPORARY,0,RULE_BASED,{},RETRY_LATER,710.6605000000001,SUCCESS,823.0,,0
PAY_003702,4745,UPI_TECHNICAL_ERROR,TEMPORARY,0,RULE_BASED,{},RETRY_LATER,3772.275,SUCCESS,4745.0,,0
PAY_004244,1907,INVALID_ACCOUNT,HARD,0,RULE_BASED,{},STOP,0.0,STOPPED,0.0,RULE_HARD_FAILURE,0
PAY_000689,2191,GATEWAY_TIMEOUT,TEMPORARY,0,RULE_BASED,{},RETRY_LATER,1848.1085,SUCCESS,2191.0,,0
PAY_003433,1240,BANK_TIMEOUT,TEMPORARY,0,RULE_BASED,{},RETRY_LATER,1061.44,SUCCESS,1240.0,,0
PAY_004945,880,INSUFFICIENT_FUNDS,CUSTOMER,0,RULE_BASED,{},SEND_NOTIFICATION,670.5600000000001,SUCCESS,880.0,,0
PAY_000967,220,NETWORK_ERROR,TEMPORARY,0,RULE_BASED,{},RETRY_LATER,169.62,SUCCESS,220.0,,0
PAY_009485,102,BANK_TIMEOUT,TEMPORARY,0,RULE_BASED,{},RETRY_LATER,83.64,FAILED,0.0,SINGLE_ATTEMPT_EXHAUSTED,0
PAY_002714,591,BLOCKED_METHOD,HARD,0,RULE_BASED,{},STOP,0.0,STOPPED,0.0,RULE_HARD_FAILURE,0
PAY_004758,626,UPI_TECHNICAL_ERROR,TEMPORARY,0,RULE_BASED,{},RETRY_LATER,506.121,SUCCESS,626.0,,0
PAY_009546,132,BANK_TIMEOUT,TEMPORARY,0,RULE_BASED,{},RETRY_LATER,113.388,SUCCESS,132.0,,0
PAY_006321,431,AUTHENTICATION_FAILED,CUSTOMER,0,RULE_BASED,{},SEND_NOTIFICATION,266.358,FAILED,0.0,SINGLE_ATTEMPT_EXHAUSTED,0
PAY_005976,4801,BLOCKED_METHOD,HARD,0,RULE_BASED,{},STOP,0.0,STOPPED,0.0,RULE_HARD_FAILURE,0
PAY_003573,4540,BANK_TIMEOUT,TEMPORARY,0,RULE_BASED,{},RETRY_LATER,3845.38,SUCCESS,4540.0,,0
PAY_005300,798,INSUFFICIENT_FUNDS,CUSTOMER,0,RULE_BASED,{},SEND_NOTIFICATION,582.9390000000001,SUCCESS,798.0,,0
PAY_001991,1913,UPI_TECHNICAL_ERROR,TEMPORARY,0,RULE_BASED,{},RETRY_LATER,1523.7045,SUCCESS,1913.0,,0
PAY_001206,1185,CARD_EXPIRED,CUSTOMER,0,RULE_BASED,{},SEND_NOTIFICATION,775.5825,FAILED,0.0,SINGLE_ATTEMPT_EXHAUSTED,0
PAY_004972,3938,UPI_TECHNICAL_ERROR,TEMPORARY,0,RULE_BASED,{},RETRY_LATER,3154.338,SUCCESS,3938.0,,0
PAY_006784,664,BANK_TIMEOUT,TEMPORARY,0,RULE_BASED,{},RETRY_LATER,548.4639999999999,SUCCESS,664.0,,0
PAY_003601,2914,LIMIT_EXCEEDED,CUSTOMER,0,RULE_BASED,{},SEND_NOTIFICATION,1690.12,FAILED,0.0,SINGLE_ATTEMPT_EXHAUSTED,0
PAY_006491,272,INVALID_ACCOUNT,HARD,0,RULE_BASED,{},STOP,0.0,STOPPED,0.0,RULE_HARD_FAILURE,0
PAY_008610,99,LIMIT_EXCEEDED,CUSTOMER,0,RULE_BASED,{},SEND_NOTIFICATION,57.865500000000004,SUCCESS,99.0,,0
PAY_009979,3124,INSUFFICIENT_FUNDS,CUSTOMER,0,RULE_BASED,{},SEND_NOTIFICATION,2239.908,SUCCESS,3124.0,,0
PAY_008071,269,INSUFFICIENT_FUNDS,CUSTOMER,0,RULE_BASED,{},SEND_NOTIFICATION,192.066,FAILED,0.0,SINGLE_ATTEMPT_EXHAUSTED,0
PAY_008578,511,BANK_TIMEOUT,TEMPORARY,0,RULE_BASED,{},RETRY_LATER,435.11650000000003,SUCCESS,511.0,,0
PAY_007974,509,BANK_TIMEOUT,TEMPORARY,0,RULE_BASED,{},RETRY_LATER,432.65,SUCCESS,509.0,,0
PAY_001626,635,INSUFFICIENT_FUNDS,CUSTOMER,0,RULE_BASED,{},SEND_NOTIFICATION,471.4875,SUCCESS,635.0,,0
PAY_000537,136,GATEWAY_TIMEOUT,TEMPORARY,0,RULE_BASED,{},RETRY_LATER,109.82,SUCCESS,136.0,,0
PAY_008767,311,NETWORK_ERROR,TEMPORARY,0,RULE_BASED,{},RETRY_LATER,244.9125,FAILED,0.0,SINGLE_ATTEMPT_EXHAUSTED,0
PAY_007971,1017,CARD_EXPIRED,CUSTOMER,0,RULE_BASED,{},SEND_NOTIFICATION,677.8305,FAILED,0.0,SINGLE_ATTEMPT_EXHAUSTED,0
PAY_004213,416,BLOCKED_METHOD,HARD,0,RULE_BASED,{},STOP,0.0,STOPPED,0.0,RULE_HARD_FAILURE,0
PAY_006457,3879,BANK_TIMEOUT,TEMPORARY,0,RULE_BASED,{},RETRY_LATER,3256.4205,SUCCESS,3879.0,,0
PAY_003508,99,INSUFFICIENT_FUNDS,CUSTOMER,0,RULE_BASED,{},SEND_NOTIFICATION,71.28,SUCCESS,99.0,,0
PAY_008394,569,INSUFFICIENT_FUNDS,CUSTOMER,0,RULE_BASED,{},SEND_NOTIFICATION,422.4825,FAILED,0.0,SINGLE_ATTEMPT_EXHAUSTED,0
PAY_007113,362,GATEWAY_TIMEOUT,TEMPORARY,0,RULE_BASED,{},RETRY_LATER,301.546,FAILED,0.0,SINGLE_ATTEMPT_EXHAUSTED,0
PAY_002709,660,AUTHENTICATION_FAILED,CUSTOMER,0,RULE_BASED,{},SEND_NOTIFICATION,399.96,FAILED,0.0,SINGLE_ATTEMPT_EXHAUSTED,0
PAY_005032,888,CARD_EXPIRED,CUSTOMER,0,RULE_BASED,{},SEND_NOTIFICATION,602.508,SUCCESS,888.0,,0
PAY_006515,1093,NETWORK_ERROR,TEMPORARY,0,RULE_BASED,{},RETRY_LATER,839.424,SUCCESS,1093.0,,0
PAY_004663,643,BLOCKED_METHOD,HARD,0,RULE_BASED,{},STOP,0.0,STOPPED,0.0,RULE_HARD_FAILURE,0
PAY_004022,743,UPI_TECHNICAL_ERROR,TEMPORARY,0,RULE_BASED,{},RETRY_LATER,581.769,SUCCESS,743.0,,0
PAY_001855,437,GATEWAY_TIMEOUT,TEMPORARY,0,RULE_BASED,{},RETRY_LATER,358.777,SUCCESS,437.0,,0
PAY_009426,99,CARD_EXPIRED,CUSTOMER,0,RULE_BASED,{},SEND_NOTIFICATION,65.83500000000001,SUCCESS,99.0,,0
PAY_002873,429,GATEWAY_TIMEOUT,TEMPORARY,0,RULE_BASED,{},RETRY_LATER,348.9915,SUCCESS,429.0,,0
PAY_003031,667,BANK_TIMEOUT,TEMPORARY,0,RULE_BASED,{},RETRY_LATER,555.9445000000001,FAILED,0.0,SINGLE_ATTEMPT_EXHAUSTED,0
PAY_001646,3231,INSUFFICIENT_FUNDS,CUSTOMER,0,RULE_BASED,{},SEND_NOTIFICATION,2466.8685,FAILED,0.0,SINGLE_ATTEMPT_EXHAUSTED,0
PAY_003418,2737,GATEWAY_TIMEOUT,TEMPORARY,0,RULE_BASED,{},RETRY_LATER,2259.3935,SUCCESS,2737.0,,0
PAY_003477,146,UPI_TECHNICAL_ERROR,TEMPORARY,0,RULE_BASED,{},RETRY_LATER,116.50800000000001,FAILED,0.0,SINGLE_ATTEMPT_EXHAUSTED,0
PAY_009553,255,AUTHENTICATION_FAILED,CUSTOMER,0,RULE_BASED,{},SEND_NOTIFICATION,160.65,FAILED,0.0,SINGLE_ATTEMPT_EXHAUSTED,0
PAY_001793,11182,BANK_TIMEOUT,TEMPORARY,0,RULE_BASED,{},RETRY_LATER,9336.97,SUCCESS,11182.0,,0
PAY_003798,99,GATEWAY_TIMEOUT,TEMPORARY,0,RULE_BASED,{},RETRY_LATER,81.1305,SUCCESS,99.0,,0
PAY_003369,309,CARD_EXPIRED,CUSTOMER,0,RULE_BASED,{},SEND_NOTIFICATION,204.09449999999998,FAILED,0.0,SINGLE_ATTEMPT_EXHAUSTED,0
PAY_007197,419,UPI_TECHNICAL_ERROR,TEMPORARY,0,RULE_BASED,{},RETRY_LATER,331.2195,SUCCESS,419.0,,0
PAY_009642,794,BLOCKED_METHOD,HARD,0,RULE_BASED,{},STOP,0.0,STOPPED,0.0,RULE_HARD_FAILURE,0
PAY_005110,236,INSUFFICIENT_FUNDS,CUSTOMER,0,RULE_BASED,{},SEND_NOTIFICATION,167.796,SUCCESS,236.0,,0
PAY_006025,139,CARD_EXPIRED,CUSTOMER,0,RULE_BASED,{},SEND_NOTIFICATION,93.8945,FAILED,0.0,SINGLE_ATTEMPT_EXHAUSTED,0
PAY_008796,188,PAYMENT_EXPIRED,HARD,0,RULE_BASED,{},STOP,0.0,STOPPED,0.0,RULE_HARD_FAILURE,0
PAY_009295,743,CARD_EXPIRED,CUSTOMER,0,RULE_BASED,{},SEND_NOTIFICATION,510.8125,SUCCESS,743.0,,0
PAY_000127,2379,INSUFFICIENT_FUNDS,CUSTOMER,0,RULE_BASED,{},SEND_NOTIFICATION,1744.9965000000002,FAILED,0.0,SINGLE_ATTEMPT_EXHAUSTED,0
PAY_005960,759,GATEWAY_TIMEOUT,TEMPORARY,0,RULE_BASED,{},RETRY_LATER,623.139,FAILED,0.0,SINGLE_ATTEMPT_EXHAUSTED,0
PAY_003877,390,NETWORK_ERROR,TEMPORARY,0,RULE_BASED,{},RETRY_LATER,307.125,SUCCESS,390.0,,0
PAY_004452,775,UPI_TECHNICAL_ERROR,TEMPORARY,0,RULE_BASED,{},RETRY_LATER,605.6625,SUCCESS,775.0,,0
PAY_007148,4610,INSUFFICIENT_FUNDS,CUSTOMER,0,RULE_BASED,{},SEND_NOTIFICATION,3402.18,SUCCESS,4610.0,,0
PAY_003532,2256,NETWORK_ERROR,TEMPORARY,0,RULE_BASED,{},RETRY_LATER,1692.0,FAILED,0.0,SINGLE_ATTEMPT_EXHAUSTED,0
PAY_000828,908,INVALID_ACCOUNT,HARD,0,RULE_BASED,{},STOP,0.0,STOPPED,0.0,RULE_HARD_FAILURE,0
PAY_007791,2013,GATEWAY_TIMEOUT,TEMPORARY,0,RULE_BASED,{},RETRY_LATER,1697.9655,SUCCESS,2013.0,,0
PAY_000985,1020,CARD_EXPIRED,CUSTOMER,0,RULE_BASED,{},SEND_NOTIFICATION,695.13,SUCCESS,1020.0,,0
PAY_007784,394,BANK_TIMEOUT,TEMPORARY,0,RULE_BASED,{},RETRY_LATER,327.808,SUCCESS,394.0,,0
PAY_002444,521,CUSTOMER_DECLINED,HARD,0,RULE_BASED,{},STOP,0.0,STOPPED,0.0,RULE_HARD_FAILURE,0
PAY_008555,2469,UPI_TECHNICAL_ERROR,TEMPORARY,0,RULE_BASED,{},RETRY_LATER,1981.3725,SUCCESS,2469.0,,0
PAY_000346,3415,AUTHENTICATION_FAILED,CUSTOMER,0,RULE_BASED,{},SEND_NOTIFICATION,2110.47,SUCCESS,3415.0,,0
PAY_000815,433,LIMIT_EXCEEDED,CUSTOMER,0,RULE_BASED,{},SEND_NOTIFICATION,251.14,FAILED,0.0,SINGLE_ATTEMPT_EXHAUSTED,0
PAY_006167,1529,AUTHENTICATION_FAILED,CUSTOMER,0,RULE_BASED,{},SEND_NOTIFICATION,977.0310000000001,SUCCESS,1529.0,,0
PAY_005780,2284,GATEWAY_TIMEOUT,TEMPORARY,0,RULE_BASED,{},RETRY_LATER,1885.442,SUCCESS,2284.0,,0
PAY_002117,660,GATEWAY_TIMEOUT,TEMPORARY,0,RULE_BASED,{},RETRY_LATER,553.74,SUCCESS,660.0,,0
PAY_000794,142,NETWORK_ERROR,TEMPORARY,0,RULE_BASED,{},RETRY_LATER,108.41699999999999,FAILED,0.0,SINGLE_ATTEMPT_EXHAUSTED,0
PAY_006899,1380,INSUFFICIENT_FUNDS,CUSTOMER,0,RULE_BASED,{},SEND_NOTIFICATION,1045.35,FAILED,0.0,SINGLE_ATTEMPT_EXHAUSTED,0
PAY_002675,209,BANK_TIMEOUT,TEMPORARY,0,RULE_BASED,{},RETRY_LATER,172.3205,SUCCESS,209.0,,0
PAY_000095,2197,LIMIT_EXCEEDED,CUSTOMER,0,RULE_BASED,{},SEND_NOTIFICATION,1290.7375,FAILED,0.0,SINGLE_ATTEMPT_EXHAUSTED,0
PAY_004226,1130,BANK_TIMEOUT,TEMPORARY,0,RULE_BASED,{},RETRY_LATER,952.025,SUCCESS,1130.0,,0
PAY_003757,1582,AUTHENTICATION_FAILED,CUSTOMER,0,RULE_BASED,{},SEND_NOTIFICATION,999.0329999999999,SUCCESS,1582.0,,0
PAY_002892,716,BANK_TIMEOUT,TEMPORARY,0,RULE_BASED,{},RETRY_LATER,598.934,SUCCESS,716.0,,0
PAY_002372,259,NETWORK_ERROR,TEMPORARY,0,RULE_BASED,{},RETRY_LATER,205.5165,SUCCESS,259.0,,0
PAY_009389,243,INVALID_ACCOUNT,HARD,0,RULE_BASED,{},STOP,0.0,STOPPED,0.0,RULE_HARD_FAILURE,0
PAY_003229,1217,UPI_TECHNICAL_ERROR,TEMPORARY,0,RULE_BASED,{},RETRY_LATER,965.6895,SUCCESS,1217.0,,0
PAY_007864,612,NETWORK_ERROR,TEMPORARY,0,RULE_BASED,{},RETRY_LATER,484.704,SUCCESS,612.0,,0
PAY_006360,908,BANK_TIMEOUT,TEMPORARY,0,RULE_BASED,{},RETRY_LATER,751.37,SUCCESS,908.0,,0
PAY_009197,201,INSUFFICIENT_FUNDS,CUSTOMER,0,RULE_BASED,{},SEND_NOTIFICATION,153.46349999999998,SUCCESS,201.0,,0
PAY_007327,2830,LIMIT_EXCEEDED,CUSTOMER,0,RULE_BASED,{},SEND_NOTIFICATION,1645.645,SUCCESS,2830.0,,0
PAY_006029,246,NETWORK_ERROR,TEMPORARY,0,RULE_BASED,{},RETRY_LATER,184.869,FAILED,0.0,SINGLE_ATTEMPT_EXHAUSTED,0
PAY_001866,291,AUTHENTICATION_FAILED,CUSTOMER,0,RULE_BASED,{},SEND_NOTIFICATION,181.1475,FAILED,0.0,SINGLE_ATTEMPT_EXHAUSTED,0
PAY_004613,99,BANK_TIMEOUT,TEMPORARY,0,RULE_BASED,{},RETRY_LATER,82.368,SUCCESS,99.0,,0
PAY_002646,428,UPI_TECHNICAL_ERROR,TEMPORARY,0,RULE_BASED,{},RETRY_LATER,333.198,SUCCESS,428.0,,0
PAY_002244,615,NETWORK_ERROR,TEMPORARY,0,RULE_BASED,{},RETRY_LATER,484.3125,SUCCESS,615.0,,0
PAY_005374,422,CARD_EXPIRED,CUSTOMER,0,RULE_BASED,{},SEND_NOTIFICATION,284.428,SUCCESS,422.0,,0
PAY_002337,943,BANK_TIMEOUT,TEMPORARY,0,RULE_BASED,{},RETRY_LATER,785.9905,SUCCESS,943.0,,0
PAY_000951,860,NETWORK_ERROR,TEMPORARY,0,RULE_BASED,{},RETRY_LATER,660.48,FAILED,0.0,SINGLE_ATTEMPT_EXHAUSTED,0
PAY_001121,2292,GATEWAY_TIMEOUT,TEMPORARY,0,RULE_BASED,{},RETRY_LATER,1888.608,SUCCESS,2292.0,,0
PAY_002205,99,INSUFFICIENT_FUNDS,CUSTOMER,0,RULE_BASED,{},SEND_NOTIFICATION,74.25,SUCCESS,99.0,,0
PAY_000420,1124,UPI_TECHNICAL_ERROR,TEMPORARY,0,RULE_BASED,{},RETRY_LATER,883.464,SUCCESS,1124.0,,0
PAY_000923,1193,BLOCKED_METHOD,HARD,0,RULE_BASED,{},STOP,0.0,STOPPED,0.0,RULE_HARD_FAILURE,0
PAY_008670,267,LIMIT_EXCEEDED,CUSTOMER,0,RULE_BASED,{},SEND_NOTIFICATION,156.0615,FAILED,0.0,SINGLE_ATTEMPT_EXHAUSTED,0
PAY_005409,8575,INSUFFICIENT_FUNDS,CUSTOMER,0,RULE_BASED,{},SEND_NOTIFICATION,6456.975,SUCCESS,8575.0,,0
PAY_005789,1484,INSUFFICIENT_FUNDS,CUSTOMER,0,RULE_BASED,{},SEND_NOTIFICATION,1095.192,SUCCESS,1484.0,,0
PAY_005743,1346,BANK_TIMEOUT,TEMPORARY,0,RULE_BASED,{},RETRY_LATER,1093.625,FAILED,0.0,SINGLE_ATTEMPT_EXHAUSTED,0
PAY_007668,550,BLOCKED_METHOD,HARD,0,RULE_BASED,{},STOP,0.0,STOPPED,0.0,RULE_HARD_FAILURE,0
PAY_005568,889,LIMIT_EXCEEDED,CUSTOMER,0,RULE_BASED,{},SEND_NOTIFICATION,503.6185,FAILED,0.0,SINGLE_ATTEMPT_EXHAUSTED,0
PAY_008136,819,UPI_TECHNICAL_ERROR,TEMPORARY,0,RULE_BASED,{},RETRY_LATER,642.5055,SUCCESS,819.0,,0
PAY_001203,361,NETWORK_ERROR,TEMPORARY,0,RULE_BASED,{},RETRY_LATER,276.7065,FAILED,0.0,SINGLE_ATTEMPT_EXHAUSTED,0
PAY_005766,1222,BANK_TIMEOUT,TEMPORARY,0,RULE_BASED,{},RETRY_LATER,1016.704,SUCCESS,1222.0,,0
PAY_008390,677,INSUFFICIENT_FUNDS,CUSTOMER,0,RULE_BASED,{},SEND_NOTIFICATION,479.316,SUCCESS,677.0,,0
PAY_001971,365,AUTHENTICATION_FAILED,CUSTOMER,0,RULE_BASED,{},SEND_NOTIFICATION,230.49749999999997,FAILED,0.0,SINGLE_ATTEMPT_EXHAUSTED,0
PAY_004019,1241,BANK_TIMEOUT,TEMPORARY,0,RULE_BASED,{},RETRY_LATER,1045.5425,SUCCESS,1241.0,,0
PAY_003688,327,NETWORK_ERROR,TEMPORARY,0,RULE_BASED,{},RETRY_LATER,250.6455,SUCCESS,327.0,,0
PAY_001998,854,LIMIT_EXCEEDED,CUSTOMER,0,RULE_BASED,{},SEND_NOTIFICATION,488.915,FAILED,0.0,SINGLE_ATTEMPT_EXHAUSTED,0
PAY_004034,542,NETWORK_ERROR,TEMPORARY,0,RULE_BASED,{},RETRY_LATER,425.199,SUCCESS,542.0,,0
PAY_001249,382,INSUFFICIENT_FUNDS,CUSTOMER,0,RULE_BASED,{},SEND_NOTIFICATION,277.332,FAILED,0.0,SINGLE_ATTEMPT_EXHAUSTED,0
PAY_002193,193,BANK_TIMEOUT,TEMPORARY,0,RULE_BASED,{},RETRY_LATER,162.6025,SUCCESS,193.0,,0
PAY_002713,1917,CUSTOMER_DECLINED,HARD,0,RULE_BASED,{},STOP,0.0,STOPPED,0.0,RULE_HARD_FAILURE,0
PAY_002191,617,BANK_TIMEOUT,TEMPORARY,0,RULE_BASED,{},RETRY_LATER,511.493,SUCCESS,617.0,,0
PAY_004671,904,INSUFFICIENT_FUNDS,CUSTOMER,0,RULE_BASED,{},SEND_NOTIFICATION,652.236,FAILED,0.0,SINGLE_ATTEMPT_EXHAUSTED,0
PAY_005143,1067,INSUFFICIENT_FUNDS,CUSTOMER,0,RULE_BASED,{},SEND_NOTIFICATION,793.848,SUCCESS,1067.0,,0
PAY_005985,527,BLOCKED_METHOD,HARD,0,RULE_BASED,{},STOP,0.0,STOPPED,0.0,RULE_HARD_FAILURE,0
PAY_006566,1171,NETWORK_ERROR,TEMPORARY,0,RULE_BASED,{},RETRY_LATER,881.763,SUCCESS,1171.0,,0
PAY_007805,628,GATEWAY_TIMEOUT,TEMPORARY,0,RULE_BASED,{},RETRY_LATER,529.718,SUCCESS,628.0,,0
PAY_006944,762,BLOCKED_METHOD,HARD,0,RULE_BASED,{},STOP,0.0,STOPPED,0.0,RULE_HARD_FAILURE,0
PAY_002137,1673,UPI_TECHNICAL_ERROR,TEMPORARY,0,RULE_BASED,{},RETRY_LATER,1317.4875,SUCCESS,1673.0,,0
PAY_001066,9043,UPI_TECHNICAL_ERROR,TEMPORARY,0,RULE_BASED,{},RETRY_LATER,7257.0075,SUCCESS,9043.0,,0
PAY_000601,116,AUTHENTICATION_FAILED,CUSTOMER,0,RULE_BASED,{},SEND_NOTIFICATION,72.384,SUCCESS,116.0,,0
PAY_004228,206,GATEWAY_TIMEOUT,TEMPORARY,0,RULE_BASED,{},RETRY_LATER,168.817,SUCCESS,206.0,,0
PAY_007578,473,CARD_EXPIRED,CUSTOMER,0,RULE_BASED,{},SEND_NOTIFICATION,321.64000000000004,SUCCESS,473.0,,0
PAY_000078,99,NETWORK_ERROR,TEMPORARY,0,RULE_BASED,{},RETRY_LATER,73.953,SUCCESS,99.0,,0
PAY_007547,131,UPI_TECHNICAL_ERROR,TEMPORARY,0,RULE_BASED,{},RETRY_LATER,107.8785,SUCCESS,131.0,,0
PAY_002899,713,INSUFFICIENT_FUNDS,CUSTOMER,0,RULE_BASED,{},SEND_NOTIFICATION,514.4295000000001,SUCCESS,713.0,,0
PAY_004821,6240,BANK_TIMEOUT,TEMPORARY,0,RULE_BASED,{},RETRY_LATER,5304.0,SUCCESS,6240.0,,0
PAY_009303,2695,INVALID_ACCOUNT,HARD,0,RULE_BASED,{},STOP,0.0,STOPPED,0.0,RULE_HARD_FAILURE,0
PAY_006414,440,GATEWAY_TIMEOUT,TEMPORARY,0,RULE_BASED,{},RETRY_LATER,352.65999999999997,SUCCESS,440.0,,0
PAY_009065,1578,BANK_TIMEOUT,TEMPORARY,0,RULE_BASED,{},RETRY_LATER,1322.364,SUCCESS,1578.0,,0
PAY_008008,188,CUSTOMER_DECLINED,HARD,0,RULE_BASED,{},STOP,0.0,STOPPED,0.0,RULE_HARD_FAILURE,0
PAY_005469,326,INSUFFICIENT_FUNDS,CUSTOMER,0,RULE_BASED,{},SEND_NOTIFICATION,243.03300000000002,SUCCESS,326.0,,0
PAY_005952,99,NETWORK_ERROR,TEMPORARY,0,RULE_BASED,{},RETRY_LATER,76.32900000000001,SUCCESS,99.0,,0
PAY_003392,398,BANK_TIMEOUT,TEMPORARY,0,RULE_BASED,{},RETRY_LATER,325.763,FAILED,0.0,SINGLE_ATTEMPT_EXHAUSTED,0
PAY_005416,1334,UPI_TECHNICAL_ERROR,TEMPORARY,0,RULE_BASED,{},RETRY_LATER,1072.536,SUCCESS,1334.0,,0
PAY_002561,1618,NETWORK_ERROR,TEMPORARY,0,RULE_BASED,{},RETRY_LATER,1281.4560000000001,SUCCESS,1618.0,,0
PAY_008163,757,BANK_TIMEOUT,TEMPORARY,0,RULE_BASED,{},RETRY_LATER,620.74,FAILED,0.0,SINGLE_ATTEMPT_EXHAUSTED,0
PAY_002636,8906,INSUFFICIENT_FUNDS,CUSTOMER,0,RULE_BASED,{},SEND_NOTIFICATION,6799.731,SUCCESS,8906.0,,0
PAY_005257,1188,AUTHENTICATION_FAILED,CUSTOMER,0,RULE_BASED,{},SEND_NOTIFICATION,712.8,FAILED,0.0,SINGLE_ATTEMPT_EXHAUSTED,0
PAY_003531,613,CARD_EXPIRED,CUSTOMER,0,RULE_BASED,{},SEND_NOTIFICATION,420.51800000000003,SUCCESS,613.0,,0
PAY_008568,2088,LIMIT_EXCEEDED,CUSTOMER,0,RULE_BASED,{},SEND_NOTIFICATION,1217.3039999999999,SUCCESS,2088.0,,0
PAY_001909,1485,NETWORK_ERROR,TEMPORARY,0,RULE_BASED,{},RETRY_LATER,1149.39,FAILED,0.0,SINGLE_ATTEMPT_EXHAUSTED,0
PAY_000236,1184,GATEWAY_TIMEOUT,TEMPORARY,0,RULE_BASED,{},RETRY_LATER,950.7520000000001,FAILED,0.0,SINGLE_ATTEMPT_EXHAUSTED,0
PAY_001605,185,INSUFFICIENT_FUNDS,CUSTOMER,0,RULE_BASED,{},SEND_NOTIFICATION,135.42,SUCCESS,185.0,,0
PAY_007985,1914,GATEWAY_TIMEOUT,TEMPORARY,0,RULE_BASED,{},RETRY_LATER,1536.942,FAILED,0.0,SINGLE_ATTEMPT_EXHAUSTED,0
PAY_003491,200,INVALID_ACCOUNT,HARD,0,RULE_BASED,{},STOP,0.0,STOPPED,0.0,RULE_HARD_FAILURE,0
PAY_001995,10277,INSUFFICIENT_FUNDS,CUSTOMER,0,RULE_BASED,{},SEND_NOTIFICATION,7538.1795,SUCCESS,10277.0,,0
PAY_002825,179,BANK_TIMEOUT,TEMPORARY,0,RULE_BASED,{},RETRY_LATER,151.88150000000002,SUCCESS,179.0,,0
PAY_009286,383,NETWORK_ERROR,TEMPORARY,0,RULE_BASED,{},RETRY_LATER,301.6125,SUCCESS,383.0,,0
PAY_001343,165,GATEWAY_TIMEOUT,TEMPORARY,0,RULE_BASED,{},RETRY_LATER,134.7225,SUCCESS,165.0,,0
PAY_008513,99,BANK_TIMEOUT,TEMPORARY,0,RULE_BASED,{},RETRY_LATER,83.259,SUCCESS,99.0,,0
PAY_001620,1556,BLOCKED_METHOD,HARD,0,RULE_BASED,{},STOP,0.0,STOPPED,0.0,RULE_HARD_FAILURE,0
PAY_005288,829,GATEWAY_TIMEOUT,TEMPORARY,0,RULE_BASED,{},RETRY_LATER,676.8785,SUCCESS,829.0,,0
PAY_002061,188,CARD_EXPIRED,CUSTOMER,0,RULE_BASED,{},SEND_NOTIFICATION,124.738,SUCCESS,188.0,,0
PAY_009956,1851,GATEWAY_TIMEOUT,TEMPORARY,0,RULE_BASED,{},RETRY_LATER,1544.6595,SUCCESS,1851.0,,0
PAY_002220,1185,GATEWAY_TIMEOUT,TEMPORARY,0,RULE_BASED,{},RETRY_LATER,960.4425,FAILED,0.0,SINGLE_ATTEMPT_EXHAUSTED,0
PAY_006039,290,BANK_TIMEOUT,TEMPORARY,0,RULE_BASED,{},RETRY_LATER,243.89,SUCCESS,290.0,,0
PAY_000261,128,GATEWAY_TIMEOUT,TEMPORARY,0,RULE_BASED,{},RETRY_LATER,105.664,SUCCESS,128.0,,0
PAY_009366,170,INSUFFICIENT_FUNDS,CUSTOMER,0,RULE_BASED,{},SEND_NOTIFICATION,122.39999999999999,SUCCESS,170.0,,0
PAY_009094,104,NETWORK_ERROR,TEMPORARY,0,RULE_BASED,{},RETRY_LATER,82.524,SUCCESS,104.0,,0
PAY_003745,434,NETWORK_ERROR,TEMPORARY,0,RULE_BASED,{},RETRY_LATER,325.5,FAILED,0.0,SINGLE_ATTEMPT_EXHAUSTED,0
PAY_002027,314,AUTHENTICATION_FAILED,CUSTOMER,0,RULE_BASED,{},SEND_NOTIFICATION,191.697,FAILED,0.0,SINGLE_ATTEMPT_EXHAUSTED,0
PAY_006989,99,BLOCKED_METHOD,HARD,0,RULE_BASED,{},STOP,0.0,STOPPED,0.0,RULE_HARD_FAILURE,0
PAY_004235,373,INSUFFICIENT_FUNDS,CUSTOMER,0,RULE_BASED,{},SEND_NOTIFICATION,279.19050000000004,SUCCESS,373.0,,0
PAY_001918,970,AUTHENTICATION_FAILED,CUSTOMER,0,RULE_BASED,{},SEND_NOTIFICATION,624.1949999999999,SUCCESS,970.0,,0
PAY_001829,988,INVALID_ACCOUNT,HARD,0,RULE_BASED,{},STOP,0.0,STOPPED,0.0,RULE_HARD_FAILURE,0
PAY_006234,99,BANK_TIMEOUT,TEMPORARY,0,RULE_BASED,{},RETRY_LATER,83.259,SUCCESS,99.0,,0
PAY_009333,1701,INSUFFICIENT_FUNDS,CUSTOMER,0,RULE_BASED,{},SEND_NOTIFICATION,1232.3745000000001,SUCCESS,1701.0,,0
PAY_006284,365,GATEWAY_TIMEOUT,TEMPORARY,0,RULE_BASED,{},RETRY_LATER,289.81,SUCCESS,365.0,,0
PAY_004209,1073,LIMIT_EXCEEDED,CUSTOMER,0,RULE_BASED,{},SEND_NOTIFICATION,625.559,FAILED,0.0,SINGLE_ATTEMPT_EXHAUSTED,0
PAY_000225,3712,NETWORK_ERROR,TEMPORARY,0,RULE_BASED,{},RETRY_LATER,2784.0,FAILED,0.0,SINGLE_ATTEMPT_EXHAUSTED,0
PAY_008916,767,UPI_TECHNICAL_ERROR,TEMPORARY,0,RULE_BASED,{},RETRY_LATER,612.066,SUCCESS,767.0,,0
PAY_006470,371,INSUFFICIENT_FUNDS,CUSTOMER,0,RULE_BASED,{},SEND_NOTIFICATION,270.459,SUCCESS,371.0,,0
PAY_009414,1489,BLOCKED_METHOD,HARD,0,RULE_BASED,{},STOP,0.0,STOPPED,0.0,RULE_HARD_FAILURE,0
PAY_000847,2787,CARD_EXPIRED,CUSTOMER,0,RULE_BASED,{},SEND_NOTIFICATION,1849.1744999999999,SUCCESS,2787.0,,0
PAY_004290,1562,LIMIT_EXCEEDED,CUSTOMER,0,RULE_BASED,{},SEND_NOTIFICATION,927.047,FAILED,0.0,SINGLE_ATTEMPT_EXHAUSTED,0
PAY_005561,486,CARD_EXPIRED,CUSTOMER,0,RULE_BASED,{},SEND_NOTIFICATION,332.667,SUCCESS,486.0,,0
PAY_002552,237,NETWORK_ERROR,TEMPORARY,0,RULE_BASED,{},RETRY_LATER,181.66049999999998,SUCCESS,237.0,,0
PAY_000118,1901,INSUFFICIENT_FUNDS,CUSTOMER,0,RULE_BASED,{},SEND_NOTIFICATION,1388.6805000000002,SUCCESS,1901.0,,0
PAY_008838,427,BANK_TIMEOUT,TEMPORARY,0,RULE_BASED,{},RETRY_LATER,364.231,SUCCESS,427.0,,0
PAY_005967,782,NETWORK_ERROR,TEMPORARY,0,RULE_BASED,{},RETRY_LATER,597.057,SUCCESS,782.0,,0
PAY_008196,274,INSUFFICIENT_FUNDS,CUSTOMER,0,RULE_BASED,{},SEND_NOTIFICATION,200.56799999999998,SUCCESS,274.0,,0
PAY_008660,538,NETWORK_ERROR,TEMPORARY,0,RULE_BASED,{},RETRY_LATER,405.921,SUCCESS,538.0,,0
PAY_007490,1130,LIMIT_EXCEEDED,CUSTOMER,0,RULE_BASED,{},SEND_NOTIFICATION,655.4,FAILED,0.0,SINGLE_ATTEMPT_EXHAUSTED,0
PAY_000006,406,INSUFFICIENT_FUNDS,CUSTOMER,0,RULE_BASED,{},SEND_NOTIFICATION,299.019,SUCCESS,406.0,,0
PAY_005343,985,PAYMENT_EXPIRED,HARD,0,RULE_BASED,{},STOP,0.0,STOPPED,0.0,RULE_HARD_FAILURE,0
PAY_009112,248,GATEWAY_TIMEOUT,TEMPORARY,0,RULE_BASED,{},RETRY_LATER,199.888,SUCCESS,248.0,,0
PAY_004325,2046,INSUFFICIENT_FUNDS,CUSTOMER,0,RULE_BASED,{},SEND_NOTIFICATION,1559.0520000000001,SUCCESS,2046.0,,0
PAY_001064,16187,UPI_TECHNICAL_ERROR,TEMPORARY,0,RULE_BASED,{},RETRY_LATER,12650.1405,SUCCESS,16187.0,,0
PAY_002591,2093,PAYMENT_EXPIRED,HARD,0,RULE_BASED,{},STOP,0.0,STOPPED,0.0,RULE_HARD_FAILURE,0
PAY_008435,383,NETWORK_ERROR,TEMPORARY,0,RULE_BASED,{},RETRY_LATER,303.9105,FAILED,0.0,SINGLE_ATTEMPT_EXHAUSTED,0
PAY_003736,215,NETWORK_ERROR,TEMPORARY,0,RULE_BASED,{},RETRY_LATER,165.4425,SUCCESS,215.0,,0
PAY_003518,1128,CUSTOMER_DECLINED,HARD,0,RULE_BASED,{},STOP,0.0,STOPPED,0.0,RULE_HARD_FAILURE,0
PAY_006987,99,AUTHENTICATION_FAILED,CUSTOMER,0,RULE_BASED,{},SEND_NOTIFICATION,60.291,FAILED,0.0,SINGLE_ATTEMPT_EXHAUSTED,0
PAY_006768,1633,UPI_TECHNICAL_ERROR,TEMPORARY,0,RULE_BASED,{},RETRY_LATER,1298.2350000000001,SUCCESS,1633.0,,0
PAY_005623,1350,BANK_TIMEOUT,TEMPORARY,0,RULE_BASED,{},RETRY_LATER,1157.625,SUCCESS,1350.0,,0
PAY_001606,672,BANK_TIMEOUT,TEMPORARY,0,RULE_BASED,{},RETRY_LATER,580.272,FAILED,0.0,SINGLE_ATTEMPT_EXHAUSTED,0
PAY_001734,235,CARD_EXPIRED,CUSTOMER,0,RULE_BASED,{},SEND_NOTIFICATION,156.98000000000002,SUCCESS,235.0,,0
PAY_009342,1838,INSUFFICIENT_FUNDS,CUSTOMER,0,RULE_BASED,{},SEND_NOTIFICATION,1386.771,SUCCESS,1838.0,,0
PAY_003813,118,UPI_TECHNICAL_ERROR,TEMPORARY,0,RULE_BASED,{},RETRY_LATER,95.04899999999999,SUCCESS,118.0,,0
PAY_009625,4048,UPI_TECHNICAL_ERROR,TEMPORARY,0,RULE_BASED,{},RETRY_LATER,3303.1679999999997,SUCCESS,4048.0,,0
PAY_001762,1507,INSUFFICIENT_FUNDS,CUSTOMER,0,RULE_BASED,{},SEND_NOTIFICATION,1141.5525,SUCCESS,1507.0,,0
PAY_005402,1161,CARD_EXPIRED,CUSTOMER,0,RULE_BASED,{},SEND_NOTIFICATION,780.7725,SUCCESS,1161.0,,0
PAY_002740,982,CARD_EXPIRED,CUSTOMER,0,RULE_BASED,{},SEND_NOTIFICATION,653.0300000000001,FAILED,0.0,SINGLE_ATTEMPT_EXHAUSTED,0
PAY_002473,312,BANK_TIMEOUT,TEMPORARY,0,RULE_BASED,{},RETRY_LATER,256.776,SUCCESS,312.0,,0
PAY_006739,528,NETWORK_ERROR,TEMPORARY,0,RULE_BASED,{},RETRY_LATER,405.504,SUCCESS,528.0,,0
PAY_006892,1926,UPI_TECHNICAL_ERROR,TEMPORARY,0,RULE_BASED,{},RETRY_LATER,1502.28,SUCCESS,1926.0,,0
PAY_007944,2142,NETWORK_ERROR,TEMPORARY,0,RULE_BASED,{},RETRY_LATER,1677.1860000000001,SUCCESS,2142.0,,0
PAY_004207,3600,INSUFFICIENT_FUNDS,CUSTOMER,0,RULE_BASED,{},SEND_NOTIFICATION,2651.4,FAILED,0.0,SINGLE_ATTEMPT_EXHAUSTED,0
PAY_006372,502,BLOCKED_METHOD,HARD,0,RULE_BASED,{},STOP,0.0,STOPPED,0.0,RULE_HARD_FAILURE,0
PAY_000233,465,GATEWAY_TIMEOUT,TEMPORARY,0,RULE_BASED,{},RETRY_LATER,369.90749999999997,SUCCESS,465.0,,0
PAY_008259,1862,INSUFFICIENT_FUNDS,CUSTOMER,0,RULE_BASED,{},SEND_NOTIFICATION,1396.5,SUCCESS,1862.0,,0
PAY_007562,548,BANK_TIMEOUT,TEMPORARY,0,RULE_BASED,{},RETRY_LATER,458.402,SUCCESS,548.0,,0
PAY_006169,4825,NETWORK_ERROR,TEMPORARY,0,RULE_BASED,{},RETRY_LATER,3712.8374999999996,SUCCESS,4825.0,,0
PAY_003597,402,BANK_TIMEOUT,TEMPORARY,0,RULE_BASED,{},RETRY_LATER,342.303,SUCCESS,402.0,,0
PAY_006289,2309,GATEWAY_TIMEOUT,TEMPORARY,0,RULE_BASED,{},RETRY_LATER,1871.4445,SUCCESS,2309.0,,0
PAY_004633,146,BANK_TIMEOUT,TEMPORARY,0,RULE_BASED,{},RETRY_LATER,119.72,SUCCESS,146.0,,0
PAY_000126,747,LIMIT_EXCEEDED,CUSTOMER,0,RULE_BASED,{},SEND_NOTIFICATION,418.6935,FAILED,0.0,SINGLE_ATTEMPT_EXHAUSTED,0
PAY_007642,490,UPI_TECHNICAL_ERROR,TEMPORARY,0,RULE_BASED,{},RETRY_LATER,386.61,FAILED,0.0,SINGLE_ATTEMPT_EXHAUSTED,0
PAY_006230,252,BANK_TIMEOUT,TEMPORARY,0,RULE_BASED,{},RETRY_LATER,210.798,SUCCESS,252.0,,0
PAY_001297,373,BANK_TIMEOUT,TEMPORARY,0,RULE_BASED,{},RETRY_LATER,319.288,SUCCESS,373.0,,0
PAY_001977,172,LIMIT_EXCEEDED,CUSTOMER,0,RULE_BASED,{},SEND_NOTIFICATION,99.244,SUCCESS,172.0,,0
PAY_009481,99,NETWORK_ERROR,TEMPORARY,0,RULE_BASED,{},RETRY_LATER,76.923,SUCCESS,99.0,,0
PAY_009582,1272,BANK_TIMEOUT,TEMPORARY,0,RULE_BASED,{},RETRY_LATER,1075.476,FAILED,0.0,SINGLE_ATTEMPT_EXHAUSTED,0
PAY_005751,106,BANK_TIMEOUT,TEMPORARY,0,RULE_BASED,{},RETRY_LATER,90.577,SUCCESS,106.0,,0
PAY_008153,1991,NETWORK_ERROR,TEMPORARY,0,RULE_BASED,{},RETRY_LATER,1549.9935,SUCCESS,1991.0,,0
PAY_003087,605,UPI_TECHNICAL_ERROR,TEMPORARY,0,RULE_BASED,{},RETRY_LATER,496.40250000000003,SUCCESS,605.0,,0
PAY_009277,130,UPI_TECHNICAL_ERROR,TEMPORARY,0,RULE_BASED,{},RETRY_LATER,106.08,SUCCESS,130.0,,0
PAY_006883,260,INSUFFICIENT_FUNDS,CUSTOMER,0,RULE_BASED,{},SEND_NOTIFICATION,184.85999999999999,SUCCESS,260.0,,0
PAY_009306,1021,GATEWAY_TIMEOUT,TEMPORARY,0,RULE_BASED,{},RETRY_LATER,821.3945,SUCCESS,1021.0,,0
PAY_007674,1145,NETWORK_ERROR,TEMPORARY,0,RULE_BASED,{},RETRY_LATER,901.6875,SUCCESS,1145.0,,0
PAY_003346,142,NETWORK_ERROR,TEMPORARY,0,RULE_BASED,{},RETRY_LATER,112.03800000000001,SUCCESS,142.0,,0
PAY_008173,126,AUTHENTICATION_FAILED,CUSTOMER,0,RULE_BASED,{},SEND_NOTIFICATION,79.94699999999999,SUCCESS,126.0,,0
PAY_009422,1367,BANK_TIMEOUT,TEMPORARY,0,RULE_BASED,{},RETRY_LATER,1118.8895,SUCCESS,1367.0,,0
PAY_005871,121,BLOCKED_METHOD,HARD,0,RULE_BASED,{},STOP,0.0,STOPPED,0.0,RULE_HARD_FAILURE,0
PAY_006507,711,INVALID_ACCOUNT,HARD,0,RULE_BASED,{},STOP,0.0,STOPPED,0.0,RULE_HARD_FAILURE,0
PAY_002798,2181,BANK_TIMEOUT,TEMPORARY,0,RULE_BASED,{},RETRY_LATER,1840.764,SUCCESS,2181.0,,0
PAY_000919,99,AUTHENTICATION_FAILED,CUSTOMER,0,RULE_BASED,{},SEND_NOTIFICATION,61.033500000000004,FAILED,0.0,SINGLE_ATTEMPT_EXHAUSTED,0
PAY_001647,2490,CARD_EXPIRED,CUSTOMER,0,RULE_BASED,{},SEND_NOTIFICATION,1667.055,SUCCESS,2490.0,,0
PAY_005123,4226,BANK_TIMEOUT,TEMPORARY,0,RULE_BASED,{},RETRY_LATER,3636.473,FAILED,0.0,SINGLE_ATTEMPT_EXHAUSTED,0
PAY_005127,2309,PAYMENT_EXPIRED,HARD,0,RULE_BASED,{},STOP,0.0,STOPPED,0.0,RULE_HARD_FAILURE,0
PAY_004622,868,INVALID_ACCOUNT,HARD,0,RULE_BASED,{},STOP,0.0,STOPPED,0.0,RULE_HARD_FAILURE,0
PAY_006810,1744,BANK_TIMEOUT,TEMPORARY,0,RULE_BASED,{},RETRY_LATER,1474.5520000000001,SUCCESS,1744.0,,0
PAY_000365,6504,GATEWAY_TIMEOUT,TEMPORARY,0,RULE_BASED,{},RETRY_LATER,5447.1,FAILED,0.0,SINGLE_ATTEMPT_EXHAUSTED,0
PAY_002126,1279,NETWORK_ERROR,TEMPORARY,0,RULE_BASED,{},RETRY_LATER,965.0055,SUCCESS,1279.0,,0
PAY_008151,1093,GATEWAY_TIMEOUT,TEMPORARY,0,RULE_BASED,{},RETRY_LATER,872.7605,SUCCESS,1093.0,,0
PAY_008718,513,NETWORK_ERROR,TEMPORARY,0,RULE_BASED,{},RETRY_LATER,400.14,SUCCESS,513.0,,0
PAY_000056,541,CARD_EXPIRED,CUSTOMER,0,RULE_BASED,{},SEND_NOTIFICATION,371.9375,SUCCESS,541.0,,0
PAY_000639,904,UPI_TECHNICAL_ERROR,TEMPORARY,0,RULE_BASED,{},RETRY_LATER,736.308,SUCCESS,904.0,,0
PAY_000303,470,GATEWAY_TIMEOUT,TEMPORARY,0,RULE_BASED,{},RETRY_LATER,390.09999999999997,SUCCESS,470.0,,0
PAY_005812,1440,BANK_TIMEOUT,TEMPORARY,0,RULE_BASED,{},RETRY_LATER,1195.92,SUCCESS,1440.0,,0
PAY_001277,282,BANK_TIMEOUT,TEMPORARY,0,RULE_BASED,{},RETRY_LATER,235.893,SUCCESS,282.0,,0
PAY_004433,149,CARD_EXPIRED,CUSTOMER,0,RULE_BASED,{},SEND_NOTIFICATION,102.21400000000001,FAILED,0.0,SINGLE_ATTEMPT_EXHAUSTED,0
PAY_003645,2104,CARD_EXPIRED,CUSTOMER,0,RULE_BASED,{},SEND_NOTIFICATION,1408.628,SUCCESS,2104.0,,0
PAY_004144,1714,UPI_TECHNICAL_ERROR,TEMPORARY,0,RULE_BASED,{},RETRY_LATER,1334.349,FAILED,0.0,SINGLE_ATTEMPT_EXHAUSTED,0
PAY_002879,1522,LIMIT_EXCEEDED,CUSTOMER,0,RULE_BASED,{},SEND_NOTIFICATION,903.307,FAILED,0.0,SINGLE_ATTEMPT_EXHAUSTED,0
PAY_006494,6150,NETWORK_ERROR,TEMPORARY,0,RULE_BASED,{},RETRY_LATER,4621.724999999999,SUCCESS,6150.0,,0
PAY_005241,698,GATEWAY_TIMEOUT,TEMPORARY,0,RULE_BASED,{},RETRY_LATER,580.3870000000001,SUCCESS,698.0,,0
PAY_009409,369,UPI_TECHNICAL_ERROR,TEMPORARY,0,RULE_BASED,{},RETRY_LATER,300.5505,SUCCESS,369.0,,0
PAY_006938,3029,CARD_EXPIRED,CUSTOMER,0,RULE_BASED,{},SEND_NOTIFICATION,2041.546,SUCCESS,3029.0,,0
PAY_007241,329,AUTHENTICATION_FAILED,CUSTOMER,0,RULE_BASED,{},SEND_NOTIFICATION,206.283,SUCCESS,329.0,,0
PAY_002594,6009,GATEWAY_TIMEOUT,TEMPORARY,0,RULE_BASED,{},RETRY_LATER,5005.496999999999,SUCCESS,6009.0,,0
PAY_002394,99,CUSTOMER_DECLINED,HARD,0,RULE_BASED,{},STOP,0.0,STOPPED,0.0,RULE_HARD_FAILURE,0
PAY_000524,132,UPI_TECHNICAL_ERROR,TEMPORARY,0,RULE_BASED,{},RETRY_LATER,104.742,SUCCESS,132.0,,0
PAY_006377,99,INSUFFICIENT_FUNDS,CUSTOMER,0,RULE_BASED,{},SEND_NOTIFICATION,75.5865,SUCCESS,99.0,,0
PAY_006982,386,NETWORK_ERROR,TEMPORARY,0,RULE_BASED,{},RETRY_LATER,299.34299999999996,SUCCESS,386.0,,0
PAY_006678,1042,UPI_TECHNICAL_ERROR,TEMPORARY,0,RULE_BASED,{},RETRY_LATER,829.953,SUCCESS,1042.0,,0
PAY_003901,412,AUTHENTICATION_FAILED,CUSTOMER,0,RULE_BASED,{},SEND_NOTIFICATION,258.324,FAILED,0.0,SINGLE_ATTEMPT_EXHAUSTED,0
PAY_009635,1370,INSUFFICIENT_FUNDS,CUSTOMER,0,RULE_BASED,{},SEND_NOTIFICATION,982.29,SUCCESS,1370.0,,0
PAY_005586,15103,AUTHENTICATION_FAILED,CUSTOMER,0,RULE_BASED,{},SEND_NOTIFICATION,9673.4715,FAILED,0.0,SINGLE_ATTEMPT_EXHAUSTED,0
PAY_009361,5185,CUSTOMER_DECLINED,HARD,0,RULE_BASED,{},STOP,0.0,STOPPED,0.0,RULE_HARD_FAILURE,0
PAY_007957,182,CARD_EXPIRED,CUSTOMER,0,RULE_BASED,{},SEND_NOTIFICATION,122.12200000000001,SUCCESS,182.0,,0
PAY_007571,2593,AUTHENTICATION_FAILED,CUSTOMER,0,RULE_BASED,{},SEND_NOTIFICATION,1567.4685000000002,SUCCESS,2593.0,,0
PAY_006778,99,NETWORK_ERROR,TEMPORARY,0,RULE_BASED,{},RETRY_LATER,74.844,SUCCESS,99.0,,0
PAY_000672,3971,AUTHENTICATION_FAILED,CUSTOMER,0,RULE_BASED,{},SEND_NOTIFICATION,2418.339,SUCCESS,3971.0,,0
PAY_004189,1441,CUSTOMER_DECLINED,HARD,0,RULE_BASED,{},STOP,0.0,STOPPED,0.0,RULE_HARD_FAILURE,0
PAY_000667,2660,LIMIT_EXCEEDED,CUSTOMER,0,RULE_BASED,{},SEND_NOTIFICATION,1490.93,SUCCESS,2660.0,,0
PAY_003267,773,AUTHENTICATION_FAILED,CUSTOMER,0,RULE_BASED,{},SEND_NOTIFICATION,497.42549999999994,FAILED,0.0,SINGLE_ATTEMPT_EXHAUSTED,0
PAY_001888,1504,GATEWAY_TIMEOUT,TEMPORARY,0,RULE_BASED,{},RETRY_LATER,1205.456,SUCCESS,1504.0,,0
PAY_008473,122,BANK_TIMEOUT,TEMPORARY,0,RULE_BASED,{},RETRY_LATER,104.432,SUCCESS,122.0,,0
PAY_009092,680,NETWORK_ERROR,TEMPORARY,0,RULE_BASED,{},RETRY_LATER,522.24,FAILED,0.0,SINGLE_ATTEMPT_EXHAUSTED,0
PAY_007688,1277,BANK_TIMEOUT,TEMPORARY,0,RULE_BASED,{},RETRY_LATER,1068.2105000000001,SUCCESS,1277.0,,0
PAY_006032,746,INVALID_ACCOUNT,HARD,0,RULE_BASED,{},STOP,0.0,STOPPED,0.0,RULE_HARD_FAILURE,0
PAY_006091,359,UPI_TECHNICAL_ERROR,TEMPORARY,0,RULE_BASED,{},RETRY_LATER,284.32800000000003,SUCCESS,359.0,,0
PAY_006239,815,NETWORK_ERROR,TEMPORARY,0,RULE_BASED,{},RETRY_LATER,617.3625,SUCCESS,815.0,,0
PAY_007351,1073,INVALID_ACCOUNT,HARD,0,RULE_BASED,{},STOP,0.0,STOPPED,0.0,RULE_HARD_FAILURE,0
PAY_007831,1010,AUTHENTICATION_FAILED,CUSTOMER,0,RULE_BASED,{},SEND_NOTIFICATION,606.0,SUCCESS,1010.0,,0
PAY_000761,2201,NETWORK_ERROR,TEMPORARY,0,RULE_BASED,{},RETRY_LATER,1696.971,FAILED,0.0,SINGLE_ATTEMPT_EXHAUSTED,0
PAY_006255,249,AUTHENTICATION_FAILED,CUSTOMER,0,RULE_BASED,{},SEND_NOTIFICATION,153.882,SUCCESS,249.0,,0
PAY_001907,99,GATEWAY_TIMEOUT,TEMPORARY,0,RULE_BASED,{},RETRY_LATER,82.467,SUCCESS,99.0,,0
PAY_003819,6387,UPI_TECHNICAL_ERROR,TEMPORARY,0,RULE_BASED,{},RETRY_LATER,5250.114,SUCCESS,6387.0,,0
PAY_006270,402,AUTHENTICATION_FAILED,CUSTOMER,0,RULE_BASED,{},SEND_NOTIFICATION,247.83300000000003,SUCCESS,402.0,,0
PAY_004301,1541,PAYMENT_EXPIRED,HARD,0,RULE_BASED,{},STOP,0.0,STOPPED,0.0,RULE_HARD_FAILURE,0
PAY_005570,869,BANK_TIMEOUT,TEMPORARY,0,RULE_BASED,{},RETRY_LATER,729.5255,SUCCESS,869.0,,0
PAY_007942,581,BANK_TIMEOUT,TEMPORARY,0,RULE_BASED,{},RETRY_LATER,479.0345,SUCCESS,581.0,,0
PAY_004165,561,NETWORK_ERROR,TEMPORARY,0,RULE_BASED,{},RETRY_LATER,435.897,SUCCESS,561.0,,0
PAY_005972,1819,BANK_TIMEOUT,TEMPORARY,0,RULE_BASED,{},RETRY_LATER,1529.779,SUCCESS,1819.0,,0
PAY_003580,99,LIMIT_EXCEEDED,CUSTOMER,0,RULE_BASED,{},SEND_NOTIFICATION,58.7565,FAILED,0.0,SINGLE_ATTEMPT_EXHAUSTED,0
PAY_002833,1669,GATEWAY_TIMEOUT,TEMPORARY,0,RULE_BASED,{},RETRY_LATER,1357.7315,SUCCESS,1669.0,,0
PAY_005450,687,LIMIT_EXCEEDED,CUSTOMER,0,RULE_BASED,{},SEND_NOTIFICATION,385.0635,SUCCESS,687.0,,0
PAY_003473,110,BLOCKED_METHOD,HARD,0,RULE_BASED,{},STOP,0.0,STOPPED,0.0,RULE_HARD_FAILURE,0
PAY_006328,434,CARD_EXPIRED,CUSTOMER,0,RULE_BASED,{},SEND_NOTIFICATION,284.053,SUCCESS,434.0,,0
PAY_000138,406,AUTHENTICATION_FAILED,CUSTOMER,0,RULE_BASED,{},SEND_NOTIFICATION,247.86300000000003,SUCCESS,406.0,,0
PAY_007044,313,BANK_TIMEOUT,TEMPORARY,0,RULE_BASED,{},RETRY_LATER,261.35499999999996,SUCCESS,313.0,,0
PAY_004893,1291,UPI_TECHNICAL_ERROR,TEMPORARY,0,RULE_BASED,{},RETRY_LATER,995.361,FAILED,0.0,SINGLE_ATTEMPT_EXHAUSTED,0
PAY_002181,147,NETWORK_ERROR,TEMPORARY,0,RULE_BASED,{},RETRY_LATER,111.57300000000001,SUCCESS,147.0,,0
PAY_007731,262,BLOCKED_METHOD,HARD,0,RULE_BASED,{},STOP,0.0,STOPPED,0.0,RULE_HARD_FAILURE,0
PAY_003178,3256,NETWORK_ERROR,TEMPORARY,0,RULE_BASED,{},RETRY_LATER,2471.304,SUCCESS,3256.0,,0
PAY_004855,867,INSUFFICIENT_FUNDS,CUSTOMER,0,RULE_BASED,{},SEND_NOTIFICATION,645.048,FAILED,0.0,SINGLE_ATTEMPT_EXHAUSTED,0
PAY_004638,160,AUTHENTICATION_FAILED,CUSTOMER,0,RULE_BASED,{},SEND_NOTIFICATION,102.72,FAILED,0.0,SINGLE_ATTEMPT_EXHAUSTED,0
PAY_005116,593,CARD_EXPIRED,CUSTOMER,0,RULE_BASED,{},SEND_NOTIFICATION,410.356,SUCCESS,593.0,,0
PAY_007649,540,BANK_TIMEOUT,TEMPORARY,0,RULE_BASED,{},RETRY_LATER,466.29,SUCCESS,540.0,,0
PAY_004262,285,INSUFFICIENT_FUNDS,CUSTOMER,0,RULE_BASED,{},SEND_NOTIFICATION,211.6125,SUCCESS,285.0,,0
PAY_001332,4078,AUTHENTICATION_FAILED,CUSTOMER,0,RULE_BASED,{},SEND_NOTIFICATION,2532.438,SUCCESS,4078.0,,0
PAY_007003,611,GATEWAY_TIMEOUT,TEMPORARY,0,RULE_BASED,{},RETRY_LATER,493.3825,FAILED,0.0,SINGLE_ATTEMPT_EXHAUSTED,0
PAY_006942,365,GATEWAY_TIMEOUT,TEMPORARY,0,RULE_BASED,{},RETRY_LATER,306.235,SUCCESS,365.0,,0
PAY_008018,958,BANK_TIMEOUT,TEMPORARY,0,RULE_BASED,{},RETRY_LATER,791.308,SUCCESS,958.0,,0
PAY_006242,1483,CARD_EXPIRED,CUSTOMER,0,RULE_BASED,{},SEND_NOTIFICATION,990.644,FAILED,0.0,SINGLE_ATTEMPT_EXHAUSTED,0
PAY_009988,778,GATEWAY_TIMEOUT,TEMPORARY,0,RULE_BASED,{},RETRY_LATER,636.404,FAILED,0.0,SINGLE_ATTEMPT_EXHAUSTED,0
PAY_006882,444,GATEWAY_TIMEOUT,TEMPORARY,0,RULE_BASED,{},RETRY_LATER,359.862,FAILED,0.0,SINGLE_ATTEMPT_EXHAUSTED,0
PAY_004531,1249,BANK_TIMEOUT,TEMPORARY,0,RULE_BASED,{},RETRY_LATER,1069.144,SUCCESS,1249.0,,0
PAY_004674,148,BANK_TIMEOUT,TEMPORARY,0,RULE_BASED,{},RETRY_LATER,125.134,SUCCESS,148.0,,0
PAY_006997,99,NETWORK_ERROR,TEMPORARY,0,RULE_BASED,{},RETRY_LATER,73.953,SUCCESS,99.0,,0
PAY_001253,2189,UPI_TECHNICAL_ERROR,TEMPORARY,0,RULE_BASED,{},RETRY_LATER,1779.657,SUCCESS,2189.0,,0
PAY_003375,3587,CUSTOMER_DECLINED,HARD,0,RULE_BASED,{},STOP,0.0,STOPPED,0.0,RULE_HARD_FAILURE,0
PAY_002815,267,AUTHENTICATION_FAILED,CUSTOMER,0,RULE_BASED,{},SEND_NOTIFICATION,164.20499999999998,SUCCESS,267.0,,0
PAY_004720,342,UPI_TECHNICAL_ERROR,TEMPORARY,0,RULE_BASED,{},RETRY_LATER,278.559,SUCCESS,342.0,,0
PAY_006545,294,BANK_TIMEOUT,TEMPORARY,0,RULE_BASED,{},RETRY_LATER,246.37199999999999,FAILED,0.0,SINGLE_ATTEMPT_EXHAUSTED,0
PAY_004859,184,GATEWAY_TIMEOUT,TEMPORARY,0,RULE_BASED,{},RETRY_LATER,151.61599999999999,SUCCESS,184.0,,0
PAY_007902,1104,LIMIT_EXCEEDED,CUSTOMER,0,RULE_BASED,{},SEND_NOTIFICATION,627.0719999999999,FAILED,0.0,SINGLE_ATTEMPT_EXHAUSTED,0
PAY_008581,1560,CARD_EXPIRED,CUSTOMER,0,RULE_BASED,{},SEND_NOTIFICATION,1081.86,SUCCESS,1560.0,,0
PAY_008428,2104,LIMIT_EXCEEDED,CUSTOMER,0,RULE_BASED,{},SEND_NOTIFICATION,1204.54,SUCCESS,2104.0,,0
PAY_001078,220,INSUFFICIENT_FUNDS,CUSTOMER,0,RULE_BASED,{},SEND_NOTIFICATION,166.32,SUCCESS,220.0,,0
PAY_004364,547,BANK_TIMEOUT,TEMPORARY,0,RULE_BASED,{},RETRY_LATER,457.5655,SUCCESS,547.0,,0
PAY_000771,398,UPI_TECHNICAL_ERROR,TEMPORARY,0,RULE_BASED,{},RETRY_LATER,322.977,SUCCESS,398.0,,0
PAY_008866,535,GATEWAY_TIMEOUT,TEMPORARY,0,RULE_BASED,{},RETRY_LATER,435.2225,SUCCESS,535.0,,0
PAY_000250,113,NETWORK_ERROR,TEMPORARY,0,RULE_BASED,{},RETRY_LATER,88.479,SUCCESS,113.0,,0
PAY_007240,7088,LIMIT_EXCEEDED,CUSTOMER,0,RULE_BASED,{},SEND_NOTIFICATION,4206.728,SUCCESS,7088.0,,0
PAY_003420,5390,GATEWAY_TIMEOUT,TEMPORARY,0,RULE_BASED,{},RETRY_LATER,4530.295,FAILED,0.0,SINGLE_ATTEMPT_EXHAUSTED,0
PAY_004977,939,BANK_TIMEOUT,TEMPORARY,0,RULE_BASED,{},RETRY_LATER,785.4735000000001,SUCCESS,939.0,,0
PAY_004545,1517,LIMIT_EXCEEDED,CUSTOMER,0,RULE_BASED,{},SEND_NOTIFICATION,848.003,SUCCESS,1517.0,,0
PAY_005566,364,BLOCKED_METHOD,HARD,0,RULE_BASED,{},STOP,0.0,STOPPED,0.0,RULE_HARD_FAILURE,0
PAY_007940,2608,GATEWAY_TIMEOUT,TEMPORARY,0,RULE_BASED,{},RETRY_LATER,2137.256,SUCCESS,2608.0,,0
PAY_000717,2501,GATEWAY_TIMEOUT,TEMPORARY,0,RULE_BASED,{},RETRY_LATER,2038.3149999999998,SUCCESS,2501.0,,0
PAY_009653,1107,CARD_EXPIRED,CUSTOMER,0,RULE_BASED,{},SEND_NOTIFICATION,751.0995,SUCCESS,1107.0,,0
PAY_002049,2304,CARD_EXPIRED,CUSTOMER,0,RULE_BASED,{},SEND_NOTIFICATION,1514.8799999999999,SUCCESS,2304.0,,0
PAY_005998,860,INSUFFICIENT_FUNDS,CUSTOMER,0,RULE_BASED,{},SEND_NOTIFICATION,621.78,FAILED,0.0,SINGLE_ATTEMPT_EXHAUSTED,0
PAY_006601,99,UPI_TECHNICAL_ERROR,TEMPORARY,0,RULE_BASED,{},RETRY_LATER,79.596,SUCCESS,99.0,,0
PAY_007246,1793,GATEWAY_TIMEOUT,TEMPORARY,0,RULE_BASED,{},RETRY_LATER,1423.642,SUCCESS,1793.0,,0
PAY_004179,1557,CARD_EXPIRED,CUSTOMER,0,RULE_BASED,{},SEND_NOTIFICATION,1040.076,SUCCESS,1557.0,,0
PAY_004810,332,AUTHENTICATION_FAILED,CUSTOMER,0,RULE_BASED,{},SEND_NOTIFICATION,203.68200000000002,SUCCESS,332.0,,0
PAY_009483,2490,GATEWAY_TIMEOUT,TEMPORARY,0,RULE_BASED,{},RETRY_LATER,2074.17,FAILED,0.0,SINGLE_ATTEMPT_EXHAUSTED,0
PAY_007141,558,AUTHENTICATION_FAILED,CUSTOMER,0,RULE_BASED,{},SEND_NOTIFICATION,342.333,FAILED,0.0,SINGLE_ATTEMPT_EXHAUSTED,0
PAY_007191,1223,BLOCKED_METHOD,HARD,0,RULE_BASED,{},STOP,0.0,STOPPED,0.0,RULE_HARD_FAILURE,0
PAY_001461,99,BANK_TIMEOUT,TEMPORARY,0,RULE_BASED,{},RETRY_LATER,81.9225,SUCCESS,99.0,,0
PAY_005990,143,BANK_TIMEOUT,TEMPORARY,0,RULE_BASED,{},RETRY_LATER,118.976,SUCCESS,143.0,,0
PAY_002001,99,GATEWAY_TIMEOUT,TEMPORARY,0,RULE_BASED,{},RETRY_LATER,77.715,SUCCESS,99.0,,0
PAY_008176,521,INSUFFICIENT_FUNDS,CUSTOMER,0,RULE_BASED,{},SEND_NOTIFICATION,397.7835,SUCCESS,521.0,,0
PAY_000405,145,UPI_TECHNICAL_ERROR,TEMPORARY,0,RULE_BASED,{},RETRY_LATER,117.2325,SUCCESS,145.0,,0
PAY_000385,710,BANK_TIMEOUT,TEMPORARY,0,RULE_BASED,{},RETRY_LATER,601.37,SUCCESS,710.0,,0
PAY_009449,199,NETWORK_ERROR,TEMPORARY,0,RULE_BASED,{},RETRY_LATER,154.3245,FAILED,0.0,SINGLE_ATTEMPT_EXHAUSTED,0
PAY_009488,665,BANK_TIMEOUT,TEMPORARY,0,RULE_BASED,{},RETRY_LATER,553.28,SUCCESS,665.0,,0
PAY_001634,964,CARD_EXPIRED,CUSTOMER,0,RULE_BASED,{},SEND_NOTIFICATION,658.412,FAILED,0.0,SINGLE_ATTEMPT_EXHAUSTED,0
PAY_009854,1883,INSUFFICIENT_FUNDS,CUSTOMER,0,RULE_BASED,{},SEND_NOTIFICATION,1398.1275,FAILED,0.0,SINGLE_ATTEMPT_EXHAUSTED,0
PAY_004785,657,CARD_EXPIRED,CUSTOMER,0,RULE_BASED,{},SEND_NOTIFICATION,431.97749999999996,SUCCESS,657.0,,0
PAY_009457,1156,BANK_TIMEOUT,TEMPORARY,0,RULE_BASED,{},RETRY_LATER,970.462,FAILED,0.0,SINGLE_ATTEMPT_EXHAUSTED,0
PAY_006971,264,GATEWAY_TIMEOUT,TEMPORARY,0,RULE_BASED,{},RETRY_LATER,221.1,SUCCESS,264.0,,0
PAY_003926,5906,NETWORK_ERROR,TEMPORARY,0,RULE_BASED,{},RETRY_LATER,4571.244,SUCCESS,5906.0,,0
PAY_004159,707,INSUFFICIENT_FUNDS,CUSTOMER,0,RULE_BASED,{},SEND_NOTIFICATION,529.1895000000001,SUCCESS,707.0,,0
PAY_007450,960,GATEWAY_TIMEOUT,TEMPORARY,0,RULE_BASED,{},RETRY_LATER,766.56,SUCCESS,960.0,,0
PAY_008416,1192,CARD_EXPIRED,CUSTOMER,0,RULE_BASED,{},SEND_NOTIFICATION,819.5,SUCCESS,1192.0,,0
PAY_002194,1170,GATEWAY_TIMEOUT,TEMPORARY,0,RULE_BASED,{},RETRY_LATER,943.0200000000001,SUCCESS,1170.0,,0
PAY_001016,315,GATEWAY_TIMEOUT,TEMPORARY,0,RULE_BASED,{},RETRY_LATER,255.78000000000003,SUCCESS,315.0,,0
PAY_005125,153,NETWORK_ERROR,TEMPORARY,0,RULE_BASED,{},RETRY_LATER,115.209,SUCCESS,153.0,,0
PAY_007419,221,INSUFFICIENT_FUNDS,CUSTOMER,0,RULE_BASED,{},SEND_NOTIFICATION,159.12,SUCCESS,221.0,,0
PAY_007410,1053,NETWORK_ERROR,TEMPORARY,0,RULE_BASED,{},RETRY_LATER,792.909,SUCCESS,1053.0,,0
PAY_008990,748,GATEWAY_TIMEOUT,TEMPORARY,0,RULE_BASED,{},RETRY_LATER,627.572,SUCCESS,748.0,,0
PAY_002872,197,NETWORK_ERROR,TEMPORARY,0,RULE_BASED,{},RETRY_LATER,156.024,FAILED,0.0,SINGLE_ATTEMPT_EXHAUSTED,0
PAY_000010,3574,NETWORK_ERROR,TEMPORARY,0,RULE_BASED,{},RETRY_LATER,2718.027,SUCCESS,3574.0,,0
PAY_001839,1366,INSUFFICIENT_FUNDS,CUSTOMER,0,RULE_BASED,{},SEND_NOTIFICATION,973.275,SUCCESS,1366.0,,0
PAY_004805,278,INSUFFICIENT_FUNDS,CUSTOMER,0,RULE_BASED,{},SEND_NOTIFICATION,206.41500000000002,FAILED,0.0,SINGLE_ATTEMPT_EXHAUSTED,0
PAY_000256,619,AUTHENTICATION_FAILED,CUSTOMER,0,RULE_BASED,{},SEND_NOTIFICATION,376.971,SUCCESS,619.0,,0
PAY_007027,1074,BANK_TIMEOUT,TEMPORARY,0,RULE_BASED,{},RETRY_LATER,900.012,SUCCESS,1074.0,,0
PAY_005714,1876,AUTHENTICATION_FAILED,CUSTOMER,0,RULE_BASED,{},SEND_NOTIFICATION,1187.508,SUCCESS,1876.0,,0
PAY_003325,140,LIMIT_EXCEEDED,CUSTOMER,0,RULE_BASED,{},SEND_NOTIFICATION,80.57000000000001,SUCCESS,140.0,,0
PAY_007715,1110,CARD_EXPIRED,CUSTOMER,0,RULE_BASED,{},SEND_NOTIFICATION,743.145,SUCCESS,1110.0,,0
PAY_001582,456,GATEWAY_TIMEOUT,TEMPORARY,0,RULE_BASED,{},RETRY_LATER,377.796,FAILED,0.0,SINGLE_ATTEMPT_EXHAUSTED,0
PAY_000925,1377,AUTHENTICATION_FAILED,CUSTOMER,0,RULE_BASED,{},SEND_NOTIFICATION,811.7415000000001,SUCCESS,1377.0,,0
PAY_002780,474,CARD_EXPIRED,CUSTOMER,0,RULE_BASED,{},SEND_NOTIFICATION,308.811,SUCCESS,474.0,,0
PAY_007892,99,INVALID_ACCOUNT,HARD,0,RULE_BASED,{},STOP,0.0,STOPPED,0.0,RULE_HARD_FAILURE,0
PAY_006133,476,LIMIT_EXCEEDED,CUSTOMER,0,RULE_BASED,{},SEND_NOTIFICATION,276.08,FAILED,0.0,SINGLE_ATTEMPT_EXHAUSTED,0
PAY_005321,362,AUTHENTICATION_FAILED,CUSTOMER,0,RULE_BASED,{},SEND_NOTIFICATION,224.25900000000001,SUCCESS,362.0,,0
PAY_007313,1486,BANK_TIMEOUT,TEMPORARY,0,RULE_BASED,{},RETRY_LATER,1234.123,SUCCESS,1486.0,,0
PAY_007103,1574,INSUFFICIENT_FUNDS,CUSTOMER,0,RULE_BASED,{},SEND_NOTIFICATION,1140.363,FAILED,0.0,SINGLE_ATTEMPT_EXHAUSTED,0
PAY_006043,5637,AUTHENTICATION_FAILED,CUSTOMER,0,RULE_BASED,{},SEND_NOTIFICATION,3416.022,SUCCESS,5637.0,,0
PAY_003776,2390,LIMIT_EXCEEDED,CUSTOMER,0,RULE_BASED,{},SEND_NOTIFICATION,1296.575,FAILED,0.0,SINGLE_ATTEMPT_EXHAUSTED,0
PAY_004836,417,AUTHENTICATION_FAILED,CUSTOMER,0,RULE_BASED,{},SEND_NOTIFICATION,255.204,SUCCESS,417.0,,0
PAY_004965,99,INSUFFICIENT_FUNDS,CUSTOMER,0,RULE_BASED,{},SEND_NOTIFICATION,73.359,FAILED,0.0,SINGLE_ATTEMPT_EXHAUSTED,0
PAY_000540,187,CARD_EXPIRED,CUSTOMER,0,RULE_BASED,{},SEND_NOTIFICATION,128.5625,SUCCESS,187.0,,0
PAY_007484,1620,GATEWAY_TIMEOUT,TEMPORARY,0,RULE_BASED,{},RETRY_LATER,1315.44,SUCCESS,1620.0,,0
PAY_002746,1023,GATEWAY_TIMEOUT,TEMPORARY,0,RULE_BASED,{},RETRY_LATER,844.4865,SUCCESS,1023.0,,0
PAY_003720,367,CARD_EXPIRED,CUSTOMER,0,RULE_BASED,{},SEND_NOTIFICATION,247.358,FAILED,0.0,SINGLE_ATTEMPT_EXHAUSTED,0
PAY_006820,1265,GATEWAY_TIMEOUT,TEMPORARY,0,RULE_BASED,{},RETRY_LATER,1019.59,SUCCESS,1265.0,,0
PAY_009338,505,BLOCKED_METHOD,HARD,0,RULE_BASED,{},STOP,0.0,STOPPED,0.0,RULE_HARD_FAILURE,0
PAY_004469,286,BLOCKED_METHOD,HARD,0,RULE_BASED,{},STOP,0.0,STOPPED,0.0,RULE_HARD_FAILURE,0
PAY_000668,808,INSUFFICIENT_FUNDS,CUSTOMER,0,RULE_BASED,{},SEND_NOTIFICATION,598.728,FAILED,0.0,SINGLE_ATTEMPT_EXHAUSTED,0
PAY_007576,244,NETWORK_ERROR,TEMPORARY,0,RULE_BASED,{},RETRY_LATER,187.75799999999998,SUCCESS,244.0,,0
PAY_008550,198,CUSTOMER_DECLINED,HARD,0,RULE_BASED,{},STOP,0.0,STOPPED,0.0,RULE_HARD_FAILURE,0
PAY_005064,714,CARD_EXPIRED,CUSTOMER,0,RULE_BASED,{},SEND_NOTIFICATION,475.881,SUCCESS,714.0,,0
PAY_001354,4856,INSUFFICIENT_FUNDS,CUSTOMER,0,RULE_BASED,{},SEND_NOTIFICATION,3554.592,SUCCESS,4856.0,,0
PAY_007115,310,CUSTOMER_DECLINED,HARD,0,RULE_BASED,{},STOP,0.0,STOPPED,0.0,RULE_HARD_FAILURE,0
PAY_009774,2501,UPI_TECHNICAL_ERROR,TEMPORARY,0,RULE_BASED,{},RETRY_LATER,1999.5495,FAILED,0.0,SINGLE_ATTEMPT_EXHAUSTED,0
PAY_008663,1216,AUTHENTICATION_FAILED,CUSTOMER,0,RULE_BASED,{},SEND_NOTIFICATION,769.7280000000001,FAILED,0.0,SINGLE_ATTEMPT_EXHAUSTED,0
PAY_002704,1155,AUTHENTICATION_FAILED,CUSTOMER,0,RULE_BASED,{},SEND_NOTIFICATION,715.5225,FAILED,0.0,SINGLE_ATTEMPT_EXHAUSTED,0
PAY_003331,496,BANK_TIMEOUT,TEMPORARY,0,RULE_BASED,{},RETRY_LATER,417.13599999999997,SUCCESS,496.0,,0
PAY_008054,1216,NETWORK_ERROR,TEMPORARY,0,RULE_BASED,{},RETRY_LATER,935.712,SUCCESS,1216.0,,0
PAY_003585,4485,GATEWAY_TIMEOUT,TEMPORARY,0,RULE_BASED,{},RETRY_LATER,3574.545,SUCCESS,4485.0,,0
PAY_009442,834,GATEWAY_TIMEOUT,TEMPORARY,0,RULE_BASED,{},RETRY_LATER,673.455,SUCCESS,834.0,,0
PAY_005646,159,LIMIT_EXCEEDED,CUSTOMER,0,RULE_BASED,{},SEND_NOTIFICATION,91.0275,SUCCESS,159.0,,0
PAY_003377,858,NETWORK_ERROR,TEMPORARY,0,RULE_BASED,{},RETRY_LATER,676.962,SUCCESS,858.0,,0
PAY_001257,790,BANK_TIMEOUT,TEMPORARY,0,RULE_BASED,{},RETRY_LATER,667.945,SUCCESS,790.0,,0
PAY_006191,3278,BLOCKED_METHOD,HARD,0,RULE_BASED,{},STOP,0.0,STOPPED,0.0,RULE_HARD_FAILURE,0
PAY_005349,360,NETWORK_ERROR,TEMPORARY,0,RULE_BASED,{},RETRY_LATER,281.34,SUCCESS,360.0,,0
PAY_004176,1318,GATEWAY_TIMEOUT,TEMPORARY,0,RULE_BASED,{},RETRY_LATER,1086.032,SUCCESS,1318.0,,0
PAY_004911,360,PAYMENT_EXPIRED,HARD,0,RULE_BASED,{},STOP,0.0,STOPPED,0.0,RULE_HARD_FAILURE,0
PAY_001853,717,INSUFFICIENT_FUNDS,CUSTOMER,0,RULE_BASED,{},SEND_NOTIFICATION,521.6175000000001,SUCCESS,717.0,,0
PAY_006317,478,PAYMENT_EXPIRED,HARD,0,RULE_BASED,{},STOP,0.0,STOPPED,0.0,RULE_HARD_FAILURE,0
PAY_009855,261,GATEWAY_TIMEOUT,TEMPORARY,0,RULE_BASED,{},RETRY_LATER,218.97899999999998,SUCCESS,261.0,,0
PAY_002106,345,LIMIT_EXCEEDED,CUSTOMER,0,RULE_BASED,{},SEND_NOTIFICATION,198.5475,FAILED,0.0,SINGLE_ATTEMPT_EXHAUSTED,0
PAY_000134,267,UPI_TECHNICAL_ERROR,TEMPORARY,0,RULE_BASED,{},RETRY_LATER,209.061,SUCCESS,267.0,,0
PAY_005030,225,GATEWAY_TIMEOUT,TEMPORARY,0,RULE_BASED,{},RETRY_LATER,185.39999999999998,SUCCESS,225.0,,0
PAY_000929,477,CARD_EXPIRED,CUSTOMER,0,RULE_BASED,{},SEND_NOTIFICATION,322.92900000000003,SUCCESS,477.0,,0
PAY_000824,2785,BANK_TIMEOUT,TEMPORARY,0,RULE_BASED,{},RETRY_LATER,2404.8475000000003,SUCCESS,2785.0,,0
PAY_007577,568,GATEWAY_TIMEOUT,TEMPORARY,0,RULE_BASED,{},RETRY_LATER,472.29200000000003,SUCCESS,568.0,,0
PAY_001532,278,NETWORK_ERROR,TEMPORARY,0,RULE_BASED,{},RETRY_LATER,219.342,SUCCESS,278.0,,0
PAY_001215,2576,UPI_TECHNICAL_ERROR,TEMPORARY,0,RULE_BASED,{},RETRY_LATER,2071.1040000000003,SUCCESS,2576.0,,0
PAY_000505,766,INSUFFICIENT_FUNDS,CUSTOMER,0,RULE_BASED,{},SEND_NOTIFICATION,564.159,SUCCESS,766.0,,0
PAY_006531,669,NETWORK_ERROR,TEMPORARY,0,RULE_BASED,{},RETRY_LATER,519.813,SUCCESS,669.0,,0
PAY_003073,1001,INSUFFICIENT_FUNDS,CUSTOMER,0,RULE_BASED,{},SEND_NOTIFICATION,728.2275000000001,FAILED,0.0,SINGLE_ATTEMPT_EXHAUSTED,0
PAY_009087,1493,INSUFFICIENT_FUNDS,CUSTOMER,0,RULE_BASED,{},SEND_NOTIFICATION,1117.5105,SUCCESS,1493.0,,0
PAY_008648,2747,LIMIT_EXCEEDED,CUSTOMER,0,RULE_BASED,{},SEND_NOTIFICATION,1564.4165,FAILED,0.0,SINGLE_ATTEMPT_EXHAUSTED,0
PAY_006620,1072,AUTHENTICATION_FAILED,CUSTOMER,0,RULE_BASED,{},SEND_NOTIFICATION,635.1600000000001,SUCCESS,1072.0,,0
PAY_009274,535,INSUFFICIENT_FUNDS,CUSTOMER,0,RULE_BASED,{},SEND_NOTIFICATION,379.58250000000004,FAILED,0.0,SINGLE_ATTEMPT_EXHAUSTED,0
PAY_003710,422,NETWORK_ERROR,TEMPORARY,0,RULE_BASED,{},RETRY_LATER,331.692,FAILED,0.0,SINGLE_ATTEMPT_EXHAUSTED,0
PAY_004850,4627,AUTHENTICATION_FAILED,CUSTOMER,0,RULE_BASED,{},SEND_NOTIFICATION,2880.3075000000003,SUCCESS,4627.0,,0
PAY_004749,876,NETWORK_ERROR,TEMPORARY,0,RULE_BASED,{},RETRY_LATER,662.256,SUCCESS,876.0,,0
PAY_004269,2332,INVALID_ACCOUNT,HARD,0,RULE_BASED,{},STOP,0.0,STOPPED,0.0,RULE_HARD_FAILURE,0
PAY_009879,8218,INSUFFICIENT_FUNDS,CUSTOMER,0,RULE_BASED,{},SEND_NOTIFICATION,6225.134999999999,SUCCESS,8218.0,,0
PAY_008906,619,LIMIT_EXCEEDED,CUSTOMER,0,RULE_BASED,{},SEND_NOTIFICATION,357.16299999999995,SUCCESS,619.0,,0
PAY_004187,861,LIMIT_EXCEEDED,CUSTOMER,0,RULE_BASED,{},SEND_NOTIFICATION,491.631,SUCCESS,861.0,,0
PAY_005302,2270,CUSTOMER_DECLINED,HARD,0,RULE_BASED,{},STOP,0.0,STOPPED,0.0,RULE_HARD_FAILURE,0
PAY_002924,1015,GATEWAY_TIMEOUT,TEMPORARY,0,RULE_BASED,{},RETRY_LATER,836.3599999999999,SUCCESS,1015.0,,0
PAY_006589,1462,CARD_EXPIRED,CUSTOMER,0,RULE_BASED,{},SEND_NOTIFICATION,1013.897,FAILED,0.0,SINGLE_ATTEMPT_EXHAUSTED,0
PAY_001811,1039,PAYMENT_EXPIRED,HARD,0,RULE_BASED,{},STOP,0.0,STOPPED,0.0,RULE_HARD_FAILURE,0
PAY_003487,293,UPI_TECHNICAL_ERROR,TEMPORARY,0,RULE_BASED,{},RETRY_LATER,231.6165,SUCCESS,293.0,,0
PAY_007420,1300,BANK_TIMEOUT,TEMPORARY,0,RULE_BASED,{},RETRY_LATER,1097.2,SUCCESS,1300.0,,0
PAY_003142,360,LIMIT_EXCEEDED,CUSTOMER,0,RULE_BASED,{},SEND_NOTIFICATION,206.1,FAILED,0.0,SINGLE_ATTEMPT_EXHAUSTED,0
PAY_009348,254,INSUFFICIENT_FUNDS,CUSTOMER,0,RULE_BASED,{},SEND_NOTIFICATION,180.213,SUCCESS,254.0,,0
PAY_001325,204,LIMIT_EXCEEDED,CUSTOMER,0,RULE_BASED,{},SEND_NOTIFICATION,117.708,FAILED,0.0,SINGLE_ATTEMPT_EXHAUSTED,0
PAY_004313,2787,LIMIT_EXCEEDED,CUSTOMER,0,RULE_BASED,{},SEND_NOTIFICATION,1616.4599999999998,SUCCESS,2787.0,,0
PAY_007495,327,UPI_TECHNICAL_ERROR,TEMPORARY,0,RULE_BASED,{},RETRY_LATER,265.3605,SUCCESS,327.0,,0
PAY_008703,987,BANK_TIMEOUT,TEMPORARY,0,RULE_BASED,{},RETRY_LATER,838.9499999999999,SUCCESS,987.0,,0
PAY_008692,151,UPI_TECHNICAL_ERROR,TEMPORARY,0,RULE_BASED,{},RETRY_LATER,116.87400000000001,FAILED,0.0,SINGLE_ATTEMPT_EXHAUSTED,0
PAY_009504,238,INSUFFICIENT_FUNDS,CUSTOMER,0,RULE_BASED,{},SEND_NOTIFICATION,173.502,SUCCESS,238.0,,0
PAY_005542,1010,NETWORK_ERROR,TEMPORARY,0,RULE_BASED,{},RETRY_LATER,774.165,FAILED,0.0,SINGLE_ATTEMPT_EXHAUSTED,0
PAY_006173,283,PAYMENT_EXPIRED,HARD,0,RULE_BASED,{},STOP,0.0,STOPPED,0.0,RULE_HARD_FAILURE,0
PAY_001541,1557,UPI_TECHNICAL_ERROR,TEMPORARY,0,RULE_BASED,{},RETRY_LATER,1233.144,SUCCESS,1557.0,,0
PAY_009410,99,BANK_TIMEOUT,TEMPORARY,0,RULE_BASED,{},RETRY_LATER,85.041,SUCCESS,99.0,,0
PAY_002682,1324,LIMIT_EXCEEDED,CUSTOMER,0,RULE_BASED,{},SEND_NOTIFICATION,752.0319999999999,SUCCESS,1324.0,,0
PAY_009883,99,UPI_TECHNICAL_ERROR,TEMPORARY,0,RULE_BASED,{},RETRY_LATER,79.7445,SUCCESS,99.0,,0
PAY_006314,1348,UPI_TECHNICAL_ERROR,TEMPORARY,0,RULE_BASED,{},RETRY_LATER,1071.66,SUCCESS,1348.0,,0
PAY_001192,435,UPI_TECHNICAL_ERROR,TEMPORARY,0,RULE_BASED,{},RETRY_LATER,344.52000000000004,SUCCESS,435.0,,0
PAY_005294,414,LIMIT_EXCEEDED,CUSTOMER,0,RULE_BASED,{},SEND_NOTIFICATION,233.90999999999997,SUCCESS,414.0,,0
PAY_001543,6194,INVALID_ACCOUNT,HARD,0,RULE_BASED,{},STOP,0.0,STOPPED,0.0,RULE_HARD_FAILURE,0
PAY_007057,5146,BANK_TIMEOUT,TEMPORARY,0,RULE_BASED,{},RETRY_LATER,4304.629,FAILED,0.0,SINGLE_ATTEMPT_EXHAUSTED,0
PAY_002540,99,LIMIT_EXCEEDED,CUSTOMER,0,RULE_BASED,{},SEND_NOTIFICATION,55.044000000000004,SUCCESS,99.0,,0
PAY_000954,1525,INVALID_ACCOUNT,HARD,0,RULE_BASED,{},STOP,0.0,STOPPED,0.0,RULE_HARD_FAILURE,0
PAY_007242,1327,GATEWAY_TIMEOUT,TEMPORARY,0,RULE_BASED,{},RETRY_LATER,1081.5049999999999,SUCCESS,1327.0,,0
PAY_006732,1158,BANK_TIMEOUT,TEMPORARY,0,RULE_BASED,{},RETRY_LATER,937.401,SUCCESS,1158.0,,0
PAY_004847,2382,GATEWAY_TIMEOUT,TEMPORARY,0,RULE_BASED,{},RETRY_LATER,1923.465,SUCCESS,2382.0,,0
PAY_006802,1248,UPI_TECHNICAL_ERROR,TEMPORARY,0,RULE_BASED,{},RETRY_LATER,1009.008,SUCCESS,1248.0,,0
PAY_008011,226,BANK_TIMEOUT,TEMPORARY,0,RULE_BASED,{},RETRY_LATER,190.744,SUCCESS,226.0,,0
PAY_004331,347,INSUFFICIENT_FUNDS,CUSTOMER,0,RULE_BASED,{},SEND_NOTIFICATION,264.93449999999996,SUCCESS,347.0,,0
PAY_008925,1027,GATEWAY_TIMEOUT,TEMPORARY,0,RULE_BASED,{},RETRY_LATER,843.1669999999999,SUCCESS,1027.0,,0
PAY_005335,2428,GATEWAY_TIMEOUT,TEMPORARY,0,RULE_BASED,{},RETRY_LATER,1971.536,SUCCESS,2428.0,,0
PAY_007331,4777,BANK_TIMEOUT,TEMPORARY,0,RULE_BASED,{},RETRY_LATER,4124.9395,SUCCESS,4777.0,,0
PAY_009349,248,NETWORK_ERROR,TEMPORARY,0,RULE_BASED,{},RETRY_LATER,190.464,SUCCESS,248.0,,0
PAY_004730,726,GATEWAY_TIMEOUT,TEMPORARY,0,RULE_BASED,{},RETRY_LATER,602.5799999999999,SUCCESS,726.0,,0
PAY_006542,99,AUTHENTICATION_FAILED,CUSTOMER,0,RULE_BASED,{},SEND_NOTIFICATION,62.073,SUCCESS,99.0,,0
PAY_005306,110,BANK_TIMEOUT,TEMPORARY,0,RULE_BASED,{},RETRY_LATER,90.86,SUCCESS,110.0,,0
PAY_005162,320,BANK_TIMEOUT,TEMPORARY,0,RULE_BASED,{},RETRY_LATER,269.6,SUCCESS,320.0,,0
PAY_007861,553,LIMIT_EXCEEDED,CUSTOMER,0,RULE_BASED,{},SEND_NOTIFICATION,314.104,FAILED,0.0,SINGLE_ATTEMPT_EXHAUSTED,0
PAY_002157,1897,BANK_TIMEOUT,TEMPORARY,0,RULE_BASED,{},RETRY_LATER,1609.6045000000001,SUCCESS,1897.0,,0
PAY_001063,1599,LIMIT_EXCEEDED,CUSTOMER,0,RULE_BASED,{},SEND_NOTIFICATION,872.2545,SUCCESS,1599.0,,0
PAY_001168,396,NETWORK_ERROR,TEMPORARY,0,RULE_BASED,{},RETRY_LATER,301.15799999999996,SUCCESS,396.0,,0
PAY_003637,441,INVALID_ACCOUNT,HARD,0,RULE_BASED,{},STOP,0.0,STOPPED,0.0,RULE_HARD_FAILURE,0
PAY_007652,653,AUTHENTICATION_FAILED,CUSTOMER,0,RULE_BASED,{},SEND_NOTIFICATION,414.32849999999996,FAILED,0.0,SINGLE_ATTEMPT_EXHAUSTED,0
PAY_005589,356,UPI_TECHNICAL_ERROR,TEMPORARY,0,RULE_BASED,{},RETRY_LATER,286.758,FAILED,0.0,SINGLE_ATTEMPT_EXHAUSTED,0
PAY_007193,2066,GATEWAY_TIMEOUT,TEMPORARY,0,RULE_BASED,{},RETRY_LATER,1720.9779999999998,SUCCESS,2066.0,,0
PAY_004492,1447,INSUFFICIENT_FUNDS,CUSTOMER,0,RULE_BASED,{},SEND_NOTIFICATION,1083.0795,FAILED,0.0,SINGLE_ATTEMPT_EXHAUSTED,0
PAY_007267,986,CARD_EXPIRED,CUSTOMER,0,RULE_BASED,{},SEND_NOTIFICATION,679.3539999999999,SUCCESS,986.0,,0
PAY_004981,125,BANK_TIMEOUT,TEMPORARY,0,RULE_BASED,{},RETRY_LATER,104.375,SUCCESS,125.0,,0
PAY_008336,484,GATEWAY_TIMEOUT,TEMPORARY,0,RULE_BASED,{},RETRY_LATER,408.254,SUCCESS,484.0,,0
PAY_009953,1074,GATEWAY_TIMEOUT,TEMPORARY,0,RULE_BASED,{},RETRY_LATER,905.919,SUCCESS,1074.0,,0
PAY_004947,350,GATEWAY_TIMEOUT,TEMPORARY,0,RULE_BASED,{},RETRY_LATER,292.59999999999997,SUCCESS,350.0,,0
PAY_002783,362,GATEWAY_TIMEOUT,TEMPORARY,0,RULE_BASED,{},RETRY_LATER,298.831,SUCCESS,362.0,,0
PAY_000718,550,BLOCKED_METHOD,HARD,0,RULE_BASED,{},STOP,0.0,STOPPED,0.0,RULE_HARD_FAILURE,0
PAY_002503,613,UPI_TECHNICAL_ERROR,TEMPORARY,0,RULE_BASED,{},RETRY_LATER,486.4155,SUCCESS,613.0,,0
PAY_004361,290,AUTHENTICATION_FAILED,CUSTOMER,0,RULE_BASED,{},SEND_NOTIFICATION,176.175,FAILED,0.0,SINGLE_ATTEMPT_EXHAUSTED,0
PAY_004172,3677,NETWORK_ERROR,TEMPORARY,0,RULE_BASED,{},RETRY_LATER,2873.5755,SUCCESS,3677.0,,0
PAY_008083,283,GATEWAY_TIMEOUT,TEMPORARY,0,RULE_BASED,{},RETRY_LATER,229.79600000000002,FAILED,0.0,SINGLE_ATTEMPT_EXHAUSTED,0
PAY_009761,208,AUTHENTICATION_FAILED,CUSTOMER,0,RULE_BASED,{},SEND_NOTIFICATION,124.488,FAILED,0.0,SINGLE_ATTEMPT_EXHAUSTED,0
PAY_000396,559,NETWORK_ERROR,TEMPORARY,0,RULE_BASED,{},RETRY_LATER,441.05100000000004,SUCCESS,559.0,,0
PAY_007187,1970,CARD_EXPIRED,CUSTOMER,0,RULE_BASED,{},SEND_NOTIFICATION,1336.645,FAILED,0.0,SINGLE_ATTEMPT_EXHAUSTED,0
PAY_009823,393,CARD_EXPIRED,CUSTOMER,0,RULE_BASED,{},SEND_NOTIFICATION,261.345,FAILED,0.0,SINGLE_ATTEMPT_EXHAUSTED,0
PAY_004493,120,BANK_TIMEOUT,TEMPORARY,0,RULE_BASED,{},RETRY_LATER,102.9,SUCCESS,120.0,,0
PAY_001366,1650,LIMIT_EXCEEDED,CUSTOMER,0,RULE_BASED,{},SEND_NOTIFICATION,969.375,SUCCESS,1650.0,,0
PAY_009527,370,BANK_TIMEOUT,TEMPORARY,0,RULE_BASED,{},RETRY_LATER,316.165,SUCCESS,370.0,,0
PAY_008788,802,GATEWAY_TIMEOUT,TEMPORARY,0,RULE_BASED,{},RETRY_LATER,637.991,FAILED,0.0,SINGLE_ATTEMPT_EXHAUSTED,0
PAY_005918,311,PAYMENT_EXPIRED,HARD,0,RULE_BASED,{},STOP,0.0,STOPPED,0.0,RULE_HARD_FAILURE,0
PAY_004969,136,GATEWAY_TIMEOUT,TEMPORARY,0,RULE_BASED,{},RETRY_LATER,112.472,SUCCESS,136.0,,0
PAY_002915,3619,LIMIT_EXCEEDED,CUSTOMER,0,RULE_BASED,{},SEND_NOTIFICATION,2012.1640000000002,FAILED,0.0,SINGLE_ATTEMPT_EXHAUSTED,0
PAY_005645,151,AUTHENTICATION_FAILED,CUSTOMER,0,RULE_BASED,{},SEND_NOTIFICATION,95.13,FAILED,0.0,SINGLE_ATTEMPT_EXHAUSTED,0
PAY_003767,427,INSUFFICIENT_FUNDS,CUSTOMER,0,RULE_BASED,{},SEND_NOTIFICATION,322.812,FAILED,0.0,SINGLE_ATTEMPT_EXHAUSTED,0
PAY_003441,632,NETWORK_ERROR,TEMPORARY,0,RULE_BASED,{},RETRY_LATER,490.116,SUCCESS,632.0,,0
PAY_007358,3120,LIMIT_EXCEEDED,CUSTOMER,0,RULE_BASED,{},SEND_NOTIFICATION,1790.8799999999999,SUCCESS,3120.0,,0
PAY_006807,12435,LIMIT_EXCEEDED,CUSTOMER,0,RULE_BASED,{},SEND_NOTIFICATION,6764.64,FAILED,0.0,SINGLE_ATTEMPT_EXHAUSTED,0
PAY_002144,9946,NETWORK_ERROR,TEMPORARY,0,RULE_BASED,{},RETRY_LATER,7578.852,FAILED,0.0,SINGLE_ATTEMPT_EXHAUSTED,0
PAY_005105,445,NETWORK_ERROR,TEMPORARY,0,RULE_BASED,{},RETRY_LATER,332.415,SUCCESS,445.0,,0
PAY_005074,718,NETWORK_ERROR,TEMPORARY,0,RULE_BASED,{},RETRY_LATER,544.962,FAILED,0.0,SINGLE_ATTEMPT_EXHAUSTED,0
PAY_001572,280,INSUFFICIENT_FUNDS,CUSTOMER,0,RULE_BASED,{},SEND_NOTIFICATION,205.38000000000002,SUCCESS,280.0,,0
PAY_004080,213,LIMIT_EXCEEDED,CUSTOMER,0,RULE_BASED,{},SEND_NOTIFICATION,125.7765,SUCCESS,213.0,,0
PAY_001123,177,BANK_TIMEOUT,TEMPORARY,0,RULE_BASED,{},RETRY_LATER,149.1225,SUCCESS,177.0,,0
PAY_002787,4422,BLOCKED_METHOD,HARD,0,RULE_BASED,{},STOP,0.0,STOPPED,0.0,RULE_HARD_FAILURE,0
PAY_002968,364,BANK_TIMEOUT,TEMPORARY,0,RULE_BASED,{},RETRY_LATER,301.756,SUCCESS,364.0,,0
PAY_002505,151,GATEWAY_TIMEOUT,TEMPORARY,0,RULE_BASED,{},RETRY_LATER,120.34700000000001,SUCCESS,151.0,,0
PAY_005989,1594,BANK_TIMEOUT,TEMPORARY,0,RULE_BASED,{},RETRY_LATER,1326.2079999999999,SUCCESS,1594.0,,0
PAY_008868,101,UPI_TECHNICAL_ERROR,TEMPORARY,0,RULE_BASED,{},RETRY_LATER,80.4465,FAILED,0.0,SINGLE_ATTEMPT_EXHAUSTED,0
PAY_007165,305,NETWORK_ERROR,TEMPORARY,0,RULE_BASED,{},RETRY_LATER,234.6975,SUCCESS,305.0,,0
PAY_000729,472,CARD_EXPIRED,CUSTOMER,0,RULE_BASED,{},SEND_NOTIFICATION,320.96000000000004,SUCCESS,472.0,,0
PAY_007588,344,GATEWAY_TIMEOUT,TEMPORARY,0,RULE_BASED,{},RETRY_LATER,280.35999999999996,SUCCESS,344.0,,0
PAY_007544,269,GATEWAY_TIMEOUT,TEMPORARY,0,RULE_BASED,{},RETRY_LATER,224.077,FAILED,0.0,SINGLE_ATTEMPT_EXHAUSTED,0
PAY_000413,554,LIMIT_EXCEEDED,CUSTOMER,0,RULE_BASED,{},SEND_NOTIFICATION,320.48900000000003,SUCCESS,554.0,,0
PAY_005746,1204,INSUFFICIENT_FUNDS,CUSTOMER,0,RULE_BASED,{},SEND_NOTIFICATION,890.3580000000001,SUCCESS,1204.0,,0
PAY_007669,2212,CUSTOMER_DECLINED,HARD,0,RULE_BASED,{},STOP,0.0,STOPPED,0.0,RULE_HARD_FAILURE,0
PAY_000826,11172,PAYMENT_EXPIRED,HARD,0,RULE_BASED,{},STOP,0.0,STOPPED,0.0,RULE_HARD_FAILURE,0
PAY_003268,583,GATEWAY_TIMEOUT,TEMPORARY,0,RULE_BASED,{},RETRY_LATER,472.5215,SUCCESS,583.0,,0
PAY_003975,680,BANK_TIMEOUT,TEMPORARY,0,RULE_BASED,{},RETRY_LATER,570.86,FAILED,0.0,SINGLE_ATTEMPT_EXHAUSTED,0
PAY_008809,603,CARD_EXPIRED,CUSTOMER,0,RULE_BASED,{},SEND_NOTIFICATION,412.7535,SUCCESS,603.0,,0
PAY_008307,714,NETWORK_ERROR,TEMPORARY,0,RULE_BASED,{},RETRY_LATER,557.991,SUCCESS,714.0,,0
PAY_000418,571,INSUFFICIENT_FUNDS,CUSTOMER,0,RULE_BASED,{},SEND_NOTIFICATION,423.96750000000003,FAILED,0.0,SINGLE_ATTEMPT_EXHAUSTED,0
PAY_006749,567,BANK_TIMEOUT,TEMPORARY,0,RULE_BASED,{},RETRY_LATER,475.9965,SUCCESS,567.0,,0
PAY_008968,224,GATEWAY_TIMEOUT,TEMPORARY,0,RULE_BASED,{},RETRY_LATER,186.59199999999998,SUCCESS,224.0,,0
PAY_002083,1126,INSUFFICIENT_FUNDS,CUSTOMER,0,RULE_BASED,{},SEND_NOTIFICATION,825.921,SUCCESS,1126.0,,0
PAY_008946,99,INSUFFICIENT_FUNDS,CUSTOMER,0,RULE_BASED,{},SEND_NOTIFICATION,74.6955,SUCCESS,99.0,,0
PAY_003374,587,BANK_TIMEOUT,TEMPORARY,0,RULE_BASED,{},RETRY_LATER,486.623,FAILED,0.0,SINGLE_ATTEMPT_EXHAUSTED,0
PAY_005727,3981,BLOCKED_METHOD,HARD,0,RULE_BASED,{},STOP,0.0,STOPPED,0.0,RULE_HARD_FAILURE,0
PAY_004108,206,BANK_TIMEOUT,TEMPORARY,0,RULE_BASED,{},RETRY_LATER,172.01,SUCCESS,206.0,,0
PAY_004381,2606,NETWORK_ERROR,TEMPORARY,0,RULE_BASED,{},RETRY_LATER,2048.3160000000003,SUCCESS,2606.0,,0
PAY_007724,838,BANK_TIMEOUT,TEMPORARY,0,RULE_BASED,{},RETRY_LATER,718.585,SUCCESS,838.0,,0
PAY_001067,171,BANK_TIMEOUT,TEMPORARY,0,RULE_BASED,{},RETRY_LATER,147.6585,SUCCESS,171.0,,0
PAY_003914,380,BANK_TIMEOUT,TEMPORARY,0,RULE_BASED,{},RETRY_LATER,311.59999999999997,FAILED,0.0,SINGLE_ATTEMPT_EXHAUSTED,0
PAY_005537,11575,INSUFFICIENT_FUNDS,CUSTOMER,0,RULE_BASED,{},SEND_NOTIFICATION,8837.512499999999,SUCCESS,11575.0,,0
PAY_008003,643,GATEWAY_TIMEOUT,TEMPORARY,0,RULE_BASED,{},RETRY_LATER,527.903,SUCCESS,643.0,,0
PAY_005388,255,INSUFFICIENT_FUNDS,CUSTOMER,0,RULE_BASED,{},SEND_NOTIFICATION,190.10250000000002,SUCCESS,255.0,,0
PAY_005733,311,LIMIT_EXCEEDED,CUSTOMER,0,RULE_BASED,{},SEND_NOTIFICATION,171.983,FAILED,0.0,SINGLE_ATTEMPT_EXHAUSTED,0
PAY_002739,599,UPI_TECHNICAL_ERROR,TEMPORARY,0,RULE_BASED,{},RETRY_LATER,470.814,FAILED,0.0,SINGLE_ATTEMPT_EXHAUSTED,0
PAY_005053,234,INSUFFICIENT_FUNDS,CUSTOMER,0,RULE_BASED,{},SEND_NOTIFICATION,172.692,SUCCESS,234.0,,0
PAY_004001,197,NETWORK_ERROR,TEMPORARY,0,RULE_BASED,{},RETRY_LATER,154.5465,SUCCESS,197.0,,0
PAY_002428,356,GATEWAY_TIMEOUT,TEMPORARY,0,RULE_BASED,{},RETRY_LATER,292.81,SUCCESS,356.0,,0
PAY_006834,1802,PAYMENT_EXPIRED,HARD,0,RULE_BASED,{},STOP,0.0,STOPPED,0.0,RULE_HARD_FAILURE,0
PAY_001688,906,INSUFFICIENT_FUNDS,CUSTOMER,0,RULE_BASED,{},SEND_NOTIFICATION,676.782,FAILED,0.0,SINGLE_ATTEMPT_EXHAUSTED,0
PAY_000852,4733,BANK_TIMEOUT,TEMPORARY,0,RULE_BASED,{},RETRY_LATER,4001.7515000000003,SUCCESS,4733.0,,0
PAY_006304,946,INSUFFICIENT_FUNDS,CUSTOMER,0,RULE_BASED,{},SEND_NOTIFICATION,691.053,SUCCESS,946.0,,0
PAY_009088,121,GATEWAY_TIMEOUT,TEMPORARY,0,RULE_BASED,{},RETRY_LATER,100.9745,SUCCESS,121.0,,0
PAY_005879,2455,GATEWAY_TIMEOUT,TEMPORARY,0,RULE_BASED,{},RETRY_LATER,1982.4125,SUCCESS,2455.0,,0
PAY_008528,435,INSUFFICIENT_FUNDS,CUSTOMER,0,RULE_BASED,{},SEND_NOTIFICATION,309.28499999999997,FAILED,0.0,SINGLE_ATTEMPT_EXHAUSTED,0
PAY_002840,4857,CARD_EXPIRED,CUSTOMER,0,RULE_BASED,{},SEND_NOTIFICATION,3317.331,FAILED,0.0,SINGLE_ATTEMPT_EXHAUSTED,0
PAY_004612,99,AUTHENTICATION_FAILED,CUSTOMER,0,RULE_BASED,{},SEND_NOTIFICATION,60.142500000000005,SUCCESS,99.0,,0
PAY_009541,266,BLOCKED_METHOD,HARD,0,RULE_BASED,{},STOP,0.0,STOPPED,0.0,RULE_HARD_FAILURE,0
PAY_009208,486,BLOCKED_METHOD,HARD,0,RULE_BASED,{},STOP,0.0,STOPPED,0.0,RULE_HARD_FAILURE,0
PAY_002490,912,CARD_EXPIRED,CUSTOMER,0,RULE_BASED,{},SEND_NOTIFICATION,622.8960000000001,SUCCESS,912.0,,0
PAY_006906,718,INSUFFICIENT_FUNDS,CUSTOMER,0,RULE_BASED,{},SEND_NOTIFICATION,525.576,SUCCESS,718.0,,0
PAY_007391,1427,INSUFFICIENT_FUNDS,CUSTOMER,0,RULE_BASED,{},SEND_NOTIFICATION,1070.25,SUCCESS,1427.0,,0
PAY_002850,632,NETWORK_ERROR,TEMPORARY,0,RULE_BASED,{},RETRY_LATER,473.052,FAILED,0.0,SINGLE_ATTEMPT_EXHAUSTED,0
PAY_006666,265,AUTHENTICATION_FAILED,CUSTOMER,0,RULE_BASED,{},SEND_NOTIFICATION,158.20499999999998,SUCCESS,265.0,,0
PAY_005882,459,CUSTOMER_DECLINED,HARD,0,RULE_BASED,{},STOP,0.0,STOPPED,0.0,RULE_HARD_FAILURE,0
PAY_004453,3505,UPI_TECHNICAL_ERROR,TEMPORARY,0,RULE_BASED,{},RETRY_LATER,2860.08,SUCCESS,3505.0,,0
PAY_007422,110,LIMIT_EXCEEDED,CUSTOMER,0,RULE_BASED,{},SEND_NOTIFICATION,61.655,FAILED,0.0,SINGLE_ATTEMPT_EXHAUSTED,0
PAY_006485,1799,AUTHENTICATION_FAILED,CUSTOMER,0,RULE_BASED,{},SEND_NOTIFICATION,1109.0835000000002,SUCCESS,1799.0,,0
PAY_002480,1003,GATEWAY_TIMEOUT,TEMPORARY,0,RULE_BASED,{},RETRY_LATER,832.49,FAILED,0.0,SINGLE_ATTEMPT_EXHAUSTED,0
PAY_006618,717,INSUFFICIENT_FUNDS,CUSTOMER,0,RULE_BASED,{},SEND_NOTIFICATION,528.0705,SUCCESS,717.0,,0
PAY_002142,24420,GATEWAY_TIMEOUT,TEMPORARY,0,RULE_BASED,{},RETRY_LATER,20231.97,SUCCESS,24420.0,,0
PAY_005189,99,GATEWAY_TIMEOUT,TEMPORARY,0,RULE_BASED,{},RETRY_LATER,82.467,FAILED,0.0,SINGLE_ATTEMPT_EXHAUSTED,0
PAY_009705,326,GATEWAY_TIMEOUT,TEMPORARY,0,RULE_BASED,{},RETRY_LATER,270.58,SUCCESS,326.0,,0
PAY_002745,622,INSUFFICIENT_FUNDS,CUSTOMER,0,RULE_BASED,{},SEND_NOTIFICATION,474.897,SUCCESS,622.0,,0
PAY_007254,519,AUTHENTICATION_FAILED,CUSTOMER,0,RULE_BASED,{},SEND_NOTIFICATION,316.84950000000003,FAILED,0.0,SINGLE_ATTEMPT_EXHAUSTED,0
PAY_003507,2026,GATEWAY_TIMEOUT,TEMPORARY,0,RULE_BASED,{},RETRY_LATER,1675.502,SUCCESS,2026.0,,0
PAY_001680,7438,BLOCKED_METHOD,HARD,0,RULE_BASED,{},STOP,0.0,STOPPED,0.0,RULE_HARD_FAILURE,0
PAY_004250,5221,GATEWAY_TIMEOUT,TEMPORARY,0,RULE_BASED,{},RETRY_LATER,4215.9574999999995,FAILED,0.0,SINGLE_ATTEMPT_EXHAUSTED,0
PAY_003148,239,GATEWAY_TIMEOUT,TEMPORARY,0,RULE_BASED,{},RETRY_LATER,196.219,SUCCESS,239.0,,0
PAY_008131,174,GATEWAY_TIMEOUT,TEMPORARY,0,RULE_BASED,{},RETRY_LATER,142.593,SUCCESS,174.0,,0
PAY_007005,3729,BANK_TIMEOUT,TEMPORARY,0,RULE_BASED,{},RETRY_LATER,3119.3085,FAILED,0.0,SINGLE_ATTEMPT_EXHAUSTED,0
PAY_000581,1454,INSUFFICIENT_FUNDS,CUSTOMER,0,RULE_BASED,{},SEND_NOTIFICATION,1083.957,FAILED,0.0,SINGLE_ATTEMPT_EXHAUSTED,0
PAY_004071,969,LIMIT_EXCEEDED,CUSTOMER,0,RULE_BASED,{},SEND_NOTIFICATION,547.4849999999999,FAILED,0.0,SINGLE_ATTEMPT_EXHAUSTED,0
PAY_003344,3032,AUTHENTICATION_FAILED,CUSTOMER,0,RULE_BASED,{},SEND_NOTIFICATION,1873.776,FAILED,0.0,SINGLE_ATTEMPT_EXHAUSTED,0
PAY_007405,2209,INSUFFICIENT_FUNDS,CUSTOMER,0,RULE_BASED,{},SEND_NOTIFICATION,1613.6745,FAILED,0.0,SINGLE_ATTEMPT_EXHAUSTED,0
PAY_003673,306,BANK_TIMEOUT,TEMPORARY,0,RULE_BASED,{},RETRY_LATER,248.16600000000003,SUCCESS,306.0,,0
PAY_000560,1284,INVALID_ACCOUNT,HARD,0,RULE_BASED,{},STOP,0.0,STOPPED,0.0,RULE_HARD_FAILURE,0
PAY_005238,1672,CUSTOMER_DECLINED,HARD,0,RULE_BASED,{},STOP,0.0,STOPPED,0.0,RULE_HARD_FAILURE,0
PAY_007806,506,UPI_TECHNICAL_ERROR,TEMPORARY,0,RULE_BASED,{},RETRY_LATER,395.43899999999996,SUCCESS,506.0,,0
PAY_000513,7824,CARD_EXPIRED,CUSTOMER,0,RULE_BASED,{},SEND_NOTIFICATION,5320.320000000001,SUCCESS,7824.0,,0
PAY_001082,105,BANK_TIMEOUT,TEMPORARY,0,RULE_BASED,{},RETRY_LATER,89.4075,SUCCESS,105.0,,0
PAY_001665,1203,INSUFFICIENT_FUNDS,CUSTOMER,0,RULE_BASED,{},SEND_NOTIFICATION,891.423,SUCCESS,1203.0,,0
PAY_009205,3486,GATEWAY_TIMEOUT,TEMPORARY,0,RULE_BASED,{},RETRY_LATER,2929.983,SUCCESS,3486.0,,0
PAY_001932,783,INSUFFICIENT_FUNDS,CUSTOMER,0,RULE_BASED,{},SEND_NOTIFICATION,581.3775,SUCCESS,783.0,,0
PAY_009667,690,LIMIT_EXCEEDED,CUSTOMER,0,RULE_BASED,{},SEND_NOTIFICATION,402.27,SUCCESS,690.0,,0
PAY_001151,458,NETWORK_ERROR,TEMPORARY,0,RULE_BASED,{},RETRY_LATER,355.866,SUCCESS,458.0,,0
PAY_002839,1435,BANK_TIMEOUT,TEMPORARY,0,RULE_BASED,{},RETRY_LATER,1200.3775,FAILED,0.0,SINGLE_ATTEMPT_EXHAUSTED,0
PAY_005950,3273,BANK_TIMEOUT,TEMPORARY,0,RULE_BASED,{},RETRY_LATER,2723.136,SUCCESS,3273.0,,0
PAY_008309,917,CUSTOMER_DECLINED,HARD,0,RULE_BASED,{},STOP,0.0,STOPPED,0.0,RULE_HARD_FAILURE,0
PAY_008933,310,GATEWAY_TIMEOUT,TEMPORARY,0,RULE_BASED,{},RETRY_LATER,252.64999999999998,SUCCESS,310.0,,0
PAY_009789,432,BANK_TIMEOUT,TEMPORARY,0,RULE_BASED,{},RETRY_LATER,368.496,FAILED,0.0,SINGLE_ATTEMPT_EXHAUSTED,0
PAY_005178,666,UPI_TECHNICAL_ERROR,TEMPORARY,0,RULE_BASED,{},RETRY_LATER,544.455,SUCCESS,666.0,,0
PAY_000831,671,NETWORK_ERROR,TEMPORARY,0,RULE_BASED,{},RETRY_LATER,523.38,FAILED,0.0,SINGLE_ATTEMPT_EXHAUSTED,0
PAY_008312,398,INSUFFICIENT_FUNDS,CUSTOMER,0,RULE_BASED,{},SEND_NOTIFICATION,289.545,SUCCESS,398.0,,0
PAY_004753,246,INSUFFICIENT_FUNDS,CUSTOMER,0,RULE_BASED,{},SEND_NOTIFICATION,183.393,SUCCESS,246.0,,0
PAY_009851,2002,UPI_TECHNICAL_ERROR,TEMPORARY,0,RULE_BASED,{},RETRY_LATER,1618.617,SUCCESS,2002.0,,0
PAY_000636,463,BANK_TIMEOUT,TEMPORARY,0,RULE_BASED,{},RETRY_LATER,385.9105,SUCCESS,463.0,,0
PAY_004466,3323,LIMIT_EXCEEDED,CUSTOMER,0,RULE_BASED,{},SEND_NOTIFICATION,1842.6035,SUCCESS,3323.0,,0
PAY_006800,354,BANK_TIMEOUT,TEMPORARY,0,RULE_BASED,{},RETRY_LATER,296.652,SUCCESS,354.0,,0
PAY_007988,313,INSUFFICIENT_FUNDS,CUSTOMER,0,RULE_BASED,{},SEND_NOTIFICATION,232.87199999999999,SUCCESS,313.0,,0
PAY_007080,1701,NETWORK_ERROR,TEMPORARY,0,RULE_BASED,{},RETRY_LATER,1319.1254999999999,SUCCESS,1701.0,,0
PAY_006967,660,LIMIT_EXCEEDED,CUSTOMER,0,RULE_BASED,{},SEND_NOTIFICATION,387.75,FAILED,0.0,SINGLE_ATTEMPT_EXHAUSTED,0
PAY_004143,703,GATEWAY_TIMEOUT,TEMPORARY,0,RULE_BASED,{},RETRY_LATER,569.7815,SUCCESS,703.0,,0
PAY_007028,230,BANK_TIMEOUT,TEMPORARY,0,RULE_BASED,{},RETRY_LATER,189.635,SUCCESS,230.0,,0
PAY_009184,793,INSUFFICIENT_FUNDS,CUSTOMER,0,RULE_BASED,{},SEND_NOTIFICATION,576.9075,SUCCESS,793.0,,0
PAY_000877,1920,BANK_TIMEOUT,TEMPORARY,0,RULE_BASED,{},RETRY_LATER,1565.76,SUCCESS,1920.0,,0
PAY_004870,889,CUSTOMER_DECLINED,HARD,0,RULE_BASED,{},STOP,0.0,STOPPED,0.0,RULE_HARD_FAILURE,0
PAY_005316,832,BANK_TIMEOUT,TEMPORARY,0,RULE_BASED,{},RETRY_LATER,698.464,SUCCESS,832.0,,0
PAY_005223,253,CARD_EXPIRED,CUSTOMER,0,RULE_BASED,{},SEND_NOTIFICATION,171.281,SUCCESS,253.0,,0
PAY_000005,1945,NETWORK_ERROR,TEMPORARY,0,RULE_BASED,{},RETRY_LATER,1464.585,FAILED,0.0,SINGLE_ATTEMPT_EXHAUSTED,0
PAY_003052,517,BANK_TIMEOUT,TEMPORARY,0,RULE_BASED,{},RETRY_LATER,433.246,SUCCESS,517.0,,0
PAY_005692,1100,NETWORK_ERROR,TEMPORARY,0,RULE_BASED,{},RETRY_LATER,826.65,SUCCESS,1100.0,,0
PAY_003125,158,BANK_TIMEOUT,TEMPORARY,0,RULE_BASED,{},RETRY_LATER,136.196,SUCCESS,158.0,,0
PAY_002492,530,BANK_TIMEOUT,TEMPORARY,0,RULE_BASED,{},RETRY_LATER,455.27,SUCCESS,530.0,,0
PAY_003855,1475,BLOCKED_METHOD,HARD,0,RULE_BASED,{},STOP,0.0,STOPPED,0.0,RULE_HARD_FAILURE,0
PAY_004778,465,CARD_EXPIRED,CUSTOMER,0,RULE_BASED,{},SEND_NOTIFICATION,314.805,SUCCESS,465.0,,0
PAY_007510,3499,GATEWAY_TIMEOUT,TEMPORARY,0,RULE_BASED,{},RETRY_LATER,2904.17,SUCCESS,3499.0,,0
PAY_006458,1550,UPI_TECHNICAL_ERROR,TEMPORARY,0,RULE_BASED,{},RETRY_LATER,1218.3,SUCCESS,1550.0,,0
PAY_006294,523,BANK_TIMEOUT,TEMPORARY,0,RULE_BASED,{},RETRY_LATER,429.6445,SUCCESS,523.0,,0
PAY_001149,851,INSUFFICIENT_FUNDS,CUSTOMER,0,RULE_BASED,{},SEND_NOTIFICATION,633.144,SUCCESS,851.0,,0
PAY_000575,270,AUTHENTICATION_FAILED,CUSTOMER,0,RULE_BASED,{},SEND_NOTIFICATION,171.72,SUCCESS,270.0,,0
PAY_003770,2797,BANK_TIMEOUT,TEMPORARY,0,RULE_BASED,{},RETRY_LATER,2390.0365,SUCCESS,2797.0,,0
PAY_004147,582,UPI_TECHNICAL_ERROR,TEMPORARY,0,RULE_BASED,{},RETRY_LATER,472.293,SUCCESS,582.0,,0
PAY_000854,1460,CARD_EXPIRED,CUSTOMER,0,RULE_BASED,{},SEND_NOTIFICATION,942.43,SUCCESS,1460.0,,0
PAY_005920,292,NETWORK_ERROR,TEMPORARY,0,RULE_BASED,{},RETRY_LATER,231.702,SUCCESS,292.0,,0
PAY_009359,582,BANK_TIMEOUT,TEMPORARY,0,RULE_BASED,{},RETRY_LATER,488.589,SUCCESS,582.0,,0
PAY_006615,2507,BANK_TIMEOUT,TEMPORARY,0,RULE_BASED,{},RETRY_LATER,2097.1055,SUCCESS,2507.0,,0
PAY_006003,557,BANK_TIMEOUT,TEMPORARY,0,RULE_BASED,{},RETRY_LATER,451.72700000000003,SUCCESS,557.0,,0
PAY_009164,743,GATEWAY_TIMEOUT,TEMPORARY,0,RULE_BASED,{},RETRY_LATER,626.7205,SUCCESS,743.0,,0
PAY_004496,658,CARD_EXPIRED,CUSTOMER,0,RULE_BASED,{},SEND_NOTIFICATION,437.57000000000005,SUCCESS,658.0,,0
PAY_008174,1958,BLOCKED_METHOD,HARD,0,RULE_BASED,{},STOP,0.0,STOPPED,0.0,RULE_HARD_FAILURE,0
PAY_006656,968,INSUFFICIENT_FUNDS,CUSTOMER,0,RULE_BASED,{},SEND_NOTIFICATION,720.192,SUCCESS,968.0,,0
PAY_002369,273,UPI_TECHNICAL_ERROR,TEMPORARY,0,RULE_BASED,{},RETRY_LATER,222.76799999999997,SUCCESS,273.0,,0
PAY_004781,2612,BANK_TIMEOUT,TEMPORARY,0,RULE_BASED,{},RETRY_LATER,2235.872,SUCCESS,2612.0,,0
PAY_007993,448,NETWORK_ERROR,TEMPORARY,0,RULE_BASED,{},RETRY_LATER,350.784,SUCCESS,448.0,,0
PAY_002951,255,BANK_TIMEOUT,TEMPORARY,0,RULE_BASED,{},RETRY_LATER,219.81,SUCCESS,255.0,,0
PAY_005626,167,INVALID_ACCOUNT,HARD,0,RULE_BASED,{},STOP,0.0,STOPPED,0.0,RULE_HARD_FAILURE,0
PAY_006972,1020,INSUFFICIENT_FUNDS,CUSTOMER,0,RULE_BASED,{},SEND_NOTIFICATION,751.23,FAILED,0.0,SINGLE_ATTEMPT_EXHAUSTED,0
PAY_008717,150,INSUFFICIENT_FUNDS,CUSTOMER,0,RULE_BASED,{},SEND_NOTIFICATION,110.7,SUCCESS,150.0,,0
PAY_001842,1515,BANK_TIMEOUT,TEMPORARY,0,RULE_BASED,{},RETRY_LATER,1251.3899999999999,SUCCESS,1515.0,,0
PAY_005987,502,BANK_TIMEOUT,TEMPORARY,0,RULE_BASED,{},RETRY_LATER,416.15799999999996,SUCCESS,502.0,,0
PAY_000538,895,GATEWAY_TIMEOUT,TEMPORARY,0,RULE_BASED,{},RETRY_LATER,746.8775,SUCCESS,895.0,,0
PAY_002807,601,BANK_TIMEOUT,TEMPORARY,0,RULE_BASED,{},RETRY_LATER,491.9185,FAILED,0.0,SINGLE_ATTEMPT_EXHAUSTED,0
PAY_005802,1229,NETWORK_ERROR,TEMPORARY,0,RULE_BASED,{},RETRY_LATER,960.4635,SUCCESS,1229.0,,0
PAY_005597,589,INSUFFICIENT_FUNDS,CUSTOMER,0,RULE_BASED,{},SEND_NOTIFICATION,447.93449999999996,SUCCESS,589.0,,0
PAY_007207,1107,AUTHENTICATION_FAILED,CUSTOMER,0,RULE_BASED,{},SEND_NOTIFICATION,702.3915,SUCCESS,1107.0,,0
PAY_007344,4135,LIMIT_EXCEEDED,CUSTOMER,0,RULE_BASED,{},SEND_NOTIFICATION,2330.0725,SUCCESS,4135.0,,0
PAY_007561,1800,INVALID_ACCOUNT,HARD,0,RULE_BASED,{},STOP,0.0,STOPPED,0.0,RULE_HARD_FAILURE,0
PAY_008097,2184,GATEWAY_TIMEOUT,TEMPORARY,0,RULE_BASED,{},RETRY_LATER,1743.924,SUCCESS,2184.0,,0
PAY_000785,1549,BANK_TIMEOUT,TEMPORARY,0,RULE_BASED,{},RETRY_LATER,1284.1209999999999,SUCCESS,1549.0,,0
PAY_001410,313,NETWORK_ERROR,TEMPORARY,0,RULE_BASED,{},RETRY_LATER,246.95700000000002,FAILED,0.0,SINGLE_ATTEMPT_EXHAUSTED,0
PAY_000155,1334,GATEWAY_TIMEOUT,TEMPORARY,0,RULE_BASED,{},RETRY_LATER,1121.227,FAILED,0.0,SINGLE_ATTEMPT_EXHAUSTED,0
PAY_007807,1154,CARD_EXPIRED,CUSTOMER,0,RULE_BASED,{},SEND_NOTIFICATION,767.4100000000001,SUCCESS,1154.0,,0
PAY_003010,176,INSUFFICIENT_FUNDS,CUSTOMER,0,RULE_BASED,{},SEND_NOTIFICATION,129.624,SUCCESS,176.0,,0
PAY_001687,400,CARD_EXPIRED,CUSTOMER,0,RULE_BASED,{},SEND_NOTIFICATION,276.79999999999995,SUCCESS,400.0,,0
PAY_004015,496,NETWORK_ERROR,TEMPORARY,0,RULE_BASED,{},RETRY_LATER,389.856,SUCCESS,496.0,,0
PAY_007456,254,BANK_TIMEOUT,TEMPORARY,0,RULE_BASED,{},RETRY_LATER,213.614,SUCCESS,254.0,,0
PAY_003864,163,INSUFFICIENT_FUNDS,CUSTOMER,0,RULE_BASED,{},SEND_NOTIFICATION,119.0715,SUCCESS,163.0,,0
PAY_002734,477,BANK_TIMEOUT,TEMPORARY,0,RULE_BASED,{},RETRY_LATER,396.864,SUCCESS,477.0,,0
PAY_001896,5499,AUTHENTICATION_FAILED,CUSTOMER,0,RULE_BASED,{},SEND_NOTIFICATION,3390.1335000000004,FAILED,0.0,SINGLE_ATTEMPT_EXHAUSTED,0
PAY_005443,775,UPI_TECHNICAL_ERROR,TEMPORARY,0,RULE_BASED,{},RETRY_LATER,630.0749999999999,SUCCESS,775.0,,0
PAY_000570,792,PAYMENT_EXPIRED,HARD,0,RULE_BASED,{},STOP,0.0,STOPPED,0.0,RULE_HARD_FAILURE,0
PAY_006710,960,LIMIT_EXCEEDED,CUSTOMER,0,RULE_BASED,{},SEND_NOTIFICATION,564.0,SUCCESS,960.0,,0
PAY_005855,4226,INSUFFICIENT_FUNDS,CUSTOMER,0,RULE_BASED,{},SEND_NOTIFICATION,3125.1270000000004,SUCCESS,4226.0,,0
PAY_001817,1467,BANK_TIMEOUT,TEMPORARY,0,RULE_BASED,{},RETRY_LATER,1207.341,FAILED,0.0,SINGLE_ATTEMPT_EXHAUSTED,0
PAY_008320,1353,BANK_TIMEOUT,TEMPORARY,0,RULE_BASED,{},RETRY_LATER,1141.932,SUCCESS,1353.0,,0
PAY_003395,211,CARD_EXPIRED,CUSTOMER,0,RULE_BASED,{},SEND_NOTIFICATION,139.049,SUCCESS,211.0,,0
PAY_003328,99,BLOCKED_METHOD,HARD,0,RULE_BASED,{},STOP,0.0,STOPPED,0.0,RULE_HARD_FAILURE,0
PAY_009983,794,BANK_TIMEOUT,TEMPORARY,0,RULE_BASED,{},RETRY_LATER,680.855,FAILED,0.0,SINGLE_ATTEMPT_EXHAUSTED,0
PAY_006103,536,CARD_EXPIRED,CUSTOMER,0,RULE_BASED,{},SEND_NOTIFICATION,367.696,SUCCESS,536.0,,0
PAY_002976,375,UPI_TECHNICAL_ERROR,TEMPORARY,0,RULE_BASED,{},RETRY_LATER,307.125,SUCCESS,375.0,,0
PAY_000981,1258,UPI_TECHNICAL_ERROR,TEMPORARY,0,RULE_BASED,{},RETRY_LATER,1035.963,SUCCESS,1258.0,,0
PAY_000191,742,AUTHENTICATION_FAILED,CUSTOMER,0,RULE_BASED,{},SEND_NOTIFICATION,457.44300000000004,FAILED,0.0,SINGLE_ATTEMPT_EXHAUSTED,0
PAY_009332,3391,BANK_TIMEOUT,TEMPORARY,0,RULE_BASED,{},RETRY_LATER,2897.6095,SUCCESS,3391.0,,0
PAY_005089,3935,INSUFFICIENT_FUNDS,CUSTOMER,0,RULE_BASED,{},SEND_NOTIFICATION,2839.1025,SUCCESS,3935.0,,0
PAY_000700,1118,AUTHENTICATION_FAILED,CUSTOMER,0,RULE_BASED,{},SEND_NOTIFICATION,664.092,SUCCESS,1118.0,,0
PAY_009760,1960,CARD_EXPIRED,CUSTOMER,0,RULE_BASED,{},SEND_NOTIFICATION,1338.68,FAILED,0.0,SINGLE_ATTEMPT_EXHAUSTED,0
PAY_000607,2624,BANK_TIMEOUT,TEMPORARY,0,RULE_BASED,{},RETRY_LATER,2139.872,SUCCESS,2624.0,,0
PAY_000302,99,CARD_EXPIRED,CUSTOMER,0,RULE_BASED,{},SEND_NOTIFICATION,65.241,SUCCESS,99.0,,0
PAY_003421,99,BANK_TIMEOUT,TEMPORARY,0,RULE_BASED,{},RETRY_LATER,83.4075,SUCCESS,99.0,,0
PAY_009805,139,CARD_EXPIRED,CUSTOMER,0,RULE_BASED,{},SEND_NOTIFICATION,95.5625,SUCCESS,139.0,,0
PAY_001061,1952,BANK_TIMEOUT,TEMPORARY,0,RULE_BASED,{},RETRY_LATER,1632.848,FAILED,0.0,SINGLE_ATTEMPT_EXHAUSTED,0
PAY_003445,901,NETWORK_ERROR,TEMPORARY,0,RULE_BASED,{},RETRY_LATER,705.4830000000001,FAILED,0.0,SINGLE_ATTEMPT_EXHAUSTED,0
PAY_001070,2032,BLOCKED_METHOD,HARD,0,RULE_BASED,{},STOP,0.0,STOPPED,0.0,RULE_HARD_FAILURE,0
PAY_002206,1064,CARD_EXPIRED,CUSTOMER,0,RULE_BASED,{},SEND_NOTIFICATION,723.5200000000001,SUCCESS,1064.0,,0
PAY_009436,616,GATEWAY_TIMEOUT,TEMPORARY,0,RULE_BASED,{},RETRY_LATER,512.2040000000001,SUCCESS,616.0,,0
PAY_007340,261,UPI_TECHNICAL_ERROR,TEMPORARY,0,RULE_BASED,{},RETRY_LATER,211.0185,SUCCESS,261.0,,0
PAY_008209,1317,INSUFFICIENT_FUNDS,CUSTOMER,0,RULE_BASED,{},SEND_NOTIFICATION,1001.5785,SUCCESS,1317.0,,0
PAY_007680,1828,CARD_EXPIRED,CUSTOMER,0,RULE_BASED,{},SEND_NOTIFICATION,1251.266,SUCCESS,1828.0,,0
PAY_004643,278,UPI_TECHNICAL_ERROR,TEMPORARY,0,RULE_BASED,{},RETRY_LATER,219.342,SUCCESS,278.0,,0
PAY_007684,2098,GATEWAY_TIMEOUT,TEMPORARY,0,RULE_BASED,{},RETRY_LATER,1741.34,SUCCESS,2098.0,,0
PAY_009008,173,NETWORK_ERROR,TEMPORARY,0,RULE_BASED,{},RETRY_LATER,137.2755,SUCCESS,173.0,,0
PAY_007997,431,NETWORK_ERROR,TEMPORARY,0,RULE_BASED,{},RETRY_LATER,334.887,SUCCESS,431.0,,0
PAY_005601,1553,UPI_TECHNICAL_ERROR,TEMPORARY,0,RULE_BASED,{},RETRY_LATER,1225.317,SUCCESS,1553.0,,0
PAY_009152,314,NETWORK_ERROR,TEMPORARY,0,RULE_BASED,{},RETRY_LATER,241.623,SUCCESS,314.0,,0
PAY_007023,1230,INVALID_ACCOUNT,HARD,0,RULE_BASED,{},STOP,0.0,STOPPED,0.0,RULE_HARD_FAILURE,0
PAY_004894,4541,NETWORK_ERROR,TEMPORARY,0,RULE_BASED,{},RETRY_LATER,3467.0535,SUCCESS,4541.0,,0
PAY_000226,1326,INVALID_ACCOUNT,HARD,0,RULE_BASED,{},STOP,0.0,STOPPED,0.0,RULE_HARD_FAILURE,0
PAY_003355,310,BANK_TIMEOUT,TEMPORARY,0,RULE_BASED,{},RETRY_LATER,256.06,SUCCESS,310.0,,0
PAY_005896,233,BANK_TIMEOUT,TEMPORARY,0,RULE_BASED,{},RETRY_LATER,201.1955,FAILED,0.0,SINGLE_ATTEMPT_EXHAUSTED,0
PAY_008755,721,NETWORK_ERROR,TEMPORARY,0,RULE_BASED,{},RETRY_LATER,552.6465,SUCCESS,721.0,,0
PAY_003437,1118,CARD_EXPIRED,CUSTOMER,0,RULE_BASED,{},SEND_NOTIFICATION,775.333,SUCCESS,1118.0,,0
PAY_001694,762,GATEWAY_TIMEOUT,TEMPORARY,0,RULE_BASED,{},RETRY_LATER,639.318,FAILED,0.0,SINGLE_ATTEMPT_EXHAUSTED,0
PAY_006894,505,PAYMENT_EXPIRED,HARD,0,RULE_BASED,{},STOP,0.0,STOPPED,0.0,RULE_HARD_FAILURE,0
PAY_001046,1414,INVALID_ACCOUNT,HARD,0,RULE_BASED,{},STOP,0.0,STOPPED,0.0,RULE_HARD_FAILURE,0
PAY_003447,2006,LIMIT_EXCEEDED,CUSTOMER,0,RULE_BASED,{},SEND_NOTIFICATION,1175.5159999999998,FAILED,0.0,SINGLE_ATTEMPT_EXHAUSTED,0
PAY_008051,1696,UPI_TECHNICAL_ERROR,TEMPORARY,0,RULE_BASED,{},RETRY_LATER,1361.04,SUCCESS,1696.0,,0
PAY_009147,167,BANK_TIMEOUT,TEMPORARY,0,RULE_BASED,{},RETRY_LATER,142.952,FAILED,0.0,SINGLE_ATTEMPT_EXHAUSTED,0
PAY_009982,167,NETWORK_ERROR,TEMPORARY,0,RULE_BASED,{},RETRY_LATER,130.5105,SUCCESS,167.0,,0
PAY_004736,675,NETWORK_ERROR,TEMPORARY,0,RULE_BASED,{},RETRY_LATER,518.4,SUCCESS,675.0,,0
PAY_004497,1029,NETWORK_ERROR,TEMPORARY,0,RULE_BASED,{},RETRY_LATER,796.446,SUCCESS,1029.0,,0
PAY_001219,5111,INSUFFICIENT_FUNDS,CUSTOMER,0,RULE_BASED,{},SEND_NOTIFICATION,3702.9195,SUCCESS,5111.0,,0
PAY_006016,334,INSUFFICIENT_FUNDS,CUSTOMER,0,RULE_BASED,{},SEND_NOTIFICATION,248.496,SUCCESS,334.0,,0
PAY_009720,140,GATEWAY_TIMEOUT,TEMPORARY,0,RULE_BASED,{},RETRY_LATER,114.73,SUCCESS,140.0,,0
PAY_003988,1173,UPI_TECHNICAL_ERROR,TEMPORARY,0,RULE_BASED,{},RETRY_LATER,923.7375,SUCCESS,1173.0,,0
PAY_004912,1863,BANK_TIMEOUT,TEMPORARY,0,RULE_BASED,{},RETRY_LATER,1583.55,SUCCESS,1863.0,,0
PAY_009493,2274,BANK_TIMEOUT,TEMPORARY,0,RULE_BASED,{},RETRY_LATER,1946.5439999999999,SUCCESS,2274.0,,0
PAY_004494,4441,CUSTOMER_DECLINED,HARD,0,RULE_BASED,{},STOP,0.0,STOPPED,0.0,RULE_HARD_FAILURE,0
PAY_006945,166,CARD_EXPIRED,CUSTOMER,0,RULE_BASED,{},SEND_NOTIFICATION,107.402,SUCCESS,166.0,,0
PAY_005700,4315,UPI_TECHNICAL_ERROR,TEMPORARY,0,RULE_BASED,{},RETRY_LATER,3469.26,SUCCESS,4315.0,,0
PAY_008353,1853,BANK_TIMEOUT,TEMPORARY,0,RULE_BASED,{},RETRY_LATER,1561.1525000000001,SUCCESS,1853.0,,0
PAY_000957,599,PAYMENT_EXPIRED,HARD,0,RULE_BASED,{},STOP,0.0,STOPPED,0.0,RULE_HARD_FAILURE,0
PAY_002870,927,CARD_EXPIRED,CUSTOMER,0,RULE_BASED,{},SEND_NOTIFICATION,642.8745,FAILED,0.0,SINGLE_ATTEMPT_EXHAUSTED,0
PAY_004434,532,GATEWAY_TIMEOUT,TEMPORARY,0,RULE_BASED,{},RETRY_LATER,427.99399999999997,SUCCESS,532.0,,0
PAY_004974,379,BANK_TIMEOUT,TEMPORARY,0,RULE_BASED,{},RETRY_LATER,326.698,SUCCESS,379.0,,0
PAY_002962,648,NETWORK_ERROR,TEMPORARY,0,RULE_BASED,{},RETRY_LATER,502.524,SUCCESS,648.0,,0
PAY_002201,336,NETWORK_ERROR,TEMPORARY,0,RULE_BASED,{},RETRY_LATER,252.504,SUCCESS,336.0,,0
PAY_000099,331,LIMIT_EXCEEDED,CUSTOMER,0,RULE_BASED,{},SEND_NOTIFICATION,183.043,SUCCESS,331.0,,0
PAY_009850,1541,BANK_TIMEOUT,TEMPORARY,0,RULE_BASED,{},RETRY_LATER,1309.85,SUCCESS,1541.0,,0
PAY_002558,138,BANK_TIMEOUT,TEMPORARY,0,RULE_BASED,{},RETRY_LATER,114.402,SUCCESS,138.0,,0
PAY_008446,1715,GATEWAY_TIMEOUT,TEMPORARY,0,RULE_BASED,{},RETRY_LATER,1418.3049999999998,SUCCESS,1715.0,,0
PAY_004200,976,INSUFFICIENT_FUNDS,CUSTOMER,0,RULE_BASED,{},SEND_NOTIFICATION,708.576,FAILED,0.0,SINGLE_ATTEMPT_EXHAUSTED,0
PAY_009638,1877,LIMIT_EXCEEDED,CUSTOMER,0,RULE_BASED,{},SEND_NOTIFICATION,1052.0585,SUCCESS,1877.0,,0
PAY_005540,1943,BANK_TIMEOUT,TEMPORARY,0,RULE_BASED,{},RETRY_LATER,1674.866,SUCCESS,1943.0,,0
PAY_001649,967,BLOCKED_METHOD,HARD,0,RULE_BASED,{},STOP,0.0,STOPPED,0.0,RULE_HARD_FAILURE,0
PAY_006198,965,CUSTOMER_DECLINED,HARD,0,RULE_BASED,{},STOP,0.0,STOPPED,0.0,RULE_HARD_FAILURE,0
PAY_006296,782,GATEWAY_TIMEOUT,TEMPORARY,0,RULE_BASED,{},RETRY_LATER,632.638,FAILED,0.0,SINGLE_ATTEMPT_EXHAUSTED,0
PAY_004500,99,PAYMENT_EXPIRED,HARD,0,RULE_BASED,{},STOP,0.0,STOPPED,0.0,RULE_HARD_FAILURE,0
PAY_001155,766,PAYMENT_EXPIRED,HARD,0,RULE_BASED,{},STOP,0.0,STOPPED,0.0,RULE_HARD_FAILURE,0
PAY_002256,641,INSUFFICIENT_FUNDS,CUSTOMER,0,RULE_BASED,{},SEND_NOTIFICATION,470.17350000000005,SUCCESS,641.0,,0
PAY_003171,400,BANK_TIMEOUT,TEMPORARY,0,RULE_BASED,{},RETRY_LATER,337.0,SUCCESS,400.0,,0
PAY_007401,328,UPI_TECHNICAL_ERROR,TEMPORARY,0,RULE_BASED,{},RETRY_LATER,270.108,FAILED,0.0,SINGLE_ATTEMPT_EXHAUSTED,0
PAY_007159,524,GATEWAY_TIMEOUT,TEMPORARY,0,RULE_BASED,{},RETRY_LATER,423.91600000000005,SUCCESS,524.0,,0
PAY_003109,2519,GATEWAY_TIMEOUT,TEMPORARY,0,RULE_BASED,{},RETRY_LATER,2064.3205,SUCCESS,2519.0,,0
PAY_004549,99,CARD_EXPIRED,CUSTOMER,0,RULE_BASED,{},SEND_NOTIFICATION,63.9045,SUCCESS,99.0,,0
PAY_005424,203,AUTHENTICATION_FAILED,CUSTOMER,0,RULE_BASED,{},SEND_NOTIFICATION,121.8,FAILED,0.0,SINGLE_ATTEMPT_EXHAUSTED,0
PAY_002050,236,INSUFFICIENT_FUNDS,CUSTOMER,0,RULE_BASED,{},SEND_NOTIFICATION,177.708,SUCCESS,236.0,,0
PAY_009209,5419,CUSTOMER_DECLINED,HARD,0,RULE_BASED,{},STOP,0.0,STOPPED,0.0,RULE_HARD_FAILURE,0
PAY_008816,1486,INSUFFICIENT_FUNDS,CUSTOMER,0,RULE_BASED,{},SEND_NOTIFICATION,1094.439,FAILED,0.0,SINGLE_ATTEMPT_EXHAUSTED,0
PAY_009798,558,UPI_TECHNICAL_ERROR,TEMPORARY,0,RULE_BASED,{},RETRY_LATER,428.544,FAILED,0.0,SINGLE_ATTEMPT_EXHAUSTED,0
PAY_000263,831,GATEWAY_TIMEOUT,TEMPORARY,0,RULE_BASED,{},RETRY_LATER,690.9765,FAILED,0.0,SINGLE_ATTEMPT_EXHAUSTED,0
PAY_004062,862,GATEWAY_TIMEOUT,TEMPORARY,0,RULE_BASED,{},RETRY_LATER,714.167,SUCCESS,862.0,,0
PAY_005535,644,CUSTOMER_DECLINED,HARD,0,RULE_BASED,{},STOP,0.0,STOPPED,0.0,RULE_HARD_FAILURE,0
PAY_006617,631,UPI_TECHNICAL_ERROR,TEMPORARY,0,RULE_BASED,{},RETRY_LATER,516.789,SUCCESS,631.0,,0
PAY_008121,208,INSUFFICIENT_FUNDS,CUSTOMER,0,RULE_BASED,{},SEND_NOTIFICATION,156.0,SUCCESS,208.0,,0
PAY_008156,243,GATEWAY_TIMEOUT,TEMPORARY,0,RULE_BASED,{},RETRY_LATER,202.0545,SUCCESS,243.0,,0
PAY_001803,687,GATEWAY_TIMEOUT,TEMPORARY,0,RULE_BASED,{},RETRY_LATER,579.4845,SUCCESS,687.0,,0
PAY_004737,484,BLOCKED_METHOD,HARD,0,RULE_BASED,{},STOP,0.0,STOPPED,0.0,RULE_HARD_FAILURE,0
PAY_002386,105,UPI_TECHNICAL_ERROR,TEMPORARY,0,RULE_BASED,{},RETRY_LATER,82.53,FAILED,0.0,SINGLE_ATTEMPT_EXHAUSTED,0
PAY_006695,218,AUTHENTICATION_FAILED,CUSTOMER,0,RULE_BASED,{},SEND_NOTIFICATION,137.01299999999998,FAILED,0.0,SINGLE_ATTEMPT_EXHAUSTED,0
PAY_005760,99,LIMIT_EXCEEDED,CUSTOMER,0,RULE_BASED,{},SEND_NOTIFICATION,55.044000000000004,FAILED,0.0,SINGLE_ATTEMPT_EXHAUSTED,0
PAY_001960,3201,INVALID_ACCOUNT,HARD,0,RULE_BASED,{},STOP,0.0,STOPPED,0.0,RULE_HARD_FAILURE,0
PAY_002977,99,BLOCKED_METHOD,HARD,0,RULE_BASED,{},STOP,0.0,STOPPED,0.0,RULE_HARD_FAILURE,0
PAY_008681,520,BANK_TIMEOUT,TEMPORARY,0,RULE_BASED,{},RETRY_LATER,427.96,SUCCESS,520.0,,0
PAY_001844,1290,UPI_TECHNICAL_ERROR,TEMPORARY,0,RULE_BASED,{},RETRY_LATER,1008.135,SUCCESS,1290.0,,0
PAY_001735,1151,BANK_TIMEOUT,TEMPORARY,0,RULE_BASED,{},RETRY_LATER,969.7175000000001,FAILED,0.0,SINGLE_ATTEMPT_EXHAUSTED,0
PAY_002912,1106,BANK_TIMEOUT,TEMPORARY,0,RULE_BASED,{},RETRY_LATER,935.123,FAILED,0.0,SINGLE_ATTEMPT_EXHAUSTED,0
PAY_008339,2268,NETWORK_ERROR,TEMPORARY,0,RULE_BASED,{},RETRY_LATER,1765.638,SUCCESS,2268.0,,0
PAY_001987,9417,GATEWAY_TIMEOUT,TEMPORARY,0,RULE_BASED,{},RETRY_LATER,7929.114,SUCCESS,9417.0,,0
PAY_009562,1616,CARD_EXPIRED,CUSTOMER,0,RULE_BASED,{},SEND_NOTIFICATION,1101.304,SUCCESS,1616.0,,0
PAY_006547,9755,GATEWAY_TIMEOUT,TEMPORARY,0,RULE_BASED,{},RETRY_LATER,8067.384999999999,SUCCESS,9755.0,,0
PAY_007099,228,BLOCKED_METHOD,HARD,0,RULE_BASED,{},STOP,0.0,STOPPED,0.0,RULE_HARD_FAILURE,0
PAY_002812,1432,INSUFFICIENT_FUNDS,CUSTOMER,0,RULE_BASED,{},SEND_NOTIFICATION,1078.296,SUCCESS,1432.0,,0
PAY_000660,99,NETWORK_ERROR,TEMPORARY,0,RULE_BASED,{},RETRY_LATER,77.3685,SUCCESS,99.0,,0
PAY_002512,150,BANK_TIMEOUT,TEMPORARY,0,RULE_BASED,{},RETRY_LATER,124.575,SUCCESS,150.0,,0
PAY_004283,859,BANK_TIMEOUT,TEMPORARY,0,RULE_BASED,{},RETRY_LATER,727.573,FAILED,0.0,SINGLE_ATTEMPT_EXHAUSTED,0
PAY_009340,1566,GATEWAY_TIMEOUT,TEMPORARY,0,RULE_BASED,{},RETRY_LATER,1288.035,SUCCESS,1566.0,,0
PAY_008801,249,BANK_TIMEOUT,TEMPORARY,0,RULE_BASED,{},RETRY_LATER,209.0355,SUCCESS,249.0,,0
PAY_006288,444,INSUFFICIENT_FUNDS,CUSTOMER,0,RULE_BASED,{},SEND_NOTIFICATION,329.004,SUCCESS,444.0,,0
PAY_001931,494,BANK_TIMEOUT,TEMPORARY,0,RULE_BASED,{},RETRY_LATER,409.52599999999995,SUCCESS,494.0,,0
PAY_007126,129,BANK_TIMEOUT,TEMPORARY,0,RULE_BASED,{},RETRY_LATER,106.55399999999999,SUCCESS,129.0,,0
PAY_000198,1101,BLOCKED_METHOD,HARD,0,RULE_BASED,{},STOP,0.0,STOPPED,0.0,RULE_HARD_FAILURE,0
PAY_007778,496,LIMIT_EXCEEDED,CUSTOMER,0,RULE_BASED,{},SEND_NOTIFICATION,279.496,SUCCESS,496.0,,0
PAY_002932,604,PAYMENT_EXPIRED,HARD,0,RULE_BASED,{},STOP,0.0,STOPPED,0.0,RULE_HARD_FAILURE,0
PAY_008005,354,UPI_TECHNICAL_ERROR,TEMPORARY,0,RULE_BASED,{},RETRY_LATER,289.926,SUCCESS,354.0,,0
PAY_002328,1297,BANK_TIMEOUT,TEMPORARY,0,RULE_BASED,{},RETRY_LATER,1059.649,SUCCESS,1297.0,,0
PAY_004390,840,PAYMENT_EXPIRED,HARD,0,RULE_BASED,{},STOP,0.0,STOPPED,0.0,RULE_HARD_FAILURE,0
PAY_008959,250,NETWORK_ERROR,TEMPORARY,0,RULE_BASED,{},RETRY_LATER,192.0,SUCCESS,250.0,,0
PAY_004219,1511,BANK_TIMEOUT,TEMPORARY,0,RULE_BASED,{},RETRY_LATER,1291.1495,SUCCESS,1511.0,,0
PAY_000203,282,CARD_EXPIRED,CUSTOMER,0,RULE_BASED,{},SEND_NOTIFICATION,187.107,FAILED,0.0,SINGLE_ATTEMPT_EXHAUSTED,0
PAY_003511,666,AUTHENTICATION_FAILED,CUSTOMER,0,RULE_BASED,{},SEND_NOTIFICATION,423.576,SUCCESS,666.0,,0
PAY_004932,1729,BANK_TIMEOUT,TEMPORARY,0,RULE_BASED,{},RETRY_LATER,1480.024,SUCCESS,1729.0,,0
PAY_005536,441,AUTHENTICATION_FAILED,CUSTOMER,0,RULE_BASED,{},SEND_NOTIFICATION,273.1995,FAILED,0.0,SINGLE_ATTEMPT_EXHAUSTED,0
PAY_005792,345,INSUFFICIENT_FUNDS,CUSTOMER,0,RULE_BASED,{},SEND_NOTIFICATION,263.40749999999997,FAILED,0.0,SINGLE_ATTEMPT_EXHAUSTED,0
PAY_001708,705,GATEWAY_TIMEOUT,TEMPORARY,0,RULE_BASED,{},RETRY_LATER,578.805,SUCCESS,705.0,,0
PAY_005173,1652,GATEWAY_TIMEOUT,TEMPORARY,0,RULE_BASED,{},RETRY_LATER,1371.1599999999999,SUCCESS,1652.0,,0
PAY_005250,565,CUSTOMER_DECLINED,HARD,0,RULE_BASED,{},STOP,0.0,STOPPED,0.0,RULE_HARD_FAILURE,0
PAY_006529,1417,INSUFFICIENT_FUNDS,CUSTOMER,0,RULE_BASED,{},SEND_NOTIFICATION,1060.6245000000001,SUCCESS,1417.0,,0
PAY_009849,1480,UPI_TECHNICAL_ERROR,TEMPORARY,0,RULE_BASED,{},RETRY_LATER,1216.56,SUCCESS,1480.0,,0
PAY_005856,1011,AUTHENTICATION_FAILED,CUSTOMER,0,RULE_BASED,{},SEND_NOTIFICATION,650.5785,SUCCESS,1011.0,,0
PAY_008165,2400,AUTHENTICATION_FAILED,CUSTOMER,0,RULE_BASED,{},SEND_NOTIFICATION,1483.2,FAILED,0.0,SINGLE_ATTEMPT_EXHAUSTED,0
PAY_000855,523,INSUFFICIENT_FUNDS,CUSTOMER,0,RULE_BASED,{},SEND_NOTIFICATION,377.34450000000004,FAILED,0.0,SINGLE_ATTEMPT_EXHAUSTED,0
PAY_004738,236,BANK_TIMEOUT,TEMPORARY,0,RULE_BASED,{},RETRY_LATER,196.352,SUCCESS,236.0,,0
PAY_000699,331,INSUFFICIENT_FUNDS,CUSTOMER,0,RULE_BASED,{},SEND_NOTIFICATION,246.264,SUCCESS,331.0,,0
PAY_003697,2464,BANK_TIMEOUT,TEMPORARY,0,RULE_BASED,{},RETRY_LATER,2038.96,SUCCESS,2464.0,,0
PAY_001637,220,NETWORK_ERROR,TEMPORARY,0,RULE_BASED,{},RETRY_LATER,166.32,SUCCESS,220.0,,0
PAY_007281,587,LIMIT_EXCEEDED,CUSTOMER,0,RULE_BASED,{},SEND_NOTIFICATION,325.4915,SUCCESS,587.0,,0
PAY_007555,453,BANK_TIMEOUT,TEMPORARY,0,RULE_BASED,{},RETRY_LATER,380.973,SUCCESS,453.0,,0
PAY_003582,99,UPI_TECHNICAL_ERROR,TEMPORARY,0,RULE_BASED,{},RETRY_LATER,79.4475,FAILED,0.0,SINGLE_ATTEMPT_EXHAUSTED,0
PAY_001292,2034,AUTHENTICATION_FAILED,CUSTOMER,0,RULE_BASED,{},SEND_NOTIFICATION,1244.808,SUCCESS,2034.0,,0
PAY_006586,506,GATEWAY_TIMEOUT,TEMPORARY,0,RULE_BASED,{},RETRY_LATER,406.31800000000004,SUCCESS,506.0,,0
PAY_001854,233,CARD_EXPIRED,CUSTOMER,0,RULE_BASED,{},SEND_NOTIFICATION,155.644,SUCCESS,233.0,,0
PAY_005233,578,NETWORK_ERROR,TEMPORARY,0,RULE_BASED,{},RETRY_LATER,454.308,SUCCESS,578.0,,0
PAY_003764,1019,UPI_TECHNICAL_ERROR,TEMPORARY,0,RULE_BASED,{},RETRY_LATER,797.8770000000001,FAILED,0.0,SINGLE_ATTEMPT_EXHAUSTED,0
PAY_003305,174,INSUFFICIENT_FUNDS,CUSTOMER,0,RULE_BASED,{},SEND_NOTIFICATION,127.368,SUCCESS,174.0,,0
PAY_001496,764,GATEWAY_TIMEOUT,TEMPORARY,0,RULE_BASED,{},RETRY_LATER,637.558,SUCCESS,764.0,,0
PAY_007995,2051,CUSTOMER_DECLINED,HARD,0,RULE_BASED,{},STOP,0.0,STOPPED,0.0,RULE_HARD_FAILURE,0
PAY_001999,2617,INSUFFICIENT_FUNDS,CUSTOMER,0,RULE_BASED,{},SEND_NOTIFICATION,1978.452,FAILED,0.0,SINGLE_ATTEMPT_EXHAUSTED,0
PAY_000664,99,UPI_TECHNICAL_ERROR,TEMPORARY,0,RULE_BASED,{},RETRY_LATER,81.378,SUCCESS,99.0,,0
PAY_003749,2658,GATEWAY_TIMEOUT,TEMPORARY,0,RULE_BASED,{},RETRY_LATER,2134.3740000000003,SUCCESS,2658.0,,0
PAY_004414,297,GATEWAY_TIMEOUT,TEMPORARY,0,RULE_BASED,{},RETRY_LATER,242.946,SUCCESS,297.0,,0
PAY_005531,593,AUTHENTICATION_FAILED,CUSTOMER,0,RULE_BASED,{},SEND_NOTIFICATION,371.811,SUCCESS,593.0,,0
PAY_005576,220,INSUFFICIENT_FUNDS,CUSTOMER,0,RULE_BASED,{},SEND_NOTIFICATION,161.7,SUCCESS,220.0,,0
PAY_008902,366,UPI_TECHNICAL_ERROR,TEMPORARY,0,RULE_BASED,{},RETRY_LATER,286.029,SUCCESS,366.0,,0
PAY_007527,816,UPI_TECHNICAL_ERROR,TEMPORARY,0,RULE_BASED,{},RETRY_LATER,646.272,SUCCESS,816.0,,0
PAY_009475,2268,NETWORK_ERROR,TEMPORARY,0,RULE_BASED,{},RETRY_LATER,1718.01,SUCCESS,2268.0,,0
PAY_005865,616,UPI_TECHNICAL_ERROR,TEMPORARY,0,RULE_BASED,{},RETRY_LATER,500.808,SUCCESS,616.0,,0
PAY_006777,9713,INSUFFICIENT_FUNDS,CUSTOMER,0,RULE_BASED,{},SEND_NOTIFICATION,6935.081999999999,SUCCESS,9713.0,,0
PAY_001307,932,GATEWAY_TIMEOUT,TEMPORARY,0,RULE_BASED,{},RETRY_LATER,786.142,SUCCESS,932.0,,0
PAY_007393,960,AUTHENTICATION_FAILED,CUSTOMER,0,RULE_BASED,{},SEND_NOTIFICATION,616.32,SUCCESS,960.0,,0
PAY_005593,550,NETWORK_ERROR,TEMPORARY,0,RULE_BASED,{},RETRY_LATER,427.35,SUCCESS,550.0,,0
PAY_009722,487,NETWORK_ERROR,TEMPORARY,0,RULE_BASED,{},RETRY_LATER,371.094,SUCCESS,487.0,,0
PAY_001664,136,GATEWAY_TIMEOUT,TEMPORARY,0,RULE_BASED,{},RETRY_LATER,112.268,SUCCESS,136.0,,0
PAY_005451,514,UPI_TECHNICAL_ERROR,TEMPORARY,0,RULE_BASED,{},RETRY_LATER,402.462,SUCCESS,514.0,,0
PAY_009955,736,LIMIT_EXCEEDED,CUSTOMER,0,RULE_BASED,{},SEND_NOTIFICATION,403.69599999999997,SUCCESS,736.0,,0
PAY_003628,513,GATEWAY_TIMEOUT,TEMPORARY,0,RULE_BASED,{},RETRY_LATER,432.7155,SUCCESS,513.0,,0
PAY_002694,310,NETWORK_ERROR,TEMPORARY,0,RULE_BASED,{},RETRY_LATER,239.01000000000002,SUCCESS,310.0,,0
PAY_009790,1272,INSUFFICIENT_FUNDS,CUSTOMER,0,RULE_BASED,{},SEND_NOTIFICATION,931.1039999999999,SUCCESS,1272.0,,0
PAY_005916,4210,NETWORK_ERROR,TEMPORARY,0,RULE_BASED,{},RETRY_LATER,3340.6349999999998,FAILED,0.0,SINGLE_ATTEMPT_EXHAUSTED,0
PAY_003158,99,UPI_TECHNICAL_ERROR,TEMPORARY,0,RULE_BASED,{},RETRY_LATER,77.0715,FAILED,0.0,SINGLE_ATTEMPT_EXHAUSTED,0
PAY_006669,1166,BLOCKED_METHOD,HARD,0,RULE_BASED,{},STOP,0.0,STOPPED,0.0,RULE_HARD_FAILURE,0
PAY_001060,1271,INSUFFICIENT_FUNDS,CUSTOMER,0,RULE_BASED,{},SEND_NOTIFICATION,915.12,SUCCESS,1271.0,,0
PAY_004637,395,PAYMENT_EXPIRED,HARD,0,RULE_BASED,{},STOP,0.0,STOPPED,0.0,RULE_HARD_FAILURE,0
PAY_003243,2629,INVALID_ACCOUNT,HARD,0,RULE_BASED,{},STOP,0.0,STOPPED,0.0,RULE_HARD_FAILURE,0
PAY_001679,99,PAYMENT_EXPIRED,HARD,0,RULE_BASED,{},STOP,0.0,STOPPED,0.0,RULE_HARD_FAILURE,0
PAY_006893,1438,BANK_TIMEOUT,TEMPORARY,0,RULE_BASED,{},RETRY_LATER,1220.143,SUCCESS,1438.0,,0
PAY_006375,1115,CARD_EXPIRED,CUSTOMER,0,RULE_BASED,{},SEND_NOTIFICATION,731.44,FAILED,0.0,SINGLE_ATTEMPT_EXHAUSTED,0
PAY_007575,4867,AUTHENTICATION_FAILED,CUSTOMER,0,RULE_BASED,{},SEND_NOTIFICATION,2920.2,FAILED,0.0,SINGLE_ATTEMPT_EXHAUSTED,0
PAY_001758,534,BANK_TIMEOUT,TEMPORARY,0,RULE_BASED,{},RETRY_LATER,454.701,SUCCESS,534.0,,0
PAY_006020,827,BANK_TIMEOUT,TEMPORARY,0,RULE_BASED,{},RETRY_LATER,695.507,FAILED,0.0,SINGLE_ATTEMPT_EXHAUSTED,0
PAY_005117,1086,GATEWAY_TIMEOUT,TEMPORARY,0,RULE_BASED,{},RETRY_LATER,894.8639999999999,SUCCESS,1086.0,,0
PAY_008756,198,CARD_EXPIRED,CUSTOMER,0,RULE_BASED,{},SEND_NOTIFICATION,133.452,FAILED,0.0,SINGLE_ATTEMPT_EXHAUSTED,0
PAY_007409,180,INVALID_ACCOUNT,HARD,0,RULE_BASED,{},STOP,0.0,STOPPED,0.0,RULE_HARD_FAILURE,0
PAY_002791,283,GATEWAY_TIMEOUT,TEMPORARY,0,RULE_BASED,{},RETRY_LATER,230.64499999999998,SUCCESS,283.0,,0
PAY_000864,392,INSUFFICIENT_FUNDS,CUSTOMER,0,RULE_BASED,{},SEND_NOTIFICATION,297.528,FAILED,0.0,SINGLE_ATTEMPT_EXHAUSTED,0
PAY_007859,440,BANK_TIMEOUT,TEMPORARY,0,RULE_BASED,{},RETRY_LATER,363.44,SUCCESS,440.0,,0
PAY_001485,337,NETWORK_ERROR,TEMPORARY,0,RULE_BASED,{},RETRY_LATER,260.3325,SUCCESS,337.0,,0
PAY_007036,325,CARD_EXPIRED,CUSTOMER,0,RULE_BASED,{},SEND_NOTIFICATION,225.3875,FAILED,0.0,SINGLE_ATTEMPT_EXHAUSTED,0
PAY_007722,102,NETWORK_ERROR,TEMPORARY,0,RULE_BASED,{},RETRY_LATER,79.866,SUCCESS,102.0,,0
PAY_005978,101,INSUFFICIENT_FUNDS,CUSTOMER,0,RULE_BASED,{},SEND_NOTIFICATION,74.9925,SUCCESS,101.0,,0
PAY_005135,595,UPI_TECHNICAL_ERROR,TEMPORARY,0,RULE_BASED,{},RETRY_LATER,473.9175,SUCCESS,595.0,,0
PAY_000207,166,GATEWAY_TIMEOUT,TEMPORARY,0,RULE_BASED,{},RETRY_LATER,137.78,SUCCESS,166.0,,0
PAY_004489,4907,AUTHENTICATION_FAILED,CUSTOMER,0,RULE_BASED,{},SEND_NOTIFICATION,3106.131,FAILED,0.0,SINGLE_ATTEMPT_EXHAUSTED,0
PAY_006939,3656,CARD_EXPIRED,CUSTOMER,0,RULE_BASED,{},SEND_NOTIFICATION,2486.0800000000004,SUCCESS,3656.0,,0
PAY_009063,273,NETWORK_ERROR,TEMPORARY,0,RULE_BASED,{},RETRY_LATER,207.61649999999997,SUCCESS,273.0,,0
PAY_006911,469,LIMIT_EXCEEDED,CUSTOMER,0,RULE_BASED,{},SEND_NOTIFICATION,276.9445,FAILED,0.0,SINGLE_ATTEMPT_EXHAUSTED,0
PAY_000503,914,BANK_TIMEOUT,TEMPORARY,0,RULE_BASED,{},RETRY_LATER,789.239,SUCCESS,914.0,,0
PAY_007386,987,GATEWAY_TIMEOUT,TEMPORARY,0,RULE_BASED,{},RETRY_LATER,820.6905,SUCCESS,987.0,,0
PAY_001029,99,BANK_TIMEOUT,TEMPORARY,0,RULE_BASED,{},RETRY_LATER,84.5955,SUCCESS,99.0,,0
PAY_003841,426,GATEWAY_TIMEOUT,TEMPORARY,0,RULE_BASED,{},RETRY_LATER,343.995,SUCCESS,426.0,,0
PAY_008111,3007,INSUFFICIENT_FUNDS,CUSTOMER,0,RULE_BASED,{},SEND_NOTIFICATION,2151.5085,FAILED,0.0,SINGLE_ATTEMPT_EXHAUSTED,0
PAY_005057,99,INSUFFICIENT_FUNDS,CUSTOMER,0,RULE_BASED,{},SEND_NOTIFICATION,74.25,SUCCESS,99.0,,0
PAY_009763,99,NETWORK_ERROR,TEMPORARY,0,RULE_BASED,{},RETRY_LATER,77.0715,SUCCESS,99.0,,0
PAY_008155,469,GATEWAY_TIMEOUT,TEMPORARY,0,RULE_BASED,{},RETRY_LATER,387.863,SUCCESS,469.0,,0
PAY_002732,3254,NETWORK_ERROR,TEMPORARY,0,RULE_BASED,{},RETRY_LATER,2582.049,SUCCESS,3254.0,,0
PAY_008997,997,AUTHENTICATION_FAILED,CUSTOMER,0,RULE_BASED,{},SEND_NOTIFICATION,634.092,SUCCESS,997.0,,0
PAY_002455,347,NETWORK_ERROR,TEMPORARY,0,RULE_BASED,{},RETRY_LATER,268.57800000000003,FAILED,0.0,SINGLE_ATTEMPT_EXHAUSTED,0
PAY_007216,8623,BANK_TIMEOUT,TEMPORARY,0,RULE_BASED,{},RETRY_LATER,7239.0085,SUCCESS,8623.0,,0
PAY_003105,1391,BANK_TIMEOUT,TEMPORARY,0,RULE_BASED,{},RETRY_LATER,1157.312,SUCCESS,1391.0,,0
PAY_008393,579,GATEWAY_TIMEOUT,TEMPORARY,0,RULE_BASED,{},RETRY_LATER,484.9125,SUCCESS,579.0,,0
PAY_006279,397,INVALID_ACCOUNT,HARD,0,RULE_BASED,{},STOP,0.0,STOPPED,0.0,RULE_HARD_FAILURE,0
PAY_003100,883,NETWORK_ERROR,TEMPORARY,0,RULE_BASED,{},RETRY_LATER,682.1175,FAILED,0.0,SINGLE_ATTEMPT_EXHAUSTED,0
PAY_006185,2067,INSUFFICIENT_FUNDS,CUSTOMER,0,RULE_BASED,{},SEND_NOTIFICATION,1578.1544999999999,SUCCESS,2067.0,,0
PAY_003562,309,LIMIT_EXCEEDED,CUSTOMER,0,RULE_BASED,{},SEND_NOTIFICATION,181.5375,FAILED,0.0,SINGLE_ATTEMPT_EXHAUSTED,0
PAY_005893,850,AUTHENTICATION_FAILED,CUSTOMER,0,RULE_BASED,{},SEND_NOTIFICATION,516.375,SUCCESS,850.0,,0
PAY_000392,2622,BANK_TIMEOUT,TEMPORARY,0,RULE_BASED,{},RETRY_LATER,2240.4990000000003,SUCCESS,2622.0,,0
PAY_006737,1551,NETWORK_ERROR,TEMPORARY,0,RULE_BASED,{},RETRY_LATER,1230.7185,SUCCESS,1551.0,,0
PAY_005619,309,LIMIT_EXCEEDED,CUSTOMER,0,RULE_BASED,{},SEND_NOTIFICATION,178.75650000000002,SUCCESS,309.0,,0
PAY_005259,1264,GATEWAY_TIMEOUT,TEMPORARY,0,RULE_BASED,{},RETRY_LATER,1022.576,SUCCESS,1264.0,,0
PAY_009688,849,AUTHENTICATION_FAILED,CUSTOMER,0,RULE_BASED,{},SEND_NOTIFICATION,504.306,FAILED,0.0,SINGLE_ATTEMPT_EXHAUSTED,0
PAY_002696,3158,CARD_EXPIRED,CUSTOMER,0,RULE_BASED,{},SEND_NOTIFICATION,2152.177,SUCCESS,3158.0,,0
PAY_002028,1976,NETWORK_ERROR,TEMPORARY,0,RULE_BASED,{},RETRY_LATER,1544.244,SUCCESS,1976.0,,0
PAY_005464,99,CUSTOMER_DECLINED,HARD,0,RULE_BASED,{},STOP,0.0,STOPPED,0.0,RULE_HARD_FAILURE,0
PAY_002569,121,INSUFFICIENT_FUNDS,CUSTOMER,0,RULE_BASED,{},SEND_NOTIFICATION,90.75,SUCCESS,121.0,,0
PAY_008007,427,INSUFFICIENT_FUNDS,CUSTOMER,0,RULE_BASED,{},SEND_NOTIFICATION,311.283,FAILED,0.0,SINGLE_ATTEMPT_EXHAUSTED,0
PAY_000065,154,BANK_TIMEOUT,TEMPORARY,0,RULE_BASED,{},RETRY_LATER,129.976,SUCCESS,154.0,,0
PAY_002063,7746,BANK_TIMEOUT,TEMPORARY,0,RULE_BASED,{},RETRY_LATER,6363.339,SUCCESS,7746.0,,0
PAY_005277,454,NETWORK_ERROR,TEMPORARY,0,RULE_BASED,{},RETRY_LATER,345.948,SUCCESS,454.0,,0
PAY_007209,2519,UPI_TECHNICAL_ERROR,TEMPORARY,0,RULE_BASED,{},RETRY_LATER,2040.39,SUCCESS,2519.0,,0
PAY_008685,291,UPI_TECHNICAL_ERROR,TEMPORARY,0,RULE_BASED,{},RETRY_LATER,232.65449999999998,SUCCESS,291.0,,0
PAY_008572,133,INSUFFICIENT_FUNDS,CUSTOMER,0,RULE_BASED,{},SEND_NOTIFICATION,101.54549999999999,SUCCESS,133.0,,0
PAY_006332,1361,INSUFFICIENT_FUNDS,CUSTOMER,0,RULE_BASED,{},SEND_NOTIFICATION,986.0445000000001,SUCCESS,1361.0,,0
PAY_004860,121,GATEWAY_TIMEOUT,TEMPORARY,0,RULE_BASED,{},RETRY_LATER,95.711,FAILED,0.0,SINGLE_ATTEMPT_EXHAUSTED,0
PAY_004888,602,CARD_EXPIRED,CUSTOMER,0,RULE_BASED,{},SEND_NOTIFICATION,401.233,SUCCESS,602.0,,0
PAY_009269,851,NETWORK_ERROR,TEMPORARY,0,RULE_BASED,{},RETRY_LATER,668.8860000000001,SUCCESS,851.0,,0
PAY_000879,3851,BANK_TIMEOUT,TEMPORARY,0,RULE_BASED,{},RETRY_LATER,3261.797,SUCCESS,3851.0,,0
PAY_008530,1959,LIMIT_EXCEEDED,CUSTOMER,0,RULE_BASED,{},SEND_NOTIFICATION,1139.1585,FAILED,0.0,SINGLE_ATTEMPT_EXHAUSTED,0
PAY_007917,1055,CUSTOMER_DECLINED,HARD,0,RULE_BASED,{},STOP,0.0,STOPPED,0.0,RULE_HARD_FAILURE,0
PAY_006864,122,UPI_TECHNICAL_ERROR,TEMPORARY,0,RULE_BASED,{},RETRY_LATER,96.25800000000001,SUCCESS,122.0,,0
PAY_007893,903,BANK_TIMEOUT,TEMPORARY,0,RULE_BASED,{},RETRY_LATER,756.7139999999999,SUCCESS,903.0,,0
PAY_006440,342,CARD_EXPIRED,CUSTOMER,0,RULE_BASED,{},SEND_NOTIFICATION,233.586,FAILED,0.0,SINGLE_ATTEMPT_EXHAUSTED,0
PAY_007870,4197,INVALID_ACCOUNT,HARD,0,RULE_BASED,{},STOP,0.0,STOPPED,0.0,RULE_HARD_FAILURE,0
PAY_001017,697,LIMIT_EXCEEDED,CUSTOMER,0,RULE_BASED,{},SEND_NOTIFICATION,405.3055,SUCCESS,697.0,,0
PAY_009468,135,GATEWAY_TIMEOUT,TEMPORARY,0,RULE_BASED,{},RETRY_LATER,111.0375,SUCCESS,135.0,,0
PAY_007630,1898,AUTHENTICATION_FAILED,CUSTOMER,0,RULE_BASED,{},SEND_NOTIFICATION,1181.505,FAILED,0.0,SINGLE_ATTEMPT_EXHAUSTED,0
PAY_000996,1330,BANK_TIMEOUT,TEMPORARY,0,RULE_BASED,{},RETRY_LATER,1128.505,SUCCESS,1330.0,,0
PAY_004298,257,CARD_EXPIRED,CUSTOMER,0,RULE_BASED,{},SEND_NOTIFICATION,176.6875,FAILED,0.0,SINGLE_ATTEMPT_EXHAUSTED,0
PAY_000162,290,LIMIT_EXCEEDED,CUSTOMER,0,RULE_BASED,{},SEND_NOTIFICATION,154.28,FAILED,0.0,SINGLE_ATTEMPT_EXHAUSTED,0
PAY_005676,738,BANK_TIMEOUT,TEMPORARY,0,RULE_BASED,{},RETRY_LATER,618.444,SUCCESS,738.0,,0
PAY_006874,311,NETWORK_ERROR,TEMPORARY,0,RULE_BASED,{},RETRY_LATER,240.2475,SUCCESS,311.0,,0
PAY_009693,717,BANK_TIMEOUT,TEMPORARY,0,RULE_BASED,{},RETRY_LATER,613.752,SUCCESS,717.0,,0
PAY_007990,145,UPI_TECHNICAL_ERROR,TEMPORARY,0,RULE_BASED,{},RETRY_LATER,117.2325,SUCCESS,145.0,,0
PAY_003844,723,INSUFFICIENT_FUNDS,CUSTOMER,0,RULE_BASED,{},SEND_NOTIFICATION,534.6585,SUCCESS,723.0,,0
PAY_001022,99,CARD_EXPIRED,CUSTOMER,0,RULE_BASED,{},SEND_NOTIFICATION,65.98349999999999,FAILED,0.0,SINGLE_ATTEMPT_EXHAUSTED,0
PAY_003074,261,LIMIT_EXCEEDED,CUSTOMER,0,RULE_BASED,{},SEND_NOTIFICATION,152.55450000000002,SUCCESS,261.0,,0
PAY_007556,1157,PAYMENT_EXPIRED,HARD,0,RULE_BASED,{},STOP,0.0,STOPPED,0.0,RULE_HARD_FAILURE,0
PAY_003944,353,AUTHENTICATION_FAILED,CUSTOMER,0,RULE_BASED,{},SEND_NOTIFICATION,226.626,FAILED,0.0,SINGLE_ATTEMPT_EXHAUSTED,0
PAY_001586,776,CARD_EXPIRED,CUSTOMER,0,RULE_BASED,{},SEND_NOTIFICATION,517.204,SUCCESS,776.0,,0
PAY_003153,102,BANK_TIMEOUT,TEMPORARY,0,RULE_BASED,{},RETRY_LATER,85.32300000000001,SUCCESS,102.0,,0
PAY_008227,99,NETWORK_ERROR,TEMPORARY,0,RULE_BASED,{},RETRY_LATER,76.32900000000001,SUCCESS,99.0,,0
PAY_000776,661,NETWORK_ERROR,TEMPORARY,0,RULE_BASED,{},RETRY_LATER,503.682,SUCCESS,661.0,,0
PAY_009671,362,AUTHENTICATION_FAILED,CUSTOMER,0,RULE_BASED,{},SEND_NOTIFICATION,223.17300000000003,FAILED,0.0,SINGLE_ATTEMPT_EXHAUSTED,0
PAY_007100,1402,CARD_EXPIRED,CUSTOMER,0,RULE_BASED,{},SEND_NOTIFICATION,904.991,FAILED,0.0,SINGLE_ATTEMPT_EXHAUSTED,0
PAY_005487,1237,INSUFFICIENT_FUNDS,CUSTOMER,0,RULE_BASED,{},SEND_NOTIFICATION,896.2065,SUCCESS,1237.0,,0
PAY_006236,931,BANK_TIMEOUT,TEMPORARY,0,RULE_BASED,{},RETRY_LATER,791.35,SUCCESS,931.0,,0
PAY_009556,534,CARD_EXPIRED,CUSTOMER,0,RULE_BASED,{},SEND_NOTIFICATION,362.319,SUCCESS,534.0,,0
PAY_007042,291,INVALID_ACCOUNT,HARD,0,RULE_BASED,{},STOP,0.0,STOPPED,0.0,RULE_HARD_FAILURE,0
PAY_002613,197,PAYMENT_EXPIRED,HARD,0,RULE_BASED,{},STOP,0.0,STOPPED,0.0,RULE_HARD_FAILURE,0
PAY_007514,617,LIMIT_EXCEEDED,CUSTOMER,0,RULE_BASED,{},SEND_NOTIFICATION,340.2755,FAILED,0.0,SINGLE_ATTEMPT_EXHAUSTED,0
PAY_008434,203,LIMIT_EXCEEDED,CUSTOMER,0,RULE_BASED,{},SEND_NOTIFICATION,111.9545,SUCCESS,203.0,,0
PAY_008793,1069,INSUFFICIENT_FUNDS,CUSTOMER,0,RULE_BASED,{},SEND_NOTIFICATION,787.3185000000001,SUCCESS,1069.0,,0
PAY_005394,11261,UPI_TECHNICAL_ERROR,TEMPORARY,0,RULE_BASED,{},RETRY_LATER,9239.6505,SUCCESS,11261.0,,0
PAY_008839,99,INSUFFICIENT_FUNDS,CUSTOMER,0,RULE_BASED,{},SEND_NOTIFICATION,74.6955,FAILED,0.0,SINGLE_ATTEMPT_EXHAUSTED,0
PAY_003891,251,PAYMENT_EXPIRED,HARD,0,RULE_BASED,{},STOP,0.0,STOPPED,0.0,RULE_HARD_FAILURE,0
PAY_003557,1820,CARD_EXPIRED,CUSTOMER,0,RULE_BASED,{},SEND_NOTIFICATION,1253.9799999999998,SUCCESS,1820.0,,0
PAY_001529,392,AUTHENTICATION_FAILED,CUSTOMER,0,RULE_BASED,{},SEND_NOTIFICATION,245.19599999999997,SUCCESS,392.0,,0
PAY_001268,1484,LIMIT_EXCEEDED,CUSTOMER,0,RULE_BASED,{},SEND_NOTIFICATION,874.0759999999999,FAILED,0.0,SINGLE_ATTEMPT_EXHAUSTED,0
PAY_007735,374,CARD_EXPIRED,CUSTOMER,0,RULE_BASED,{},SEND_NOTIFICATION,257.686,SUCCESS,374.0,,0
PAY_001900,134,AUTHENTICATION_FAILED,CUSTOMER,0,RULE_BASED,{},SEND_NOTIFICATION,81.606,SUCCESS,134.0,,0
PAY_004659,885,CUSTOMER_DECLINED,HARD,0,RULE_BASED,{},STOP,0.0,STOPPED,0.0,RULE_HARD_FAILURE,0
PAY_003006,937,INSUFFICIENT_FUNDS,CUSTOMER,0,RULE_BASED,{},SEND_NOTIFICATION,706.9665,SUCCESS,937.0,,0
PAY_002735,2352,LIMIT_EXCEEDED,CUSTOMER,0,RULE_BASED,{},SEND_NOTIFICATION,1364.1599999999999,FAILED,0.0,SINGLE_ATTEMPT_EXHAUSTED,0
PAY_000190,938,GATEWAY_TIMEOUT,TEMPORARY,0,RULE_BASED,{},RETRY_LATER,757.435,SUCCESS,938.0,,0
PAY_009168,137,UPI_TECHNICAL_ERROR,TEMPORARY,0,RULE_BASED,{},RETRY_LATER,109.73700000000001,SUCCESS,137.0,,0
PAY_002748,557,BLOCKED_METHOD,HARD,0,RULE_BASED,{},STOP,0.0,STOPPED,0.0,RULE_HARD_FAILURE,0
PAY_002048,232,CARD_EXPIRED,CUSTOMER,0,RULE_BASED,{},SEND_NOTIFICATION,152.192,SUCCESS,232.0,,0
PAY_007850,3499,BANK_TIMEOUT,TEMPORARY,0,RULE_BASED,{},RETRY_LATER,2932.162,SUCCESS,3499.0,,0
PAY_002559,99,INSUFFICIENT_FUNDS,CUSTOMER,0,RULE_BASED,{},SEND_NOTIFICATION,74.1015,SUCCESS,99.0,,0
PAY_009275,1390,GATEWAY_TIMEOUT,TEMPORARY,0,RULE_BASED,{},RETRY_LATER,1109.915,FAILED,0.0,SINGLE_ATTEMPT_EXHAUSTED,0
PAY_008667,6296,CARD_EXPIRED,CUSTOMER,0,RULE_BASED,{},SEND_NOTIFICATION,4111.2880000000005,FAILED,0.0,SINGLE_ATTEMPT_EXHAUSTED,0
PAY_006397,247,NETWORK_ERROR,TEMPORARY,0,RULE_BASED,{},RETRY_LATER,188.214,SUCCESS,247.0,,0
PAY_003386,2170,GATEWAY_TIMEOUT,TEMPORARY,0,RULE_BASED,{},RETRY_LATER,1791.335,FAILED,0.0,SINGLE_ATTEMPT_EXHAUSTED,0
PAY_004556,277,GATEWAY_TIMEOUT,TEMPORARY,0,RULE_BASED,{},RETRY_LATER,232.8185,SUCCESS,277.0,,0
PAY_001185,576,CUSTOMER_DECLINED,HARD,0,RULE_BASED,{},STOP,0.0,STOPPED,0.0,RULE_HARD_FAILURE,0
PAY_006421,344,INSUFFICIENT_FUNDS,CUSTOMER,0,RULE_BASED,{},SEND_NOTIFICATION,250.77599999999998,SUCCESS,344.0,,0
PAY_005052,851,GATEWAY_TIMEOUT,TEMPORARY,0,RULE_BASED,{},RETRY_LATER,697.3945,SUCCESS,851.0,,0
PAY_005312,712,GATEWAY_TIMEOUT,TEMPORARY,0,RULE_BASED,{},RETRY_LATER,584.552,SUCCESS,712.0,,0
PAY_002434,3462,UPI_TECHNICAL_ERROR,TEMPORARY,0,RULE_BASED,{},RETRY_LATER,2726.325,SUCCESS,3462.0,,0
PAY_006950,2029,AUTHENTICATION_FAILED,CUSTOMER,0,RULE_BASED,{},SEND_NOTIFICATION,1302.618,SUCCESS,2029.0,,0
PAY_000770,1004,NETWORK_ERROR,TEMPORARY,0,RULE_BASED,{},RETRY_LATER,793.662,FAILED,0.0,SINGLE_ATTEMPT_EXHAUSTED,0
PAY_001686,2775,INVALID_ACCOUNT,HARD,0,RULE_BASED,{},STOP,0.0,STOPPED,0.0,RULE_HARD_FAILURE,0
PAY_008323,2056,INSUFFICIENT_FUNDS,CUSTOMER,0,RULE_BASED,{},SEND_NOTIFICATION,1542.0,FAILED,0.0,SINGLE_ATTEMPT_EXHAUSTED,0
PAY_005579,854,GATEWAY_TIMEOUT,TEMPORARY,0,RULE_BASED,{},RETRY_LATER,702.415,SUCCESS,854.0,,0
PAY_004427,380,INSUFFICIENT_FUNDS,CUSTOMER,0,RULE_BASED,{},SEND_NOTIFICATION,274.17,SUCCESS,380.0,,0
PAY_000467,1349,GATEWAY_TIMEOUT,TEMPORARY,0,RULE_BASED,{},RETRY_LATER,1083.247,SUCCESS,1349.0,,0
PAY_006266,248,INVALID_ACCOUNT,HARD,0,RULE_BASED,{},STOP,0.0,STOPPED,0.0,RULE_HARD_FAILURE,0
PAY_005735,120,INSUFFICIENT_FUNDS,CUSTOMER,0,RULE_BASED,{},SEND_NOTIFICATION,88.92,SUCCESS,120.0,,0
PAY_005192,521,BLOCKED_METHOD,HARD,0,RULE_BASED,{},STOP,0.0,STOPPED,0.0,RULE_HARD_FAILURE,0
PAY_005391,262,BANK_TIMEOUT,TEMPORARY,0,RULE_BASED,{},RETRY_LATER,223.09300000000002,SUCCESS,262.0,,0
PAY_000861,851,NETWORK_ERROR,TEMPORARY,0,RULE_BASED,{},RETRY_LATER,666.333,SUCCESS,851.0,,0
PAY_007271,543,INSUFFICIENT_FUNDS,CUSTOMER,0,RULE_BASED,{},SEND_NOTIFICATION,403.992,SUCCESS,543.0,,0
